[{"input": [[0, 0, 0, 1, 1], [1, 0, 0, 1, 0], [1, 1, 1, 0, 1], [0, 1, 1, 0, 1], [0, 0, 0, 0, 0], [0, 1, 1, 1, 0], [1, 1, 0, 0, 1], [5, 5, 5, 5, 5], [1, 0, 1, 0, 1], [1, 0, 1, 1, 1], [1, 1, 0, 1, 0], [1, 1, 0, 0, 0], [1, 1, 1, 1, 0], [1, 1, 1, 0, 1], [1, 1, 1, 0, 1]], "output": [[0, 0, 0, 0, 2], [2, 0, 0, 2, 0], [2, 2, 0, 0, 0], [0, 2, 0, 0, 0], [0, 0, 0, 0, 0], [0, 2, 2, 0, 0], [2, 2, 0, 0, 2]]}, {"input": [[1, 0, 0, 0, 0, 1, 1], [0, 0, 0, 0, 1, 1, 1], [1, 0, 0, 1, 1, 1, 0], [1, 0, 1, 1, 1, 0, 0], [5, 5, 5, 5, 5, 5, 5], [1, 1, 1, 1, 1, 0, 1], [1, 0, 1, 1, 1, 1, 1], [0, 0, 0, 0, 1, 1, 1], [1, 0, 1, 0, 0, 1, 1]], "output": [[2, 0, 0, 0, 0, 0, 2], [0, 0, 0, 0, 2, 2, 2], [0, 0, 0, 0, 2, 2, 0], [2, 0, 2, 0, 0, 0, 0]]}, {"input": [[1, 0, 0, 0, 0, 1, 1, 0], [0, 1, 0, 1, 0, 1, 1, 1], [1, 0, 1, 1, 1, 0, 0, 0], [0, 0, 1, 0, 0, 0, 0, 1], [5, 5, 5, 5, 5, 5, 5, 5], [1, 0, 1, 0, 0, 1, 1, 0], [1, 0, 0, 0, 0, 1, 1, 0], [1, 0, 1, 0, 0, 0, 0, 0], [1, 1, 0, 0, 1, 1, 1, 0]], "output": [[2, 0, 0, 0, 0, 2, 2, 0], [0, 0, 0, 0, 0, 2, 2, 0], [2, 0, 2, 0, 0, 0, 0, 0], [0, 0, 0, 0, 0, 0, 0, 0]]}, {"input": [[0, 1, 1, 0, 1, 0], [1, 0, 0, 1, 1, 1], [0, 0, 0, 0, 1, 0], [1, 0, 0, 1, 0, 0], [0, 1, 0, 1, 1, 0], [1, 1, 0, 1, 1, 0], [5, 5, 5, 5, 5, 5], [0, 0, 1, 0, 1, 1], [1, 1, 0, 0, 0, 0], [1, 0, 0, 1, 0, 1], [1, 0, 0, 1, 1, 0], [0, 0, 0, 1, 0, 1], [1, 0, 1, 1, 1, 1]], "output": [[0, 0, 2, 0, 2, 0], [2, 0, 0, 0, 0, 0], [0, 0, 0, 0, 0, 0], [2, 0, 0, 2, 0, 0], [0, 0, 0, 2, 0, 0], [2, 0, 0, 2, 2, 0]]}, {"input": [[0, 0, 0, 0, 0, 0, 0, 0], [0, 0, 1, 1, 1, 0, 1, 0], [1, 0, 0, 1, 0, 1, 0, 0], [1, 1, 0, 0, 0, 1, 1, 1], [1, 0, 0, 1, 1, 1, 0, 0], [5, 5, 5, 5, 5, 5, 5, 5], [1, 0, 1, 1, 1, 0, 0, 0], [0, 0, 0, 0, 0, 0, 1, 1], [0, 0, 0, 0, 1, 1, 0, 1], [0, 1, 0, 0, 1, 1, 0, 1], [1, 0, 0, 0, 0, 1, 0, 1]], "output": [[0, 0, 0, 0, 0, 0, 0, 0], [0, 0, 0, 0, 0, 0, 2, 0], [0, 0, 0, 0, 0, 2, 0, 0], [0, 2, 0, 0, 0, 2, 0, 2], [2, 0, 0, 0, 0, 2, 0, 0]]}, {"input": [[0, 1, 0, 0, 0, 1, 1, 0], [1, 1, 0, 1, 1, 0, 0, 0], [0, 0, 1, 1, 0, 0, 1, 0], [1, 0, 0, 1, 1, 0, 0, 1], [1, 1, 1, 1, 1, 1, 0, 1], [1, 0, 0, 1, 1, 1, 0, 1], [1, 1, 0, 1, 0, 0, 1, 0], [1, 0, 0, 0, 0, 1, 0, 0], [1, 1, 0, 1, 0, 0, 1, 1], [5, 5, 5, 5, 5, 5, 5, 5], [0, 1, 0, 0, 1, 1, 0, 0], [1, 1, 0, 0, 0, 0, 0, 1], [1, 1, 1, 0, 1, 1, 1, 0], [1, 1, 1, 1, 0, 1, 0, 1], [1, 0, 0, 0, 0, 0, 0, 0], [0, 0, 1, 0, 0, 0, 0, 0], [0, 0, 0, 1, 1, 1, 1, 0], [0, 0, 1, 1, 0, 1, 0, 0], [0, 0, 0, 0, 0, 1, 1, 1]], "output": [[0, 2, 0, 0, 0, 2, 0, 0], [2, 2, 0, 0, 0, 0, 0, 0], [0, 0, 2, 0, 0, 0, 2, 0], [2, 0, 0, 2, 0, 0, 0, 2], [2, 0, 0, 0, 0, 0, 0, 0], [0, 0, 0, 0, 0, 0, 0, 0], [0, 0, 0, 2, 0, 0, 2, 0], [0, 0, 0, 0, 0, 2, 0, 0], [0, 0, 0, 0, 0, 0, 2, 2]]}, {"input": [[1, 1, 1, 1, 1, 0, 1, 0, 0], [1, 0, 1, 1, 1, 0, 0, 1, 1], [1, 1, 1, 0, 0, 1, 1, 1, 1], [5, 5, 5, 5, 5, 5, 5, 5, 5], [1, 1, 0, 0, 1, 0, 0, 0, 1], [1, 0, 1, 1, 1, 0, 1, 0, 1], [1, 1, 0, 0, 1, 1, 1, 0, 0]], "output": [[2, 2, 0, 0, 2, 0, 0, 0, 0], [2, 0, 2, 2, 2, 0, 0, 0, 2], [2, 2, 0, 0, 0, 2, 2, 0, 0]]}, {"input": [[1, 0, 0, 1, 1], [0, 0, 1, 1, 0], [0, 0, 0, 1, 0], [1, 0, 0, 0, 0], [0, 1, 0, 0, 1], [1, 0, 0, 1, 0], [0, 1, 0, 0, 1], [5, 5, 5, 5, 5], [0, 0, 1, 0, 1], [0, 0, 0, 0, 0], [0, 0, 1, 0, 1], [1, 1, 0, 0, 0], [0, 0, 1, 1, 0], [1, 0, 1, 1, 1], [1, 1, 0, 1, 0]], "output": [[0, 0, 0, 0, 2], [0, 0, 0, 0, 0], [0, 0, 0, 0, 0], [2, 0, 0, 0, 0], [0, 0, 0, 0, 0], [2, 0, 0, 2, 0], [0, 2, 0, 0, 0]]}, {"input": [[0, 0, 1], [1, 0, 0], [1, 0, 1], [1, 0, 0], [1, 0, 0], [0, 0, 1], [5, 5, 5], [1, 0, 0], [0, 0, 1], [1, 0, 0], [0, 1, 0], [1, 0, 1], [0, 1, 1]], "output": [[0, 0, 0], [0, 0, 0], [2, 0, 0], [0, 0, 0], [2, 0, 0], [0, 0, 2]]}, {"input": [[0, 0, 0], [1, 1, 0], [1, 1, 0], [0, 1, 1], [1, 0, 1], [0, 1, 0], [1, 1, 1], [1, 0, 1], [1, 0, 0], [5, 5, 5], [0, 0, 1], [0, 1, 1], [1, 0, 0], [1, 0, 0], [1, 1, 1], [0, 0, 0], [0, 1, 0], [0, 0, 1], [1, 1, 1]], "output": [[0, 0, 0], [0, 2, 0], [2, 0, 0], [0, 0, 0], [2, 0, 2], [0, 0, 0], [0, 2, 0], [0, 0, 2], [2, 0, 0]]}, {"input": [[0, 0, 0], [1, 1, 0], [1, 1, 1], [5, 5, 5], [1, 1, 0], [0, 1, 1], [1, 1, 1]], "output": [[0, 0, 0], [0, 2, 0], [2, 2, 2]]}, {"input": [[1, 1, 1, 1], [0, 1, 1, 0], [5, 5, 5, 5], [0, 1, 1, 1], [1, 0, 0, 0]], "output": [[0, 2, 2, 2], [0, 0, 0, 0]]}, {"input": [[1, 1, 0], [1, 0, 0], [0, 1, 0], [5, 5, 5], [0, 0, 0], [1, 1, 0], [0, 0, 1]], "output": [[0, 0, 0], [2, 0, 0], [0, 0, 0]]}, {"input": [[0, 1, 0], [0, 0, 0], [1, 0, 0], [1, 1, 0], [1, 0, 1], [0, 0, 1], [5, 5, 5], [1, 0, 0], [1, 1, 0], [1, 0, 0], [1, 1, 1], [0, 1, 1], [1, 0, 1]], "output": [[0, 0, 0], [0, 0, 0], [2, 0, 0], [2, 2, 0], [0, 0, 2], [0, 0, 2]]}, {"input": [[0, 1, 0, 0, 0, 1], [1, 0, 1, 0, 0, 0], [0, 0, 0, 0, 0, 1], [1, 1, 0, 0, 1, 1], [1, 0, 1, 0, 1, 1], [0, 1, 0, 1, 0, 0], [0, 1, 0, 0, 1, 1], [1, 1, 0, 0, 0, 0], [1, 0, 0, 1, 0, 1], [5, 5, 5, 5, 5, 5], [1, 0, 0, 0, 0, 0], [1, 1, 1, 0, 0, 1], [1, 1, 0, 1, 1, 1], [1, 1, 1, 0, 1, 0], [1, 0, 0, 0, 0, 0], [1, 0, 0, 0, 0, 1], [0, 1, 0, 0, 1, 0], [0, 1, 1, 1, 1, 1], [0, 0, 1, 0, 1, 1]], "output": [[0, 0, 0, 0, 0, 0], [2, 0, 2, 0, 0, 0], [0, 0, 0, 0, 0, 2], [2, 2, 0, 0, 2, 0], [2, 0, 0, 0, 0, 0], [0, 0, 0, 0, 0, 0], [0, 2, 0, 0, 2, 0], [0, 2, 0, 0, 0, 0], [0, 0, 0, 0, 0, 2]]}, {"input": [[1, 1, 0, 1], [0, 0, 1, 0], [5, 5, 5, 5], [0, 1, 0, 0], [1, 1, 0, 0]], "output": [[0, 2, 0, 0], [0, 0, 0, 0]]}, {"input": [[1, 1, 1, 1, 1, 0, 1, 1, 0], [1, 1, 0, 1, 0, 1, 1, 0, 1], [1, 0, 0, 0, 1, 1, 1, 0, 1], [5, 5, 5, 5, 5, 5, 5, 5, 5], [1, 1, 0, 1, 0, 0, 0, 0, 1], [0, 0, 1, 1, 0, 0, 1, 0, 1], [1, 0, 1, 0, 0, 1, 1, 0, 0]], "output": [[2, 2, 0, 2, 0, 0, 0, 0, 0], [0, 0, 0, 2, 0, 0, 2, 0, 2], [2, 0, 0, 0, 0, 2, 2, 0, 0]]}, {"input": [[0, 0, 1, 1, 1, 1, 0, 0, 1], [0, 1, 0, 0, 1, 0, 0, 0, 0], [1, 1, 1, 1, 1, 1, 1, 0, 0], [0, 1, 1, 1, 1, 1, 1, 0, 0], [0, 0, 0, 1, 0, 1, 0, 0, 1], [1, 0, 0, 1, 1, 0, 0, 0, 1], [1, 1, 1, 1, 1, 1, 1, 1, 1], [5, 5, 5, 5, 5, 5, 5, 5, 5], [0, 0, 0, 1, 1, 1, 0, 0, 0], [1, 0, 1, 1, 0, 1, 0, 0, 0], [1, 0, 1, 0, 1, 0, 0, 1, 1], [0, 0, 0, 1, 0, 1, 0, 1, 0], [0, 0, 0, 0, 1, 0, 0, 0, 0], [1, 0, 0, 0, 1, 1, 1, 1, 0], [1, 0, 0, 1, 1, 0, 1, 1, 1]], "output": [[0, 0, 0, 2, 2, 2, 0, 0, 0], [0, 0, 0, 0, 0, 0, 0, 0, 0], [2, 0, 2, 0, 2, 0, 0, 0, 0], [0, 0, 0, 2, 0, 2, 0, 0, 0], [0, 0, 0, 0, 0, 0, 0, 0, 0], [2, 0, 0, 0, 2, 0, 0, 0, 0], [2, 0, 0, 2, 2, 0, 2, 2, 2]]}, {"input": [[1, 0, 1, 1], [0, 0, 1, 0], [1, 1, 1, 1], [1, 0, 1, 0], [5, 5, 5, 5], [1, 1, 1, 1], [1, 0, 1, 0], [1, 0, 1, 1], [1, 1, 0, 0]], "output": [[2, 0, 2, 2], [0, 0, 2, 0], [2, 0, 2, 2], [2, 0, 0, 0]]}, {"input": [[1, 1, 1, 0, 0, 0, 1], [1, 1, 1, 0, 1, 1, 1], [1, 0, 0, 0, 1, 0, 0], [1, 1, 1, 1, 0, 0, 1], [1, 1, 0, 1, 1, 1, 0], [1, 0, 0, 0, 0, 1, 1], [1, 1, 0, 0, 1, 1, 0], [1, 0, 0, 0, 0, 0, 1], [5, 5, 5, 5, 5, 5, 5], [0, 0, 1, 0, 1, 0, 0], [1, 1, 1, 1, 0, 0, 0], [1, 0, 0, 1, 0, 1, 0], [0, 1, 0, 0, 1, 0, 0], [1, 0, 0, 1, 0, 1, 0], [1, 1, 1, 1, 0, 1, 0], [0, 1, 1, 1, 1, 1, 0], [0, 1, 0, 1, 1, 1, 0]], "output": [[0, 0, 2, 0, 0, 0, 0], [2, 2, 2, 0, 0, 0, 0], [2, 0, 0, 0, 0, 0, 0], [0, 2, 0, 0, 0, 0, 0], [2, 0, 0, 2, 0, 2, 0], [2, 0, 0, 0, 0, 2, 0], [0, 2, 0, 0, 2, 2, 0], [0, 0, 0, 0, 0, 0, 0]]}, {"input": [[1, 0, 0, 0, 0], [0, 1, 0, 1, 0], [0, 1, 1, 1, 1], [1, 1, 0, 1, 1], [0, 0, 0, 1, 1], [1, 1, 0, 0, 0], [1, 1, 0, 0, 1], [1, 1, 0, 1, 0], [5, 5, 5, 5, 5], [0, 0, 1, 1, 0], [0, 1, 0, 0, 1], [0, 0, 1, 1, 0], [1, 1, 1, 0, 0], [1, 1, 1, 0, 1], [0, 1, 0, 1, 1], [1, 0, 1, 1, 0], [0, 0, 1, 1, 0]], "output": [[0, 0, 0, 0, 0], [0, 2, 0, 0, 0], [0, 0, 2, 2, 0], [2, 2, 0, 0, 0], [0, 0, 0, 0, 2], [0, 2, 0, 0, 0], [2, 0, 0, 0, 0], [0, 0, 0, 2, 0]]}, {"input": [[1, 0, 0, 0], [1, 1, 1, 0], [0, 1, 0, 1], [1, 1, 1, 1], [5, 5, 5, 5], [0, 0, 1, 0], [1, 1, 0, 1], [0, 0, 0, 1], [0, 1, 0, 1]], "output": [[0, 0, 0, 0], [2, 2, 0, 0], [0, 0, 0, 2], [0, 2, 0, 2]]}, {"input": [[1, 0, 0, 0, 1], [1, 0, 1, 0, 1], [1, 1, 1, 0, 0], [0, 1, 1, 1, 1], [1, 0, 1, 0, 1], [1, 1, 1, 0, 1], [1, 1, 0, 0, 0], [5, 5, 5, 5, 5], [0, 1, 0, 0, 0], [1, 1, 0, 0, 1], [1, 0, 0, 0, 1], [1, 0, 1, 0, 1], [1, 0, 1, 1, 0], [0, 0, 0, 0, 0], [0, 0, 1, 1, 1]], "output": [[0, 0, 0, 0, 0], [2, 0, 0, 0, 2], [2, 0, 0, 0, 0], [0, 0, 2, 0, 2], [2, 0, 2, 0, 0], [0, 0, 0, 0, 0], [0, 0, 0, 0, 0]]}, {"input": [[0, 0, 0, 0, 0, 0], [0, 0, 1, 1, 1, 1], [0, 1, 0, 1, 1, 1], [1, 0, 0, 1, 1, 0], [0, 0, 1, 0, 0, 1], [1, 1, 1, 1, 1, 1], [5, 5, 5, 5, 5, 5], [0, 1, 1, 0, 0, 0], [0, 1, 1, 1, 1, 1], [1, 1, 0, 0, 1, 0], [1, 0, 1, 1, 0, 0], [1, 1, 0, 1, 1, 1], [1, 0, 1, 0, 0, 1]], "output": [[0, 0, 0, 0, 0, 0], [0, 0, 2, 2, 2, 2], [0, 2, 0, 0, 2, 0], [2, 0, 0, 2, 0, 0], [0, 0, 0, 0, 0, 2], [2, 0, 2, 0, 0, 2]]}, {"input": [[0, 0], [0, 1], [0, 0], [5, 5], [0, 0], [1, 1], [1, 0]], "output": [[0, 0], [0, 2], [0, 0]]}]
