[{"input": [[0, 5, 0, 0, 0, 0, 0], [5, 0, 0, 0, 0, 0, 0], [0, 0, 0, 0, 0, 0, 0], [0, 0, 0, 0, 0, 0, 0], [0, 0, 0, 0, 0, 0, 0], [0, 0, 0, 0, 0, 0, 6], [0, 0, 0, 0, 0, 6, 7]], "output": [[7, 5, 6, 7, 5, 6, 7], [5, 6, 7, 5, 6, 7, 5], [6, 7, 5, 6, 7, 5, 6], [7, 5, 6, 7, 5, 6, 7], [5, 6, 7, 5, 6, 7, 5], [6, 7, 5, 6, 7, 5, 6], [7, 5, 6, 7, 5, 6, 7]]}, {"input": [[0, 0, 0, 0, 5, 2, 6], [0, 0, 0, 5, 2, 6, 0], [0, 0, 5, 2, 6, 0, 0], [0, 5, 2, 6, 0, 0, 0], [5, 2, 6, 0, 0, 0, 0], [2, 6, 0, 0, 0, 0, 0], [6, 0, 0, 0, 0, 0, 0]], "output": [[6, 5, 2, 6, 5, 2, 6], [5, 2, 6, 5, 2, 6, 5], [2, 6, 5, 2, 6, 5, 2], [6, 5, 2, 6, 5, 2, 6], [5, 2, 6, 5, 2, 6, 5], [2, 6, 5, 2, 6, 5, 2], [6, 5, 2, 6, 5, 2, 6]]}, {"input": [[0, 0, 0, 3, 8, 1, 0], [0, 0, 3, 8, 1, 0, 0], [0, 3, 8, 1, 0, 0, 0], [3, 8, 1, 0, 0, 0, 0], [8, 1, 0, 0, 0, 0, 0], [1, 0, 0, 0, 0, 0, 0], [0, 0, 0, 0, 0, 0, 0]], "output": [[3, 8, 1, 3, 8, 1, 3], [8, 1, 3, 8, 1, 3, 8], [1, 3, 8, 1, 3, 8, 1], [3, 8, 1, 3, 8, 1, 3], [8, 1, 3, 8, 1, 3, 8], [1, 3, 8, 1, 3, 8, 1], [3, 8, 1, 3, 8, 1, 3]]}, {"input": [[0, 0, 0, 0, 0, 0, 0], [0, 0, 0, 0, 0, 0, 0], [0, 0, 0, 0, 0, 0, 9], [0, 0, 0, 0, 0, 9, 5], [0, 0, 0, 0, 9, 5, 3], [0, 0, 0, 9, 5, 3, 0], [0, 0, 9, 5, 3, 0, 0]], "output": [[5, 3, 9, 5, 3, 9, 5], [3, 9, 5, 3, 9, 5, 3], [9, 5, 3, 9, 5, 3, 9], [5, 3, 9, 5, 3, 9, 5], [3, 9, 5, 3, 9, 5, 3], [9, 5, 3, 9, 5, 3, 9], [5, 3, 9, 5, 3, 9, 5]]}, {"input": [[0, 0, 0, 0, 0, 0, 9], [0, 0, 0, 0, 0, 9, 0], [0, 0, 0, 0, 9, 0, 1], [0, 0, 0, 9, 0, 1, 0], [0, 0, 9, 0, 1, 0, 8], [0, 9, 0, 1, 0, 8, 0], [9, 0, 1, 0, 8, 0, 0]], "output": [[9, 8, 1, 9, 8, 1, 9], [8, 1, 9, 8, 1, 9, 8], [1, 9, 8, 1, 9, 8, 1], [9, 8, 1, 9, 8, 1, 9], [8, 1, 9, 8, 1, 9, 8], [1, 9, 8, 1, 9, 8, 1], [9, 8, 1, 9, 8, 1, 9]]}, {"input": [[0, 0, 0, 0, 0, 0, 2], [0, 0, 0, 0, 0, 2, 0], [0, 0, 0, 0, 2, 0, 8], [0, 0, 0, 2, 0, 8, 0], [0, 0, 2, 0, 8, 0, 3], [0, 2, 0, 8, 0, 3, 0], [2, 0, 8, 0, 3, 0, 0]], "output": [[2, 3, 8, 2, 3, 8, 2], [3, 8, 2, 3, 8, 2, 3], [8, 2, 3, 8, 2, 3, 8], [2, 3, 8, 2, 3, 8, 2], [3, 8, 2, 3, 8, 2, 3], [8, 2, 3, 8, 2, 3, 8], [2, 3, 8, 2, 3, 8, 2]]}, {"input": [[0, 0, 7, 0, 0, 0, 5], [0, 7, 0, 0, 0, 5, 1], [7, 0, 0, 0, 5, 1, 0], [0, 0, 0, 5, 1, 0, 0], [0, 0, 5, 1, 0, 0, 0], [0, 5, 1, 0, 0, 0, 0], [5, 1, 0, 0, 0, 0, 0]], "output": [[5, 1, 7, 5, 1, 7, 5], [1, 7, 5, 1, 7, 5, 1], [7, 5, 1, 7, 5, 1, 7], [5, 1, 7, 5, 1, 7, 5], [1, 7, 5, 1, 7, 5, 1], [7, 5, 1, 7, 5, 1, 7], [5, 1, 7, 5, 1, 7, 5]]}, {"input": [[0, 0, 0, 0, 8, 0, 0], [0, 0, 0, 8, 0, 0, 0], [0, 0, 8, 0, 0, 0, 6], [0, 8, 0, 0, 0, 6, 7], [8, 0, 0, 0, 6, 7, 0], [0, 0, 0, 6, 7, 0, 0], [0, 0, 6, 7, 0, 0, 0]], "output": [[7, 8, 6, 7, 8, 6, 7], [8, 6, 7, 8, 6, 7, 8], [6, 7, 8, 6, 7, 8, 6], [7, 8, 6, 7, 8, 6, 7], [8, 6, 7, 8, 6, 7, 8], [6, 7, 8, 6, 7, 8, 6], [7, 8, 6, 7, 8, 6, 7]]}, {"input": [[0, 0, 0, 0, 0, 0, 0], [0, 0, 0, 0, 0, 0, 1], [0, 0, 0, 0, 0, 1, 9], [0, 0, 0, 0, 1, 9, 4], [0, 0, 0, 1, 9, 4, 0], [0, 0, 1, 9, 4, 0, 0], [0, 1, 9, 4, 0, 0, 0]], "output": [[4, 1, 9, 4, 1, 9, 4], [1, 9, 4, 1, 9, 4, 1], [9, 4, 1, 9, 4, 1, 9], [4, 1, 9, 4, 1, 9, 4], [1, 9, 4, 1, 9, 4, 1], [9, 4, 1, 9, 4, 1, 9], [4, 1, 9, 4, 1, 9, 4]]}, {"input": [[0, 0, 2, 0, 0, 0, 0], [0, 2, 0, 0, 0, 0, 9], [2, 0, 0, 0, 0, 9, 0], [0, 0, 0, 0, 9, 0, 5], [0, 0, 0, 9, 0, 5, 0], [0, 0, 9, 0, 5, 0, 0], [0, 9, 0, 5, 0, 0, 0]], "output": [[5, 9, 2, 5, 9, 2, 5], [9, 2, 5, 9, 2, 5, 9], [2, 5, 9, 2, 5, 9, 2], [5, 9, 2, 5, 9, 2, 5], [9, 2, 5, 9, 2, 5, 9], [2, 5, 9, 2, 5, 9, 2], [5, 9, 2, 5, 9, 2, 5]]}, {"input": [[0, 1, 2, 0, 0, 0, 0], [1, 2, 0, 0, 0, 0, 0], [2, 0, 0, 0, 0, 0, 0], [0, 0, 0, 0, 0, 0, 7], [0, 0, 0, 0, 0, 7, 0], [0, 0, 0, 0, 7, 0, 0], [0, 0, 0, 7, 0, 0, 0]], "output": [[7, 1, 2, 7, 1, 2, 7], [1, 2, 7, 1, 2, 7, 1], [2, 7, 1, 2, 7, 1, 2], [7, 1, 2, 7, 1, 2, 7], [1, 2, 7, 1, 2, 7, 1], [2, 7, 1, 2, 7, 1, 2], [7, 1, 2, 7, 1, 2, 7]]}, {"input": [[0, 0, 6, 7, 5, 0, 0], [0, 6, 7, 5, 0, 0, 0], [6, 7, 5, 0, 0, 0, 0], [7, 5, 0, 0, 0, 0, 0], [5, 0, 0, 0, 0, 0, 0], [0, 0, 0, 0, 0, 0, 0], [0, 0, 0, 0, 0, 0, 0]], "output": [[7, 5, 6, 7, 5, 6, 7], [5, 6, 7, 5, 6, 7, 5], [6, 7, 5, 6, 7, 5, 6], [7, 5, 6, 7, 5, 6, 7], [5, 6, 7, 5, 6, 7, 5], [6, 7, 5, 6, 7, 5, 6], [7, 5, 6, 7, 5, 6, 7]]}, {"input": [[0, 0, 0, 0, 2, 7, 0], [0, 0, 0, 2, 7, 0, 0], [0, 0, 2, 7, 0, 0, 0], [0, 2, 7, 0, 0, 0, 6], [2, 7, 0, 0, 0, 6, 0], [7, 0, 0, 0, 6, 0, 0], [0, 0, 0, 6, 0, 0, 0]], "output": [[6, 2, 7, 6, 2, 7, 6], [2, 7, 6, 2, 7, 6, 2], [7, 6, 2, 7, 6, 2, 7], [6, 2, 7, 6, 2, 7, 6], [2, 7, 6, 2, 7, 6, 2], [7, 6, 2, 7, 6, 2, 7], [6, 2, 7, 6, 2, 7, 6]]}, {"input": [[0, 0, 7, 4, 9, 0, 0], [0, 7, 4, 9, 0, 0, 0], [7, 4, 9, 0, 0, 0, 0], [4, 9, 0, 0, 0, 0, 0], [9, 0, 0, 0, 0, 0, 0], [0, 0, 0, 0, 0, 0, 0], [0, 0, 0, 0, 0, 0, 0]], "output": [[4, 9, 7, 4, 9, 7, 4], [9, 7, 4, 9, 7, 4, 9], [7, 4, 9, 7, 4, 9, 7], [4, 9, 7, 4, 9, 7, 4], [9, 7, 4, 9, 7, 4, 9], [7, 4, 9, 7, 4, 9, 7], [4, 9, 7, 4, 9, 7, 4]]}, {"input": [[0, 0, 0, 0, 0, 0, 9], [0, 0, 0, 0, 0, 9, 0], [0, 0, 0, 0, 9, 0, 0], [0, 0, 0, 9, 0, 0, 0], [0, 0, 9, 0, 0, 0, 5], [0, 9, 0, 0, 0, 5, 2], [9, 0, 0, 0, 5, 2, 0]], "output": [[9, 5, 2, 9, 5, 2, 9], [5, 2, 9, 5, 2, 9, 5], [2, 9, 5, 2, 9, 5, 2], [9, 5, 2, 9, 5, 2, 9], [5, 2, 9, 5, 2, 9, 5], [2, 9, 5, 2, 9, 5, 2], [9, 5, 2, 9, 5, 2, 9]]}, {"input": [[0, 0, 5, 0, 0, 0, 6], [0, 5, 0, 0, 0, 6, 0], [5, 0, 0, 0, 6, 0, 0], [0, 0, 0, 6, 0, 0, 0], [0, 0, 6, 0, 0, 0, 4], [0, 6, 0, 0, 0, 4, 0], [6, 0, 0, 0, 4, 0, 0]], "output": [[6, 4, 5, 6, 4, 5, 6], [4, 5, 6, 4, 5, 6, 4], [5, 6, 4, 5, 6, 4, 5], [6, 4, 5, 6, 4, 5, 6], [4, 5, 6, 4, 5, 6, 4], [5, 6, 4, 5, 6, 4, 5], [6, 4, 5, 6, 4, 5, 6]]}, {"input": [[0, 0, 0, 0, 0, 4, 0], [0, 0, 0, 0, 4, 0, 7], [0, 0, 0, 4, 0, 7, 0], [0, 0, 4, 0, 7, 0, 3], [0, 4, 0, 7, 0, 3, 0], [4, 0, 7, 0, 3, 0, 0], [0, 7, 0, 3, 0, 0, 0]], "output": [[3, 7, 4, 3, 7, 4, 3], [7, 4, 3, 7, 4, 3, 7], [4, 3, 7, 4, 3, 7, 4], [3, 7, 4, 3, 7, 4, 3], [7, 4, 3, 7, 4, 3, 7], [4, 3, 7, 4, 3, 7, 4], [3, 7, 4, 3, 7, 4, 3]]}, {"input": [[0, 0, 0, 0, 8, 9, 3], [0, 0, 0, 8, 9, 3, 0], [0, 0, 8, 9, 3, 0, 0], [0, 8, 9, 3, 0, 0, 0], [8, 9, 3, 0, 0, 0, 0], [9, 3, 0, 0, 0, 0, 0], [3, 0, 0, 0, 0, 0, 0]], "output": [[3, 8, 9, 3, 8, 9, 3], [8, 9, 3, 8, 9, 3, 8], [9, 3, 8, 9, 3, 8, 9], [3, 8, 9, 3, 8, 9, 3], [8, 9, 3, 8, 9, 3, 8], [9, 3, 8, 9, 3, 8, 9], [3, 8, 9, 3, 8, 9, 3]]}, {"input": [[0, 0, 0, 0, 0, 5, 1], [0, 0, 0, 0, 5, 1, 2], [0, 0, 0, 5, 1, 2, 0], [0, 0, 5, 1, 2, 0, 0], [0, 5, 1, 2, 0, 0, 0], [5, 1, 2, 0, 0, 0, 0], [1, 2, 0, 0, 0, 0, 0]], "output": [[1, 2, 5, 1, 2, 5, 1], [2, 5, 1, 2, 5, 1, 2], [5, 1, 2, 5, 1, 2, 5], [1, 2, 5, 1, 2, 5, 1], [2, 5, 1, 2, 5, 1, 2], [5, 1, 2, 5, 1, 2, 5], [1, 2, 5, 1, 2, 5, 1]]}, {"input": [[0, 0, 0, 0, 2, 3, 1], [0, 0, 0, 2, 3, 1, 0], [0, 0, 2, 3, 1, 0, 0], [0, 2, 3, 1, 0, 0, 0], [2, 3, 1, 0, 0, 0, 0], [3, 1, 0, 0, 0, 0, 0], [1, 0, 0, 0, 0, 0, 0]], "output": [[1, 2, 3, 1, 2, 3, 1], [2, 3, 1, 2, 3, 1, 2], [3, 1, 2, 3, 1, 2, 3], [1, 2, 3, 1, 2, 3, 1], [2, 3, 1, 2, 3, 1, 2], [3, 1, 2, 3, 1, 2, 3], [1, 2, 3, 1, 2, 3, 1]]}, {"input": [[0, 0, 5, 0, 0, 0, 4], [0, 5, 0, 0, 0, 4, 3], [5, 0, 0, 0, 4, 3, 0], [0, 0, 0, 4, 3, 0, 0], [0, 0, 4, 3, 0, 0, 0], [0, 4, 3, 0, 0, 0, 0], [4, 3, 0, 0, 0, 0, 0]], "output": [[4, 3, 5, 4, 3, 5, 4], [3, 5, 4, 3, 5, 4, 3], [5, 4, 3, 5, 4, 3, 5], [4, 3, 5, 4, 3, 5, 4], [3, 5, 4, 3, 5, 4, 3], [5, 4, 3, 5, 4, 3, 5], [4, 3, 5, 4, 3, 5, 4]]}, {"input": [[0, 0, 0, 0, 0, 3, 4], [0, 0, 0, 0, 3, 4, 1], [0, 0, 0, 3, 4, 1, 0], [0, 0, 3, 4, 1, 0, 0], [0, 3, 4, 1, 0, 0, 0], [3, 4, 1, 0, 0, 0, 0], [4, 1, 0, 0, 0, 0, 0]], "output": [[4, 1, 3, 4, 1, 3, 4], [1, 3, 4, 1, 3, 4, 1], [3, 4, 1, 3, 4, 1, 3], [4, 1, 3, 4, 1, 3, 4], [1, 3, 4, 1, 3, 4, 1], [3, 4, 1, 3, 4, 1, 3], [4, 1, 3, 4, 1, 3, 4]]}, {"input": [[0, 8, 0, 0, 0, 1, 6], [8, 0, 0, 0, 1, 6, 0], [0, 0, 0, 1, 6, 0, 0], [0, 0, 1, 6, 0, 0, 0], [0, 1, 6, 0, 0, 0, 0], [1, 6, 0, 0, 0, 0, 0], [6, 0, 0, 0, 0, 0, 0]], "output": [[6, 8, 1, 6, 8, 1, 6], [8, 1, 6, 8, 1, 6, 8], [1, 6, 8, 1, 6, 8, 1], [6, 8, 1, 6, 8, 1, 6], [8, 1, 6, 8, 1, 6, 8], [1, 6, 8, 1, 6, 8, 1], [6, 8, 1, 6, 8, 1, 6]]}, {"input": [[0, 0, 0, 0, 0, 0, 0], [0, 0, 0, 0, 0, 0, 0], [0, 0, 0, 0, 0, 0, 0], [0, 0, 0, 0, 0, 0, 1], [0, 0, 0, 0, 0, 1, 8], [0, 0, 0, 0, 1, 8, 6], [0, 0, 0, 1, 8, 6, 0]], "output": [[1, 8, 6, 1, 8, 6, 1], [8, 6, 1, 8, 6, 1, 8], [6, 1, 8, 6, 1, 8, 6], [1, 8, 6, 1, 8, 6, 1], [8, 6, 1, 8, 6, 1, 8], [6, 1, 8, 6, 1, 8, 6], [1, 8, 6, 1, 8, 6, 1]]}, {"input": [[0, 0, 0, 0, 2, 0, 1], [0, 0, 0, 2, 0, 1, 0], [0, 0, 2, 0, 1, 0, 0], [0, 2, 0, 1, 0, 0, 0], [2, 0, 1, 0, 0, 0, 0], [0, 1, 0, 0, 0, 0, 7], [1, 0, 0, 0, 0, 7, 0]], "output": [[1, 2, 7, 1, 2, 7, 1], [2, 7, 1, 2, 7, 1, 2], [7, 1, 2, 7, 1, 2, 7], [1, 2, 7, 1, 2, 7, 1], [2, 7, 1, 2, 7, 1, 2], [7, 1, 2, 7, 1, 2, 7], [1, 2, 7, 1, 2, 7, 1]]}]
