[{"input": [[0, 7, 0, 5, 0, 1, 0, 5, 0, 4, 2], [6, 4, 9, 5, 0, 3, 2, 5, 0, 1, 3], [0, 0, 8, 5, 6, 0, 8, 5, 0, 0, 8], [5, 5, 5, 5, 5, 5, 5, 5, 5, 5, 5], [9, 2, 0, 5, 0, 3, 0, 5, 0, 9, 2], [0, 0, 0, 5, 9, 0, 0, 5, 0, 0, 0], [7, 8, 4, 5, 3, 1, 4, 5, 1, 6, 0], [5, 5, 5, 5, 5, 5, 5, 5, 5, 5, 5], [8, 0, 0, 5, 0, 1, 0, 5, 6, 4, 2], [8, 3, 8, 5, 7, 2, 0, 5, 0, 2, 0], [0, 0, 9, 5, 9, 0, 4, 5, 3, 0, 0]], "output": [[0, 0, 0, 5, 9, 9, 9, 5, 2, 2, 2], [0, 0, 0, 5, 9, 9, 9, 5, 2, 2, 2], [0, 0, 0, 5, 9, 9, 9, 5, 2, 2, 2], [5, 5, 5, 5, 5, 5, 5, 5, 5, 5, 5], [0, 0, 0, 5, 0, 0, 0, 5, 0, 0, 0], [0, 0, 0, 5, 0, 0, 0, 5, 0, 0, 0], [0, 0, 0, 5, 0, 0, 0, 5, 0, 0, 0], [5, 5, 5, 5, 5, 5, 5, 5, 5, 5, 5], [1, 1, 1, 5, 6, 6, 6, 5, 0, 0, 0], [1, 1, 1, 5, 6, 6, 6, 5, 0, 0, 0], [1, 1, 1, 5, 6, 6, 6, 5, 0, 0, 0]]}, {"input": [[0, 4, 8, 5, 9, 0, 6, 5, 9, 2, 2], [4, 0, 3, 5, 7, 4, 0, 5, 0, 0, 9], [0, 0, 3, 5, 2, 0, 0, 5, 0, 0, 1], [5, 5, 5, 5, 5, 5, 5, 5, 5, 5, 5], [0, 0, 6, 5, 0, 2, 9, 5, 1, 0, 6], [9, 0, 9, 5, 0, 7, 1, 5, 0, 0, 4], [0, 8, 8, 5, 0, 6, 0, 5, 8, 4, 0], [5, 5, 5, 5, 5, 5, 5, 5, 5, 5, 5], [1, 2, 0, 5, 0, 0, 0, 5, 6, 8, 7], [0, 6, 4, 5, 4, 6, 0, 5, 0, 6, 0], [0, 0, 3, 5, 2, 0, 8, 5, 0, 0, 6]], "output": [[0, 0, 0, 5, 0, 0, 0, 5, 0, 0, 0], [0, 0, 0, 5, 0, 0, 0, 5, 0, 0, 0], [0, 0, 0, 5, 0, 0, 0, 5, 0, 0, 0], [5, 5, 5, 5, 5, 5, 5, 5, 5, 5, 5], [4, 4, 4, 5, 6, 6, 6, 5, 0, 0, 0], [4, 4, 4, 5, 6, 6, 6, 5, 0, 0, 0], [4, 4, 4, 5, 6, 6, 6, 5, 0, 0, 0], [5, 5, 5, 5, 5, 5, 5, 5, 5, 5, 5], [2, 2, 2, 5, 0, 0, 0, 5, 8, 8, 8], [2, 2, 2, 5, 0, 0, 0, 5, 8, 8, 8], [2, 2, 2, 5, 0, 0, 0, 5, 8, 8, 8]]}, {"input": [[6, 0, 0, 5, 0, 0, 0, 5, 2, 1, 3], [2, 6, 0, 5, 2, 7, 7, 5, 4, 0, 0], [9, 7, 0, 5, 3, 2, 0, 5, 0, 0, 6], [5, 5, 5, 5, 5, 5, 5, 5, 5, 5, 5], [4, 0, 0, 5, 6, 7, 0, 5, 0, 6, 3], [6, 4, 0, 5, 6, 0, 7, 5, 7, 0, 9], [7, 9, 0, 5, 9, 0, 0, 5, 0, 0, 3], [5, 5, 5, 5, 5, 5, 5, 5, 5, 5, 5], [4, 1, 1, 5, 8, 0, 7, 5, 0, 7, 6], [0, 0, 6, 5, 1, 0, 0, 5, 6, 2, 0], [0, 0, 3, 5, 3, 0, 3, 5, 0, 0, 0]], "output": [[0, 0, 0, 5, 7, 7, 7, 5, 6, 6, 6], [0, 0, 0, 5, 7, 7, 7, 5, 6, 6, 6], [0, 0, 0, 5, 7, 7, 7, 5, 6, 6, 6], [5, 5, 5, 5, 5, 5, 5, 5, 5, 5, 5], [6, 6, 6, 5, 2, 2, 2, 5, 0, 0, 0], [6, 6, 6, 5, 2, 2, 2, 5, 0, 0, 0], [6, 6, 6, 5, 2, 2, 2, 5, 0, 0, 0], [5, 5, 5, 5, 5, 5, 5, 5, 5, 5, 5], [0, 0, 0, 5, 0, 0, 0, 5, 0, 0, 0], [0, 0, 0, 5, 0, 0, 0, 5, 0, 0, 0], [0, 0, 0, 5, 0, 0, 0, 5, 0, 0, 0]]}, {"input": [[0, 2, 3, 5, 1, 2, 3, 5, 0, 7, 6], [2, 2, 0, 5, 2, 0, 0, 5, 1, 9, 0], [0, 0, 0, 5, 0, 4, 0, 5, 0, 1, 0], [5, 5, 5, 5, 5, 5, 5, 5, 5, 5, 5], [0, 8, 9, 5, 0, 0, 9, 5, 7, 4, 1], [9, 1, 8, 5, 0, 1, 0, 5, 8, 8, 0], [0, 0, 0, 5, 8, 9, 8, 5, 0, 0, 0], [5, 5, 5, 5, 5, 5, 5, 5, 5, 5, 5], [3, 0, 0, 5, 9, 0, 6, 5, 6, 0, 8], [7, 2, 4, 5, 0, 0, 8, 5, 0, 9, 0], [0, 0, 8, 5, 0, 3, 7, 5, 0, 9, 1]], "output": [[0, 0, 0, 5, 2, 2, 2, 5, 3, 3, 3], [0, 0, 0, 5, 2, 2, 2, 5, 3, 3, 3], [0, 0, 0, 5, 2, 2, 2, 5, 3, 3, 3], [5, 5, 5, 5, 5, 5, 5, 5, 5, 5, 5], [2, 2, 2, 5, 2, 2, 2, 5, 0, 0, 0], [2, 2, 2, 5, 2, 2, 2, 5, 0, 0, 0], [2, 2, 2, 5, 2, 2, 2, 5, 0, 0, 0], [5, 5, 5, 5, 5, 5, 5, 5, 5, 5, 5], [0, 0, 0, 5, 0, 0, 0, 5, 0, 0, 0], [0, 0, 0, 5, 0, 0, 0, 5, 0, 0, 0], [0, 0, 0, 5, 0, 0, 0, 5, 0, 0, 0]]}, {"input": [[6, 0, 7, 5, 2, 9, 0, 5, 0, 0, 4], [0, 1, 6, 5, 6, 6, 0, 5, 0, 8, 1], [0, 4, 0, 5, 0, 4, 0, 5, 6, 4, 0], [5, 5, 5, 5, 5, 5, 5, 5, 5, 5, 5], [8, 0, 0, 5, 0, 2, 0, 5, 0, 2, 0], [2, 3, 0, 5, 6, 0, 7, 5, 4, 8, 0], [6, 0, 1, 5, 7, 0, 4, 5, 6, 8, 0], [5, 5, 5, 5, 5, 5, 5, 5, 5, 5, 5], [0, 9, 2, 5, 0, 0, 0, 5, 0, 2, 0], [0, 7, 0, 5, 9, 9, 9, 5, 0, 2, 2], [0, 2, 0, 5, 3, 8, 0, 5, 8, 1, 0]], "output": [[0, 0, 0, 5, 9, 9, 9, 5, 2, 2, 2], [0, 0, 0, 5, 9, 9, 9, 5, 2, 2, 2], [0, 0, 0, 5, 9, 9, 9, 5, 2, 2, 2], [5, 5, 5, 5, 5, 5, 5, 5, 5, 5, 5], [0, 0, 0, 5, 7, 7, 7, 5, 0, 0, 0], [0, 0, 0, 5, 7, 7, 7, 5, 0, 0, 0], [0, 0, 0, 5, 7, 7, 7, 5, 0, 0, 0], [5, 5, 5, 5, 5, 5, 5, 5, 5, 5, 5], [0, 0, 0, 5, 2, 2, 2, 5, 0, 0, 0], [0, 0, 0, 5, 2, 2, 2, 5, 0, 0, 0], [0, 0, 0, 5, 2, 2, 2, 5, 0, 0, 0]]}, {"input": [[1, 9, 0, 5, 7, 0, 2, 5, 0, 1, 2], [8, 0, 0, 5, 0, 1, 0, 5, 6, 0, 0], [0, 6, 1, 5, 0, 9, 3, 5, 1, 0, 7], [5, 5, 5, 5, 5, 5, 5, 5, 5, 5, 5], [3, 0, 1, 5, 0, 3, 0, 5, 0, 0, 0], [4, 6, 2, 5, 0, 2, 4, 5, 8, 6, 8], [0, 0, 0, 5, 8, 1, 0, 5, 8, 0, 4], [5, 5, 5, 5, 5, 5, 5, 5, 5, 5, 5], [0, 6, 0, 5, 8, 7, 0, 5, 0, 0, 2], [7, 6, 2, 5, 6, 0, 0, 5, 1, 0, 6], [0, 0, 6, 5, 7, 0, 0, 5, 6, 0, 3]], "output": [[8, 8, 8, 5, 7, 7, 7, 5, 0, 0, 0], [8, 8, 8, 5, 7, 7, 7, 5, 0, 0, 0], [8, 8, 8, 5, 7, 7, 7, 5, 0, 0, 0], [5, 5, 5, 5, 5, 5, 5, 5, 5, 5, 5], [6, 6, 6, 5, 0, 0, 0, 5, 0, 0, 0], [6, 6, 6, 5, 0, 0, 0, 5, 0, 0, 0], [6, 6, 6, 5, 0, 0, 0, 5, 0, 0, 0], [5, 5, 5, 5, 5, 5, 5, 5, 5, 5, 5], [7, 7, 7, 5, 0, 0, 0, 5, 0, 0, 0], [7, 7, 7, 5, 0, 0, 0, 5, 0, 0, 0], [7, 7, 7, 5, 0, 0, 0, 5, 0, 0, 0]]}, {"input": [[3, 2, 1, 5, 7, 7, 0, 5, 1, 9, 4], [0, 0, 0, 5, 0, 8, 2, 5, 0, 4, 0], [1, 1, 0, 5, 0, 0, 3, 5, 7, 0, 0], [5, 5, 5, 5, 5, 5, 5, 5, 5, 5, 5], [0, 0, 7, 5, 0, 2, 4, 5, 0, 0, 9], [9, 3, 0, 5, 3, 8, 4, 5, 4, 3, 0], [0, 1, 6, 5, 0, 0, 0, 5, 0, 8, 0], [5, 5, 5, 5, 5, 5, 5, 5, 5, 5, 5], [0, 0, 0, 5, 8, 9, 7, 5, 0, 2, 0], [9, 7, 0, 5, 0, 4, 0, 5, 8, 0, 6], [2, 6, 3, 5, 0, 3, 0, 5, 0, 9, 1]], "output": [[0, 0, 0, 5, 0, 0, 0, 5, 9, 9, 9], [0, 0, 0, 5, 0, 0, 0, 5, 9, 9, 9], [0, 0, 0, 5, 0, 0, 0, 5, 9, 9, 9], [5, 5, 5, 5, 5, 5, 5, 5, 5, 5, 5], [4, 4, 4, 5, 3, 3, 3, 5, 0, 0, 0], [4, 4, 4, 5, 3, 3, 3, 5, 0, 0, 0], [4, 4, 4, 5, 3, 3, 3, 5, 0, 0, 0], [5, 5, 5, 5, 5, 5, 5, 5, 5, 5, 5], [0, 0, 0, 5, 8, 8, 8, 5, 0, 0, 0], [0, 0, 0, 5, 8, 8, 8, 5, 0, 0, 0], [0, 0, 0, 5, 8, 8, 8, 5, 0, 0, 0]]}, {"input": [[9, 0, 0, 5, 0, 8, 9, 5, 4, 0, 0], [4, 0, 0, 5, 1, 0, 0, 5, 0, 3, 9], [1, 9, 0, 5, 4, 0, 3, 5, 8, 3, 0], [5, 5, 5, 5, 5, 5, 5, 5, 5, 5, 5], [0, 6, 0, 5, 0, 0, 0, 5, 4, 9, 0], [7, 0, 0, 5, 0, 3, 7, 5, 0, 7, 4], [9, 9, 1, 5, 9, 7, 9, 5, 2, 0, 0], [5, 5, 5, 5, 5, 5, 5, 5, 5, 5, 5], [6, 0, 2, 5, 0, 1, 4, 5, 0, 4, 0], [0, 0, 2, 5, 8, 0, 0, 5, 2, 4, 0], [0, 1, 4, 5, 4, 0, 2, 5, 0, 2, 1]], "output": [[9, 9, 9, 5, 0, 0, 0, 5, 0, 0, 0], [9, 9, 9, 5, 0, 0, 0, 5, 0, 0, 0], [9, 9, 9, 5, 0, 0, 0, 5, 0, 0, 0], [5, 5, 5, 5, 5, 5, 5, 5, 5, 5, 5], [4, 4, 4, 5, 0, 0, 0, 5, 0, 0, 0], [4, 4, 4, 5, 0, 0, 0, 5, 0, 0, 0], [4, 4, 4, 5, 0, 0, 0, 5, 0, 0, 0], [5, 5, 5, 5, 5, 5, 5, 5, 5, 5, 5], [1, 1, 1, 5, 9, 9, 9, 5, 0, 0, 0], [1, 1, 1, 5, 9, 9, 9, 5, 0, 0, 0], [1, 1, 1, 5, 9, 9, 9, 5, 0, 0, 0]]}, {"input": [[0, 6, 9, 5, 0, 9, 8, 5, 0, 0, 0], [8, 4, 0, 5, 0, 1, 1, 5, 1, 0, 4], [0, 4, 0, 5, 0, 4, 0, 5, 2, 3, 2], [5, 5, 5, 5, 5, 5, 5, 5, 5, 5, 5], [0, 0, 7, 5, 0, 9, 0, 5, 2, 0, 3], [0, 2, 4, 5, 4, 8, 0, 5, 6, 9, 0], [4, 0, 6, 5, 7, 0, 4, 5, 0, 0, 0], [5, 5, 5, 5, 5, 5, 5, 5, 5, 5, 5], [0, 3, 0, 5, 8, 0, 8, 5, 1, 6, 1], [0, 8, 7, 5, 1, 9, 0, 5, 0, 1, 0], [6, 0, 8, 5, 0, 0, 2, 5, 6, 0, 0]], "output": [[2, 2, 2, 5, 0, 0, 0, 5, 3, 3, 3], [2, 2, 2, 5, 0, 0, 0, 5, 3, 3, 3], [2, 2, 2, 5, 0, 0, 0, 5, 3, 3, 3], [5, 5, 5, 5, 5, 5, 5, 5, 5, 5, 5], [6, 6, 6, 5, 9, 9, 9, 5, 0, 0, 0], [6, 6, 6, 5, 9, 9, 9, 5, 0, 0, 0], [6, 6, 6, 5, 9, 9, 9, 5, 0, 0, 0], [5, 5, 5, 5, 5, 5, 5, 5, 5, 5, 5], [0, 0, 0, 5, 0, 0, 0, 5, 0, 0, 0], [0, 0, 0, 5, 0, 0, 0, 5, 0, 0, 0], [0, 0, 0, 5, 0, 0, 0, 5, 0, 0, 0]]}, {"input": [[8, 0, 4, 5, 0, 0, 7, 5, 0, 0, 9], [0, 7, 1, 5, 9, 0, 4, 5, 7, 0, 2], [0, 1, 0, 5, 7, 0, 0, 5, 1, 0, 9], [5, 5, 5, 5, 5, 5, 5, 5, 5, 5, 5], [1, 9, 0, 5, 6, 9, 0, 5, 0, 9, 7], [7, 0, 0, 5, 8, 0, 0, 5, 6, 2, 0], [9, 0, 1, 5, 1, 9, 0, 5, 0, 1, 0], [5, 5, 5, 5, 5, 5, 5, 5, 5, 5, 5], [3, 0, 0, 5, 0, 8, 1, 5, 0, 0, 2], [0, 7, 8, 5, 2, 0, 2, 5, 3, 6, 3], [6, 0, 2, 5, 0, 0, 8, 5, 9, 0, 0]], "output": [[0, 0, 0, 5, 0, 0, 0, 5, 7, 7, 7], [0, 0, 0, 5, 0, 0, 0, 5, 7, 7, 7], [0, 0, 0, 5, 0, 0, 0, 5, 7, 7, 7], [5, 5, 5, 5, 5, 5, 5, 5, 5, 5, 5], [9, 9, 9, 5, 0, 0, 0, 5, 4, 4, 4], [9, 9, 9, 5, 0, 0, 0, 5, 4, 4, 4], [9, 9, 9, 5, 0, 0, 0, 5, 4, 4, 4], [5, 5, 5, 5, 5, 5, 5, 5, 5, 5, 5], [7, 7, 7, 5, 0, 0, 0, 5, 0, 0, 0], [7, 7, 7, 5, 0, 0, 0, 5, 0, 0, 0], [7, 7, 7, 5, 0, 0, 0, 5, 0, 0, 0]]}, {"input": [[0, 0, 8, 5, 0, 8, 8, 5, 0, 0, 9], [0, 8, 7, 5, 9, 0, 0, 5, 0, 9, 2], [7, 0, 8, 5, 8, 9, 0, 5, 0, 4, 2], [5, 5, 5, 5, 5, 5, 5, 5, 5, 5, 5], [0, 6, 7, 5, 8, 0, 4, 5, 0, 0, 6], [0, 8, 0, 5, 0, 6, 0, 5, 1, 0, 0], [1, 3, 0, 5, 7, 0, 0, 5, 4, 8, 7], [5, 5, 5, 5, 5, 5, 5, 5, 5, 5, 5], [0, 0, 3, 5, 8, 0, 9, 5, 4, 4, 0], [0, 8, 6, 5, 0, 0, 9, 5, 0, 0, 6], [9, 0, 1, 5, 9, 1, 0, 5, 7, 4, 0]], "output": [[8, 8, 8, 5, 0, 0, 0, 5, 4, 4, 4], [8, 8, 8, 5, 0, 0, 0, 5, 4, 4, 4], [8, 8, 8, 5, 0, 0, 0, 5, 4, 4, 4], [5, 5, 5, 5, 5, 5, 5, 5, 5, 5, 5], [0, 0, 0, 5, 6, 6, 6, 5, 0, 0, 0], [0, 0, 0, 5, 6, 6, 6, 5, 0, 0, 0], [0, 0, 0, 5, 6, 6, 6, 5, 0, 0, 0], [5, 5, 5, 5, 5, 5, 5, 5, 5, 5, 5], [7, 7, 7, 5, 0, 0, 0, 5, 0, 0, 0], [7, 7, 7, 5, 0, 0, 0, 5, 0, 0, 0], [7, 7, 7, 5, 0, 0, 0, 5, 0, 0, 0]]}, {"input": [[8, 0, 2, 5, 4, 6, 0, 5, 0, 0, 6], [0, 0, 8, 5, 0, 6, 3, 5, 6, 9, 0], [1, 7, 0, 5, 0, 0, 2, 5, 0, 7, 3], [5, 5, 5, 5, 5, 5, 5, 5, 5, 5, 5], [0, 3, 0, 5, 0, 0, 0, 5, 0, 1, 0], [3, 7, 0, 5, 0, 6, 2, 5, 6, 3, 3], [8, 0, 8, 5, 6, 1, 0, 5, 0, 0, 4], [5, 5, 5, 5, 5, 5, 5, 5, 5, 5, 5], [0, 4, 0, 5, 0, 0, 8, 5, 0, 0, 8], [0, 7, 1, 5, 0, 1, 6, 5, 0, 0, 9], [2, 0, 8, 5, 7, 3, 0, 5, 7, 2, 3]], "output": [[0, 0, 0, 5, 0, 0, 0, 5, 0, 0, 0], [0, 0, 0, 5, 0, 0, 0, 5, 0, 0, 0], [0, 0, 0, 5, 0, 0, 0, 5, 0, 0, 0], [5, 5, 5, 5, 5, 5, 5, 5, 5, 5, 5], [0, 0, 0, 5, 6, 6, 6, 5, 2, 2, 2], [0, 0, 0, 5, 6, 6, 6, 5, 2, 2, 2], [0, 0, 0, 5, 6, 6, 6, 5, 2, 2, 2], [5, 5, 5, 5, 5, 5, 5, 5, 5, 5, 5], [6, 6, 6, 5, 1, 1, 1, 5, 0, 0, 0], [6, 6, 6, 5, 1, 1, 1, 5, 0, 0, 0], [6, 6, 6, 5, 1, 1, 1, 5, 0, 0, 0]]}, {"input": [[3, 0, 7, 5, 2, 0, 0, 5, 6, 0, 0], [0, 0, 0, 5, 8, 1, 6, 5, 0, 0, 0], [6, 7, 6, 5, 0, 0, 3, 5, 4, 9, 7], [5, 5, 5, 5, 5, 5, 5, 5, 5, 5, 5], [0, 0, 6, 5, 0, 4, 2, 5, 0, 0, 3], [0, 0, 6, 5, 0, 8, 7, 5, 1, 7, 6], [1, 1, 6, 5, 0, 3, 0, 5, 0, 0, 8], [5, 5, 5, 5, 5, 5, 5, 5, 5, 5, 5], [4, 1, 0, 5, 8, 0, 9, 5, 0, 8, 9], [0, 8, 0, 5, 0, 0, 8, 5, 0, 8, 2], [4, 0, 9, 5, 0, 4, 7, 5, 0, 0, 3]], "output": [[6, 6, 6, 5, 0, 0, 0, 5, 0, 0, 0], [6, 6, 6, 5, 0, 0, 0, 5, 0, 0, 0], [6, 6, 6, 5, 0, 0, 0, 5, 0, 0, 0], [5, 5, 5, 5, 5, 5, 5, 5, 5, 5, 5], [0, 0, 0, 5, 0, 0, 0, 5, 0, 0, 0], [0, 0, 0, 5, 0, 0, 0, 5, 0, 0, 0], [0, 0, 0, 5, 0, 0, 0, 5, 0, 0, 0], [5, 5, 5, 5, 5, 5, 5, 5, 5, 5, 5], [4, 4, 4, 5, 9, 9, 9, 5, 7, 7, 7], [4, 4, 4, 5, 9, 9, 9, 5, 7, 7, 7], [4, 4, 4, 5, 9, 9, 9, 5, 7, 7, 7]]}, {"input": [[0, 0, 0, 5, 1, 8, 0, 5, 6, 8, 8], [2, 0, 8, 5, 1, 0, 0, 5, 0, 0, 9], [7, 7, 8, 5, 0, 7, 8, 5, 0, 0, 4], [5, 5, 5, 5, 5, 5, 5, 5, 5, 5, 5], [1, 0, 9, 5, 0, 2, 0, 5, 2, 8, 8], [2, 0, 0, 5, 0, 0, 0, 5, 0, 0, 0], [0, 4, 7, 5, 9, 6, 9, 5, 0, 3, 3], [5, 5, 5, 5, 5, 5, 5, 5, 5, 5, 5], [4, 7, 3, 5, 4, 0, 4, 5, 0, 7, 0], [8, 0, 9, 5, 0, 3, 0, 5, 1, 6, 6], [0, 0, 0, 5, 0, 9, 4, 5, 0, 0, 7]], "output": [[0, 0, 0, 5, 2, 2, 2, 5, 0, 0, 0], [0, 0, 0, 5, 2, 2, 2, 5, 0, 0, 0], [0, 0, 0, 5, 2, 2, 2, 5, 0, 0, 0], [5, 5, 5, 5, 5, 5, 5, 5, 5, 5, 5], [0, 0, 0, 5, 0, 0, 0, 5, 0, 0, 0], [0, 0, 0, 5, 0, 0, 0, 5, 0, 0, 0], [0, 0, 0, 5, 0, 0, 0, 5, 0, 0, 0], [5, 5, 5, 5, 5, 5, 5, 5, 5, 5, 5], [9, 9, 9, 5, 6, 6, 6, 5, 9, 9, 9], [9, 9, 9, 5, 6, 6, 6, 5, 9, 9, 9], [9, 9, 9, 5, 6, 6, 6, 5, 9, 9, 9]]}, {"input": [[4, 0, 0, 5, 0, 0, 4, 5, 0, 6, 9], [8, 0, 0, 5, 7, 0, 0, 5, 0, 0, 0], [6, 7, 4, 5, 2, 6, 0, 5, 3, 2, 4], [5, 5, 5, 5, 5, 5, 5, 5, 5, 5, 5], [0, 7, 0, 5, 0, 3, 4, 5, 8, 6, 0], [7, 0, 7, 5, 2, 8, 0, 5, 6, 4, 0], [0, 1, 2, 5, 0, 4, 0, 5, 0, 0, 2], [5, 5, 5, 5, 5, 5, 5, 5, 5, 5, 5], [1, 8, 0, 5, 7, 8, 0, 5, 0, 1, 3], [4, 0, 0, 5, 0, 4, 0, 5, 4, 3, 0], [0, 6, 6, 5, 1, 0, 3, 5, 0, 1, 0]], "output": [[0, 0, 0, 5, 0, 0, 0, 5, 4, 4, 4], [0, 0, 0, 5, 0, 0, 0, 5, 4, 4, 4], [0, 0, 0, 5, 0, 0, 0, 5, 4, 4, 4], [5, 5, 5, 5, 5, 5, 5, 5, 5, 5, 5], [7, 7, 7, 5, 0, 0, 0, 5, 0, 0, 0], [7, 7, 7, 5, 0, 0, 0, 5, 0, 0, 0], [7, 7, 7, 5, 0, 0, 0, 5, 0, 0, 0], [5, 5, 5, 5, 5, 5, 5, 5, 5, 5, 5], [2, 2, 2, 5, 6, 6, 6, 5, 0, 0, 0], [2, 2, 2, 5, 6, 6, 6, 5, 0, 0, 0], [2, 2, 2, 5, 6, 6, 6, 5, 0, 0, 0]]}, {"input": [[2, 0, 0, 5, 0, 0, 0, 5, 9, 2, 0], [8, 3, 9, 5, 7, 8, 0, 5, 0, 0, 0], [6, 0, 0, 5, 8, 0, 1, 5, 1, 2, 4], [5, 5, 5, 5, 5, 5, 5, 5, 5, 5, 5], [0, 9, 8, 5, 1, 0, 0, 5, 3, 0, 1], [2, 0, 0, 5, 8, 4, 0, 5, 7, 4, 3], [0, 1, 1, 5, 8, 0, 3, 5, 0, 0, 0], [5, 5, 5, 5, 5, 5, 5, 5, 5, 5, 5], [7, 1, 0, 5, 2, 9, 3, 5, 3, 0, 1], [1, 0, 6, 5, 2, 3, 0, 5, 9, 0, 8], [3, 0, 0, 5, 0, 0, 0, 5, 0, 0, 2]], "output": [[0, 0, 0, 5, 0, 0, 0, 5, 0, 0, 0], [0, 0, 0, 5, 0, 0, 0, 5, 0, 0, 0], [0, 0, 0, 5, 0, 0, 0, 5, 0, 0, 0], [5, 5, 5, 5, 5, 5, 5, 5, 5, 5, 5], [7, 7, 7, 5, 8, 8, 8, 5, 0, 0, 0], [7, 7, 7, 5, 8, 8, 8, 5, 0, 0, 0], [7, 7, 7, 5, 8, 8, 8, 5, 0, 0, 0], [5, 5, 5, 5, 5, 5, 5, 5, 5, 5, 5], [8, 8, 8, 5, 0, 0, 0, 5, 1, 1, 1], [8, 8, 8, 5, 0, 0, 0, 5, 1, 1, 1], [8, 8, 8, 5, 0, 0, 0, 5, 1, 1, 1]]}, {"input": [[0, 6, 6, 5, 7, 2, 3, 5, 2, 4, 0], [3, 8, 0, 5, 2, 0, 8, 5, 6, 0, 9], [7, 0, 0, 5, 0, 0, 0, 5, 0, 0, 0], [5, 5, 5, 5, 5, 5, 5, 5, 5, 5, 5], [2, 0, 0, 5, 3, 0, 2, 5, 0, 8, 0], [0, 1, 2, 5, 0, 0, 6, 5, 0, 3, 4], [0, 3, 1, 5, 0, 6, 4, 5, 0, 9, 2], [5, 5, 5, 5, 5, 5, 5, 5, 5, 5, 5], [0, 6, 8, 5, 0, 0, 7, 5, 0, 0, 8], [7, 1, 2, 5, 2, 3, 9, 5, 8, 8, 0], [0, 0, 0, 5, 0, 2, 0, 5, 0, 4, 4]], "output": [[2, 2, 2, 5, 4, 4, 4, 5, 0, 0, 0], [2, 2, 2, 5, 4, 4, 4, 5, 0, 0, 0], [2, 2, 2, 5, 4, 4, 4, 5, 0, 0, 0], [5, 5, 5, 5, 5, 5, 5, 5, 5, 5, 5], [6, 6, 6, 5, 0, 0, 0, 5, 9, 9, 9], [6, 6, 6, 5, 0, 0, 0, 5, 9, 9, 9], [6, 6, 6, 5, 0, 0, 0, 5, 9, 9, 9], [5, 5, 5, 5, 5, 5, 5, 5, 5, 5, 5], [0, 0, 0, 5, 0, 0, 0, 5, 0, 0, 0], [0, 0, 0, 5, 0, 0, 0, 5, 0, 0, 0], [0, 0, 0, 5, 0, 0, 0, 5, 0, 0, 0]]}, {"input": [[9, 7, 0, 5, 7, 0, 0, 5, 1, 0, 0], [0, 0, 3, 5, 0, 4, 1, 5, 0, 2, 6], [9, 0, 8, 5, 0, 2, 6, 5, 0, 3, 6], [5, 5, 5, 5, 5, 5, 5, 5, 5, 5, 5], [3, 0, 7, 5, 0, 4, 9, 5, 0, 9, 1], [0, 2, 0, 5, 2, 0, 3, 5, 0, 7, 1], [0, 2, 0, 5, 0, 2, 0, 5, 0, 9, 0], [5, 5, 5, 5, 5, 5, 5, 5, 5, 5, 5], [0, 7, 3, 5, 7, 7, 0, 5, 3, 0, 3], [0, 9, 6, 5, 2, 0, 6, 5, 0, 0, 0], [1, 0, 0, 5, 0, 0, 3, 5, 2, 7, 9]], "output": [[3, 3, 3, 5, 0, 0, 0, 5, 7, 7, 7], [3, 3, 3, 5, 0, 0, 0, 5, 7, 7, 7], [3, 3, 3, 5, 0, 0, 0, 5, 7, 7, 7], [5, 5, 5, 5, 5, 5, 5, 5, 5, 5, 5], [0, 0, 0, 5, 2, 2, 2, 5, 0, 0, 0], [0, 0, 0, 5, 2, 2, 2, 5, 0, 0, 0], [0, 0, 0, 5, 2, 2, 2, 5, 0, 0, 0], [5, 5, 5, 5, 5, 5, 5, 5, 5, 5, 5], [0, 0, 0, 5, 2, 2, 2, 5, 0, 0, 0], [0, 0, 0, 5, 2, 2, 2, 5, 0, 0, 0], [0, 0, 0, 5, 2, 2, 2, 5, 0, 0, 0]]}, {"input": [[6, 0, 0, 5, 4, 0, 0, 5, 3, 0, 8], [1, 6, 1, 5, 0, 6, 1, 5, 3, 1, 0], [3, 0, 0, 5, 0, 4, 1, 5, 0, 0, 7], [5, 5, 5, 5, 5, 5, 5, 5, 5, 5, 5], [0, 0, 2, 5, 0, 0, 6, 5, 6, 3, 0], [0, 8, 0, 5, 0, 6, 7, 5, 0, 6, 1], [4, 8, 2, 5, 0, 8, 0, 5, 0, 0, 9], [5, 5, 5, 5, 5, 5, 5, 5, 5, 5, 5], [1, 3, 0, 5, 0, 2, 9, 5, 0, 6, 2], [3, 0, 0, 5, 4, 0, 4, 5, 0, 0, 7], [9, 0, 1, 5, 6, 0, 0, 5, 0, 1, 4]], "output": [[0, 0, 0, 5, 0, 0, 0, 5, 6, 6, 6], [0, 0, 0, 5, 0, 0, 0, 5, 6, 6, 6], [0, 0, 0, 5, 0, 0, 0, 5, 6, 6, 6], [5, 5, 5, 5, 5, 5, 5, 5, 5, 5, 5], [0, 0, 0, 5, 6, 6, 6, 5, 7, 7, 7], [0, 0, 0, 5, 6, 6, 6, 5, 7, 7, 7], [0, 0, 0, 5, 6, 6, 6, 5, 7, 7, 7], [5, 5, 5, 5, 5, 5, 5, 5, 5, 5, 5], [0, 0, 0, 5, 8, 8, 8, 5, 0, 0, 0], [0, 0, 0, 5, 8, 8, 8, 5, 0, 0, 0], [0, 0, 0, 5, 8, 8, 8, 5, 0, 0, 0]]}, {"input": [[4, 0, 6, 5, 0, 2, 2, 5, 6, 1, 0], [0, 4, 0, 5, 0, 7, 0, 5, 0, 2, 0], [2, 0, 1, 5, 7, 0, 3, 5, 0, 7, 2], [5, 5, 5, 5, 5, 5, 5, 5, 5, 5, 5], [7, 3, 7, 5, 7, 0, 6, 5, 0, 8, 6], [2, 0, 0, 5, 0, 3, 4, 5, 1, 9, 0], [0, 0, 7, 5, 8, 0, 0, 5, 0, 2, 0], [5, 5, 5, 5, 5, 5, 5, 5, 5, 5, 5], [6, 0, 0, 5, 0, 8, 6, 5, 0, 0, 0], [6, 0, 3, 5, 0, 4, 4, 5, 8, 0, 9], [8, 8, 0, 5, 4, 0, 0, 5, 7, 8, 0]], "output": [[0, 0, 0, 5, 0, 0, 0, 5, 0, 0, 0], [0, 0, 0, 5, 0, 0, 0, 5, 0, 0, 0], [0, 0, 0, 5, 0, 0, 0, 5, 0, 0, 0], [5, 5, 5, 5, 5, 5, 5, 5, 5, 5, 5], [8, 8, 8, 5, 0, 0, 0, 5, 9, 9, 9], [8, 8, 8, 5, 0, 0, 0, 5, 9, 9, 9], [8, 8, 8, 5, 0, 0, 0, 5, 9, 9, 9], [5, 5, 5, 5, 5, 5, 5, 5, 5, 5, 5], [7, 7, 7, 5, 8, 8, 8, 5, 0, 0, 0], [7, 7, 7, 5, 8, 8, 8, 5, 0, 0, 0], [7, 7, 7, 5, 8, 8, 8, 5, 0, 0, 0]]}, {"input": [[8, 7, 0, 5, 0, 0, 6, 5, 0, 3, 3], [0, 9, 6, 5, 0, 0, 7, 5, 0, 4, 3], [0, 3, 0, 5, 9, 2, 1, 5, 0, 0, 8], [5, 5, 5, 5, 5, 5, 5, 5, 5, 5, 5], [0, 0, 3, 5, 8, 0, 0, 5, 0, 1, 1], [4, 9, 0, 5, 0, 0, 7, 5, 4, 1, 0], [3, 3, 0, 5, 4, 6, 7, 5, 0, 0, 4], [5, 5, 5, 5, 5, 5, 5, 5, 5, 5, 5], [6, 1, 0, 5, 0, 0, 1, 5, 1, 0, 0], [0, 0, 0, 5, 0, 0, 8, 5, 9, 1, 0], [3, 9, 3, 5, 6, 7, 0, 5, 9, 0, 2]], "output": [[0, 0, 0, 5, 0, 0, 0, 5, 1, 1, 1], [0, 0, 0, 5, 0, 0, 0, 5, 1, 1, 1], [0, 0, 0, 5, 0, 0, 0, 5, 1, 1, 1], [5, 5, 5, 5, 5, 5, 5, 5, 5, 5, 5], [0, 0, 0, 5, 0, 0, 0, 5, 8, 8, 8], [0, 0, 0, 5, 0, 0, 0, 5, 8, 8, 8], [0, 0, 0, 5, 0, 0, 0, 5, 8, 8, 8], [5, 5, 5, 5, 5, 5, 5, 5, 5, 5, 5], [6, 6, 6, 5, 7, 7, 7, 5, 0, 0, 0], [6, 6, 6, 5, 7, 7, 7, 5, 0, 0, 0], [6, 6, 6, 5, 7, 7, 7, 5, 0, 0, 0]]}, {"input": [[7, 4, 0, 5, 9, 0, 0, 5, 6, 1, 0], [8, 2, 0, 5, 8, 0, 2, 5, 0, 4, 0], [0, 0, 4, 5, 1, 0, 6, 5, 0, 9, 1], [5, 5, 5, 5, 5, 5, 5, 5, 5, 5, 5], [8, 9, 4, 5, 0, 6, 6, 5, 3, 0, 0], [2, 0, 0, 5, 0, 0, 4, 5, 7, 0, 7], [0, 0, 9, 5, 4, 1, 0, 5, 3, 0, 3], [5, 5, 5, 5, 5, 5, 5, 5, 5, 5, 5], [0, 0, 2, 5, 6, 0, 0, 5, 0, 7, 4], [1, 6, 0, 5, 6, 7, 8, 5, 3, 0, 0], [6, 0, 9, 5, 9, 0, 0, 5, 0, 8, 0]], "output": [[0, 0, 0, 5, 7, 7, 7, 5, 4, 4, 4], [0, 0, 0, 5, 7, 7, 7, 5, 4, 4, 4], [0, 0, 0, 5, 7, 7, 7, 5, 4, 4, 4], [5, 5, 5, 5, 5, 5, 5, 5, 5, 5, 5], [3, 3, 3, 5, 0, 0, 0, 5, 0, 0, 0], [3, 3, 3, 5, 0, 0, 0, 5, 0, 0, 0], [3, 3, 3, 5, 0, 0, 0, 5, 0, 0, 0], [5, 5, 5, 5, 5, 5, 5, 5, 5, 5, 5], [0, 0, 0, 5, 8, 8, 8, 5, 0, 0, 0], [0, 0, 0, 5, 8, 8, 8, 5, 0, 0, 0], [0, 0, 0, 5, 8, 8, 8, 5, 0, 0, 0]]}, {"input": [[9, 3, 1, 5, 0, 4, 0, 5, 8, 1, 8], [0, 3, 0, 5, 0, 9, 1, 5, 0, 1, 3], [3, 0, 0, 5, 0, 2, 3, 5, 0, 0, 0], [5, 5, 5, 5, 5, 5, 5, 5, 5, 5, 5], [0, 0, 0, 5, 0, 9, 0, 5, 8, 0, 2], [9, 1, 8, 5, 0, 7, 0, 5, 8, 3, 0], [0, 3, 7, 5, 4, 1, 6, 5, 0, 0, 9], [5, 5, 5, 5, 5, 5, 5, 5, 5, 5, 5], [6, 0, 0, 5, 0, 9, 2, 5, 6, 0, 0], [0, 0, 2, 5, 1, 2, 0, 5, 0, 4, 0], [7, 4, 7, 5, 0, 0, 2, 5, 4, 0, 6]], "output": [[6, 6, 6, 5, 0, 0, 0, 5, 0, 0, 0], [6, 6, 6, 5, 0, 0, 0, 5, 0, 0, 0], [6, 6, 6, 5, 0, 0, 0, 5, 0, 0, 0], [5, 5, 5, 5, 5, 5, 5, 5, 5, 5, 5], [0, 0, 0, 5, 4, 4, 4, 5, 0, 0, 0], [0, 0, 0, 5, 4, 4, 4, 5, 0, 0, 0], [0, 0, 0, 5, 4, 4, 4, 5, 0, 0, 0], [5, 5, 5, 5, 5, 5, 5, 5, 5, 5, 5], [4, 4, 4, 5, 0, 0, 0, 5, 6, 6, 6], [4, 4, 4, 5, 0, 0, 0, 5, 6, 6, 6], [4, 4, 4, 5, 0, 0, 0, 5, 6, 6, 6]]}, {"input": [[0, 7, 4, 5, 6, 0, 9, 5, 9, 3, 8], [7, 0, 4, 5, 8, 9, 0, 5, 0, 0, 6], [0, 0, 8, 5, 0, 0, 9, 5, 2, 0, 0], [5, 5, 5, 5, 5, 5, 5, 5, 5, 5, 5], [0, 7, 6, 5, 3, 0, 0, 5, 6, 0, 1], [0, 3, 0, 5, 0, 9, 0, 5, 0, 7, 0], [0, 4, 0, 5, 4, 7, 6, 5, 4, 3, 0], [5, 5, 5, 5, 5, 5, 5, 5, 5, 5, 5], [8, 4, 3, 5, 8, 0, 2, 5, 0, 0, 0], [0, 0, 0, 5, 6, 4, 0, 5, 3, 7, 3], [0, 6, 4, 5, 9, 0, 0, 5, 8, 0, 2]], "output": [[0, 0, 0, 5, 7, 7, 7, 5, 6, 6, 6], [0, 0, 0, 5, 7, 7, 7, 5, 6, 6, 6], [0, 0, 0, 5, 7, 7, 7, 5, 6, 6, 6], [5, 5, 5, 5, 5, 5, 5, 5, 5, 5, 5], [0, 0, 0, 5, 3, 3, 3, 5, 0, 0, 0], [0, 0, 0, 5, 3, 3, 3, 5, 0, 0, 0], [0, 0, 0, 5, 3, 3, 3, 5, 0, 0, 0], [5, 5, 5, 5, 5, 5, 5, 5, 5, 5, 5], [0, 0, 0, 5, 4, 4, 4, 5, 0, 0, 0], [0, 0, 0, 5, 4, 4, 4, 5, 0, 0, 0], [0, 0, 0, 5, 4, 4, 4, 5, 0, 0, 0]]}, {"input": [[0, 0, 0, 5, 6, 0, 7, 5, 0, 1, 6], [3, 6, 7, 5, 0, 8, 0, 5, 0, 7, 8], [0, 6, 0, 5, 0, 9, 9, 5, 1, 0, 0], [5, 5, 5, 5, 5, 5, 5, 5, 5, 5, 5], [0, 9, 0, 5, 3, 0, 0, 5, 6, 9, 0], [2, 0, 0, 5, 6, 2, 1, 5, 8, 0, 7], [8, 1, 9, 5, 1, 0, 0, 5, 0, 3, 0], [5, 5, 5, 5, 5, 5, 5, 5, 5, 5, 5], [0, 4, 7, 5, 0, 7, 9, 5, 1, 0, 2], [9, 0, 7, 5, 4, 8, 0, 5, 6, 0, 0], [0, 8, 0, 5, 0, 0, 7, 5, 4, 6, 0]], "output": [[0, 0, 0, 5, 0, 0, 0, 5, 0, 0, 0], [0, 0, 0, 5, 0, 0, 0, 5, 0, 0, 0], [0, 0, 0, 5, 0, 0, 0, 5, 0, 0, 0], [5, 5, 5, 5, 5, 5, 5, 5, 5, 5, 5], [3, 3, 3, 5, 6, 6, 6, 5, 7, 7, 7], [3, 3, 3, 5, 6, 6, 6, 5, 7, 7, 7], [3, 3, 3, 5, 6, 6, 6, 5, 7, 7, 7], [5, 5, 5, 5, 5, 5, 5, 5, 5, 5, 5], [0, 0, 0, 5, 6, 6, 6, 5, 0, 0, 0], [0, 0, 0, 5, 6, 6, 6, 5, 0, 0, 0], [0, 0, 0, 5, 6, 6, 6, 5, 0, 0, 0]]}]
