[{"input": [[8, 8, 8], [1, 1, 1], [9, 9, 9]], "output": [[9, 9, 9], [5, 5, 5], [8, 8, 8]]}, {"input": [[2, 2, 2], [6, 6, 6], [2, 2, 2]], "output": [[6, 6, 6], [2, 2, 2], [6, 6, 6]]}, {"input": [[4, 4, 4], [5, 5, 5], [4, 4, 4]], "output": [[3, 3, 3], [1, 1, 1], [3, 3, 3]]}, {"input": [[1, 1, 1], [1, 1, 1], [2, 2, 2]], "output": [[5, 5, 5], [5, 5, 5], [6, 6, 6]]}, {"input": [[4, 4, 4], [8, 8, 8], [2, 2, 2]], "output": [[3, 3, 3], [9, 9, 9], [6, 6, 6]]}, {"input": [[6, 6, 6], [1, 1, 1], [9, 9, 9]], "output": [[2, 2, 2], [5, 5, 5], [8, 8, 8]]}, {"input": [[5, 5, 5], [3, 3, 3], [6, 6, 6]], "output": [[1, 1, 1], [4, 4, 4], [2, 2, 2]]}, {"input": [[9, 9, 9], [5, 5, 5], [3, 3, 3]], "output": [[8, 8, 8], [1, 1, 1], [4, 4, 4]]}, {"input": [[8, 8, 8], [9, 9, 9], [9, 9, 9]], "output": [[9, 9, 9], [8, 8, 8], [8, 8, 8]]}, {"input": [[4, 4, 4], [6, 6, 6], [3, 3, 3]], "output": [[3, 3, 3], [2, 2, 2], [4, 4, 4]]}, {"input": [[6, 6, 6], [5, 5, 5], [6, 6, 6]], "output": [[2, 2, 2], [1, 1, 1], [2, 2, 2]]}, {"input": [[5, 5, 5], [6, 6, 6], [6, 6, 6]], "output": [[1, 1, 1], [2, 2, 2], [2, 2, 2]]}, {"input": [[4, 4, 4], [2, 2, 2], [9, 9, 9]], "output": [[3, 3, 3], [6, 6, 6], [8, 8, 8]]}, {"input": [[5, 5, 5], [6, 6, 6], [5, 5, 5]], "output": [[1, 1, 1], [2, 2, 2], [1, 1, 1]]}, {"input": [[8, 8, 8], [6, 6, 6], [4, 4, 4]], "output": [[9, 9, 9], [2, 2, 2], [3, 3, 3]]}, {"input": [[1, 1, 1], [4, 4, 4], [2, 2, 2]], "output": [[5, 5, 5], [3, 3, 3], [6, 6, 6]]}, {"input": [[5, 5, 5], [4, 4, 4], [9, 9, 9]], "output": [[1, 1, 1], [3, 3, 3], [8, 8, 8]]}, {"input": [[6, 6, 6], [9, 9, 9], [2, 2, 2]], "output": [[2, 2, 2], [8, 8, 8], [6, 6, 6]]}, {"input": [[3, 3, 3], [2, 2, 2], [2, 2, 2]], "output": [[4, 4, 4], [6, 6, 6], [6, 6, 6]]}, {"input": [[1, 1, 1], [3, 3, 3], [8, 8, 8]], "output": [[5, 5, 5], [4, 4, 4], [9, 9, 9]]}, {"input": [[2, 2, 2], [5, 5, 5], [6, 6, 6]], "output": [[6, 6, 6], [1, 1, 1], [2, 2, 2]]}, {"input": [[9, 9, 9], [5, 5, 5], [1, 1, 1]], "output": [[8, 8, 8], [1, 1, 1], [5, 5, 5]]}, {"input": [[2, 2, 2], [2, 2, 2], [3, 3, 3]], "output": [[6, 6, 6], [6, 6, 6], [4, 4, 4]]}, {"input": [[8, 8, 8], [5, 5, 5], [6, 6, 6]], "output": [[9, 9, 9], [1, 1, 1], [2, 2, 2]]}, {"input": [[2, 2, 2], [4, 4, 4], [4, 4, 4]], "output": [[6, 6, 6], [3, 3, 3], [3, 3, 3]]}]
