[{"input": [[0, 0, 0, 0, 0, 0, 0, 0, 0, 0], [0, 0, 0, 0, 0, 0, 0, 0, 0, 0], [0, 0, 0, 0, 0, 0, 0, 0, 0, 0], [0, 0, 0, 0, 0, 0, 0, 0, 0, 0], [0, 0, 0, 0, 0, 0, 0, 0, 0, 0], [0, 0, 0, 2, 0, 0, 0, 0, 0, 0], [0, 0, 0, 0, 0, 0, 0, 0, 0, 0], [0, 0, 0, 0, 0, 0, 0, 0, 0, 0], [2, 0, 0, 0, 0, 0, 0, 0, 0, 0]], "output": [[0, 0, 0, 0, 0, 0, 0, 0, 0, 0, 0, 0, 0, 0, 0, 0, 0, 0, 0, 0], [0, 0, 0, 0, 0, 0, 0, 0, 0, 0, 0, 0, 0, 0, 0, 0, 0, 0, 0, 0], [0, 0, 0, 0, 0, 0, 0, 0, 0, 0, 0, 0, 0, 0, 0, 0, 0, 0, 0, 0], [0, 0, 0, 0, 0, 0, 0, 0, 0, 0, 0, 0, 0, 0, 0, 0, 0, 0, 0, 0], [0, 0, 8, 0, 8, 0, 0, 0, 0, 0, 0, 0, 8, 0, 8, 0, 0, 0, 0, 0], [0, 0, 0, 2, 0, 0, 0, 0, 0, 0, 0, 0, 0, 2, 0, 0, 0, 0, 0, 0], [0, 0, 8, 0, 8, 0, 0, 0, 0, 0, 0, 0, 8, 0, 8, 0, 0, 0, 0, 0], [0, 8, 0, 0, 0, 0, 0, 0, 0, 8, 0, 8, 0, 0, 0, 0, 0, 0, 0, 0], [2, 0, 0, 0, 0, 0, 0, 0, 0, 0, 2, 0, 0, 0, 0, 0, 0, 0, 0, 0], [0, 8, 0, 0, 0, 0, 0, 0, 0, 8, 0, 8, 0, 0, 0, 0, 0, 0, 0, 0], [0, 0, 0, 0, 0, 0, 0, 0, 0, 0, 0, 0, 0, 0, 0, 0, 0, 0, 0, 0], [0, 0, 0, 0, 0, 0, 0, 0, 0, 0, 0, 0, 0, 0, 0, 0, 0, 0, 0, 0], [0, 0, 0, 0, 0, 0, 0, 0, 0, 0, 0, 0, 0, 0, 0, 0, 0, 0, 0, 0], [0, 0, 8, 0, 8, 0, 0, 0, 0, 0, 0, 0, 8, 0, 8, 0, 0, 0, 0, 0], [0, 0, 0, 2, 0, 0, 0, 0, 0, 0, 0, 0, 0, 2, 0, 0, 0, 0, 0, 0], [0, 0, 8, 0, 8, 0, 0, 0, 0, 0, 0, 0, 8, 0, 8, 0, 0, 0, 0, 0], [0, 8, 0, 0, 0, 0, 0, 0, 0, 8, 0, 8, 0, 0, 0, 0, 0, 0, 0, 0], [2, 0, 0, 0, 0, 0, 0, 0, 0, 0, 2, 0, 0, 0, 0, 0, 0, 0, 0, 0]]}, {"input": [[0, 0, 0, 0], [0, 0, 0, 0], [0, 0, 0, 0], [0, 7, 0, 7], [0, 0, 0, 0], [0, 0, 0, 0], [0, 0, 0, 0], [0, 0, 0, 0], [0, 0, 0, 0], [0, 0, 0, 0]], "output": [[0, 0, 0, 0, 0, 0, 0, 0], [0, 0, 0, 0, 0, 0, 0, 0], [8, 0, 8, 0, 8, 0, 8, 0], [0, 7, 0, 7, 0, 7, 0, 7], [8, 0, 8, 0, 8, 0, 8, 0], [0, 0, 0, 0, 0, 0, 0, 0], [0, 0, 0, 0, 0, 0, 0, 0], [0, 0, 0, 0, 0, 0, 0, 0], [0, 0, 0, 0, 0, 0, 0, 0], [0, 0, 0, 0, 0, 0, 0, 0], [0, 0, 0, 0, 0, 0, 0, 0], [0, 0, 0, 0, 0, 0, 0, 0], [8, 0, 8, 0, 8, 0, 8, 0], [0, 7, 0, 7, 0, 7, 0, 7], [8, 0, 8, 0, 8, 0, 8, 0], [0, 0, 0, 0, 0, 0, 0, 0], [0, 0, 0, 0, 0, 0, 0, 0], [0, 0, 0, 0, 0, 0, 0, 0], [0, 0, 0, 0, 0, 0, 0, 0], [0, 0, 0, 0, 0, 0, 0, 0]]}, {"input": [[0, 0, 6], [0, 0, 0], [0, 0, 0], [0, 0, 0], [0, 0, 6], [0, 0, 6]], "output": [[0, 0, 6, 0, 0, 6], [0, 8, 0, 8, 8, 0], [0, 0, 0, 0, 0, 0], [0, 8, 0, 8, 8, 0], [0, 8, 6, 8, 8, 6], [0, 8, 6, 8, 8, 6], [0, 8, 6, 8, 8, 6], [0, 8, 0, 8, 8, 0], [0, 0, 0, 0, 0, 0], [0, 8, 0, 8, 8, 0], [0, 8, 6, 8, 8, 6], [0, 8, 6, 8, 8, 6]]}, {"input": [[0, 0, 0, 0], [0, 0, 0, 2], [0, 0, 0, 0], [0, 0, 0, 0], [0, 0, 0, 0], [0, 0, 0, 0], [0, 0, 0, 0], [0, 0, 0, 0], [0, 0, 0, 0], [0, 0, 0, 0]], "output": [[0, 0, 8, 0, 8, 0, 8, 0], [0, 0, 0, 2, 0, 0, 0, 2], [0, 0, 8, 0, 8, 0, 8, 0], [0, 0, 0, 0, 0, 0, 0, 0], [0, 0, 0, 0, 0, 0, 0, 0], [0, 0, 0, 0, 0, 0, 0, 0], [0, 0, 0, 0, 0, 0, 0, 0], [0, 0, 0, 0, 0, 0, 0, 0], [0, 0, 0, 0, 0, 0, 0, 0], [0, 0, 0, 0, 0, 0, 0, 0], [0, 0, 8, 0, 8, 0, 8, 0], [0, 0, 0, 2, 0, 0, 0, 2], [0, 0, 8, 0, 8, 0, 8, 0], [0, 0, 0, 0, 0, 0, 0, 0], [0, 0, 0, 0, 0, 0, 0, 0], [0, 0, 0, 0, 0, 0, 0, 0], [0, 0, 0, 0, 0, 0, 0, 0], [0, 0, 0, 0, 0, 0, 0, 0], [0, 0, 0, 0, 0, 0, 0, 0], [0, 0, 0, 0, 0, 0, 0, 0]]}, {"input": [[0, 9, 0, 0], [0, 0, 0, 0], [0, 0, 9, 9], [0, 0, 0, 0], [0, 0, 0, 0]], "output": [[0, 9, 0, 0, 0, 9, 0, 0], [8, 8, 8, 8, 8, 8, 8, 8], [0, 0, 9, 9, 0, 0, 9, 9], [0, 8, 8, 8, 8, 8, 8, 8], [8, 0, 8, 0, 8, 0, 8, 0], [0, 9, 0, 0, 0, 9, 0, 0], [8, 8, 8, 8, 8, 8, 8, 8], [0, 0, 9, 9, 0, 0, 9, 9], [0, 8, 8, 8, 8, 8, 8, 8], [0, 0, 0, 0, 0, 0, 0, 0]]}, {"input": [[0, 0, 2, 0, 0, 0, 0], [0, 0, 0, 0, 0, 0, 0], [0, 0, 0, 0, 2, 0, 0], [0, 0, 0, 0, 0, 0, 0], [0, 0, 0, 0, 0, 0, 0], [0, 0, 0, 0, 0, 0, 0], [0, 0, 2, 0, 0, 0, 0], [0, 0, 2, 0, 0, 0, 0], [0, 0, 0, 0, 0, 0, 0]], "output": [[0, 0, 2, 0, 0, 0, 0, 0, 0, 2, 0, 0, 0, 0], [0, 8, 0, 8, 0, 8, 0, 0, 8, 0, 8, 0, 8, 0], [0, 0, 0, 0, 2, 0, 0, 0, 0, 0, 0, 2, 0, 0], [0, 0, 0, 8, 0, 8, 0, 0, 0, 0, 8, 0, 8, 0], [0, 0, 0, 0, 0, 0, 0, 0, 0, 0, 0, 0, 0, 0], [0, 8, 0, 8, 0, 0, 0, 0, 8, 0, 8, 0, 0, 0], [0, 8, 2, 8, 0, 0, 0, 0, 8, 2, 8, 0, 0, 0], [0, 8, 2, 8, 0, 0, 0, 0, 8, 2, 8, 0, 0, 0], [0, 8, 0, 8, 0, 0, 0, 0, 8, 0, 8, 0, 0, 0], [0, 0, 2, 0, 0, 0, 0, 0, 0, 2, 0, 0, 0, 0], [0, 8, 0, 8, 0, 8, 0, 0, 8, 0, 8, 0, 8, 0], [0, 0, 0, 0, 2, 0, 0, 0, 0, 0, 0, 2, 0, 0], [0, 0, 0, 8, 0, 8, 0, 0, 0, 0, 8, 0, 8, 0], [0, 0, 0, 0, 0, 0, 0, 0, 0, 0, 0, 0, 0, 0], [0, 8, 0, 8, 0, 0, 0, 0, 8, 0, 8, 0, 0, 0], [0, 8, 2, 8, 0, 0, 0, 0, 8, 2, 8, 0, 0, 0], [0, 8, 2, 8, 0, 0, 0, 0, 8, 2, 8, 0, 0, 0], [0, 8, 0, 8, 0, 0, 0, 0, 8, 0, 8, 0, 0, 0]]}, {"input": [[1, 0], [1, 1], [0, 0], [0, 0], [0, 0], [0, 0], [0, 0], [0, 0]], "output": [[1, 8, 1, 8], [1, 1, 1, 1], [8, 8, 8, 8], [0, 0, 0, 0], [0, 0, 0, 0], [0, 0, 0, 0], [0, 0, 0, 0], [0, 8, 0, 8], [1, 8, 1, 8], [1, 1, 1, 1], [8, 8, 8, 8], [0, 0, 0, 0], [0, 0, 0, 0], [0, 0, 0, 0], [0, 0, 0, 0], [0, 0, 0, 0]]}, {"input": [[0, 6, 0, 0, 0, 0, 0, 6, 6, 0], [0, 0, 0, 0, 0, 6, 0, 0, 0, 0]], "output": [[0, 6, 0, 0, 8, 0, 8, 6, 6, 0, 0, 6, 0, 0, 8, 0, 8, 6, 6, 0], [8, 0, 8, 0, 0, 6, 8, 8, 8, 8, 8, 0, 8, 0, 0, 6, 8, 8, 8, 8], [0, 6, 0, 0, 8, 0, 8, 6, 6, 0, 0, 6, 0, 0, 8, 0, 8, 6, 6, 0], [8, 0, 8, 0, 0, 6, 8, 8, 8, 8, 8, 0, 8, 0, 0, 6, 8, 8, 8, 8]]}, {"input": [[0, 0, 0, 0], [0, 9, 0, 0], [0, 0, 0, 0], [0, 0, 0, 0], [9, 0, 0, 0], [0, 0, 0, 0], [0, 0, 0, 0], [0, 0, 0, 0], [0, 0, 0, 0]], "output": [[8, 0, 8, 0, 8, 0, 8, 0], [0, 9, 0, 0, 0, 9, 0, 0], [8, 0, 8, 0, 8, 0, 8, 0], [0, 8, 0, 8, 0, 8, 0, 0], [9, 0, 0, 0, 9, 0, 0, 0], [0, 8, 0, 8, 0, 8, 0, 0], [0, 0, 0, 0, 0, 0, 0, 0], [0, 0, 0, 0, 0, 0, 0, 0], [0, 0, 0, 0, 0, 0, 0, 0], [8, 0, 8, 0, 8, 0, 8, 0], [0, 9, 0, 0, 0, 9, 0, 0], [8, 0, 8, 0, 8, 0, 8, 0], [0, 8, 0, 8, 0, 8, 0, 0], [9, 0, 0, 0, 9, 0, 0, 0], [0, 8, 0, 8, 0, 8, 0, 0], [0, 0, 0, 0, 0, 0, 0, 0], [0, 0, 0, 0, 0, 0, 0, 0], [0, 0, 0, 0, 0, 0, 0, 0]]}, {"input": [[0, 7, 0, 0, 0, 0, 0], [7, 0, 7, 0, 0, 0, 0]], "output": [[0, 7, 0, 8, 0, 0, 8, 0, 7, 0, 8, 0, 0, 0], [7, 0, 7, 0, 0, 0, 0, 7, 0, 7, 0, 0, 0, 0], [0, 7, 0, 8, 0, 0, 8, 0, 7, 0, 8, 0, 0, 0], [7, 0, 7, 0, 0, 0, 0, 7, 0, 7, 0, 0, 0, 0]]}, {"input": [[0, 0, 6, 0, 0, 0, 0, 0, 0, 0], [0, 0, 0, 0, 0, 0, 0, 0, 0, 0], [0, 0, 0, 0, 0, 0, 0, 0, 0, 0], [0, 0, 0, 0, 0, 0, 0, 0, 0, 0], [0, 0, 0, 0, 0, 0, 0, 0, 0, 0], [0, 0, 0, 0, 6, 0, 0, 0, 0, 0], [0, 0, 0, 0, 0, 0, 0, 0, 0, 6], [0, 0, 0, 0, 0, 0, 6, 0, 0, 0], [0, 0, 0, 0, 0, 0, 0, 0, 0, 0], [0, 0, 0, 0, 0, 0, 0, 0, 0, 0]], "output": [[0, 0, 6, 0, 0, 0, 0, 0, 0, 0, 0, 0, 6, 0, 0, 0, 0, 0, 0, 0], [0, 8, 0, 8, 0, 0, 0, 0, 0, 0, 0, 8, 0, 8, 0, 0, 0, 0, 0, 0], [0, 0, 0, 0, 0, 0, 0, 0, 0, 0, 0, 0, 0, 0, 0, 0, 0, 0, 0, 0], [0, 0, 0, 0, 0, 0, 0, 0, 0, 0, 0, 0, 0, 0, 0, 0, 0, 0, 0, 0], [0, 0, 0, 8, 0, 8, 0, 0, 0, 0, 0, 0, 0, 8, 0, 8, 0, 0, 0, 0], [0, 0, 0, 0, 6, 0, 0, 0, 8, 0, 8, 0, 0, 0, 6, 0, 0, 0, 8, 0], [0, 0, 0, 8, 0, 8, 0, 8, 0, 6, 0, 0, 0, 8, 0, 8, 0, 8, 0, 6], [0, 0, 0, 0, 0, 0, 6, 0, 8, 0, 8, 0, 0, 0, 0, 0, 6, 0, 8, 0], [0, 0, 0, 0, 0, 8, 0, 8, 0, 0, 0, 0, 0, 0, 0, 8, 0, 8, 0, 0], [0, 8, 0, 8, 0, 0, 0, 0, 0, 0, 0, 8, 0, 8, 0, 0, 0, 0, 0, 0], [0, 0, 6, 0, 0, 0, 0, 0, 0, 0, 0, 0, 6, 0, 0, 0, 0, 0, 0, 0], [0, 8, 0, 8, 0, 0, 0, 0, 0, 0, 0, 8, 0, 8, 0, 0, 0, 0, 0, 0], [0, 0, 0, 0, 0, 0, 0, 0, 0, 0, 0, 0, 0, 0, 0, 0, 0, 0, 0, 0], [0, 0, 0, 0, 0, 0, 0, 0, 0, 0, 0, 0, 0, 0, 0, 0, 0, 0, 0, 0], [0, 0, 0, 8, 0, 8, 0, 0, 0, 0, 0, 0, 0, 8, 0, 8, 0, 0, 0, 0], [0, 0, 0, 0, 6, 0, 0, 0, 8, 0, 8, 0, 0, 0, 6, 0, 0, 0, 8, 0], [0, 0, 0, 8, 0, 8, 0, 8, 0, 6, 0, 0, 0, 8, 0, 8, 0, 8, 0, 6], [0, 0, 0, 0, 0, 0, 6, 0, 8, 0, 8, 0, 0, 0, 0, 0, 6, 0, 8, 0], [0, 0, 0, 0, 0, 8, 0, 8, 0, 0, 0, 0, 0, 0, 0, 8, 0, 8, 0, 0], [0, 0, 0, 0, 0, 0, 0, 0, 0, 0, 0, 0, 0, 0, 0, 0, 0, 0, 0, 0]]}, {"input": [[7, 0, 0, 0, 0], [0, 0, 0, 0, 0], [0, 0, 0, 0, 0], [0, 0, 0, 0, 0], [0, 0, 0, 0, 0], [7, 7, 0, 0, 0], [0, 0, 0, 0, 0], [0, 0, 0, 0, 0]], "output": [[7, 0, 0, 0, 0, 7, 0, 0, 0, 0], [0, 8, 0, 0, 8, 0, 8, 0, 0, 0], [0, 0, 0, 0, 0, 0, 0, 0, 0, 0], [0, 0, 0, 0, 0, 0, 0, 0, 0, 0], [8, 8, 8, 0, 8, 8, 8, 8, 0, 0], [7, 7, 0, 0, 0, 7, 7, 0, 0, 0], [8, 8, 8, 0, 8, 8, 8, 8, 0, 0], [0, 8, 0, 0, 8, 0, 8, 0, 0, 0], [7, 0, 0, 0, 0, 7, 0, 0, 0, 0], [0, 8, 0, 0, 8, 0, 8, 0, 0, 0], [0, 0, 0, 0, 0, 0, 0, 0, 0, 0], [0, 0, 0, 0, 0, 0, 0, 0, 0, 0], [8, 8, 8, 0, 8, 8, 8, 8, 0, 0], [7, 7, 0, 0, 0, 7, 7, 0, 0, 0], [8, 8, 8, 0, 8, 8, 8, 8, 0, 0], [0, 0, 0, 0, 0, 0, 0, 0, 0, 0]]}, {"input": [[0, 0, 0, 0, 0, 0, 0], [0, 0, 0, 0, 0, 0, 0], [0, 0, 0, 0, 0, 0, 0], [3, 0, 0, 3, 0, 0, 0], [0, 0, 0, 0, 0, 0, 0], [0, 0, 0, 0, 0, 0, 0], [0, 0, 0, 0, 0, 0, 0], [0, 0, 0, 0, 3, 0, 0], [0, 0, 0, 0, 0, 0, 0]], "output": [[0, 0, 0, 0, 0, 0, 0, 0, 0, 0, 0, 0, 0, 0], [0, 0, 0, 0, 0, 0, 0, 0, 0, 0, 0, 0, 0, 0], [0, 8, 8, 0, 8, 0, 8, 0, 8, 8, 0, 8, 0, 0], [3, 0, 0, 3, 0, 0, 0, 3, 0, 0, 3, 0, 0, 0], [0, 8, 8, 0, 8, 0, 8, 0, 8, 8, 0, 8, 0, 0], [0, 0, 0, 0, 0, 0, 0, 0, 0, 0, 0, 0, 0, 0], [0, 0, 0, 8, 0, 8, 0, 0, 0, 0, 8, 0, 8, 0], [0, 0, 0, 0, 3, 0, 0, 0, 0, 0, 0, 3, 0, 0], [0, 0, 0, 8, 0, 8, 0, 0, 0, 0, 8, 0, 8, 0], [0, 0, 0, 0, 0, 0, 0, 0, 0, 0, 0, 0, 0, 0], [0, 0, 0, 0, 0, 0, 0, 0, 0, 0, 0, 0, 0, 0], [0, 8, 8, 0, 8, 0, 8, 0, 8, 8, 0, 8, 0, 0], [3, 0, 0, 3, 0, 0, 0, 3, 0, 0, 3, 0, 0, 0], [0, 8, 8, 0, 8, 0, 8, 0, 8, 8, 0, 8, 0, 0], [0, 0, 0, 0, 0, 0, 0, 0, 0, 0, 0, 0, 0, 0], [0, 0, 0, 8, 0, 8, 0, 0, 0, 0, 8, 0, 8, 0], [0, 0, 0, 0, 3, 0, 0, 0, 0, 0, 0, 3, 0, 0], [0, 0, 0, 8, 0, 8, 0, 0, 0, 0, 8, 0, 8, 0]]}, {"input": [[7, 0, 0, 0, 0, 0, 0], [0, 7, 0, 0, 0, 0, 0], [0, 0, 0, 0, 0, 0, 0], [0, 0, 0, 0, 0, 0, 0], [0, 0, 0, 0, 0, 0, 0], [0, 0, 0, 0, 0, 0, 0], [0, 0, 0, 0, 0, 0, 0], [7, 0, 0, 0, 0, 0, 0], [0, 0, 0, 0, 0, 0, 0], [0, 0, 0, 0, 0, 0, 0]], "output": [[7, 0, 8, 0, 0, 0, 0, 7, 0, 8, 0, 0, 0, 0], [0, 7, 0, 0, 0, 0, 8, 0, 7, 0, 0, 0, 0, 0], [8, 0, 8, 0, 0, 0, 0, 8, 0, 8, 0, 0, 0, 0], [0, 0, 0, 0, 0, 0, 0, 0, 0, 0, 0, 0, 0, 0], [0, 0, 0, 0, 0, 0, 0, 0, 0, 0, 0, 0, 0, 0], [0, 0, 0, 0, 0, 0, 0, 0, 0, 0, 0, 0, 0, 0], [0, 8, 0, 0, 0, 0, 8, 0, 8, 0, 0, 0, 0, 0], [7, 0, 0, 0, 0, 0, 0, 7, 0, 0, 0, 0, 0, 0], [0, 8, 0, 0, 0, 0, 8, 0, 8, 0, 0, 0, 0, 0], [0, 8, 0, 0, 0, 0, 8, 0, 8, 0, 0, 0, 0, 0], [7, 0, 8, 0, 0, 0, 0, 7, 0, 8, 0, 0, 0, 0], [0, 7, 0, 0, 0, 0, 8, 0, 7, 0, 0, 0, 0, 0], [8, 0, 8, 0, 0, 0, 0, 8, 0, 8, 0, 0, 0, 0], [0, 0, 0, 0, 0, 0, 0, 0, 0, 0, 0, 0, 0, 0], [0, 0, 0, 0, 0, 0, 0, 0, 0, 0, 0, 0, 0, 0], [0, 0, 0, 0, 0, 0, 0, 0, 0, 0, 0, 0, 0, 0], [0, 8, 0, 0, 0, 0, 8, 0, 8, 0, 0, 0, 0, 0], [7, 0, 0, 0, 0, 0, 0, 7, 0, 0, 0, 0, 0, 0], [0, 8, 0, 0, 0, 0, 8, 0, 8, 0, 0, 0, 0, 0], [0, 0, 0, 0, 0, 0, 0, 0, 0, 0, 0, 0, 0, 0]]}, {"input": [[0, 0, 0, 0, 7, 0, 0], [0, 0, 0, 0, 0, 7, 0], [0, 0, 0, 0, 0, 0, 0], [0, 0, 0, 0, 0, 0, 0], [0, 0, 0, 0, 0, 0, 0], [0, 0, 0, 0, 0, 0, 0]], "output": [[0, 0, 0, 0, 7, 0, 8, 0, 0, 0, 0, 7, 0, 8], [0, 0, 0, 8, 0, 7, 0, 0, 0, 0, 8, 0, 7, 0], [0, 0, 0, 0, 8, 0, 8, 0, 0, 0, 0, 8, 0, 8], [0, 0, 0, 0, 0, 0, 0, 0, 0, 0, 0, 0, 0, 0], [0, 0, 0, 0, 0, 0, 0, 0, 0, 0, 0, 0, 0, 0], [0, 0, 0, 8, 0, 8, 0, 0, 0, 0, 8, 0, 8, 0], [0, 0, 0, 0, 7, 0, 8, 0, 0, 0, 0, 7, 0, 8], [0, 0, 0, 8, 0, 7, 0, 0, 0, 0, 8, 0, 7, 0], [0, 0, 0, 0, 8, 0, 8, 0, 0, 0, 0, 8, 0, 8], [0, 0, 0, 0, 0, 0, 0, 0, 0, 0, 0, 0, 0, 0], [0, 0, 0, 0, 0, 0, 0, 0, 0, 0, 0, 0, 0, 0], [0, 0, 0, 0, 0, 0, 0, 0, 0, 0, 0, 0, 0, 0]]}, {"input": [[0, 0, 0, 0, 0, 0, 0, 0, 0], [0, 0, 0, 0, 0, 0, 0, 0, 0], [0, 0, 0, 0, 0, 0, 5, 0, 0], [0, 0, 0, 0, 0, 0, 0, 0, 0]], "output": [[0, 0, 0, 0, 0, 0, 0, 0, 0, 0, 0, 0, 0, 0, 0, 0, 0, 0], [0, 0, 0, 0, 0, 8, 0, 8, 0, 0, 0, 0, 0, 0, 8, 0, 8, 0], [0, 0, 0, 0, 0, 0, 5, 0, 0, 0, 0, 0, 0, 0, 0, 5, 0, 0], [0, 0, 0, 0, 0, 8, 0, 8, 0, 0, 0, 0, 0, 0, 8, 0, 8, 0], [0, 0, 0, 0, 0, 0, 0, 0, 0, 0, 0, 0, 0, 0, 0, 0, 0, 0], [0, 0, 0, 0, 0, 8, 0, 8, 0, 0, 0, 0, 0, 0, 8, 0, 8, 0], [0, 0, 0, 0, 0, 0, 5, 0, 0, 0, 0, 0, 0, 0, 0, 5, 0, 0], [0, 0, 0, 0, 0, 8, 0, 8, 0, 0, 0, 0, 0, 0, 8, 0, 8, 0]]}, {"input": [[0, 0, 0, 0], [0, 0, 0, 0], [0, 5, 0, 0], [0, 0, 0, 0], [0, 5, 0, 0], [0, 0, 0, 0], [0, 0, 0, 0], [5, 0, 0, 0], [0, 0, 0, 0]], "output": [[0, 0, 0, 0, 0, 0, 0, 0], [8, 0, 8, 0, 8, 0, 8, 0], [0, 5, 0, 0, 0, 5, 0, 0], [8, 0, 8, 0, 8, 0, 8, 0], [0, 5, 0, 0, 0, 5, 0, 0], [8, 0, 8, 0, 8, 0, 8, 0], [0, 8, 0, 8, 0, 8, 0, 0], [5, 0, 0, 0, 5, 0, 0, 0], [0, 8, 0, 8, 0, 8, 0, 0], [0, 0, 0, 0, 0, 0, 0, 0], [8, 0, 8, 0, 8, 0, 8, 0], [0, 5, 0, 0, 0, 5, 0, 0], [8, 0, 8, 0, 8, 0, 8, 0], [0, 5, 0, 0, 0, 5, 0, 0], [8, 0, 8, 0, 8, 0, 8, 0], [0, 8, 0, 8, 0, 8, 0, 0], [5, 0, 0, 0, 5, 0, 0, 0], [0, 8, 0, 8, 0, 8, 0, 0]]}, {"input": [[9, 0, 0, 0, 0, 0, 9, 0, 0], [0, 0, 0, 0, 0, 0, 0, 0, 0], [0, 9, 0, 0, 9, 0, 0, 0, 0], [0, 0, 0, 0, 0, 0, 0, 0, 0]], "output": [[9, 0, 0, 0, 0, 0, 9, 0, 0, 9, 0, 0, 0, 0, 0, 9, 0, 0], [8, 8, 8, 8, 0, 8, 0, 8, 8, 8, 8, 8, 8, 0, 8, 0, 8, 0], [0, 9, 0, 0, 9, 0, 0, 0, 0, 0, 9, 0, 0, 9, 0, 0, 0, 0], [8, 8, 8, 8, 0, 8, 0, 8, 8, 8, 8, 8, 8, 0, 8, 0, 8, 0], [9, 0, 0, 0, 0, 0, 9, 0, 0, 9, 0, 0, 0, 0, 0, 9, 0, 0], [8, 8, 8, 8, 0, 8, 0, 8, 8, 8, 8, 8, 8, 0, 8, 0, 8, 0], [0, 9, 0, 0, 9, 0, 0, 0, 0, 0, 9, 0, 0, 9, 0, 0, 0, 0], [8, 0, 8, 8, 0, 8, 0, 0, 0, 8, 0, 8, 8, 0, 8, 0, 0, 0]]}, {"input": [[0, 0, 0, 0, 0, 0], [0, 0, 0, 0, 0, 0], [0, 0, 0, 0, 0, 0], [0, 0, 0, 0, 0, 3]], "output": [[0, 0, 0, 0, 0, 0, 0, 0, 0, 0, 0, 0], [0, 0, 0, 0, 0, 0, 0, 0, 0, 0, 0, 0], [0, 0, 0, 0, 8, 0, 8, 0, 0, 0, 8, 0], [0, 0, 0, 0, 0, 3, 0, 0, 0, 0, 0, 3], [0, 0, 0, 0, 8, 0, 8, 0, 0, 0, 8, 0], [0, 0, 0, 0, 0, 0, 0, 0, 0, 0, 0, 0], [0, 0, 0, 0, 8, 0, 8, 0, 0, 0, 8, 0], [0, 0, 0, 0, 0, 3, 0, 0, 0, 0, 0, 3]]}, {"input": [[0, 0, 0, 0, 0, 0], [0, 0, 0, 0, 0, 0], [0, 0, 0, 0, 0, 0], [0, 0, 0, 0, 0, 0], [1, 0, 0, 0, 0, 0]], "output": [[0, 0, 0, 0, 0, 0, 0, 0, 0, 0, 0, 0], [0, 0, 0, 0, 0, 0, 0, 0, 0, 0, 0, 0], [0, 0, 0, 0, 0, 0, 0, 0, 0, 0, 0, 0], [0, 8, 0, 0, 0, 8, 0, 8, 0, 0, 0, 0], [1, 0, 0, 0, 0, 0, 1, 0, 0, 0, 0, 0], [0, 8, 0, 0, 0, 8, 0, 8, 0, 0, 0, 0], [0, 0, 0, 0, 0, 0, 0, 0, 0, 0, 0, 0], [0, 0, 0, 0, 0, 0, 0, 0, 0, 0, 0, 0], [0, 8, 0, 0, 0, 8, 0, 8, 0, 0, 0, 0], [1, 0, 0, 0, 0, 0, 1, 0, 0, 0, 0, 0]]}, {"input": [[0, 0, 0, 0, 0, 0, 0, 0, 0, 0], [0, 0, 0, 0, 0, 0, 0, 0, 0, 0], [0, 0, 0, 0, 0, 0, 0, 0, 0, 0], [0, 0, 0, 0, 6, 0, 0, 0, 0, 0], [0, 0, 0, 0, 0, 0, 0, 0, 0, 0], [0, 0, 0, 0, 0, 0, 0, 0, 0, 0], [0, 0, 0, 0, 6, 0, 0, 0, 0, 0], [0, 0, 0, 0, 0, 0, 0, 0, 0, 0]], "output": [[0, 0, 0, 0, 0, 0, 0, 0, 0, 0, 0, 0, 0, 0, 0, 0, 0, 0, 0, 0], [0, 0, 0, 0, 0, 0, 0, 0, 0, 0, 0, 0, 0, 0, 0, 0, 0, 0, 0, 0], [0, 0, 0, 8, 0, 8, 0, 0, 0, 0, 0, 0, 0, 8, 0, 8, 0, 0, 0, 0], [0, 0, 0, 0, 6, 0, 0, 0, 0, 0, 0, 0, 0, 0, 6, 0, 0, 0, 0, 0], [0, 0, 0, 8, 0, 8, 0, 0, 0, 0, 0, 0, 0, 8, 0, 8, 0, 0, 0, 0], [0, 0, 0, 8, 0, 8, 0, 0, 0, 0, 0, 0, 0, 8, 0, 8, 0, 0, 0, 0], [0, 0, 0, 0, 6, 0, 0, 0, 0, 0, 0, 0, 0, 0, 6, 0, 0, 0, 0, 0], [0, 0, 0, 8, 0, 8, 0, 0, 0, 0, 0, 0, 0, 8, 0, 8, 0, 0, 0, 0], [0, 0, 0, 0, 0, 0, 0, 0, 0, 0, 0, 0, 0, 0, 0, 0, 0, 0, 0, 0], [0, 0, 0, 0, 0, 0, 0, 0, 0, 0, 0, 0, 0, 0, 0, 0, 0, 0, 0, 0], [0, 0, 0, 8, 0, 8, 0, 0, 0, 0, 0, 0, 0, 8, 0, 8, 0, 0, 0, 0], [0, 0, 0, 0, 6, 0, 0, 0, 0, 0, 0, 0, 0, 0, 6, 0, 0, 0, 0, 0], [0, 0, 0, 8, 0, 8, 0, 0, 0, 0, 0, 0, 0, 8, 0, 8, 0, 0, 0, 0], [0, 0, 0, 8, 0, 8, 0, 0, 0, 0, 0, 0, 0, 8, 0, 8, 0, 0, 0, 0], [0, 0, 0, 0, 6, 0, 0, 0, 0, 0, 0, 0, 0, 0, 6, 0, 0, 0, 0, 0], [0, 0, 0, 8, 0, 8, 0, 0, 0, 0, 0, 0, 0, 8, 0, 8, 0, 0, 0, 0]]}, {"input": [[0, 0, 0], [0, 6, 0], [0, 0, 0], [6, 0, 0], [0, 0, 0], [0, 0, 0], [6, 6, 0], [0, 0, 0], [0, 0, 0], [0, 0, 0]], "output": [[8, 0, 8, 8, 0, 8], [0, 6, 0, 0, 6, 0], [8, 8, 8, 8, 8, 8], [6, 0, 0, 6, 0, 0], [0, 8, 8, 0, 8, 0], [8, 8, 8, 8, 8, 8], [6, 6, 0, 6, 6, 0], [8, 8, 8, 8, 8, 8], [0, 0, 0, 0, 0, 0], [0, 0, 0, 0, 0, 0], [8, 0, 8, 8, 0, 8], [0, 6, 0, 0, 6, 0], [8, 8, 8, 8, 8, 8], [6, 0, 0, 6, 0, 0], [0, 8, 8, 0, 8, 0], [8, 8, 8, 8, 8, 8], [6, 6, 0, 6, 6, 0], [8, 8, 8, 8, 8, 8], [0, 0, 0, 0, 0, 0], [0, 0, 0, 0, 0, 0]]}, {"input": [[0, 0], [0, 0], [0, 3], [0, 0], [0, 0], [0, 0], [0, 0], [3, 0], [0, 0], [0, 0]], "output": [[0, 0, 0, 0], [8, 0, 8, 0], [0, 3, 0, 3], [8, 0, 8, 0], [0, 0, 0, 0], [0, 0, 0, 0], [0, 8, 0, 8], [3, 0, 3, 0], [0, 8, 0, 8], [0, 0, 0, 0], [0, 0, 0, 0], [8, 0, 8, 0], [0, 3, 0, 3], [8, 0, 8, 0], [0, 0, 0, 0], [0, 0, 0, 0], [0, 8, 0, 8], [3, 0, 3, 0], [0, 8, 0, 8], [0, 0, 0, 0]]}, {"input": [[0, 0, 0, 0, 0, 0, 0, 0, 0, 0], [0, 0, 0, 0, 0, 0, 0, 0, 0, 0], [0, 0, 0, 0, 0, 0, 0, 0, 0, 6], [0, 0, 0, 0, 0, 0, 0, 0, 0, 0], [0, 0, 0, 0, 6, 0, 0, 0, 0, 0], [0, 0, 0, 0, 0, 0, 0, 0, 0, 0], [0, 0, 0, 0, 0, 0, 0, 0, 0, 0], [0, 0, 0, 0, 0, 0, 0, 0, 0, 0]], "output": [[0, 0, 0, 0, 0, 0, 0, 0, 0, 0, 0, 0, 0, 0, 0, 0, 0, 0, 0, 0], [0, 0, 0, 0, 0, 0, 0, 0, 8, 0, 8, 0, 0, 0, 0, 0, 0, 0, 8, 0], [0, 0, 0, 0, 0, 0, 0, 0, 0, 6, 0, 0, 0, 0, 0, 0, 0, 0, 0, 6], [0, 0, 0, 8, 0, 8, 0, 0, 8, 0, 8, 0, 0, 8, 0, 8, 0, 0, 8, 0], [0, 0, 0, 0, 6, 0, 0, 0, 0, 0, 0, 0, 0, 0, 6, 0, 0, 0, 0, 0], [0, 0, 0, 8, 0, 8, 0, 0, 0, 0, 0, 0, 0, 8, 0, 8, 0, 0, 0, 0], [0, 0, 0, 0, 0, 0, 0, 0, 0, 0, 0, 0, 0, 0, 0, 0, 0, 0, 0, 0], [0, 0, 0, 0, 0, 0, 0, 0, 0, 0, 0, 0, 0, 0, 0, 0, 0, 0, 0, 0], [0, 0, 0, 0, 0, 0, 0, 0, 0, 0, 0, 0, 0, 0, 0, 0, 0, 0, 0, 0], [0, 0, 0, 0, 0, 0, 0, 0, 8, 0, 8, 0, 0, 0, 0, 0, 0, 0, 8, 0], [0, 0, 0, 0, 0, 0, 0, 0, 0, 6, 0, 0, 0, 0, 0, 0, 0, 0, 0, 6], [0, 0, 0, 8, 0, 8, 0, 0, 8, 0, 8, 0, 0, 8, 0, 8, 0, 0, 8, 0], [0, 0, 0, 0, 6, 0, 0, 0, 0, 0, 0, 0, 0, 0, 6, 0, 0, 0, 0, 0], [0, 0, 0, 8, 0, 8, 0, 0, 0, 0, 0, 0, 0, 8, 0, 8, 0, 0, 0, 0], [0, 0, 0, 0, 0, 0, 0, 0, 0, 0, 0, 0, 0, 0, 0, 0, 0, 0, 0, 0], [0, 0, 0, 0, 0, 0, 0, 0, 0, 0, 0, 0, 0, 0, 0, 0, 0, 0, 0, 0]]}, {"input": [[0, 0, 0, 0, 0, 0, 0], [0, 0, 0, 0, 0, 0, 0], [5, 0, 0, 0, 0, 0, 0], [5, 0, 0, 0, 0, 0, 0], [0, 0, 0, 0, 0, 0, 0], [0, 0, 0, 0, 0, 0, 0]], "output": [[0, 0, 0, 0, 0, 0, 0, 0, 0, 0, 0, 0, 0, 0], [0, 8, 0, 0, 0, 0, 8, 0, 8, 0, 0, 0, 0, 0], [5, 8, 0, 0, 0, 0, 8, 5, 8, 0, 0, 0, 0, 0], [5, 8, 0, 0, 0, 0, 8, 5, 8, 0, 0, 0, 0, 0], [0, 8, 0, 0, 0, 0, 8, 0, 8, 0, 0, 0, 0, 0], [0, 0, 0, 0, 0, 0, 0, 0, 0, 0, 0, 0, 0, 0], [0, 0, 0, 0, 0, 0, 0, 0, 0, 0, 0, 0, 0, 0], [0, 8, 0, 0, 0, 0, 8, 0, 8, 0, 0, 0, 0, 0], [5, 8, 0, 0, 0, 0, 8, 5, 8, 0, 0, 0, 0, 0], [5, 8, 0, 0, 0, 0, 8, 5, 8, 0, 0, 0, 0, 0], [0, 8, 0, 0, 0, 0, 8, 0, 8, 0, 0, 0, 0, 0], [0, 0, 0, 0, 0, 0, 0, 0, 0, 0, 0, 0, 0, 0]]}]
