[{"input": [[9, 4, 9, 9, 9, 4, 9, 4, 9, 9, 9, 4], [4, 4, 4, 4, 4, 4, 4, 4, 4, 4, 4, 4], [9, 4, 9, 9, 9, 4, 9, 4, 9, 9, 9, 4], [9, 4, 9, 9, 9, 4, 9, 4, 9, 9, 9, 4], [9, 4, 9, 9, 9, 4, 9, 4, 9, 9, 9, 4], [4, 4, 4, 4, 4, 4, 4, 4, 4, 4, 4, 4], [9, 4, 9, 9, 9, 4, 9, 4, 9, 9, 9, 4], [4, 4, 4, 4, 4, 4, 4, 4, 4, 4, 4, 4], [9, 4, 9, 9, 9, 4, 9, 4, 9, 9, 9, 4], [4, 4, 4, 4, 4, 4, 4, 4, 4, 4, 4, 4], [9, 4, 9, 9, 9, 4, 9, 4, 9, 9, 9, 4], [9, 4, 9, 9, 9, 4, 9, 4, 9, 9, 9, 4]], "output": [[9, 9, 9, 9, 9], [9, 9, 9, 9, 9], [9, 9, 9, 9, 9], [9, 9, 9, 9, 9], [9, 9, 9, 9, 9]]}, {"input": [[3, 3, 3, 3, 3, 3, 7, 3, 3, 3, 3, 3, 3, 3, 3, 3, 3, 3, 7, 3, 3], [3, 3, 3, 3, 3, 3, 7, 3, 3, 3, 3, 3, 3, 3, 3, 3, 3, 3, 7, 3, 3], [7, 7, 7, 7, 7, 7, 7, 7, 7, 7, 7, 7, 7, 7, 7, 7, 7, 7, 7, 7, 7], [3, 3, 3, 3, 3, 3, 7, 3, 3, 3, 3, 3, 3, 3, 3, 3, 3, 3, 7, 3, 3], [3, 3, 3, 3, 3, 3, 7, 3, 3, 3, 3, 3, 3, 3, 3, 3, 3, 3, 7, 3, 3], [3, 3, 3, 3, 3, 3, 7, 3, 3, 3, 3, 3, 3, 3, 3, 3, 3, 3, 7, 3, 3], [7, 7, 7, 7, 7, 7, 7, 7, 7, 7, 7, 7, 7, 7, 7, 7, 7, 7, 7, 7, 7], [3, 3, 3, 3, 3, 3, 7, 3, 3, 3, 3, 3, 3, 3, 3, 3, 3, 3, 7, 3, 3], [3, 3, 3, 3, 3, 3, 7, 3, 3, 3, 3, 3, 3, 3, 3, 3, 3, 3, 7, 3, 3], [3, 3, 3, 3, 3, 3, 7, 3, 3, 3, 3, 3, 3, 3, 3, 3, 3, 3, 7, 3, 3], [7, 7, 7, 7, 7, 7, 7, 7, 7, 7, 7, 7, 7, 7, 7, 7, 7, 7, 7, 7, 7], [3, 3, 3, 3, 3, 3, 7, 3, 3, 3, 3, 3, 3, 3, 3, 3, 3, 3, 7, 3, 3], [3, 3, 3, 3, 3, 3, 7, 3, 3, 3, 3, 3, 3, 3, 3, 3, 3, 3, 7, 3, 3], [3, 3, 3, 3, 3, 3, 7, 3, 3, 3, 3, 3, 3, 3, 3, 3, 3, 3, 7, 3, 3], [7, 7, 7, 7, 7, 7, 7, 7, 7, 7, 7, 7, 7, 7, 7, 7, 7, 7, 7, 7, 7], [3, 3, 3, 3, 3, 3, 7, 3, 3, 3, 3, 3, 3, 3, 3, 3, 3, 3, 7, 3, 3], [3, 3, 3, 3, 3, 3, 7, 3, 3, 3, 3, 3, 3, 3, 3, 3, 3, 3, 7, 3, 3], [7, 7, 7, 7, 7, 7, 7, 7, 7, 7, 7, 7, 7, 7, 7, 7, 7, 7, 7, 7, 7], [3, 3, 3, 3, 3, 3, 7, 3, 3, 3, 3, 3, 3, 3, 3, 3, 3, 3, 7, 3, 3], [3, 3, 3, 3, 3, 3, 7, 3, 3, 3, 3, 3, 3, 3, 3, 3, 3, 3, 7, 3, 3], [3, 3, 3, 3, 3, 3, 7, 3, 3, 3, 3, 3, 3, 3, 3, 3, 3, 3, 7, 3, 3]], "output": [[3, 3, 3], [3, 3, 3], [3, 3, 3], [3, 3, 3], [3, 3, 3], [3, 3, 3]]}, {"input": [[5, 6, 5, 6, 5, 6, 5, 5, 5, 5, 5, 6, 5, 5, 5], [5, 6, 5, 6, 5, 6, 5, 5, 5, 5, 5, 6, 5, 5, 5], [5, 6, 5, 6, 5, 6, 5, 5, 5, 5, 5, 6, 5, 5, 5], [5, 6, 5, 6, 5, 6, 5, 5, 5, 5, 5, 6, 5, 5, 5], [5, 6, 5, 6, 5, 6, 5, 5, 5, 5, 5, 6, 5, 5, 5], [5, 6, 5, 6, 5, 6, 5, 5, 5, 5, 5, 6, 5, 5, 5], [5, 6, 5, 6, 5, 6, 5, 5, 5, 5, 5, 6, 5, 5, 5], [5, 6, 5, 6, 5, 6, 5, 5, 5, 5, 5, 6, 5, 5, 5], [6, 6, 6, 6, 6, 6, 6, 6, 6, 6, 6, 6, 6, 6, 6], [5, 6, 5, 6, 5, 6, 5, 5, 5, 5, 5, 6, 5, 5, 5], [5, 6, 5, 6, 5, 6, 5, 5, 5, 5, 5, 6, 5, 5, 5], [5, 6, 5, 6, 5, 6, 5, 5, 5, 5, 5, 6, 5, 5, 5], [5, 6, 5, 6, 5, 6, 5, 5, 5, 5, 5, 6, 5, 5, 5], [5, 6, 5, 6, 5, 6, 5, 5, 5, 5, 5, 6, 5, 5, 5], [5, 6, 5, 6, 5, 6, 5, 5, 5, 5, 5, 6, 5, 5, 5]], "output": [[5, 5, 5, 5, 5], [5, 5, 5, 5, 5]]}, {"input": [[2, 2, 2, 2, 2, 2, 2, 9, 2, 2, 2, 2, 2, 2, 2, 2, 2, 2, 2], [9, 9, 9, 9, 9, 9, 9, 9, 9, 9, 9, 9, 9, 9, 9, 9, 9, 9, 9], [2, 2, 2, 2, 2, 2, 2, 9, 2, 2, 2, 2, 2, 2, 2, 2, 2, 2, 2], [2, 2, 2, 2, 2, 2, 2, 9, 2, 2, 2, 2, 2, 2, 2, 2, 2, 2, 2], [2, 2, 2, 2, 2, 2, 2, 9, 2, 2, 2, 2, 2, 2, 2, 2, 2, 2, 2], [9, 9, 9, 9, 9, 9, 9, 9, 9, 9, 9, 9, 9, 9, 9, 9, 9, 9, 9], [2, 2, 2, 2, 2, 2, 2, 9, 2, 2, 2, 2, 2, 2, 2, 2, 2, 2, 2], [2, 2, 2, 2, 2, 2, 2, 9, 2, 2, 2, 2, 2, 2, 2, 2, 2, 2, 2], [2, 2, 2, 2, 2, 2, 2, 9, 2, 2, 2, 2, 2, 2, 2, 2, 2, 2, 2], [2, 2, 2, 2, 2, 2, 2, 9, 2, 2, 2, 2, 2, 2, 2, 2, 2, 2, 2], [2, 2, 2, 2, 2, 2, 2, 9, 2, 2, 2, 2, 2, 2, 2, 2, 2, 2, 2], [2, 2, 2, 2, 2, 2, 2, 9, 2, 2, 2, 2, 2, 2, 2, 2, 2, 2, 2], [2, 2, 2, 2, 2, 2, 2, 9, 2, 2, 2, 2, 2, 2, 2, 2, 2, 2, 2], [2, 2, 2, 2, 2, 2, 2, 9, 2, 2, 2, 2, 2, 2, 2, 2, 2, 2, 2], [2, 2, 2, 2, 2, 2, 2, 9, 2, 2, 2, 2, 2, 2, 2, 2, 2, 2, 2], [2, 2, 2, 2, 2, 2, 2, 9, 2, 2, 2, 2, 2, 2, 2, 2, 2, 2, 2], [2, 2, 2, 2, 2, 2, 2, 9, 2, 2, 2, 2, 2, 2, 2, 2, 2, 2, 2], [2, 2, 2, 2, 2, 2, 2, 9, 2, 2, 2, 2, 2, 2, 2, 2, 2, 2, 2], [2, 2, 2, 2, 2, 2, 2, 9, 2, 2, 2, 2, 2, 2, 2, 2, 2, 2, 2]], "output": [[2, 2], [2, 2], [2, 2]]}, {"input": [[4, 5, 5, 5, 4, 5, 5, 5, 5, 4, 5, 5, 4, 5, 5, 4, 5, 4, 5, 5], [4, 4, 4, 4, 4, 4, 4, 4, 4, 4, 4, 4, 4, 4, 4, 4, 4, 4, 4, 4], [4, 5, 5, 5, 4, 5, 5, 5, 5, 4, 5, 5, 4, 5, 5, 4, 5, 4, 5, 5], [4, 5, 5, 5, 4, 5, 5, 5, 5, 4, 5, 5, 4, 5, 5, 4, 5, 4, 5, 5], [4, 5, 5, 5, 4, 5, 5, 5, 5, 4, 5, 5, 4, 5, 5, 4, 5, 4, 5, 5], [4, 5, 5, 5, 4, 5, 5, 5, 5, 4, 5, 5, 4, 5, 5, 4, 5, 4, 5, 5], [4, 5, 5, 5, 4, 5, 5, 5, 5, 4, 5, 5, 4, 5, 5, 4, 5, 4, 5, 5], [4, 5, 5, 5, 4, 5, 5, 5, 5, 4, 5, 5, 4, 5, 5, 4, 5, 4, 5, 5], [4, 5, 5, 5, 4, 5, 5, 5, 5, 4, 5, 5, 4, 5, 5, 4, 5, 4, 5, 5], [4, 5, 5, 5, 4, 5, 5, 5, 5, 4, 5, 5, 4, 5, 5, 4, 5, 4, 5, 5], [4, 5, 5, 5, 4, 5, 5, 5, 5, 4, 5, 5, 4, 5, 5, 4, 5, 4, 5, 5], [4, 5, 5, 5, 4, 5, 5, 5, 5, 4, 5, 5, 4, 5, 5, 4, 5, 4, 5, 5], [4, 5, 5, 5, 4, 5, 5, 5, 5, 4, 5, 5, 4, 5, 5, 4, 5, 4, 5, 5], [4, 4, 4, 4, 4, 4, 4, 4, 4, 4, 4, 4, 4, 4, 4, 4, 4, 4, 4, 4], [4, 5, 5, 5, 4, 5, 5, 5, 5, 4, 5, 5, 4, 5, 5, 4, 5, 4, 5, 5], [4, 5, 5, 5, 4, 5, 5, 5, 5, 4, 5, 5, 4, 5, 5, 4, 5, 4, 5, 5], [4, 5, 5, 5, 4, 5, 5, 5, 5, 4, 5, 5, 4, 5, 5, 4, 5, 4, 5, 5], [4, 5, 5, 5, 4, 5, 5, 5, 5, 4, 5, 5, 4, 5, 5, 4, 5, 4, 5, 5], [4, 5, 5, 5, 4, 5, 5, 5, 5, 4, 5, 5, 4, 5, 5, 4, 5, 4, 5, 5], [4, 5, 5, 5, 4, 5, 5, 5, 5, 4, 5, 5, 4, 5, 5, 4, 5, 4, 5, 5]], "output": [[5, 5, 5, 5, 5, 5, 5], [5, 5, 5, 5, 5, 5, 5], [5, 5, 5, 5, 5, 5, 5], [5, 5, 5, 5, 5, 5, 5], [5, 5, 5, 5, 5, 5, 5], [5, 5, 5, 5, 5, 5, 5], [5, 5, 5, 5, 5, 5, 5], [5, 5, 5, 5, 5, 5, 5], [5, 5, 5, 5, 5, 5, 5], [5, 5, 5, 5, 5, 5, 5], [5, 5, 5, 5, 5, 5, 5], [5, 5, 5, 5, 5, 5, 5], [5, 5, 5, 5, 5, 5, 5], [5, 5, 5, 5, 5, 5, 5], [5, 5, 5, 5, 5, 5, 5], [5, 5, 5, 5, 5, 5, 5], [5, 5, 5, 5, 5, 5, 5], [5, 5, 5, 5, 5, 5, 5], [5, 5, 5, 5, 5, 5, 5], [5, 5, 5, 5, 5, 5, 5], [5, 5, 5, 5, 5, 5, 5]]}, {"input": [[7, 2, 7, 7, 7, 7, 7, 7, 2, 7, 7, 7, 7, 7, 7, 2, 7, 7], [2, 2, 2, 2, 2, 2, 2, 2, 2, 2, 2, 2, 2, 2, 2, 2, 2, 2], [7, 2, 7, 7, 7, 7, 7, 7, 2, 7, 7, 7, 7, 7, 7, 2, 7, 7], [2, 2, 2, 2, 2, 2, 2, 2, 2, 2, 2, 2, 2, 2, 2, 2, 2, 2], [7, 2, 7, 7, 7, 7, 7, 7, 2, 7, 7, 7, 7, 7, 7, 2, 7, 7], [7, 2, 7, 7, 7, 7, 7, 7, 2, 7, 7, 7, 7, 7, 7, 2, 7, 7], [7, 2, 7, 7, 7, 7, 7, 7, 2, 7, 7, 7, 7, 7, 7, 2, 7, 7], [7, 2, 7, 7, 7, 7, 7, 7, 2, 7, 7, 7, 7, 7, 7, 2, 7, 7], [7, 2, 7, 7, 7, 7, 7, 7, 2, 7, 7, 7, 7, 7, 7, 2, 7, 7], [7, 2, 7, 7, 7, 7, 7, 7, 2, 7, 7, 7, 7, 7, 7, 2, 7, 7], [7, 2, 7, 7, 7, 7, 7, 7, 2, 7, 7, 7, 7, 7, 7, 2, 7, 7], [2, 2, 2, 2, 2, 2, 2, 2, 2, 2, 2, 2, 2, 2, 2, 2, 2, 2], [7, 2, 7, 7, 7, 7, 7, 7, 2, 7, 7, 7, 7, 7, 7, 2, 7, 7], [7, 2, 7, 7, 7, 7, 7, 7, 2, 7, 7, 7, 7, 7, 7, 2, 7, 7], [7, 2, 7, 7, 7, 7, 7, 7, 2, 7, 7, 7, 7, 7, 7, 2, 7, 7], [7, 2, 7, 7, 7, 7, 7, 7, 2, 7, 7, 7, 7, 7, 7, 2, 7, 7], [7, 2, 7, 7, 7, 7, 7, 7, 2, 7, 7, 7, 7, 7, 7, 2, 7, 7], [7, 2, 7, 7, 7, 7, 7, 7, 2, 7, 7, 7, 7, 7, 7, 2, 7, 7]], "output": [[7, 7, 7, 7], [7, 7, 7, 7], [7, 7, 7, 7], [7, 7, 7, 7]]}, {"input": [[1, 6, 6, 6, 6, 6, 6, 6, 6, 6, 6, 6, 6, 6, 6, 6, 6], [1, 6, 6, 6, 6, 6, 6, 6, 6, 6, 6, 6, 6, 6, 6, 6, 6], [1, 6, 6, 6, 6, 6, 6, 6, 6, 6, 6, 6, 6, 6, 6, 6, 6], [1, 6, 6, 6, 6, 6, 6, 6, 6, 6, 6, 6, 6, 6, 6, 6, 6], [1, 1, 1, 1, 1, 1, 1, 1, 1, 1, 1, 1, 1, 1, 1, 1, 1], [1, 6, 6, 6, 6, 6, 6, 6, 6, 6, 6, 6, 6, 6, 6, 6, 6], [1, 6, 6, 6, 6, 6, 6, 6, 6, 6, 6, 6, 6, 6, 6, 6, 6], [1, 6, 6, 6, 6, 6, 6, 6, 6, 6, 6, 6, 6, 6, 6, 6, 6], [1, 6, 6, 6, 6, 6, 6, 6, 6, 6, 6, 6, 6, 6, 6, 6, 6], [1, 6, 6, 6, 6, 6, 6, 6, 6, 6, 6, 6, 6, 6, 6, 6, 6], [1, 6, 6, 6, 6, 6, 6, 6, 6, 6, 6, 6, 6, 6, 6, 6, 6], [1, 6, 6, 6, 6, 6, 6, 6, 6, 6, 6, 6, 6, 6, 6, 6, 6], [1, 6, 6, 6, 6, 6, 6, 6, 6, 6, 6, 6, 6, 6, 6, 6, 6], [1, 6, 6, 6, 6, 6, 6, 6, 6, 6, 6, 6, 6, 6, 6, 6, 6], [1, 6, 6, 6, 6, 6, 6, 6, 6, 6, 6, 6, 6, 6, 6, 6, 6], [1, 6, 6, 6, 6, 6, 6, 6, 6, 6, 6, 6, 6, 6, 6, 6, 6], [1, 6, 6, 6, 6, 6, 6, 6, 6, 6, 6, 6, 6, 6, 6, 6, 6]], "output": [[6, 6], [6, 6], [6, 6], [6, 6], [6, 6], [6, 6], [6, 6], [6, 6], [6, 6], [6, 6], [6, 6], [6, 6], [6, 6], [6, 6], [6, 6], [6, 6], [6, 6], [6, 6]]}, {"input": [[6, 8, 8, 8, 8, 6, 8, 8, 8, 6, 8], [6, 8, 8, 8, 8, 6, 8, 8, 8, 6, 8], [6, 8, 8, 8, 8, 6, 8, 8, 8, 6, 8], [6, 6, 6, 6, 6, 6, 6, 6, 6, 6, 6], [6, 8, 8, 8, 8, 6, 8, 8, 8, 6, 8], [6, 8, 8, 8, 8, 6, 8, 8, 8, 6, 8], [6, 8, 8, 8, 8, 6, 8, 8, 8, 6, 8], [6, 8, 8, 8, 8, 6, 8, 8, 8, 6, 8], [6, 6, 6, 6, 6, 6, 6, 6, 6, 6, 6], [6, 8, 8, 8, 8, 6, 8, 8, 8, 6, 8], [6, 6, 6, 6, 6, 6, 6, 6, 6, 6, 6]], "output": [[8, 8, 8, 8], [8, 8, 8, 8], [8, 8, 8, 8], [8, 8, 8, 8], [8, 8, 8, 8], [8, 8, 8, 8], [8, 8, 8, 8], [8, 8, 8, 8], [8, 8, 8, 8], [8, 8, 8, 8], [8, 8, 8, 8], [8, 8, 8, 8]]}, {"input": [[4, 4, 4, 4, 4, 4, 4, 4, 4, 8, 4, 4, 8, 4, 4, 4, 4, 4, 4], [4, 4, 4, 4, 4, 4, 4, 4, 4, 8, 4, 4, 8, 4, 4, 4, 4, 4, 4], [8, 8, 8, 8, 8, 8, 8, 8, 8, 8, 8, 8, 8, 8, 8, 8, 8, 8, 8], [4, 4, 4, 4, 4, 4, 4, 4, 4, 8, 4, 4, 8, 4, 4, 4, 4, 4, 4], [4, 4, 4, 4, 4, 4, 4, 4, 4, 8, 4, 4, 8, 4, 4, 4, 4, 4, 4], [4, 4, 4, 4, 4, 4, 4, 4, 4, 8, 4, 4, 8, 4, 4, 4, 4, 4, 4], [8, 8, 8, 8, 8, 8, 8, 8, 8, 8, 8, 8, 8, 8, 8, 8, 8, 8, 8], [4, 4, 4, 4, 4, 4, 4, 4, 4, 8, 4, 4, 8, 4, 4, 4, 4, 4, 4], [4, 4, 4, 4, 4, 4, 4, 4, 4, 8, 4, 4, 8, 4, 4, 4, 4, 4, 4], [4, 4, 4, 4, 4, 4, 4, 4, 4, 8, 4, 4, 8, 4, 4, 4, 4, 4, 4], [8, 8, 8, 8, 8, 8, 8, 8, 8, 8, 8, 8, 8, 8, 8, 8, 8, 8, 8], [4, 4, 4, 4, 4, 4, 4, 4, 4, 8, 4, 4, 8, 4, 4, 4, 4, 4, 4], [4, 4, 4, 4, 4, 4, 4, 4, 4, 8, 4, 4, 8, 4, 4, 4, 4, 4, 4], [4, 4, 4, 4, 4, 4, 4, 4, 4, 8, 4, 4, 8, 4, 4, 4, 4, 4, 4], [4, 4, 4, 4, 4, 4, 4, 4, 4, 8, 4, 4, 8, 4, 4, 4, 4, 4, 4], [4, 4, 4, 4, 4, 4, 4, 4, 4, 8, 4, 4, 8, 4, 4, 4, 4, 4, 4], [4, 4, 4, 4, 4, 4, 4, 4, 4, 8, 4, 4, 8, 4, 4, 4, 4, 4, 4], [8, 8, 8, 8, 8, 8, 8, 8, 8, 8, 8, 8, 8, 8, 8, 8, 8, 8, 8], [4, 4, 4, 4, 4, 4, 4, 4, 4, 8, 4, 4, 8, 4, 4, 4, 4, 4, 4]], "output": [[4, 4, 4], [4, 4, 4], [4, 4, 4], [4, 4, 4], [4, 4, 4]]}, {"input": [[5, 5, 5, 5, 5, 5, 5, 5, 5, 7, 5, 5, 5, 7, 5, 5, 5, 7, 5, 5, 5], [5, 5, 5, 5, 5, 5, 5, 5, 5, 7, 5, 5, 5, 7, 5, 5, 5, 7, 5, 5, 5], [7, 7, 7, 7, 7, 7, 7, 7, 7, 7, 7, 7, 7, 7, 7, 7, 7, 7, 7, 7, 7], [5, 5, 5, 5, 5, 5, 5, 5, 5, 7, 5, 5, 5, 7, 5, 5, 5, 7, 5, 5, 5], [5, 5, 5, 5, 5, 5, 5, 5, 5, 7, 5, 5, 5, 7, 5, 5, 5, 7, 5, 5, 5], [5, 5, 5, 5, 5, 5, 5, 5, 5, 7, 5, 5, 5, 7, 5, 5, 5, 7, 5, 5, 5], [5, 5, 5, 5, 5, 5, 5, 5, 5, 7, 5, 5, 5, 7, 5, 5, 5, 7, 5, 5, 5], [5, 5, 5, 5, 5, 5, 5, 5, 5, 7, 5, 5, 5, 7, 5, 5, 5, 7, 5, 5, 5], [5, 5, 5, 5, 5, 5, 5, 5, 5, 7, 5, 5, 5, 7, 5, 5, 5, 7, 5, 5, 5], [5, 5, 5, 5, 5, 5, 5, 5, 5, 7, 5, 5, 5, 7, 5, 5, 5, 7, 5, 5, 5], [5, 5, 5, 5, 5, 5, 5, 5, 5, 7, 5, 5, 5, 7, 5, 5, 5, 7, 5, 5, 5], [5, 5, 5, 5, 5, 5, 5, 5, 5, 7, 5, 5, 5, 7, 5, 5, 5, 7, 5, 5, 5], [5, 5, 5, 5, 5, 5, 5, 5, 5, 7, 5, 5, 5, 7, 5, 5, 5, 7, 5, 5, 5], [5, 5, 5, 5, 5, 5, 5, 5, 5, 7, 5, 5, 5, 7, 5, 5, 5, 7, 5, 5, 5], [5, 5, 5, 5, 5, 5, 5, 5, 5, 7, 5, 5, 5, 7, 5, 5, 5, 7, 5, 5, 5], [5, 5, 5, 5, 5, 5, 5, 5, 5, 7, 5, 5, 5, 7, 5, 5, 5, 7, 5, 5, 5], [5, 5, 5, 5, 5, 5, 5, 5, 5, 7, 5, 5, 5, 7, 5, 5, 5, 7, 5, 5, 5], [5, 5, 5, 5, 5, 5, 5, 5, 5, 7, 5, 5, 5, 7, 5, 5, 5, 7, 5, 5, 5], [5, 5, 5, 5, 5, 5, 5, 5, 5, 7, 5, 5, 5, 7, 5, 5, 5, 7, 5, 5, 5], [5, 5, 5, 5, 5, 5, 5, 5, 5, 7, 5, 5, 5, 7, 5, 5, 5, 7, 5, 5, 5], [5, 5, 5, 5, 5, 5, 5, 5, 5, 7, 5, 5, 5, 7, 5, 5, 5, 7, 5, 5, 5]], "output": [[5, 5, 5, 5], [5, 5, 5, 5]]}, {"input": [[6, 6, 6, 6, 6, 6, 6, 6, 6, 6, 6, 6, 6, 6, 6, 6, 6, 6, 6], [7, 7, 7, 7, 6, 7, 7, 6, 7, 6, 7, 7, 6, 7, 7, 7, 6, 7, 6], [7, 7, 7, 7, 6, 7, 7, 6, 7, 6, 7, 7, 6, 7, 7, 7, 6, 7, 6], [7, 7, 7, 7, 6, 7, 7, 6, 7, 6, 7, 7, 6, 7, 7, 7, 6, 7, 6], [7, 7, 7, 7, 6, 7, 7, 6, 7, 6, 7, 7, 6, 7, 7, 7, 6, 7, 6], [7, 7, 7, 7, 6, 7, 7, 6, 7, 6, 7, 7, 6, 7, 7, 7, 6, 7, 6], [7, 7, 7, 7, 6, 7, 7, 6, 7, 6, 7, 7, 6, 7, 7, 7, 6, 7, 6], [6, 6, 6, 6, 6, 6, 6, 6, 6, 6, 6, 6, 6, 6, 6, 6, 6, 6, 6], [7, 7, 7, 7, 6, 7, 7, 6, 7, 6, 7, 7, 6, 7, 7, 7, 6, 7, 6], [7, 7, 7, 7, 6, 7, 7, 6, 7, 6, 7, 7, 6, 7, 7, 7, 6, 7, 6], [7, 7, 7, 7, 6, 7, 7, 6, 7, 6, 7, 7, 6, 7, 7, 7, 6, 7, 6], [6, 6, 6, 6, 6, 6, 6, 6, 6, 6, 6, 6, 6, 6, 6, 6, 6, 6, 6], [7, 7, 7, 7, 6, 7, 7, 6, 7, 6, 7, 7, 6, 7, 7, 7, 6, 7, 6], [6, 6, 6, 6, 6, 6, 6, 6, 6, 6, 6, 6, 6, 6, 6, 6, 6, 6, 6], [7, 7, 7, 7, 6, 7, 7, 6, 7, 6, 7, 7, 6, 7, 7, 7, 6, 7, 6], [7, 7, 7, 7, 6, 7, 7, 6, 7, 6, 7, 7, 6, 7, 7, 7, 6, 7, 6], [6, 6, 6, 6, 6, 6, 6, 6, 6, 6, 6, 6, 6, 6, 6, 6, 6, 6, 6], [7, 7, 7, 7, 6, 7, 7, 6, 7, 6, 7, 7, 6, 7, 7, 7, 6, 7, 6], [6, 6, 6, 6, 6, 6, 6, 6, 6, 6, 6, 6, 6, 6, 6, 6, 6, 6, 6]], "output": [[7, 7, 7, 7, 7, 7, 7, 7, 7, 7, 7, 7, 7, 7, 7, 7, 7, 7, 7, 7], [7, 7, 7, 7, 7, 7, 7, 7, 7, 7, 7, 7, 7, 7, 7, 7, 7, 7, 7, 7], [7, 7, 7, 7, 7, 7, 7, 7, 7, 7, 7, 7, 7, 7, 7, 7, 7, 7, 7, 7], [7, 7, 7, 7, 7, 7, 7, 7, 7, 7, 7, 7, 7, 7, 7, 7, 7, 7, 7, 7], [7, 7, 7, 7, 7, 7, 7, 7, 7, 7, 7, 7, 7, 7, 7, 7, 7, 7, 7, 7], [7, 7, 7, 7, 7, 7, 7, 7, 7, 7, 7, 7, 7, 7, 7, 7, 7, 7, 7, 7], [7, 7, 7, 7, 7, 7, 7, 7, 7, 7, 7, 7, 7, 7, 7, 7, 7, 7, 7, 7]]}, {"input": [[7, 7, 7, 7, 7, 7, 7, 7, 7, 7, 7, 7, 7, 7, 7, 7, 7], [6, 6, 6, 7, 6, 6, 6, 6, 6, 7, 6, 7, 6, 6, 7, 6, 6], [6, 6, 6, 7, 6, 6, 6, 6, 6, 7, 6, 7, 6, 6, 7, 6, 6], [6, 6, 6, 7, 6, 6, 6, 6, 6, 7, 6, 7, 6, 6, 7, 6, 6], [6, 6, 6, 7, 6, 6, 6, 6, 6, 7, 6, 7, 6, 6, 7, 6, 6], [6, 6, 6, 7, 6, 6, 6, 6, 6, 7, 6, 7, 6, 6, 7, 6, 6], [6, 6, 6, 7, 6, 6, 6, 6, 6, 7, 6, 7, 6, 6, 7, 6, 6], [6, 6, 6, 7, 6, 6, 6, 6, 6, 7, 6, 7, 6, 6, 7, 6, 6], [6, 6, 6, 7, 6, 6, 6, 6, 6, 7, 6, 7, 6, 6, 7, 6, 6], [6, 6, 6, 7, 6, 6, 6, 6, 6, 7, 6, 7, 6, 6, 7, 6, 6], [6, 6, 6, 7, 6, 6, 6, 6, 6, 7, 6, 7, 6, 6, 7, 6, 6], [6, 6, 6, 7, 6, 6, 6, 6, 6, 7, 6, 7, 6, 6, 7, 6, 6], [7, 7, 7, 7, 7, 7, 7, 7, 7, 7, 7, 7, 7, 7, 7, 7, 7], [6, 6, 6, 7, 6, 6, 6, 6, 6, 7, 6, 7, 6, 6, 7, 6, 6], [6, 6, 6, 7, 6, 6, 6, 6, 6, 7, 6, 7, 6, 6, 7, 6, 6], [6, 6, 6, 7, 6, 6, 6, 6, 6, 7, 6, 7, 6, 6, 7, 6, 6], [6, 6, 6, 7, 6, 6, 6, 6, 6, 7, 6, 7, 6, 6, 7, 6, 6]], "output": [[6, 6, 6, 6, 6, 6, 6, 6, 6, 6, 6, 6, 6, 6, 6, 6, 6, 6], [6, 6, 6, 6, 6, 6, 6, 6, 6, 6, 6, 6, 6, 6, 6, 6, 6, 6], [6, 6, 6, 6, 6, 6, 6, 6, 6, 6, 6, 6, 6, 6, 6, 6, 6, 6]]}, {"input": [[5, 5, 5, 5, 5, 5, 5, 5, 5, 5, 5, 5, 5], [9, 5, 9, 9, 5, 9, 9, 9, 5, 9, 9, 9, 9], [5, 5, 5, 5, 5, 5, 5, 5, 5, 5, 5, 5, 5], [9, 5, 9, 9, 5, 9, 9, 9, 5, 9, 9, 9, 9], [9, 5, 9, 9, 5, 9, 9, 9, 5, 9, 9, 9, 9], [5, 5, 5, 5, 5, 5, 5, 5, 5, 5, 5, 5, 5], [9, 5, 9, 9, 5, 9, 9, 9, 5, 9, 9, 9, 9], [9, 5, 9, 9, 5, 9, 9, 9, 5, 9, 9, 9, 9], [5, 5, 5, 5, 5, 5, 5, 5, 5, 5, 5, 5, 5], [9, 5, 9, 9, 5, 9, 9, 9, 5, 9, 9, 9, 9], [9, 5, 9, 9, 5, 9, 9, 9, 5, 9, 9, 9, 9], [9, 5, 9, 9, 5, 9, 9, 9, 5, 9, 9, 9, 9], [9, 5, 9, 9, 5, 9, 9, 9, 5, 9, 9, 9, 9]], "output": [[9, 9, 9, 9, 9, 9, 9, 9, 9, 9, 9, 9, 9, 9], [9, 9, 9, 9, 9, 9, 9, 9, 9, 9, 9, 9, 9, 9], [9, 9, 9, 9, 9, 9, 9, 9, 9, 9, 9, 9, 9, 9], [9, 9, 9, 9, 9, 9, 9, 9, 9, 9, 9, 9, 9, 9], [9, 9, 9, 9, 9, 9, 9, 9, 9, 9, 9, 9, 9, 9]]}, {"input": [[7, 7, 7, 7, 7, 7, 7, 7, 7, 7, 7, 7, 7, 7, 7, 7, 7, 7, 7], [6, 6, 6, 6, 6, 7, 6, 6, 6, 7, 6, 6, 7, 6, 6, 6, 6, 7, 6], [7, 7, 7, 7, 7, 7, 7, 7, 7, 7, 7, 7, 7, 7, 7, 7, 7, 7, 7], [6, 6, 6, 6, 6, 7, 6, 6, 6, 7, 6, 6, 7, 6, 6, 6, 6, 7, 6], [6, 6, 6, 6, 6, 7, 6, 6, 6, 7, 6, 6, 7, 6, 6, 6, 6, 7, 6], [6, 6, 6, 6, 6, 7, 6, 6, 6, 7, 6, 6, 7, 6, 6, 6, 6, 7, 6], [6, 6, 6, 6, 6, 7, 6, 6, 6, 7, 6, 6, 7, 6, 6, 6, 6, 7, 6], [6, 6, 6, 6, 6, 7, 6, 6, 6, 7, 6, 6, 7, 6, 6, 6, 6, 7, 6], [6, 6, 6, 6, 6, 7, 6, 6, 6, 7, 6, 6, 7, 6, 6, 6, 6, 7, 6], [6, 6, 6, 6, 6, 7, 6, 6, 6, 7, 6, 6, 7, 6, 6, 6, 6, 7, 6], [6, 6, 6, 6, 6, 7, 6, 6, 6, 7, 6, 6, 7, 6, 6, 6, 6, 7, 6], [6, 6, 6, 6, 6, 7, 6, 6, 6, 7, 6, 6, 7, 6, 6, 6, 6, 7, 6], [6, 6, 6, 6, 6, 7, 6, 6, 6, 7, 6, 6, 7, 6, 6, 6, 6, 7, 6], [6, 6, 6, 6, 6, 7, 6, 6, 6, 7, 6, 6, 7, 6, 6, 6, 6, 7, 6], [6, 6, 6, 6, 6, 7, 6, 6, 6, 7, 6, 6, 7, 6, 6, 6, 6, 7, 6], [6, 6, 6, 6, 6, 7, 6, 6, 6, 7, 6, 6, 7, 6, 6, 6, 6, 7, 6], [7, 7, 7, 7, 7, 7, 7, 7, 7, 7, 7, 7, 7, 7, 7, 7, 7, 7, 7], [6, 6, 6, 6, 6, 7, 6, 6, 6, 7, 6, 6, 7, 6, 6, 6, 6, 7, 6], [6, 6, 6, 6, 6, 7, 6, 6, 6, 7, 6, 6, 7, 6, 6, 6, 6, 7, 6]], "output": [[6, 6, 6, 6, 6, 6, 6, 6, 6, 6, 6, 6, 6, 6, 6, 6, 6, 6, 6, 6], [6, 6, 6, 6, 6, 6, 6, 6, 6, 6, 6, 6, 6, 6, 6, 6, 6, 6, 6, 6], [6, 6, 6, 6, 6, 6, 6, 6, 6, 6, 6, 6, 6, 6, 6, 6, 6, 6, 6, 6], [6, 6, 6, 6, 6, 6, 6, 6, 6, 6, 6, 6, 6, 6, 6, 6, 6, 6, 6, 6]]}, {"input": [[9, 9, 9, 4, 9, 9, 9, 9, 9, 4, 9, 4, 9, 9, 9, 9, 9], [4, 4, 4, 4, 4, 4, 4, 4, 4, 4, 4, 4, 4, 4, 4, 4, 4], [9, 9, 9, 4, 9, 9, 9, 9, 9, 4, 9, 4, 9, 9, 9, 9, 9], [9, 9, 9, 4, 9, 9, 9, 9, 9, 4, 9, 4, 9, 9, 9, 9, 9], [9, 9, 9, 4, 9, 9, 9, 9, 9, 4, 9, 4, 9, 9, 9, 9, 9], [9, 9, 9, 4, 9, 9, 9, 9, 9, 4, 9, 4, 9, 9, 9, 9, 9], [4, 4, 4, 4, 4, 4, 4, 4, 4, 4, 4, 4, 4, 4, 4, 4, 4], [9, 9, 9, 4, 9, 9, 9, 9, 9, 4, 9, 4, 9, 9, 9, 9, 9], [9, 9, 9, 4, 9, 9, 9, 9, 9, 4, 9, 4, 9, 9, 9, 9, 9], [9, 9, 9, 4, 9, 9, 9, 9, 9, 4, 9, 4, 9, 9, 9, 9, 9], [9, 9, 9, 4, 9, 9, 9, 9, 9, 4, 9, 4, 9, 9, 9, 9, 9], [4, 4, 4, 4, 4, 4, 4, 4, 4, 4, 4, 4, 4, 4, 4, 4, 4], [9, 9, 9, 4, 9, 9, 9, 9, 9, 4, 9, 4, 9, 9, 9, 9, 9], [9, 9, 9, 4, 9, 9, 9, 9, 9, 4, 9, 4, 9, 9, 9, 9, 9], [9, 9, 9, 4, 9, 9, 9, 9, 9, 4, 9, 4, 9, 9, 9, 9, 9], [9, 9, 9, 4, 9, 9, 9, 9, 9, 4, 9, 4, 9, 9, 9, 9, 9], [9, 9, 9, 4, 9, 9, 9, 9, 9, 4, 9, 4, 9, 9, 9, 9, 9]], "output": [[9, 9, 9, 9], [9, 9, 9, 9], [9, 9, 9, 9], [9, 9, 9, 9]]}, {"input": [[5, 5, 5, 5, 5, 5, 5, 5, 5, 5, 5, 5, 5], [5, 2, 2, 2, 2, 5, 2, 2, 5, 2, 2, 5, 2], [5, 2, 2, 2, 2, 5, 2, 2, 5, 2, 2, 5, 2], [5, 2, 2, 2, 2, 5, 2, 2, 5, 2, 2, 5, 2], [5, 5, 5, 5, 5, 5, 5, 5, 5, 5, 5, 5, 5], [5, 2, 2, 2, 2, 5, 2, 2, 5, 2, 2, 5, 2], [5, 5, 5, 5, 5, 5, 5, 5, 5, 5, 5, 5, 5], [5, 2, 2, 2, 2, 5, 2, 2, 5, 2, 2, 5, 2], [5, 2, 2, 2, 2, 5, 2, 2, 5, 2, 2, 5, 2], [5, 5, 5, 5, 5, 5, 5, 5, 5, 5, 5, 5, 5], [5, 2, 2, 2, 2, 5, 2, 2, 5, 2, 2, 5, 2], [5, 2, 2, 2, 2, 5, 2, 2, 5, 2, 2, 5, 2], [5, 2, 2, 2, 2, 5, 2, 2, 5, 2, 2, 5, 2]], "output": [[2, 2, 2, 2, 2, 2, 2, 2, 2, 2, 2, 2, 2, 2], [2, 2, 2, 2, 2, 2, 2, 2, 2, 2, 2, 2, 2, 2], [2, 2, 2, 2, 2, 2, 2, 2, 2, 2, 2, 2, 2, 2], [2, 2, 2, 2, 2, 2, 2, 2, 2, 2, 2, 2, 2, 2], [2, 2, 2, 2, 2, 2, 2, 2, 2, 2, 2, 2, 2, 2], [2, 2, 2, 2, 2, 2, 2, 2, 2, 2, 2, 2, 2, 2], [2, 2, 2, 2, 2, 2, 2, 2, 2, 2, 2, 2, 2, 2], [2, 2, 2, 2, 2, 2, 2, 2, 2, 2, 2, 2, 2, 2], [2, 2, 2, 2, 2, 2, 2, 2, 2, 2, 2, 2, 2, 2], [2, 2, 2, 2, 2, 2, 2, 2, 2, 2, 2, 2, 2, 2], [2, 2, 2, 2, 2, 2, 2, 2, 2, 2, 2, 2, 2, 2], [2, 2, 2, 2, 2, 2, 2, 2, 2, 2, 2, 2, 2, 2], [2, 2, 2, 2, 2, 2, 2, 2, 2, 2, 2, 2, 2, 2], [2, 2, 2, 2, 2, 2, 2, 2, 2, 2, 2, 2, 2, 2]]}, {"input": [[5, 6, 6, 6, 5, 6, 6, 6, 6, 6, 6, 6, 6, 6, 6, 6, 6, 5], [5, 6, 6, 6, 5, 6, 6, 6, 6, 6, 6, 6, 6, 6, 6, 6, 6, 5], [5, 6, 6, 6, 5, 6, 6, 6, 6, 6, 6, 6, 6, 6, 6, 6, 6, 5], [5, 6, 6, 6, 5, 6, 6, 6, 6, 6, 6, 6, 6, 6, 6, 6, 6, 5], [5, 6, 6, 6, 5, 6, 6, 6, 6, 6, 6, 6, 6, 6, 6, 6, 6, 5], [5, 6, 6, 6, 5, 6, 6, 6, 6, 6, 6, 6, 6, 6, 6, 6, 6, 5], [5, 6, 6, 6, 5, 6, 6, 6, 6, 6, 6, 6, 6, 6, 6, 6, 6, 5], [5, 6, 6, 6, 5, 6, 6, 6, 6, 6, 6, 6, 6, 6, 6, 6, 6, 5], [5, 6, 6, 6, 5, 6, 6, 6, 6, 6, 6, 6, 6, 6, 6, 6, 6, 5], [5, 5, 5, 5, 5, 5, 5, 5, 5, 5, 5, 5, 5, 5, 5, 5, 5, 5], [5, 6, 6, 6, 5, 6, 6, 6, 6, 6, 6, 6, 6, 6, 6, 6, 6, 5], [5, 6, 6, 6, 5, 6, 6, 6, 6, 6, 6, 6, 6, 6, 6, 6, 6, 5], [5, 6, 6, 6, 5, 6, 6, 6, 6, 6, 6, 6, 6, 6, 6, 6, 6, 5], [5, 5, 5, 5, 5, 5, 5, 5, 5, 5, 5, 5, 5, 5, 5, 5, 5, 5], [5, 6, 6, 6, 5, 6, 6, 6, 6, 6, 6, 6, 6, 6, 6, 6, 6, 5], [5, 6, 6, 6, 5, 6, 6, 6, 6, 6, 6, 6, 6, 6, 6, 6, 6, 5], [5, 6, 6, 6, 5, 6, 6, 6, 6, 6, 6, 6, 6, 6, 6, 6, 6, 5], [5, 6, 6, 6, 5, 6, 6, 6, 6, 6, 6, 6, 6, 6, 6, 6, 6, 5]], "output": [[6, 6, 6, 6], [6, 6, 6, 6], [6, 6, 6, 6], [6, 6, 6, 6], [6, 6, 6, 6], [6, 6, 6, 6], [6, 6, 6, 6], [6, 6, 6, 6], [6, 6, 6, 6], [6, 6, 6, 6], [6, 6, 6, 6], [6, 6, 6, 6], [6, 6, 6, 6], [6, 6, 6, 6], [6, 6, 6, 6], [6, 6, 6, 6], [6, 6, 6, 6], [6, 6, 6, 6], [6, 6, 6, 6]]}, {"input": [[8, 7, 7, 7, 7, 7, 7, 7, 8, 7, 7, 7, 7, 7, 7, 7, 7, 7, 7], [8, 8, 8, 8, 8, 8, 8, 8, 8, 8, 8, 8, 8, 8, 8, 8, 8, 8, 8], [8, 7, 7, 7, 7, 7, 7, 7, 8, 7, 7, 7, 7, 7, 7, 7, 7, 7, 7], [8, 7, 7, 7, 7, 7, 7, 7, 8, 7, 7, 7, 7, 7, 7, 7, 7, 7, 7], [8, 7, 7, 7, 7, 7, 7, 7, 8, 7, 7, 7, 7, 7, 7, 7, 7, 7, 7], [8, 7, 7, 7, 7, 7, 7, 7, 8, 7, 7, 7, 7, 7, 7, 7, 7, 7, 7], [8, 7, 7, 7, 7, 7, 7, 7, 8, 7, 7, 7, 7, 7, 7, 7, 7, 7, 7], [8, 8, 8, 8, 8, 8, 8, 8, 8, 8, 8, 8, 8, 8, 8, 8, 8, 8, 8], [8, 7, 7, 7, 7, 7, 7, 7, 8, 7, 7, 7, 7, 7, 7, 7, 7, 7, 7], [8, 7, 7, 7, 7, 7, 7, 7, 8, 7, 7, 7, 7, 7, 7, 7, 7, 7, 7], [8, 7, 7, 7, 7, 7, 7, 7, 8, 7, 7, 7, 7, 7, 7, 7, 7, 7, 7], [8, 8, 8, 8, 8, 8, 8, 8, 8, 8, 8, 8, 8, 8, 8, 8, 8, 8, 8], [8, 7, 7, 7, 7, 7, 7, 7, 8, 7, 7, 7, 7, 7, 7, 7, 7, 7, 7], [8, 8, 8, 8, 8, 8, 8, 8, 8, 8, 8, 8, 8, 8, 8, 8, 8, 8, 8], [8, 7, 7, 7, 7, 7, 7, 7, 8, 7, 7, 7, 7, 7, 7, 7, 7, 7, 7], [8, 8, 8, 8, 8, 8, 8, 8, 8, 8, 8, 8, 8, 8, 8, 8, 8, 8, 8], [8, 7, 7, 7, 7, 7, 7, 7, 8, 7, 7, 7, 7, 7, 7, 7, 7, 7, 7], [8, 7, 7, 7, 7, 7, 7, 7, 8, 7, 7, 7, 7, 7, 7, 7, 7, 7, 7], [8, 7, 7, 7, 7, 7, 7, 7, 8, 7, 7, 7, 7, 7, 7, 7, 7, 7, 7]], "output": [[7, 7, 7], [7, 7, 7], [7, 7, 7], [7, 7, 7], [7, 7, 7], [7, 7, 7], [7, 7, 7], [7, 7, 7], [7, 7, 7], [7, 7, 7], [7, 7, 7], [7, 7, 7], [7, 7, 7], [7, 7, 7], [7, 7, 7], [7, 7, 7], [7, 7, 7], [7, 7, 7], [7, 7, 7], [7, 7, 7]]}, {"input": [[3, 3, 3, 3, 3, 3, 3, 3, 3, 3, 3, 3, 3], [1, 1, 1, 3, 1, 1, 1, 3, 1, 1, 1, 3, 1], [1, 1, 1, 3, 1, 1, 1, 3, 1, 1, 1, 3, 1], [1, 1, 1, 3, 1, 1, 1, 3, 1, 1, 1, 3, 1], [1, 1, 1, 3, 1, 1, 1, 3, 1, 1, 1, 3, 1], [1, 1, 1, 3, 1, 1, 1, 3, 1, 1, 1, 3, 1], [3, 3, 3, 3, 3, 3, 3, 3, 3, 3, 3, 3, 3], [1, 1, 1, 3, 1, 1, 1, 3, 1, 1, 1, 3, 1], [3, 3, 3, 3, 3, 3, 3, 3, 3, 3, 3, 3, 3], [1, 1, 1, 3, 1, 1, 1, 3, 1, 1, 1, 3, 1], [1, 1, 1, 3, 1, 1, 1, 3, 1, 1, 1, 3, 1], [1, 1, 1, 3, 1, 1, 1, 3, 1, 1, 1, 3, 1], [1, 1, 1, 3, 1, 1, 1, 3, 1, 1, 1, 3, 1]], "output": [[1, 1, 1, 1, 1, 1, 1, 1, 1, 1, 1, 1, 1, 1], [1, 1, 1, 1, 1, 1, 1, 1, 1, 1, 1, 1, 1, 1], [1, 1, 1, 1, 1, 1, 1, 1, 1, 1, 1, 1, 1, 1], [1, 1, 1, 1, 1, 1, 1, 1, 1, 1, 1, 1, 1, 1]]}, {"input": [[2, 1, 2, 2, 2, 2, 2, 2, 2, 2, 1, 2, 2, 2], [1, 1, 1, 1, 1, 1, 1, 1, 1, 1, 1, 1, 1, 1], [2, 1, 2, 2, 2, 2, 2, 2, 2, 2, 1, 2, 2, 2], [2, 1, 2, 2, 2, 2, 2, 2, 2, 2, 1, 2, 2, 2], [2, 1, 2, 2, 2, 2, 2, 2, 2, 2, 1, 2, 2, 2], [1, 1, 1, 1, 1, 1, 1, 1, 1, 1, 1, 1, 1, 1], [2, 1, 2, 2, 2, 2, 2, 2, 2, 2, 1, 2, 2, 2], [2, 1, 2, 2, 2, 2, 2, 2, 2, 2, 1, 2, 2, 2], [1, 1, 1, 1, 1, 1, 1, 1, 1, 1, 1, 1, 1, 1], [2, 1, 2, 2, 2, 2, 2, 2, 2, 2, 1, 2, 2, 2], [2, 1, 2, 2, 2, 2, 2, 2, 2, 2, 1, 2, 2, 2], [2, 1, 2, 2, 2, 2, 2, 2, 2, 2, 1, 2, 2, 2], [2, 1, 2, 2, 2, 2, 2, 2, 2, 2, 1, 2, 2, 2], [2, 1, 2, 2, 2, 2, 2, 2, 2, 2, 1, 2, 2, 2]], "output": [[2, 2, 2], [2, 2, 2], [2, 2, 2], [2, 2, 2]]}, {"input": [[6, 3, 3, 3, 3, 3, 6, 3, 3, 3, 6, 3, 3, 3, 6, 3, 6], [6, 6, 6, 6, 6, 6, 6, 6, 6, 6, 6, 6, 6, 6, 6, 6, 6], [6, 3, 3, 3, 3, 3, 6, 3, 3, 3, 6, 3, 3, 3, 6, 3, 6], [6, 3, 3, 3, 3, 3, 6, 3, 3, 3, 6, 3, 3, 3, 6, 3, 6], [6, 6, 6, 6, 6, 6, 6, 6, 6, 6, 6, 6, 6, 6, 6, 6, 6], [6, 3, 3, 3, 3, 3, 6, 3, 3, 3, 6, 3, 3, 3, 6, 3, 6], [6, 3, 3, 3, 3, 3, 6, 3, 3, 3, 6, 3, 3, 3, 6, 3, 6], [6, 3, 3, 3, 3, 3, 6, 3, 3, 3, 6, 3, 3, 3, 6, 3, 6], [6, 6, 6, 6, 6, 6, 6, 6, 6, 6, 6, 6, 6, 6, 6, 6, 6], [6, 3, 3, 3, 3, 3, 6, 3, 3, 3, 6, 3, 3, 3, 6, 3, 6], [6, 6, 6, 6, 6, 6, 6, 6, 6, 6, 6, 6, 6, 6, 6, 6, 6], [6, 3, 3, 3, 3, 3, 6, 3, 3, 3, 6, 3, 3, 3, 6, 3, 6], [6, 3, 3, 3, 3, 3, 6, 3, 3, 3, 6, 3, 3, 3, 6, 3, 6], [6, 3, 3, 3, 3, 3, 6, 3, 3, 3, 6, 3, 3, 3, 6, 3, 6], [6, 3, 3, 3, 3, 3, 6, 3, 3, 3, 6, 3, 3, 3, 6, 3, 6], [6, 3, 3, 3, 3, 3, 6, 3, 3, 3, 6, 3, 3, 3, 6, 3, 6], [6, 6, 6, 6, 6, 6, 6, 6, 6, 6, 6, 6, 6, 6, 6, 6, 6]], "output": [[3, 3, 3, 3, 3, 3], [3, 3, 3, 3, 3, 3], [3, 3, 3, 3, 3, 3], [3, 3, 3, 3, 3, 3], [3, 3, 3, 3, 3, 3], [3, 3, 3, 3, 3, 3], [3, 3, 3, 3, 3, 3], [3, 3, 3, 3, 3, 3], [3, 3, 3, 3, 3, 3], [3, 3, 3, 3, 3, 3], [3, 3, 3, 3, 3, 3], [3, 3, 3, 3, 3, 3], [3, 3, 3, 3, 3, 3], [3, 3, 3, 3, 3, 3], [3, 3, 3, 3, 3, 3], [3, 3, 3, 3, 3, 3], [3, 3, 3, 3, 3, 3], [3, 3, 3, 3, 3, 3]]}, {"input": [[8, 8, 8, 8, 8, 8, 8, 8, 8, 6, 8, 8, 6, 8, 8, 8, 8, 6, 8], [8, 8, 8, 8, 8, 8, 8, 8, 8, 6, 8, 8, 6, 8, 8, 8, 8, 6, 8], [8, 8, 8, 8, 8, 8, 8, 8, 8, 6, 8, 8, 6, 8, 8, 8, 8, 6, 8], [8, 8, 8, 8, 8, 8, 8, 8, 8, 6, 8, 8, 6, 8, 8, 8, 8, 6, 8], [6, 6, 6, 6, 6, 6, 6, 6, 6, 6, 6, 6, 6, 6, 6, 6, 6, 6, 6], [8, 8, 8, 8, 8, 8, 8, 8, 8, 6, 8, 8, 6, 8, 8, 8, 8, 6, 8], [8, 8, 8, 8, 8, 8, 8, 8, 8, 6, 8, 8, 6, 8, 8, 8, 8, 6, 8], [8, 8, 8, 8, 8, 8, 8, 8, 8, 6, 8, 8, 6, 8, 8, 8, 8, 6, 8], [8, 8, 8, 8, 8, 8, 8, 8, 8, 6, 8, 8, 6, 8, 8, 8, 8, 6, 8], [8, 8, 8, 8, 8, 8, 8, 8, 8, 6, 8, 8, 6, 8, 8, 8, 8, 6, 8], [8, 8, 8, 8, 8, 8, 8, 8, 8, 6, 8, 8, 6, 8, 8, 8, 8, 6, 8], [8, 8, 8, 8, 8, 8, 8, 8, 8, 6, 8, 8, 6, 8, 8, 8, 8, 6, 8], [8, 8, 8, 8, 8, 8, 8, 8, 8, 6, 8, 8, 6, 8, 8, 8, 8, 6, 8], [8, 8, 8, 8, 8, 8, 8, 8, 8, 6, 8, 8, 6, 8, 8, 8, 8, 6, 8], [8, 8, 8, 8, 8, 8, 8, 8, 8, 6, 8, 8, 6, 8, 8, 8, 8, 6, 8], [8, 8, 8, 8, 8, 8, 8, 8, 8, 6, 8, 8, 6, 8, 8, 8, 8, 6, 8], [8, 8, 8, 8, 8, 8, 8, 8, 8, 6, 8, 8, 6, 8, 8, 8, 8, 6, 8], [8, 8, 8, 8, 8, 8, 8, 8, 8, 6, 8, 8, 6, 8, 8, 8, 8, 6, 8], [8, 8, 8, 8, 8, 8, 8, 8, 8, 6, 8, 8, 6, 8, 8, 8, 8, 6, 8]], "output": [[8, 8, 8, 8], [8, 8, 8, 8]]}, {"input": [[3, 9, 3, 3, 3, 3, 3, 3, 3, 3, 3, 3, 3, 3, 3, 3, 3, 3, 3], [9, 9, 9, 9, 9, 9, 9, 9, 9, 9, 9, 9, 9, 9, 9, 9, 9, 9, 9], [3, 9, 3, 3, 3, 3, 3, 3, 3, 3, 3, 3, 3, 3, 3, 3, 3, 3, 3], [9, 9, 9, 9, 9, 9, 9, 9, 9, 9, 9, 9, 9, 9, 9, 9, 9, 9, 9], [3, 9, 3, 3, 3, 3, 3, 3, 3, 3, 3, 3, 3, 3, 3, 3, 3, 3, 3], [9, 9, 9, 9, 9, 9, 9, 9, 9, 9, 9, 9, 9, 9, 9, 9, 9, 9, 9], [3, 9, 3, 3, 3, 3, 3, 3, 3, 3, 3, 3, 3, 3, 3, 3, 3, 3, 3], [3, 9, 3, 3, 3, 3, 3, 3, 3, 3, 3, 3, 3, 3, 3, 3, 3, 3, 3], [3, 9, 3, 3, 3, 3, 3, 3, 3, 3, 3, 3, 3, 3, 3, 3, 3, 3, 3], [3, 9, 3, 3, 3, 3, 3, 3, 3, 3, 3, 3, 3, 3, 3, 3, 3, 3, 3], [9, 9, 9, 9, 9, 9, 9, 9, 9, 9, 9, 9, 9, 9, 9, 9, 9, 9, 9], [3, 9, 3, 3, 3, 3, 3, 3, 3, 3, 3, 3, 3, 3, 3, 3, 3, 3, 3], [3, 9, 3, 3, 3, 3, 3, 3, 3, 3, 3, 3, 3, 3, 3, 3, 3, 3, 3], [3, 9, 3, 3, 3, 3, 3, 3, 3, 3, 3, 3, 3, 3, 3, 3, 3, 3, 3], [9, 9, 9, 9, 9, 9, 9, 9, 9, 9, 9, 9, 9, 9, 9, 9, 9, 9, 9], [3, 9, 3, 3, 3, 3, 3, 3, 3, 3, 3, 3, 3, 3, 3, 3, 3, 3, 3], [3, 9, 3, 3, 3, 3, 3, 3, 3, 3, 3, 3, 3, 3, 3, 3, 3, 3, 3], [3, 9, 3, 3, 3, 3, 3, 3, 3, 3, 3, 3, 3, 3, 3, 3, 3, 3, 3], [3, 9, 3, 3, 3, 3, 3, 3, 3, 3, 3, 3, 3, 3, 3, 3, 3, 3, 3]], "output": [[3, 3], [3, 3], [3, 3], [3, 3], [3, 3], [3, 3]]}, {"input": [[6, 4, 4, 4, 6, 4, 4, 4, 4, 4, 4, 4, 6, 4, 4, 4, 4], [6, 6, 6, 6, 6, 6, 6, 6, 6, 6, 6, 6, 6, 6, 6, 6, 6], [6, 4, 4, 4, 6, 4, 4, 4, 4, 4, 4, 4, 6, 4, 4, 4, 4], [6, 4, 4, 4, 6, 4, 4, 4, 4, 4, 4, 4, 6, 4, 4, 4, 4], [6, 4, 4, 4, 6, 4, 4, 4, 4, 4, 4, 4, 6, 4, 4, 4, 4], [6, 4, 4, 4, 6, 4, 4, 4, 4, 4, 4, 4, 6, 4, 4, 4, 4], [6, 4, 4, 4, 6, 4, 4, 4, 4, 4, 4, 4, 6, 4, 4, 4, 4], [6, 6, 6, 6, 6, 6, 6, 6, 6, 6, 6, 6, 6, 6, 6, 6, 6], [6, 4, 4, 4, 6, 4, 4, 4, 4, 4, 4, 4, 6, 4, 4, 4, 4], [6, 4, 4, 4, 6, 4, 4, 4, 4, 4, 4, 4, 6, 4, 4, 4, 4], [6, 6, 6, 6, 6, 6, 6, 6, 6, 6, 6, 6, 6, 6, 6, 6, 6], [6, 4, 4, 4, 6, 4, 4, 4, 4, 4, 4, 4, 6, 4, 4, 4, 4], [6, 4, 4, 4, 6, 4, 4, 4, 4, 4, 4, 4, 6, 4, 4, 4, 4], [6, 6, 6, 6, 6, 6, 6, 6, 6, 6, 6, 6, 6, 6, 6, 6, 6], [6, 4, 4, 4, 6, 4, 4, 4, 4, 4, 4, 4, 6, 4, 4, 4, 4], [6, 6, 6, 6, 6, 6, 6, 6, 6, 6, 6, 6, 6, 6, 6, 6, 6], [6, 4, 4, 4, 6, 4, 4, 4, 4, 4, 4, 4, 6, 4, 4, 4, 4]], "output": [[4, 4, 4, 4], [4, 4, 4, 4], [4, 4, 4, 4], [4, 4, 4, 4], [4, 4, 4, 4], [4, 4, 4, 4], [4, 4, 4, 4], [4, 4, 4, 4], [4, 4, 4, 4], [4, 4, 4, 4], [4, 4, 4, 4], [4, 4, 4, 4], [4, 4, 4, 4], [4, 4, 4, 4], [4, 4, 4, 4], [4, 4, 4, 4], [4, 4, 4, 4], [4, 4, 4, 4]]}, {"input": [[3, 3, 3, 3, 3, 5, 3, 3, 3, 3, 5, 3, 3, 5, 3], [3, 3, 3, 3, 3, 5, 3, 3, 3, 3, 5, 3, 3, 5, 3], [3, 3, 3, 3, 3, 5, 3, 3, 3, 3, 5, 3, 3, 5, 3], [5, 5, 5, 5, 5, 5, 5, 5, 5, 5, 5, 5, 5, 5, 5], [3, 3, 3, 3, 3, 5, 3, 3, 3, 3, 5, 3, 3, 5, 3], [5, 5, 5, 5, 5, 5, 5, 5, 5, 5, 5, 5, 5, 5, 5], [3, 3, 3, 3, 3, 5, 3, 3, 3, 3, 5, 3, 3, 5, 3], [3, 3, 3, 3, 3, 5, 3, 3, 3, 3, 5, 3, 3, 5, 3], [3, 3, 3, 3, 3, 5, 3, 3, 3, 3, 5, 3, 3, 5, 3], [3, 3, 3, 3, 3, 5, 3, 3, 3, 3, 5, 3, 3, 5, 3], [3, 3, 3, 3, 3, 5, 3, 3, 3, 3, 5, 3, 3, 5, 3], [5, 5, 5, 5, 5, 5, 5, 5, 5, 5, 5, 5, 5, 5, 5], [3, 3, 3, 3, 3, 5, 3, 3, 3, 3, 5, 3, 3, 5, 3], [3, 3, 3, 3, 3, 5, 3, 3, 3, 3, 5, 3, 3, 5, 3], [3, 3, 3, 3, 3, 5, 3, 3, 3, 3, 5, 3, 3, 5, 3]], "output": [[3, 3, 3, 3], [3, 3, 3, 3], [3, 3, 3, 3], [3, 3, 3, 3]]}]
