[{"input": [[0, 0, 2, 0, 0, 0, 0, 0, 0, 0, 0, 0, 0, 0, 0, 0, 0, 0], [0, 0, 0, 0, 0, 0, 0, 0, 0, 0, 0, 0, 0, 0, 0, 0, 0, 0], [0, 0, 0, 0, 0, 0, 0, 0, 0, 0, 0, 0, 0, 0, 0, 0, 0, 0], [0, 0, 0, 0, 0, 0, 0, 0, 0, 0, 0, 0, 0, 0, 0, 4, 0, 0], [0, 0, 0, 0, 0, 0, 0, 0, 0, 0, 0, 0, 0, 0, 0, 0, 0, 0], [0, 0, 0, 0, 0, 0, 0, 0, 0, 0, 0, 0, 0, 0, 0, 0, 0, 0], [0, 0, 0, 0, 0, 0, 0, 0, 0, 0, 0, 0, 0, 0, 0, 0, 0, 0], [0, 0, 0, 0, 0, 0, 0, 0, 0, 0, 0, 0, 0, 0, 0, 0, 0, 0], [0, 0, 0, 0, 0, 0, 0, 0, 0, 0, 0, 0, 0, 0, 0, 0, 0, 0], [0, 0, 0, 0, 0, 0, 0, 0, 0, 0, 0, 0, 0, 0, 0, 0, 0, 0], [0, 0, 0, 0, 0, 0, 0, 0, 0, 0, 0, 0, 0, 0, 0, 0, 0, 0], [0, 0, 0, 0, 0, 0, 0, 0, 0, 0, 0, 0, 0, 0, 0, 0, 0, 0], [0, 0, 0, 0, 0, 0, 0, 0, 0, 0, 0, 0, 0, 0, 0, 0, 0, 0], [0, 0, 0, 0, 0, 0, 0, 0, 0, 0, 0, 0, 0, 0, 0, 0, 0, 0], [0, 0, 0, 0, 0, 0, 0, 0, 0, 0, 0, 0, 0, 0, 0, 0, 0, 0]], "output": [[2, 2, 2, 2, 2, 2, 2, 2, 2, 4, 4, 4, 4, 4, 4, 4, 4, 4], [2, 0, 2, 0, 0, 0, 0, 0, 0, 0, 0, 0, 0, 0, 0, 4, 0, 4], [2, 0, 2, 0, 0, 0, 0, 0, 0, 0, 0, 0, 0, 0, 0, 4, 0, 4], [2, 0, 2, 0, 0, 0, 0, 0, 0, 0, 0, 0, 0, 0, 0, 4, 0, 4], [2, 0, 2, 0, 0, 0, 0, 0, 0, 0, 0, 0, 0, 0, 0, 4, 0, 4], [2, 0, 2, 0, 0, 0, 0, 0, 0, 0, 0, 0, 0, 0, 0, 4, 0, 4], [2, 0, 2, 0, 0, 0, 0, 0, 0, 0, 0, 0, 0, 0, 0, 4, 0, 4], [2, 0, 2, 0, 0, 0, 0, 0, 0, 0, 0, 0, 0, 0, 0, 4, 0, 4], [2, 0, 2, 0, 0, 0, 0, 0, 0, 0, 0, 0, 0, 0, 0, 4, 0, 4], [2, 0, 2, 0, 0, 0, 0, 0, 0, 0, 0, 0, 0, 0, 0, 4, 0, 4], [2, 0, 2, 0, 0, 0, 0, 0, 0, 0, 0, 0, 0, 0, 0, 4, 0, 4], [2, 0, 2, 0, 0, 0, 0, 0, 0, 0, 0, 0, 0, 0, 0, 4, 0, 4], [2, 0, 2, 0, 0, 0, 0, 0, 0, 0, 0, 0, 0, 0, 0, 4, 0, 4], [2, 0, 2, 0, 0, 0, 0, 0, 0, 0, 0, 0, 0, 0, 0, 4, 0, 4], [2, 2, 2, 2, 2, 2, 2, 2, 2, 4, 4, 4, 4, 4, 4, 4, 4, 4]]}, {"input": [[0, 0, 0, 0, 0, 0, 0, 0, 0, 0, 0, 0, 0, 0], [0, 0, 8, 0, 0, 0, 0, 0, 0, 0, 0, 0, 0, 0], [0, 0, 0, 0, 0, 0, 0, 0, 0, 0, 0, 0, 0, 0], [0, 0, 0, 0, 0, 0, 0, 0, 0, 0, 0, 0, 0, 0], [0, 0, 0, 0, 0, 0, 0, 0, 0, 0, 0, 0, 0, 0], [0, 0, 0, 0, 0, 0, 0, 0, 0, 0, 0, 3, 0, 0], [0, 0, 0, 0, 0, 0, 0, 0, 0, 0, 0, 0, 0, 0], [0, 0, 0, 0, 0, 0, 0, 0, 0, 0, 0, 0, 0, 0], [0, 0, 0, 0, 0, 0, 0, 0, 0, 0, 0, 0, 0, 0], [0, 0, 0, 0, 0, 0, 0, 0, 0, 0, 0, 0, 0, 0]], "output": [[8, 8, 8, 8, 8, 8, 8, 3, 3, 3, 3, 3, 3, 3], [8, 0, 8, 0, 0, 0, 0, 0, 0, 0, 0, 3, 0, 3], [8, 0, 8, 0, 0, 0, 0, 0, 0, 0, 0, 3, 0, 3], [8, 0, 8, 0, 0, 0, 0, 0, 0, 0, 0, 3, 0, 3], [8, 0, 8, 0, 0, 0, 0, 0, 0, 0, 0, 3, 0, 3], [8, 0, 8, 0, 0, 0, 0, 0, 0, 0, 0, 3, 0, 3], [8, 0, 8, 0, 0, 0, 0, 0, 0, 0, 0, 3, 0, 3], [8, 0, 8, 0, 0, 0, 0, 0, 0, 0, 0, 3, 0, 3], [8, 0, 8, 0, 0, 0, 0, 0, 0, 0, 0, 3, 0, 3], [8, 8, 8, 8, 8, 8, 8, 3, 3, 3, 3, 3, 3, 3]]}, {"input": [[0, 0, 0, 0, 0, 0, 0, 0, 0, 0, 0, 0, 0, 0, 0, 0], [0, 0, 0, 0, 0, 0, 0, 0, 0, 0, 0, 0, 0, 0, 0, 0], [0, 0, 0, 0, 0, 0, 0, 0, 0, 0, 0, 0, 0, 0, 0, 0], [0, 0, 0, 0, 0, 0, 0, 0, 0, 0, 0, 9, 0, 0, 0, 0], [0, 0, 0, 0, 0, 0, 0, 0, 0, 0, 0, 0, 0, 0, 0, 0], [0, 0, 0, 0, 0, 0, 0, 0, 0, 0, 0, 0, 0, 0, 0, 0], [0, 0, 0, 0, 0, 0, 0, 0, 0, 0, 0, 0, 0, 0, 0, 0], [0, 0, 0, 0, 0, 0, 0, 0, 0, 0, 0, 0, 0, 0, 0, 0], [0, 0, 0, 0, 0, 0, 0, 0, 0, 0, 0, 0, 0, 0, 0, 0], [0, 0, 0, 0, 0, 0, 0, 0, 0, 0, 0, 0, 0, 0, 0, 0], [0, 0, 0, 0, 0, 8, 0, 0, 0, 0, 0, 0, 0, 0, 0, 0], [0, 0, 0, 0, 0, 0, 0, 0, 0, 0, 0, 0, 0, 0, 0, 0]], "output": [[8, 8, 8, 8, 8, 8, 8, 8, 9, 9, 9, 9, 9, 9, 9, 9], [8, 0, 0, 0, 0, 8, 0, 0, 0, 0, 0, 9, 0, 0, 0, 9], [8, 0, 0, 0, 0, 8, 0, 0, 0, 0, 0, 9, 0, 0, 0, 9], [8, 0, 0, 0, 0, 8, 0, 0, 0, 0, 0, 9, 0, 0, 0, 9], [8, 0, 0, 0, 0, 8, 0, 0, 0, 0, 0, 9, 0, 0, 0, 9], [8, 0, 0, 0, 0, 8, 0, 0, 0, 0, 0, 9, 0, 0, 0, 9], [8, 0, 0, 0, 0, 8, 0, 0, 0, 0, 0, 9, 0, 0, 0, 9], [8, 0, 0, 0, 0, 8, 0, 0, 0, 0, 0, 9, 0, 0, 0, 9], [8, 0, 0, 0, 0, 8, 0, 0, 0, 0, 0, 9, 0, 0, 0, 9], [8, 0, 0, 0, 0, 8, 0, 0, 0, 0, 0, 9, 0, 0, 0, 9], [8, 0, 0, 0, 0, 8, 0, 0, 0, 0, 0, 9, 0, 0, 0, 9], [8, 8, 8, 8, 8, 8, 8, 8, 9, 9, 9, 9, 9, 9, 9, 9]]}, {"input": [[0, 0, 0, 0, 0, 0, 0, 0, 0, 0, 0, 0, 0, 0], [0, 0, 0, 0, 0, 0, 0, 0, 0, 0, 9, 0, 0, 0], [0, 0, 0, 4, 0, 0, 0, 0, 0, 0, 0, 0, 0, 0], [0, 0, 0, 0, 0, 0, 0, 0, 0, 0, 0, 0, 0, 0], [0, 0, 0, 0, 0, 0, 0, 0, 0, 0, 0, 0, 0, 0], [0, 0, 0, 0, 0, 0, 0, 0, 0, 0, 0, 0, 0, 0], [0, 0, 0, 0, 0, 0, 0, 0, 0, 0, 0, 0, 0, 0], [0, 0, 0, 0, 0, 0, 0, 0, 0, 0, 0, 0, 0, 0], [0, 0, 0, 0, 0, 0, 0, 0, 0, 0, 0, 0, 0, 0], [0, 0, 0, 0, 0, 0, 0, 0, 0, 0, 0, 0, 0, 0], [0, 0, 0, 0, 0, 0, 0, 0, 0, 0, 0, 0, 0, 0], [0, 0, 0, 0, 0, 0, 0, 0, 0, 0, 0, 0, 0, 0], [0, 0, 0, 0, 0, 0, 0, 0, 0, 0, 0, 0, 0, 0], [0, 0, 0, 0, 0, 0, 0, 0, 0, 0, 0, 0, 0, 0]], "output": [[4, 4, 4, 4, 4, 4, 4, 9, 9, 9, 9, 9, 9, 9], [4, 0, 0, 4, 0, 0, 0, 0, 0, 0, 9, 0, 0, 9], [4, 0, 0, 4, 0, 0, 0, 0, 0, 0, 9, 0, 0, 9], [4, 0, 0, 4, 0, 0, 0, 0, 0, 0, 9, 0, 0, 9], [4, 0, 0, 4, 0, 0, 0, 0, 0, 0, 9, 0, 0, 9], [4, 0, 0, 4, 0, 0, 0, 0, 0, 0, 9, 0, 0, 9], [4, 0, 0, 4, 0, 0, 0, 0, 0, 0, 9, 0, 0, 9], [4, 0, 0, 4, 0, 0, 0, 0, 0, 0, 9, 0, 0, 9], [4, 0, 0, 4, 0, 0, 0, 0, 0, 0, 9, 0, 0, 9], [4, 0, 0, 4, 0, 0, 0, 0, 0, 0, 9, 0, 0, 9], [4, 0, 0, 4, 0, 0, 0, 0, 0, 0, 9, 0, 0, 9], [4, 0, 0, 4, 0, 0, 0, 0, 0, 0, 9, 0, 0, 9], [4, 0, 0, 4, 0, 0, 0, 0, 0, 0, 9, 0, 0, 9], [4, 4, 4, 4, 4, 4, 4, 9, 9, 9, 9, 9, 9, 9]]}, {"input": [[0, 0, 0, 0, 0, 6, 0, 0, 0, 0, 0, 0, 0, 0], [0, 0, 0, 0, 0, 0, 0, 0, 0, 0, 0, 0, 0, 0], [0, 0, 0, 0, 0, 0, 0, 0, 0, 0, 0, 0, 0, 0], [0, 0, 0, 0, 0, 0, 0, 0, 0, 7, 0, 0, 0, 0], [0, 0, 0, 0, 0, 0, 0, 0, 0, 0, 0, 0, 0, 0], [0, 0, 0, 0, 0, 0, 0, 0, 0, 0, 0, 0, 0, 0], [0, 0, 0, 0, 0, 0, 0, 0, 0, 0, 0, 0, 0, 0], [0, 0, 0, 0, 0, 0, 0, 0, 0, 0, 0, 0, 0, 0], [0, 0, 0, 0, 0, 0, 0, 0, 0, 0, 0, 0, 0, 0], [0, 0, 0, 0, 0, 0, 0, 0, 0, 0, 0, 0, 0, 0], [0, 0, 0, 0, 0, 0, 0, 0, 0, 0, 0, 0, 0, 0], [0, 0, 0, 0, 0, 0, 0, 0, 0, 0, 0, 0, 0, 0], [0, 0, 0, 0, 0, 0, 0, 0, 0, 0, 0, 0, 0, 0], [0, 0, 0, 0, 0, 0, 0, 0, 0, 0, 0, 0, 0, 0], [0, 0, 0, 0, 0, 0, 0, 0, 0, 0, 0, 0, 0, 0], [0, 0, 0, 0, 0, 0, 0, 0, 0, 0, 0, 0, 0, 0], [0, 0, 0, 0, 0, 0, 0, 0, 0, 0, 0, 0, 0, 0]], "output": [[6, 6, 6, 6, 6, 6, 6, 7, 7, 7, 7, 7, 7, 7], [6, 0, 0, 0, 0, 6, 0, 0, 0, 7, 0, 0, 0, 7], [6, 0, 0, 0, 0, 6, 0, 0, 0, 7, 0, 0, 0, 7], [6, 0, 0, 0, 0, 6, 0, 0, 0, 7, 0, 0, 0, 7], [6, 0, 0, 0, 0, 6, 0, 0, 0, 7, 0, 0, 0, 7], [6, 0, 0, 0, 0, 6, 0, 0, 0, 7, 0, 0, 0, 7], [6, 0, 0, 0, 0, 6, 0, 0, 0, 7, 0, 0, 0, 7], [6, 0, 0, 0, 0, 6, 0, 0, 0, 7, 0, 0, 0, 7], [6, 0, 0, 0, 0, 6, 0, 0, 0, 7, 0, 0, 0, 7], [6, 0, 0, 0, 0, 6, 0, 0, 0, 7, 0, 0, 0, 7], [6, 0, 0, 0, 0, 6, 0, 0, 0, 7, 0, 0, 0, 7], [6, 0, 0, 0, 0, 6, 0, 0, 0, 7, 0, 0, 0, 7], [6, 0, 0, 0, 0, 6, 0, 0, 0, 7, 0, 0, 0, 7], [6, 0, 0, 0, 0, 6, 0, 0, 0, 7, 0, 0, 0, 7], [6, 0, 0, 0, 0, 6, 0, 0, 0, 7, 0, 0, 0, 7], [6, 0, 0, 0, 0, 6, 0, 0, 0, 7, 0, 0, 0, 7], [6, 6, 6, 6, 6, 6, 6, 7, 7, 7, 7, 7, 7, 7]]}, {"input": [[0, 0, 0, 0, 6, 0, 0, 0, 0, 0, 0, 0, 0, 0], [0, 0, 0, 0, 0, 0, 0, 0, 0, 0, 0, 0, 0, 0], [0, 0, 0, 0, 0, 0, 0, 0, 0, 0, 0, 0, 0, 0], [0, 0, 0, 0, 0, 0, 0, 0, 0, 0, 0, 0, 0, 0], [0, 0, 0, 0, 0, 0, 0, 0, 0, 0, 0, 8, 0, 0], [0, 0, 0, 0, 0, 0, 0, 0, 0, 0, 0, 0, 0, 0], [0, 0, 0, 0, 0, 0, 0, 0, 0, 0, 0, 0, 0, 0], [0, 0, 0, 0, 0, 0, 0, 0, 0, 0, 0, 0, 0, 0], [0, 0, 0, 0, 0, 0, 0, 0, 0, 0, 0, 0, 0, 0], [0, 0, 0, 0, 0, 0, 0, 0, 0, 0, 0, 0, 0, 0], [0, 0, 0, 0, 0, 0, 0, 0, 0, 0, 0, 0, 0, 0], [0, 0, 0, 0, 0, 0, 0, 0, 0, 0, 0, 0, 0, 0], [0, 0, 0, 0, 0, 0, 0, 0, 0, 0, 0, 0, 0, 0]], "output": [[6, 6, 6, 6, 6, 6, 6, 8, 8, 8, 8, 8, 8, 8], [6, 0, 0, 0, 6, 0, 0, 0, 0, 0, 0, 8, 0, 8], [6, 0, 0, 0, 6, 0, 0, 0, 0, 0, 0, 8, 0, 8], [6, 0, 0, 0, 6, 0, 0, 0, 0, 0, 0, 8, 0, 8], [6, 0, 0, 0, 6, 0, 0, 0, 0, 0, 0, 8, 0, 8], [6, 0, 0, 0, 6, 0, 0, 0, 0, 0, 0, 8, 0, 8], [6, 0, 0, 0, 6, 0, 0, 0, 0, 0, 0, 8, 0, 8], [6, 0, 0, 0, 6, 0, 0, 0, 0, 0, 0, 8, 0, 8], [6, 0, 0, 0, 6, 0, 0, 0, 0, 0, 0, 8, 0, 8], [6, 0, 0, 0, 6, 0, 0, 0, 0, 0, 0, 8, 0, 8], [6, 0, 0, 0, 6, 0, 0, 0, 0, 0, 0, 8, 0, 8], [6, 0, 0, 0, 6, 0, 0, 0, 0, 0, 0, 8, 0, 8], [6, 6, 6, 6, 6, 6, 6, 8, 8, 8, 8, 8, 8, 8]]}, {"input": [[0, 0, 0, 0, 0, 0, 0, 0, 0, 0, 0, 0, 0, 0, 0, 0], [0, 0, 0, 4, 0, 0, 0, 0, 0, 0, 0, 0, 0, 0, 0, 0], [0, 0, 0, 0, 0, 0, 0, 0, 0, 0, 0, 0, 8, 0, 0, 0], [0, 0, 0, 0, 0, 0, 0, 0, 0, 0, 0, 0, 0, 0, 0, 0], [0, 0, 0, 0, 0, 0, 0, 0, 0, 0, 0, 0, 0, 0, 0, 0], [0, 0, 0, 0, 0, 0, 0, 0, 0, 0, 0, 0, 0, 0, 0, 0], [0, 0, 0, 0, 0, 0, 0, 0, 0, 0, 0, 0, 0, 0, 0, 0], [0, 0, 0, 0, 0, 0, 0, 0, 0, 0, 0, 0, 0, 0, 0, 0], [0, 0, 0, 0, 0, 0, 0, 0, 0, 0, 0, 0, 0, 0, 0, 0], [0, 0, 0, 0, 0, 0, 0, 0, 0, 0, 0, 0, 0, 0, 0, 0], [0, 0, 0, 0, 0, 0, 0, 0, 0, 0, 0, 0, 0, 0, 0, 0]], "output": [[4, 4, 4, 4, 4, 4, 4, 4, 8, 8, 8, 8, 8, 8, 8, 8], [4, 0, 0, 4, 0, 0, 0, 0, 0, 0, 0, 0, 8, 0, 0, 8], [4, 0, 0, 4, 0, 0, 0, 0, 0, 0, 0, 0, 8, 0, 0, 8], [4, 0, 0, 4, 0, 0, 0, 0, 0, 0, 0, 0, 8, 0, 0, 8], [4, 0, 0, 4, 0, 0, 0, 0, 0, 0, 0, 0, 8, 0, 0, 8], [4, 0, 0, 4, 0, 0, 0, 0, 0, 0, 0, 0, 8, 0, 0, 8], [4, 0, 0, 4, 0, 0, 0, 0, 0, 0, 0, 0, 8, 0, 0, 8], [4, 0, 0, 4, 0, 0, 0, 0, 0, 0, 0, 0, 8, 0, 0, 8], [4, 0, 0, 4, 0, 0, 0, 0, 0, 0, 0, 0, 8, 0, 0, 8], [4, 0, 0, 4, 0, 0, 0, 0, 0, 0, 0, 0, 8, 0, 0, 8], [4, 4, 4, 4, 4, 4, 4, 4, 8, 8, 8, 8, 8, 8, 8, 8]]}, {"input": [[0, 0, 0, 0, 0, 0, 0, 0, 0, 0, 0, 0, 0, 0, 0, 0, 0, 0], [0, 0, 0, 0, 0, 0, 0, 0, 0, 0, 0, 0, 0, 0, 0, 0, 0, 0], [0, 0, 0, 0, 0, 0, 0, 0, 0, 0, 0, 0, 0, 0, 0, 0, 0, 0], [0, 0, 0, 0, 0, 0, 0, 0, 0, 0, 0, 0, 0, 0, 0, 0, 0, 0], [0, 0, 0, 0, 0, 0, 0, 0, 0, 0, 0, 0, 0, 0, 0, 0, 0, 0], [0, 0, 0, 0, 0, 0, 0, 0, 0, 0, 0, 0, 0, 0, 0, 0, 0, 0], [0, 0, 0, 0, 0, 0, 0, 0, 0, 0, 0, 0, 0, 0, 0, 0, 0, 0], [0, 0, 0, 0, 0, 0, 0, 0, 0, 0, 0, 3, 0, 0, 0, 0, 0, 0], [0, 0, 0, 0, 0, 0, 0, 0, 0, 0, 0, 0, 0, 0, 0, 0, 0, 0], [0, 0, 0, 0, 0, 0, 0, 0, 0, 0, 0, 0, 0, 0, 0, 0, 0, 0], [0, 0, 0, 0, 0, 0, 0, 0, 0, 0, 0, 0, 0, 0, 0, 0, 0, 0], [0, 0, 0, 0, 0, 0, 0, 0, 0, 0, 0, 0, 0, 0, 0, 0, 0, 0], [0, 0, 0, 0, 0, 0, 0, 0, 0, 0, 0, 0, 0, 0, 0, 0, 0, 0], [0, 0, 0, 0, 0, 0, 0, 0, 0, 0, 0, 0, 0, 0, 0, 0, 0, 0], [0, 0, 0, 0, 0, 9, 0, 0, 0, 0, 0, 0, 0, 0, 0, 0, 0, 0], [0, 0, 0, 0, 0, 0, 0, 0, 0, 0, 0, 0, 0, 0, 0, 0, 0, 0], [0, 0, 0, 0, 0, 0, 0, 0, 0, 0, 0, 0, 0, 0, 0, 0, 0, 0], [0, 0, 0, 0, 0, 0, 0, 0, 0, 0, 0, 0, 0, 0, 0, 0, 0, 0]], "output": [[9, 9, 9, 9, 9, 9, 9, 9, 9, 3, 3, 3, 3, 3, 3, 3, 3, 3], [9, 0, 0, 0, 0, 9, 0, 0, 0, 0, 0, 3, 0, 0, 0, 0, 0, 3], [9, 0, 0, 0, 0, 9, 0, 0, 0, 0, 0, 3, 0, 0, 0, 0, 0, 3], [9, 0, 0, 0, 0, 9, 0, 0, 0, 0, 0, 3, 0, 0, 0, 0, 0, 3], [9, 0, 0, 0, 0, 9, 0, 0, 0, 0, 0, 3, 0, 0, 0, 0, 0, 3], [9, 0, 0, 0, 0, 9, 0, 0, 0, 0, 0, 3, 0, 0, 0, 0, 0, 3], [9, 0, 0, 0, 0, 9, 0, 0, 0, 0, 0, 3, 0, 0, 0, 0, 0, 3], [9, 0, 0, 0, 0, 9, 0, 0, 0, 0, 0, 3, 0, 0, 0, 0, 0, 3], [9, 0, 0, 0, 0, 9, 0, 0, 0, 0, 0, 3, 0, 0, 0, 0, 0, 3], [9, 0, 0, 0, 0, 9, 0, 0, 0, 0, 0, 3, 0, 0, 0, 0, 0, 3], [9, 0, 0, 0, 0, 9, 0, 0, 0, 0, 0, 3, 0, 0, 0, 0, 0, 3], [9, 0, 0, 0, 0, 9, 0, 0, 0, 0, 0, 3, 0, 0, 0, 0, 0, 3], [9, 0, 0, 0, 0, 9, 0, 0, 0, 0, 0, 3, 0, 0, 0, 0, 0, 3], [9, 0, 0, 0, 0, 9, 0, 0, 0, 0, 0, 3, 0, 0, 0, 0, 0, 3], [9, 0, 0, 0, 0, 9, 0, 0, 0, 0, 0, 3, 0, 0, 0, 0, 0, 3], [9, 0, 0, 0, 0, 9, 0, 0, 0, 0, 0, 3, 0, 0, 0, 0, 0, 3], [9, 0, 0, 0, 0, 9, 0, 0, 0, 0, 0, 3, 0, 0, 0, 0, 0, 3], [9, 9, 9, 9, 9, 9, 9, 9, 9, 3, 3, 3, 3, 3, 3, 3, 3, 3]]}, {"input": [[0, 0, 0, 0, 0, 0, 0, 0, 0, 0, 0, 0], [0, 0, 0, 0, 0, 0, 0, 0, 0, 0, 0, 0], [0, 0, 0, 0, 0, 0, 0, 0, 0, 0, 0, 0], [0, 0, 0, 0, 0, 0, 0, 0, 0, 0, 0, 0], [0, 0, 0, 0, 0, 0, 0, 0, 9, 0, 0, 0], [0, 0, 0, 0, 0, 0, 0, 0, 0, 0, 0, 0], [0, 0, 0, 8, 0, 0, 0, 0, 0, 0, 0, 0], [0, 0, 0, 0, 0, 0, 0, 0, 0, 0, 0, 0], [0, 0, 0, 0, 0, 0, 0, 0, 0, 0, 0, 0], [0, 0, 0, 0, 0, 0, 0, 0, 0, 0, 0, 0], [0, 0, 0, 0, 0, 0, 0, 0, 0, 0, 0, 0], [0, 0, 0, 0, 0, 0, 0, 0, 0, 0, 0, 0], [0, 0, 0, 0, 0, 0, 0, 0, 0, 0, 0, 0], [0, 0, 0, 0, 0, 0, 0, 0, 0, 0, 0, 0], [0, 0, 0, 0, 0, 0, 0, 0, 0, 0, 0, 0]], "output": [[8, 8, 8, 8, 8, 8, 9, 9, 9, 9, 9, 9], [8, 0, 0, 8, 0, 0, 0, 0, 9, 0, 0, 9], [8, 0, 0, 8, 0, 0, 0, 0, 9, 0, 0, 9], [8, 0, 0, 8, 0, 0, 0, 0, 9, 0, 0, 9], [8, 0, 0, 8, 0, 0, 0, 0, 9, 0, 0, 9], [8, 0, 0, 8, 0, 0, 0, 0, 9, 0, 0, 9], [8, 0, 0, 8, 0, 0, 0, 0, 9, 0, 0, 9], [8, 0, 0, 8, 0, 0, 0, 0, 9, 0, 0, 9], [8, 0, 0, 8, 0, 0, 0, 0, 9, 0, 0, 9], [8, 0, 0, 8, 0, 0, 0, 0, 9, 0, 0, 9], [8, 0, 0, 8, 0, 0, 0, 0, 9, 0, 0, 9], [8, 0, 0, 8, 0, 0, 0, 0, 9, 0, 0, 9], [8, 0, 0, 8, 0, 0, 0, 0, 9, 0, 0, 9], [8, 0, 0, 8, 0, 0, 0, 0, 9, 0, 0, 9], [8, 8, 8, 8, 8, 8, 9, 9, 9, 9, 9, 9]]}, {"input": [[0, 0, 0, 0, 0, 0, 0, 0, 0, 0, 0, 0], [0, 0, 0, 0, 0, 0, 0, 0, 0, 0, 0, 0], [0, 0, 0, 0, 0, 0, 0, 0, 0, 0, 0, 0], [0, 0, 0, 0, 0, 0, 0, 0, 0, 0, 0, 0], [0, 0, 0, 0, 5, 0, 0, 0, 0, 0, 0, 0], [0, 0, 0, 0, 0, 0, 0, 0, 0, 0, 0, 0], [0, 0, 0, 0, 0, 0, 0, 0, 0, 0, 0, 0], [0, 0, 0, 0, 0, 0, 0, 0, 0, 0, 0, 0], [0, 0, 0, 0, 0, 0, 0, 0, 0, 0, 0, 0], [0, 0, 0, 0, 0, 0, 0, 0, 0, 0, 0, 0], [0, 0, 0, 0, 0, 0, 0, 4, 0, 0, 0, 0], [0, 0, 0, 0, 0, 0, 0, 0, 0, 0, 0, 0], [0, 0, 0, 0, 0, 0, 0, 0, 0, 0, 0, 0], [0, 0, 0, 0, 0, 0, 0, 0, 0, 0, 0, 0], [0, 0, 0, 0, 0, 0, 0, 0, 0, 0, 0, 0]], "output": [[5, 5, 5, 5, 5, 5, 4, 4, 4, 4, 4, 4], [5, 0, 0, 0, 5, 0, 0, 4, 0, 0, 0, 4], [5, 0, 0, 0, 5, 0, 0, 4, 0, 0, 0, 4], [5, 0, 0, 0, 5, 0, 0, 4, 0, 0, 0, 4], [5, 0, 0, 0, 5, 0, 0, 4, 0, 0, 0, 4], [5, 0, 0, 0, 5, 0, 0, 4, 0, 0, 0, 4], [5, 0, 0, 0, 5, 0, 0, 4, 0, 0, 0, 4], [5, 0, 0, 0, 5, 0, 0, 4, 0, 0, 0, 4], [5, 0, 0, 0, 5, 0, 0, 4, 0, 0, 0, 4], [5, 0, 0, 0, 5, 0, 0, 4, 0, 0, 0, 4], [5, 0, 0, 0, 5, 0, 0, 4, 0, 0, 0, 4], [5, 0, 0, 0, 5, 0, 0, 4, 0, 0, 0, 4], [5, 0, 0, 0, 5, 0, 0, 4, 0, 0, 0, 4], [5, 0, 0, 0, 5, 0, 0, 4, 0, 0, 0, 4], [5, 5, 5, 5, 5, 5, 4, 4, 4, 4, 4, 4]]}, {"input": [[0, 0, 0, 0, 0, 3, 0, 0, 0, 0, 0, 0, 0, 0], [0, 0, 0, 0, 0, 0, 0, 0, 0, 0, 0, 0, 0, 0], [0, 0, 0, 0, 0, 0, 0, 0, 0, 0, 0, 0, 0, 0], [0, 0, 0, 0, 0, 0, 0, 0, 0, 0, 0, 0, 0, 0], [0, 0, 0, 0, 0, 0, 0, 0, 0, 0, 0, 0, 0, 0], [0, 0, 0, 0, 0, 0, 0, 0, 0, 0, 0, 0, 0, 0], [0, 0, 0, 0, 0, 0, 0, 0, 0, 0, 0, 0, 0, 0], [0, 0, 0, 0, 0, 0, 0, 0, 0, 5, 0, 0, 0, 0], [0, 0, 0, 0, 0, 0, 0, 0, 0, 0, 0, 0, 0, 0], [0, 0, 0, 0, 0, 0, 0, 0, 0, 0, 0, 0, 0, 0], [0, 0, 0, 0, 0, 0, 0, 0, 0, 0, 0, 0, 0, 0], [0, 0, 0, 0, 0, 0, 0, 0, 0, 0, 0, 0, 0, 0], [0, 0, 0, 0, 0, 0, 0, 0, 0, 0, 0, 0, 0, 0], [0, 0, 0, 0, 0, 0, 0, 0, 0, 0, 0, 0, 0, 0]], "output": [[3, 3, 3, 3, 3, 3, 3, 5, 5, 5, 5, 5, 5, 5], [3, 0, 0, 0, 0, 3, 0, 0, 0, 5, 0, 0, 0, 5], [3, 0, 0, 0, 0, 3, 0, 0, 0, 5, 0, 0, 0, 5], [3, 0, 0, 0, 0, 3, 0, 0, 0, 5, 0, 0, 0, 5], [3, 0, 0, 0, 0, 3, 0, 0, 0, 5, 0, 0, 0, 5], [3, 0, 0, 0, 0, 3, 0, 0, 0, 5, 0, 0, 0, 5], [3, 0, 0, 0, 0, 3, 0, 0, 0, 5, 0, 0, 0, 5], [3, 0, 0, 0, 0, 3, 0, 0, 0, 5, 0, 0, 0, 5], [3, 0, 0, 0, 0, 3, 0, 0, 0, 5, 0, 0, 0, 5], [3, 0, 0, 0, 0, 3, 0, 0, 0, 5, 0, 0, 0, 5], [3, 0, 0, 0, 0, 3, 0, 0, 0, 5, 0, 0, 0, 5], [3, 0, 0, 0, 0, 3, 0, 0, 0, 5, 0, 0, 0, 5], [3, 0, 0, 0, 0, 3, 0, 0, 0, 5, 0, 0, 0, 5], [3, 3, 3, 3, 3, 3, 3, 5, 5, 5, 5, 5, 5, 5]]}, {"input": [[0, 0, 0, 0, 0, 0, 0, 0, 0, 0], [0, 0, 0, 0, 0, 0, 0, 0, 0, 0], [0, 0, 0, 0, 0, 0, 0, 0, 0, 0], [0, 0, 0, 0, 0, 0, 0, 0, 0, 0], [0, 0, 0, 0, 0, 0, 0, 0, 0, 0], [0, 0, 0, 0, 0, 0, 0, 0, 0, 0], [0, 0, 0, 7, 0, 0, 0, 0, 0, 0], [0, 0, 0, 0, 0, 0, 0, 6, 0, 0], [0, 0, 0, 0, 0, 0, 0, 0, 0, 0], [0, 0, 0, 0, 0, 0, 0, 0, 0, 0], [0, 0, 0, 0, 0, 0, 0, 0, 0, 0], [0, 0, 0, 0, 0, 0, 0, 0, 0, 0], [0, 0, 0, 0, 0, 0, 0, 0, 0, 0], [0, 0, 0, 0, 0, 0, 0, 0, 0, 0], [0, 0, 0, 0, 0, 0, 0, 0, 0, 0], [0, 0, 0, 0, 0, 0, 0, 0, 0, 0], [0, 0, 0, 0, 0, 0, 0, 0, 0, 0]], "output": [[7, 7, 7, 7, 7, 6, 6, 6, 6, 6], [7, 0, 0, 7, 0, 0, 0, 6, 0, 6], [7, 0, 0, 7, 0, 0, 0, 6, 0, 6], [7, 0, 0, 7, 0, 0, 0, 6, 0, 6], [7, 0, 0, 7, 0, 0, 0, 6, 0, 6], [7, 0, 0, 7, 0, 0, 0, 6, 0, 6], [7, 0, 0, 7, 0, 0, 0, 6, 0, 6], [7, 0, 0, 7, 0, 0, 0, 6, 0, 6], [7, 0, 0, 7, 0, 0, 0, 6, 0, 6], [7, 0, 0, 7, 0, 0, 0, 6, 0, 6], [7, 0, 0, 7, 0, 0, 0, 6, 0, 6], [7, 0, 0, 7, 0, 0, 0, 6, 0, 6], [7, 0, 0, 7, 0, 0, 0, 6, 0, 6], [7, 0, 0, 7, 0, 0, 0, 6, 0, 6], [7, 0, 0, 7, 0, 0, 0, 6, 0, 6], [7, 0, 0, 7, 0, 0, 0, 6, 0, 6], [7, 7, 7, 7, 7, 6, 6, 6, 6, 6]]}, {"input": [[0, 0, 0, 0, 0, 0, 0, 0, 0, 0, 0, 0], [0, 0, 0, 0, 0, 0, 0, 0, 0, 2, 0, 0], [0, 0, 0, 0, 0, 0, 0, 0, 0, 0, 0, 0], [0, 0, 0, 0, 0, 0, 0, 0, 0, 0, 0, 0], [0, 0, 0, 0, 6, 0, 0, 0, 0, 0, 0, 0], [0, 0, 0, 0, 0, 0, 0, 0, 0, 0, 0, 0], [0, 0, 0, 0, 0, 0, 0, 0, 0, 0, 0, 0], [0, 0, 0, 0, 0, 0, 0, 0, 0, 0, 0, 0], [0, 0, 0, 0, 0, 0, 0, 0, 0, 0, 0, 0], [0, 0, 0, 0, 0, 0, 0, 0, 0, 0, 0, 0]], "output": [[6, 6, 6, 6, 6, 6, 2, 2, 2, 2, 2, 2], [6, 0, 0, 0, 6, 0, 0, 0, 0, 2, 0, 2], [6, 0, 0, 0, 6, 0, 0, 0, 0, 2, 0, 2], [6, 0, 0, 0, 6, 0, 0, 0, 0, 2, 0, 2], [6, 0, 0, 0, 6, 0, 0, 0, 0, 2, 0, 2], [6, 0, 0, 0, 6, 0, 0, 0, 0, 2, 0, 2], [6, 0, 0, 0, 6, 0, 0, 0, 0, 2, 0, 2], [6, 0, 0, 0, 6, 0, 0, 0, 0, 2, 0, 2], [6, 0, 0, 0, 6, 0, 0, 0, 0, 2, 0, 2], [6, 6, 6, 6, 6, 6, 2, 2, 2, 2, 2, 2]]}, {"input": [[0, 0, 0, 0, 0, 0, 0, 0, 5, 0, 0, 0, 0, 0], [0, 0, 0, 0, 0, 0, 0, 0, 0, 0, 0, 0, 0, 0], [0, 0, 0, 0, 0, 0, 0, 0, 0, 0, 0, 0, 0, 0], [0, 0, 0, 0, 0, 0, 0, 0, 0, 0, 0, 0, 0, 0], [0, 0, 0, 0, 0, 0, 0, 0, 0, 0, 0, 0, 0, 0], [0, 0, 0, 0, 0, 0, 0, 0, 0, 0, 0, 0, 0, 0], [0, 0, 0, 0, 0, 0, 0, 0, 0, 0, 0, 0, 0, 0], [0, 0, 0, 0, 0, 0, 0, 0, 0, 0, 0, 0, 0, 0], [0, 0, 0, 0, 0, 0, 0, 0, 0, 0, 0, 0, 0, 0], [0, 0, 0, 0, 0, 0, 0, 0, 0, 0, 0, 0, 0, 0], [0, 0, 0, 0, 0, 0, 0, 0, 0, 0, 0, 0, 0, 0], [0, 0, 1, 0, 0, 0, 0, 0, 0, 0, 0, 0, 0, 0], [0, 0, 0, 0, 0, 0, 0, 0, 0, 0, 0, 0, 0, 0]], "output": [[1, 1, 1, 1, 1, 1, 1, 5, 5, 5, 5, 5, 5, 5], [1, 0, 1, 0, 0, 0, 0, 0, 5, 0, 0, 0, 0, 5], [1, 0, 1, 0, 0, 0, 0, 0, 5, 0, 0, 0, 0, 5], [1, 0, 1, 0, 0, 0, 0, 0, 5, 0, 0, 0, 0, 5], [1, 0, 1, 0, 0, 0, 0, 0, 5, 0, 0, 0, 0, 5], [1, 0, 1, 0, 0, 0, 0, 0, 5, 0, 0, 0, 0, 5], [1, 0, 1, 0, 0, 0, 0, 0, 5, 0, 0, 0, 0, 5], [1, 0, 1, 0, 0, 0, 0, 0, 5, 0, 0, 0, 0, 5], [1, 0, 1, 0, 0, 0, 0, 0, 5, 0, 0, 0, 0, 5], [1, 0, 1, 0, 0, 0, 0, 0, 5, 0, 0, 0, 0, 5], [1, 0, 1, 0, 0, 0, 0, 0, 5, 0, 0, 0, 0, 5], [1, 0, 1, 0, 0, 0, 0, 0, 5, 0, 0, 0, 0, 5], [1, 1, 1, 1, 1, 1, 1, 5, 5, 5, 5, 5, 5, 5]]}, {"input": [[0, 0, 0, 0, 0, 0, 0, 0, 0, 0, 0, 0, 0, 0, 0, 0, 0, 0], [0, 0, 0, 0, 0, 0, 0, 0, 0, 0, 0, 0, 0, 0, 0, 0, 0, 0], [0, 0, 0, 0, 0, 0, 0, 0, 0, 0, 0, 0, 6, 0, 0, 0, 0, 0], [0, 0, 0, 0, 0, 0, 0, 0, 0, 0, 0, 0, 0, 0, 0, 0, 0, 0], [0, 0, 0, 0, 0, 0, 0, 0, 0, 0, 0, 0, 0, 0, 0, 0, 0, 0], [0, 0, 0, 0, 0, 0, 0, 0, 0, 0, 0, 0, 0, 0, 0, 0, 0, 0], [0, 0, 0, 0, 0, 0, 0, 0, 0, 0, 0, 0, 0, 0, 0, 0, 0, 0], [0, 0, 0, 0, 0, 0, 0, 0, 0, 0, 0, 0, 0, 0, 0, 0, 0, 0], [0, 0, 0, 0, 0, 0, 0, 0, 0, 0, 0, 0, 0, 0, 0, 0, 0, 0], [0, 0, 0, 0, 0, 0, 0, 7, 0, 0, 0, 0, 0, 0, 0, 0, 0, 0], [0, 0, 0, 0, 0, 0, 0, 0, 0, 0, 0, 0, 0, 0, 0, 0, 0, 0]], "output": [[7, 7, 7, 7, 7, 7, 7, 7, 7, 6, 6, 6, 6, 6, 6, 6, 6, 6], [7, 0, 0, 0, 0, 0, 0, 7, 0, 0, 0, 0, 6, 0, 0, 0, 0, 6], [7, 0, 0, 0, 0, 0, 0, 7, 0, 0, 0, 0, 6, 0, 0, 0, 0, 6], [7, 0, 0, 0, 0, 0, 0, 7, 0, 0, 0, 0, 6, 0, 0, 0, 0, 6], [7, 0, 0, 0, 0, 0, 0, 7, 0, 0, 0, 0, 6, 0, 0, 0, 0, 6], [7, 0, 0, 0, 0, 0, 0, 7, 0, 0, 0, 0, 6, 0, 0, 0, 0, 6], [7, 0, 0, 0, 0, 0, 0, 7, 0, 0, 0, 0, 6, 0, 0, 0, 0, 6], [7, 0, 0, 0, 0, 0, 0, 7, 0, 0, 0, 0, 6, 0, 0, 0, 0, 6], [7, 0, 0, 0, 0, 0, 0, 7, 0, 0, 0, 0, 6, 0, 0, 0, 0, 6], [7, 0, 0, 0, 0, 0, 0, 7, 0, 0, 0, 0, 6, 0, 0, 0, 0, 6], [7, 7, 7, 7, 7, 7, 7, 7, 7, 6, 6, 6, 6, 6, 6, 6, 6, 6]]}, {"input": [[0, 0, 0, 0, 0, 0, 0, 0, 0, 0], [0, 0, 0, 0, 0, 0, 0, 0, 0, 0], [0, 0, 7, 0, 0, 0, 0, 0, 0, 0], [0, 0, 0, 0, 0, 0, 0, 0, 0, 0], [0, 0, 0, 0, 0, 0, 0, 0, 0, 0], [0, 0, 0, 0, 0, 0, 0, 0, 0, 0], [0, 0, 0, 0, 0, 0, 0, 0, 0, 0], [0, 0, 0, 0, 0, 0, 0, 0, 0, 0], [0, 0, 0, 0, 0, 0, 0, 0, 0, 0], [0, 0, 0, 0, 0, 0, 0, 0, 0, 0], [0, 0, 0, 0, 0, 0, 0, 0, 0, 0], [0, 0, 0, 0, 0, 0, 0, 0, 0, 0], [0, 0, 0, 0, 0, 0, 1, 0, 0, 0], [0, 0, 0, 0, 0, 0, 0, 0, 0, 0], [0, 0, 0, 0, 0, 0, 0, 0, 0, 0], [0, 0, 0, 0, 0, 0, 0, 0, 0, 0], [0, 0, 0, 0, 0, 0, 0, 0, 0, 0], [0, 0, 0, 0, 0, 0, 0, 0, 0, 0]], "output": [[7, 7, 7, 7, 7, 1, 1, 1, 1, 1], [7, 0, 7, 0, 0, 0, 1, 0, 0, 1], [7, 0, 7, 0, 0, 0, 1, 0, 0, 1], [7, 0, 7, 0, 0, 0, 1, 0, 0, 1], [7, 0, 7, 0, 0, 0, 1, 0, 0, 1], [7, 0, 7, 0, 0, 0, 1, 0, 0, 1], [7, 0, 7, 0, 0, 0, 1, 0, 0, 1], [7, 0, 7, 0, 0, 0, 1, 0, 0, 1], [7, 0, 7, 0, 0, 0, 1, 0, 0, 1], [7, 0, 7, 0, 0, 0, 1, 0, 0, 1], [7, 0, 7, 0, 0, 0, 1, 0, 0, 1], [7, 0, 7, 0, 0, 0, 1, 0, 0, 1], [7, 0, 7, 0, 0, 0, 1, 0, 0, 1], [7, 0, 7, 0, 0, 0, 1, 0, 0, 1], [7, 0, 7, 0, 0, 0, 1, 0, 0, 1], [7, 0, 7, 0, 0, 0, 1, 0, 0, 1], [7, 0, 7, 0, 0, 0, 1, 0, 0, 1], [7, 7, 7, 7, 7, 1, 1, 1, 1, 1]]}, {"input": [[0, 0, 0, 0, 0, 0, 0, 0, 0, 0, 0, 0], [0, 0, 0, 0, 0, 0, 0, 0, 0, 0, 0, 0], [0, 0, 0, 0, 0, 0, 0, 0, 0, 0, 0, 0], [0, 0, 0, 0, 0, 0, 0, 0, 0, 0, 0, 0], [0, 0, 0, 0, 0, 0, 0, 0, 0, 0, 0, 0], [0, 0, 0, 0, 0, 0, 0, 0, 0, 0, 0, 0], [0, 0, 0, 0, 0, 0, 0, 0, 0, 0, 0, 0], [0, 0, 0, 0, 0, 0, 0, 0, 0, 0, 0, 0], [0, 0, 0, 0, 0, 0, 0, 6, 0, 0, 0, 0], [0, 0, 3, 0, 0, 0, 0, 0, 0, 0, 0, 0]], "output": [[3, 3, 3, 3, 3, 3, 6, 6, 6, 6, 6, 6], [3, 0, 3, 0, 0, 0, 0, 6, 0, 0, 0, 6], [3, 0, 3, 0, 0, 0, 0, 6, 0, 0, 0, 6], [3, 0, 3, 0, 0, 0, 0, 6, 0, 0, 0, 6], [3, 0, 3, 0, 0, 0, 0, 6, 0, 0, 0, 6], [3, 0, 3, 0, 0, 0, 0, 6, 0, 0, 0, 6], [3, 0, 3, 0, 0, 0, 0, 6, 0, 0, 0, 6], [3, 0, 3, 0, 0, 0, 0, 6, 0, 0, 0, 6], [3, 0, 3, 0, 0, 0, 0, 6, 0, 0, 0, 6], [3, 3, 3, 3, 3, 3, 6, 6, 6, 6, 6, 6]]}, {"input": [[0, 0, 0, 0, 0, 0, 0, 0, 0, 0], [0, 0, 0, 0, 0, 0, 0, 0, 0, 0], [0, 0, 0, 0, 0, 0, 0, 0, 0, 0], [0, 0, 0, 0, 0, 0, 0, 0, 0, 0], [0, 0, 5, 0, 0, 0, 0, 0, 0, 0], [0, 0, 0, 0, 0, 0, 0, 0, 0, 0], [0, 0, 0, 0, 0, 0, 0, 0, 0, 0], [0, 0, 0, 0, 0, 0, 0, 0, 0, 0], [0, 0, 0, 0, 0, 0, 0, 0, 0, 0], [0, 0, 0, 0, 0, 0, 0, 0, 0, 0], [0, 0, 0, 0, 0, 0, 0, 0, 0, 0], [0, 0, 0, 0, 0, 0, 0, 0, 0, 0], [0, 0, 0, 0, 0, 0, 2, 0, 0, 0], [0, 0, 0, 0, 0, 0, 0, 0, 0, 0], [0, 0, 0, 0, 0, 0, 0, 0, 0, 0], [0, 0, 0, 0, 0, 0, 0, 0, 0, 0], [0, 0, 0, 0, 0, 0, 0, 0, 0, 0], [0, 0, 0, 0, 0, 0, 0, 0, 0, 0], [0, 0, 0, 0, 0, 0, 0, 0, 0, 0]], "output": [[5, 5, 5, 5, 5, 2, 2, 2, 2, 2], [5, 0, 5, 0, 0, 0, 2, 0, 0, 2], [5, 0, 5, 0, 0, 0, 2, 0, 0, 2], [5, 0, 5, 0, 0, 0, 2, 0, 0, 2], [5, 0, 5, 0, 0, 0, 2, 0, 0, 2], [5, 0, 5, 0, 0, 0, 2, 0, 0, 2], [5, 0, 5, 0, 0, 0, 2, 0, 0, 2], [5, 0, 5, 0, 0, 0, 2, 0, 0, 2], [5, 0, 5, 0, 0, 0, 2, 0, 0, 2], [5, 0, 5, 0, 0, 0, 2, 0, 0, 2], [5, 0, 5, 0, 0, 0, 2, 0, 0, 2], [5, 0, 5, 0, 0, 0, 2, 0, 0, 2], [5, 0, 5, 0, 0, 0, 2, 0, 0, 2], [5, 0, 5, 0, 0, 0, 2, 0, 0, 2], [5, 0, 5, 0, 0, 0, 2, 0, 0, 2], [5, 0, 5, 0, 0, 0, 2, 0, 0, 2], [5, 0, 5, 0, 0, 0, 2, 0, 0, 2], [5, 0, 5, 0, 0, 0, 2, 0, 0, 2], [5, 5, 5, 5, 5, 2, 2, 2, 2, 2]]}, {"input": [[0, 0, 0, 0, 0, 4, 0, 0, 0, 0, 0, 0, 0, 0, 0, 0], [0, 0, 0, 0, 0, 0, 0, 0, 0, 0, 0, 0, 0, 0, 0, 0], [0, 0, 0, 0, 0, 0, 0, 0, 0, 0, 0, 0, 0, 0, 0, 0], [0, 0, 0, 0, 0, 0, 0, 0, 0, 0, 0, 0, 0, 0, 0, 0], [0, 0, 0, 0, 0, 0, 0, 0, 0, 0, 3, 0, 0, 0, 0, 0], [0, 0, 0, 0, 0, 0, 0, 0, 0, 0, 0, 0, 0, 0, 0, 0], [0, 0, 0, 0, 0, 0, 0, 0, 0, 0, 0, 0, 0, 0, 0, 0], [0, 0, 0, 0, 0, 0, 0, 0, 0, 0, 0, 0, 0, 0, 0, 0], [0, 0, 0, 0, 0, 0, 0, 0, 0, 0, 0, 0, 0, 0, 0, 0], [0, 0, 0, 0, 0, 0, 0, 0, 0, 0, 0, 0, 0, 0, 0, 0], [0, 0, 0, 0, 0, 0, 0, 0, 0, 0, 0, 0, 0, 0, 0, 0], [0, 0, 0, 0, 0, 0, 0, 0, 0, 0, 0, 0, 0, 0, 0, 0], [0, 0, 0, 0, 0, 0, 0, 0, 0, 0, 0, 0, 0, 0, 0, 0], [0, 0, 0, 0, 0, 0, 0, 0, 0, 0, 0, 0, 0, 0, 0, 0], [0, 0, 0, 0, 0, 0, 0, 0, 0, 0, 0, 0, 0, 0, 0, 0]], "output": [[4, 4, 4, 4, 4, 4, 4, 4, 3, 3, 3, 3, 3, 3, 3, 3], [4, 0, 0, 0, 0, 4, 0, 0, 0, 0, 3, 0, 0, 0, 0, 3], [4, 0, 0, 0, 0, 4, 0, 0, 0, 0, 3, 0, 0, 0, 0, 3], [4, 0, 0, 0, 0, 4, 0, 0, 0, 0, 3, 0, 0, 0, 0, 3], [4, 0, 0, 0, 0, 4, 0, 0, 0, 0, 3, 0, 0, 0, 0, 3], [4, 0, 0, 0, 0, 4, 0, 0, 0, 0, 3, 0, 0, 0, 0, 3], [4, 0, 0, 0, 0, 4, 0, 0, 0, 0, 3, 0, 0, 0, 0, 3], [4, 0, 0, 0, 0, 4, 0, 0, 0, 0, 3, 0, 0, 0, 0, 3], [4, 0, 0, 0, 0, 4, 0, 0, 0, 0, 3, 0, 0, 0, 0, 3], [4, 0, 0, 0, 0, 4, 0, 0, 0, 0, 3, 0, 0, 0, 0, 3], [4, 0, 0, 0, 0, 4, 0, 0, 0, 0, 3, 0, 0, 0, 0, 3], [4, 0, 0, 0, 0, 4, 0, 0, 0, 0, 3, 0, 0, 0, 0, 3], [4, 0, 0, 0, 0, 4, 0, 0, 0, 0, 3, 0, 0, 0, 0, 3], [4, 0, 0, 0, 0, 4, 0, 0, 0, 0, 3, 0, 0, 0, 0, 3], [4, 4, 4, 4, 4, 4, 4, 4, 3, 3, 3, 3, 3, 3, 3, 3]]}, {"input": [[0, 0, 0, 0, 0, 0, 0, 0, 0, 0, 0, 0, 0, 0, 0, 0], [0, 0, 0, 0, 0, 1, 0, 0, 0, 0, 0, 0, 0, 0, 0, 0], [0, 0, 0, 0, 0, 0, 0, 0, 0, 0, 0, 0, 0, 0, 0, 0], [0, 0, 0, 0, 0, 0, 0, 0, 0, 0, 0, 0, 0, 0, 0, 0], [0, 0, 0, 0, 0, 0, 0, 0, 0, 0, 0, 0, 0, 0, 0, 0], [0, 0, 0, 0, 0, 0, 0, 0, 0, 0, 0, 0, 0, 0, 0, 0], [0, 0, 0, 0, 0, 0, 0, 0, 0, 0, 0, 0, 4, 0, 0, 0], [0, 0, 0, 0, 0, 0, 0, 0, 0, 0, 0, 0, 0, 0, 0, 0], [0, 0, 0, 0, 0, 0, 0, 0, 0, 0, 0, 0, 0, 0, 0, 0], [0, 0, 0, 0, 0, 0, 0, 0, 0, 0, 0, 0, 0, 0, 0, 0], [0, 0, 0, 0, 0, 0, 0, 0, 0, 0, 0, 0, 0, 0, 0, 0], [0, 0, 0, 0, 0, 0, 0, 0, 0, 0, 0, 0, 0, 0, 0, 0]], "output": [[1, 1, 1, 1, 1, 1, 1, 1, 4, 4, 4, 4, 4, 4, 4, 4], [1, 0, 0, 0, 0, 1, 0, 0, 0, 0, 0, 0, 4, 0, 0, 4], [1, 0, 0, 0, 0, 1, 0, 0, 0, 0, 0, 0, 4, 0, 0, 4], [1, 0, 0, 0, 0, 1, 0, 0, 0, 0, 0, 0, 4, 0, 0, 4], [1, 0, 0, 0, 0, 1, 0, 0, 0, 0, 0, 0, 4, 0, 0, 4], [1, 0, 0, 0, 0, 1, 0, 0, 0, 0, 0, 0, 4, 0, 0, 4], [1, 0, 0, 0, 0, 1, 0, 0, 0, 0, 0, 0, 4, 0, 0, 4], [1, 0, 0, 0, 0, 1, 0, 0, 0, 0, 0, 0, 4, 0, 0, 4], [1, 0, 0, 0, 0, 1, 0, 0, 0, 0, 0, 0, 4, 0, 0, 4], [1, 0, 0, 0, 0, 1, 0, 0, 0, 0, 0, 0, 4, 0, 0, 4], [1, 0, 0, 0, 0, 1, 0, 0, 0, 0, 0, 0, 4, 0, 0, 4], [1, 1, 1, 1, 1, 1, 1, 1, 4, 4, 4, 4, 4, 4, 4, 4]]}, {"input": [[0, 0, 0, 0, 0, 0, 3, 0, 0, 0, 0, 0, 0, 0, 0, 0], [0, 0, 0, 0, 0, 0, 0, 0, 0, 0, 0, 0, 0, 0, 0, 0], [0, 0, 0, 0, 0, 0, 0, 0, 0, 0, 0, 0, 0, 0, 0, 0], [0, 0, 0, 0, 0, 0, 0, 0, 0, 0, 0, 0, 0, 0, 0, 0], [0, 0, 0, 0, 0, 0, 0, 0, 0, 0, 0, 0, 0, 0, 0, 0], [0, 0, 0, 0, 0, 0, 0, 0, 0, 0, 0, 0, 0, 0, 0, 0], [0, 0, 0, 0, 0, 0, 0, 0, 0, 0, 0, 0, 0, 0, 0, 0], [0, 0, 0, 0, 0, 0, 0, 0, 0, 0, 0, 0, 0, 0, 0, 0], [0, 0, 0, 0, 0, 0, 0, 0, 0, 0, 0, 0, 0, 0, 0, 0], [0, 0, 0, 0, 0, 0, 0, 0, 0, 0, 0, 0, 0, 0, 0, 0], [0, 0, 0, 0, 0, 0, 0, 0, 0, 0, 0, 0, 0, 0, 0, 0], [0, 0, 0, 0, 0, 0, 0, 0, 0, 0, 0, 0, 0, 0, 0, 0], [0, 0, 0, 0, 0, 0, 0, 0, 0, 0, 0, 5, 0, 0, 0, 0], [0, 0, 0, 0, 0, 0, 0, 0, 0, 0, 0, 0, 0, 0, 0, 0], [0, 0, 0, 0, 0, 0, 0, 0, 0, 0, 0, 0, 0, 0, 0, 0], [0, 0, 0, 0, 0, 0, 0, 0, 0, 0, 0, 0, 0, 0, 0, 0]], "output": [[3, 3, 3, 3, 3, 3, 3, 3, 5, 5, 5, 5, 5, 5, 5, 5], [3, 0, 0, 0, 0, 0, 3, 0, 0, 0, 0, 5, 0, 0, 0, 5], [3, 0, 0, 0, 0, 0, 3, 0, 0, 0, 0, 5, 0, 0, 0, 5], [3, 0, 0, 0, 0, 0, 3, 0, 0, 0, 0, 5, 0, 0, 0, 5], [3, 0, 0, 0, 0, 0, 3, 0, 0, 0, 0, 5, 0, 0, 0, 5], [3, 0, 0, 0, 0, 0, 3, 0, 0, 0, 0, 5, 0, 0, 0, 5], [3, 0, 0, 0, 0, 0, 3, 0, 0, 0, 0, 5, 0, 0, 0, 5], [3, 0, 0, 0, 0, 0, 3, 0, 0, 0, 0, 5, 0, 0, 0, 5], [3, 0, 0, 0, 0, 0, 3, 0, 0, 0, 0, 5, 0, 0, 0, 5], [3, 0, 0, 0, 0, 0, 3, 0, 0, 0, 0, 5, 0, 0, 0, 5], [3, 0, 0, 0, 0, 0, 3, 0, 0, 0, 0, 5, 0, 0, 0, 5], [3, 0, 0, 0, 0, 0, 3, 0, 0, 0, 0, 5, 0, 0, 0, 5], [3, 0, 0, 0, 0, 0, 3, 0, 0, 0, 0, 5, 0, 0, 0, 5], [3, 0, 0, 0, 0, 0, 3, 0, 0, 0, 0, 5, 0, 0, 0, 5], [3, 0, 0, 0, 0, 0, 3, 0, 0, 0, 0, 5, 0, 0, 0, 5], [3, 3, 3, 3, 3, 3, 3, 3, 5, 5, 5, 5, 5, 5, 5, 5]]}, {"input": [[0, 0, 0, 0, 0, 0, 0, 0, 0, 0], [0, 0, 0, 0, 0, 0, 0, 0, 0, 0], [0, 0, 0, 0, 0, 0, 0, 0, 0, 0], [0, 0, 0, 0, 0, 0, 0, 0, 0, 0], [0, 0, 0, 0, 0, 0, 0, 0, 0, 0], [0, 0, 0, 0, 0, 0, 0, 3, 0, 0], [0, 0, 0, 0, 0, 0, 0, 0, 0, 0], [0, 0, 0, 0, 0, 0, 0, 0, 0, 0], [0, 0, 0, 0, 0, 0, 0, 0, 0, 0], [0, 0, 0, 0, 0, 0, 0, 0, 0, 0], [0, 0, 0, 0, 0, 0, 0, 0, 0, 0], [0, 0, 0, 0, 0, 0, 0, 0, 0, 0], [0, 0, 0, 0, 0, 0, 0, 0, 0, 0], [0, 0, 0, 0, 0, 0, 0, 0, 0, 0], [0, 0, 6, 0, 0, 0, 0, 0, 0, 0]], "output": [[6, 6, 6, 6, 6, 3, 3, 3, 3, 3], [6, 0, 6, 0, 0, 0, 0, 3, 0, 3], [6, 0, 6, 0, 0, 0, 0, 3, 0, 3], [6, 0, 6, 0, 0, 0, 0, 3, 0, 3], [6, 0, 6, 0, 0, 0, 0, 3, 0, 3], [6, 0, 6, 0, 0, 0, 0, 3, 0, 3], [6, 0, 6, 0, 0, 0, 0, 3, 0, 3], [6, 0, 6, 0, 0, 0, 0, 3, 0, 3], [6, 0, 6, 0, 0, 0, 0, 3, 0, 3], [6, 0, 6, 0, 0, 0, 0, 3, 0, 3], [6, 0, 6, 0, 0, 0, 0, 3, 0, 3], [6, 0, 6, 0, 0, 0, 0, 3, 0, 3], [6, 0, 6, 0, 0, 0, 0, 3, 0, 3], [6, 0, 6, 0, 0, 0, 0, 3, 0, 3], [6, 6, 6, 6, 6, 3, 3, 3, 3, 3]]}, {"input": [[0, 0, 0, 0, 0, 0, 0, 0, 0, 0, 0, 0], [0, 0, 0, 0, 0, 0, 0, 0, 0, 0, 0, 0], [0, 0, 0, 0, 0, 0, 0, 0, 0, 0, 0, 0], [0, 0, 0, 0, 0, 0, 0, 0, 0, 0, 0, 0], [0, 0, 7, 0, 0, 0, 0, 0, 0, 0, 0, 0], [0, 0, 0, 0, 0, 0, 0, 0, 0, 0, 0, 0], [0, 0, 0, 0, 0, 0, 0, 0, 0, 0, 0, 0], [0, 0, 0, 0, 0, 0, 0, 0, 0, 0, 0, 0], [0, 0, 0, 0, 0, 0, 0, 0, 0, 0, 0, 0], [0, 0, 0, 0, 0, 0, 0, 0, 0, 0, 0, 0], [0, 0, 0, 0, 0, 0, 0, 0, 0, 0, 0, 0], [0, 0, 0, 0, 0, 0, 0, 0, 0, 1, 0, 0]], "output": [[7, 7, 7, 7, 7, 7, 1, 1, 1, 1, 1, 1], [7, 0, 7, 0, 0, 0, 0, 0, 0, 1, 0, 1], [7, 0, 7, 0, 0, 0, 0, 0, 0, 1, 0, 1], [7, 0, 7, 0, 0, 0, 0, 0, 0, 1, 0, 1], [7, 0, 7, 0, 0, 0, 0, 0, 0, 1, 0, 1], [7, 0, 7, 0, 0, 0, 0, 0, 0, 1, 0, 1], [7, 0, 7, 0, 0, 0, 0, 0, 0, 1, 0, 1], [7, 0, 7, 0, 0, 0, 0, 0, 0, 1, 0, 1], [7, 0, 7, 0, 0, 0, 0, 0, 0, 1, 0, 1], [7, 0, 7, 0, 0, 0, 0, 0, 0, 1, 0, 1], [7, 0, 7, 0, 0, 0, 0, 0, 0, 1, 0, 1], [7, 7, 7, 7, 7, 7, 1, 1, 1, 1, 1, 1]]}, {"input": [[0, 0, 0, 0, 0, 0, 0, 0, 0, 0, 0, 0, 0, 0, 0, 0, 0, 0], [0, 0, 0, 0, 0, 0, 0, 0, 0, 0, 0, 0, 0, 0, 0, 0, 0, 0], [0, 0, 0, 0, 0, 0, 0, 0, 0, 0, 0, 0, 0, 0, 5, 0, 0, 0], [0, 0, 0, 0, 0, 0, 0, 0, 0, 0, 0, 0, 0, 0, 0, 0, 0, 0], [0, 0, 0, 0, 0, 0, 0, 0, 0, 0, 0, 0, 0, 0, 0, 0, 0, 0], [0, 0, 2, 0, 0, 0, 0, 0, 0, 0, 0, 0, 0, 0, 0, 0, 0, 0], [0, 0, 0, 0, 0, 0, 0, 0, 0, 0, 0, 0, 0, 0, 0, 0, 0, 0], [0, 0, 0, 0, 0, 0, 0, 0, 0, 0, 0, 0, 0, 0, 0, 0, 0, 0], [0, 0, 0, 0, 0, 0, 0, 0, 0, 0, 0, 0, 0, 0, 0, 0, 0, 0], [0, 0, 0, 0, 0, 0, 0, 0, 0, 0, 0, 0, 0, 0, 0, 0, 0, 0], [0, 0, 0, 0, 0, 0, 0, 0, 0, 0, 0, 0, 0, 0, 0, 0, 0, 0], [0, 0, 0, 0, 0, 0, 0, 0, 0, 0, 0, 0, 0, 0, 0, 0, 0, 0], [0, 0, 0, 0, 0, 0, 0, 0, 0, 0, 0, 0, 0, 0, 0, 0, 0, 0], [0, 0, 0, 0, 0, 0, 0, 0, 0, 0, 0, 0, 0, 0, 0, 0, 0, 0], [0, 0, 0, 0, 0, 0, 0, 0, 0, 0, 0, 0, 0, 0, 0, 0, 0, 0], [0, 0, 0, 0, 0, 0, 0, 0, 0, 0, 0, 0, 0, 0, 0, 0, 0, 0], [0, 0, 0, 0, 0, 0, 0, 0, 0, 0, 0, 0, 0, 0, 0, 0, 0, 0]], "output": [[2, 2, 2, 2, 2, 2, 2, 2, 2, 5, 5, 5, 5, 5, 5, 5, 5, 5], [2, 0, 2, 0, 0, 0, 0, 0, 0, 0, 0, 0, 0, 0, 5, 0, 0, 5], [2, 0, 2, 0, 0, 0, 0, 0, 0, 0, 0, 0, 0, 0, 5, 0, 0, 5], [2, 0, 2, 0, 0, 0, 0, 0, 0, 0, 0, 0, 0, 0, 5, 0, 0, 5], [2, 0, 2, 0, 0, 0, 0, 0, 0, 0, 0, 0, 0, 0, 5, 0, 0, 5], [2, 0, 2, 0, 0, 0, 0, 0, 0, 0, 0, 0, 0, 0, 5, 0, 0, 5], [2, 0, 2, 0, 0, 0, 0, 0, 0, 0, 0, 0, 0, 0, 5, 0, 0, 5], [2, 0, 2, 0, 0, 0, 0, 0, 0, 0, 0, 0, 0, 0, 5, 0, 0, 5], [2, 0, 2, 0, 0, 0, 0, 0, 0, 0, 0, 0, 0, 0, 5, 0, 0, 5], [2, 0, 2, 0, 0, 0, 0, 0, 0, 0, 0, 0, 0, 0, 5, 0, 0, 5], [2, 0, 2, 0, 0, 0, 0, 0, 0, 0, 0, 0, 0, 0, 5, 0, 0, 5], [2, 0, 2, 0, 0, 0, 0, 0, 0, 0, 0, 0, 0, 0, 5, 0, 0, 5], [2, 0, 2, 0, 0, 0, 0, 0, 0, 0, 0, 0, 0, 0, 5, 0, 0, 5], [2, 0, 2, 0, 0, 0, 0, 0, 0, 0, 0, 0, 0, 0, 5, 0, 0, 5], [2, 0, 2, 0, 0, 0, 0, 0, 0, 0, 0, 0, 0, 0, 5, 0, 0, 5], [2, 0, 2, 0, 0, 0, 0, 0, 0, 0, 0, 0, 0, 0, 5, 0, 0, 5], [2, 2, 2, 2, 2, 2, 2, 2, 2, 5, 5, 5, 5, 5, 5, 5, 5, 5]]}, {"input": [[0, 0, 0, 0, 0, 0, 0, 0, 0, 0, 0, 0, 0, 0, 0, 0, 0, 0], [0, 0, 0, 0, 0, 0, 0, 0, 0, 0, 0, 0, 0, 0, 0, 0, 0, 0], [0, 0, 0, 0, 0, 0, 0, 0, 0, 0, 0, 0, 0, 0, 0, 0, 0, 0], [0, 0, 0, 0, 0, 2, 0, 0, 0, 0, 0, 0, 0, 0, 0, 0, 0, 0], [0, 0, 0, 0, 0, 0, 0, 0, 0, 0, 0, 0, 0, 0, 0, 0, 0, 0], [0, 0, 0, 0, 0, 0, 0, 0, 0, 0, 0, 0, 0, 0, 0, 0, 0, 0], [0, 0, 0, 0, 0, 0, 0, 0, 0, 0, 0, 0, 0, 0, 0, 0, 0, 0], [0, 0, 0, 0, 0, 0, 0, 0, 0, 0, 0, 0, 0, 0, 0, 0, 0, 0], [0, 0, 0, 0, 0, 0, 0, 0, 0, 0, 0, 0, 0, 0, 0, 0, 0, 0], [0, 0, 0, 0, 0, 0, 0, 0, 0, 0, 0, 0, 0, 0, 0, 0, 0, 0], [0, 0, 0, 0, 0, 0, 0, 0, 0, 0, 0, 0, 0, 0, 0, 0, 0, 0], [0, 0, 0, 0, 0, 0, 0, 0, 0, 0, 0, 9, 0, 0, 0, 0, 0, 0], [0, 0, 0, 0, 0, 0, 0, 0, 0, 0, 0, 0, 0, 0, 0, 0, 0, 0], [0, 0, 0, 0, 0, 0, 0, 0, 0, 0, 0, 0, 0, 0, 0, 0, 0, 0], [0, 0, 0, 0, 0, 0, 0, 0, 0, 0, 0, 0, 0, 0, 0, 0, 0, 0], [0, 0, 0, 0, 0, 0, 0, 0, 0, 0, 0, 0, 0, 0, 0, 0, 0, 0]], "output": [[2, 2, 2, 2, 2, 2, 2, 2, 2, 9, 9, 9, 9, 9, 9, 9, 9, 9], [2, 0, 0, 0, 0, 2, 0, 0, 0, 0, 0, 9, 0, 0, 0, 0, 0, 9], [2, 0, 0, 0, 0, 2, 0, 0, 0, 0, 0, 9, 0, 0, 0, 0, 0, 9], [2, 0, 0, 0, 0, 2, 0, 0, 0, 0, 0, 9, 0, 0, 0, 0, 0, 9], [2, 0, 0, 0, 0, 2, 0, 0, 0, 0, 0, 9, 0, 0, 0, 0, 0, 9], [2, 0, 0, 0, 0, 2, 0, 0, 0, 0, 0, 9, 0, 0, 0, 0, 0, 9], [2, 0, 0, 0, 0, 2, 0, 0, 0, 0, 0, 9, 0, 0, 0, 0, 0, 9], [2, 0, 0, 0, 0, 2, 0, 0, 0, 0, 0, 9, 0, 0, 0, 0, 0, 9], [2, 0, 0, 0, 0, 2, 0, 0, 0, 0, 0, 9, 0, 0, 0, 0, 0, 9], [2, 0, 0, 0, 0, 2, 0, 0, 0, 0, 0, 9, 0, 0, 0, 0, 0, 9], [2, 0, 0, 0, 0, 2, 0, 0, 0, 0, 0, 9, 0, 0, 0, 0, 0, 9], [2, 0, 0, 0, 0, 2, 0, 0, 0, 0, 0, 9, 0, 0, 0, 0, 0, 9], [2, 0, 0, 0, 0, 2, 0, 0, 0, 0, 0, 9, 0, 0, 0, 0, 0, 9], [2, 0, 0, 0, 0, 2, 0, 0, 0, 0, 0, 9, 0, 0, 0, 0, 0, 9], [2, 0, 0, 0, 0, 2, 0, 0, 0, 0, 0, 9, 0, 0, 0, 0, 0, 9], [2, 2, 2, 2, 2, 2, 2, 2, 2, 9, 9, 9, 9, 9, 9, 9, 9, 9]]}]
