[{"input": [[2, 3, 0, 0, 0, 0, 0, 0, 0, 9], [2, 0, 0, 0, 0, 0, 0, 3, 0, 9], [2, 0, 0, 0, 0, 0, 0, 3, 0, 9], [2, 0, 0, 0, 0, 0, 0, 0, 0, 9], [2, 0, 0, 0, 3, 0, 0, 0, 0, 9], [2, 0, 0, 0, 3, 0, 0, 0, 3, 9], [2, 0, 0, 0, 0, 0, 0, 0, 0, 9], [2, 0, 0, 0, 0, 0, 0, 0, 0, 9], [2, 0, 0, 0, 3, 0, 3, 0, 0, 9], [2, 0, 0, 3, 0, 0, 0, 0, 0, 9]], "output": [[2, 2, 0, 0, 0, 0, 0, 0, 0, 9], [2, 0, 0, 0, 0, 0, 0, 9, 0, 9], [2, 0, 0, 0, 0, 0, 0, 9, 0, 9], [2, 0, 0, 0, 0, 0, 0, 0, 0, 9], [2, 0, 0, 0, 2, 0, 0, 0, 0, 9], [2, 0, 0, 0, 2, 0, 0, 0, 9, 9], [2, 0, 0, 0, 0, 0, 0, 0, 0, 9], [2, 0, 0, 0, 0, 0, 0, 0, 0, 9], [2, 0, 0, 0, 2, 0, 9, 0, 0, 9], [2, 0, 0, 2, 0, 0, 0, 0, 0, 9]]}, {"input": [[8, 8, 8, 8, 8, 8, 8, 8, 8, 8], [0, 3, 0, 0, 0, 0, 0, 0, 0, 0], [0, 0, 0, 3, 0, 0, 0, 0, 0, 0], [0, 0, 3, 0, 0, 0, 0, 0, 0, 0], [0, 3, 0, 0, 0, 0, 0, 0, 0, 0], [0, 0, 0, 0, 0, 0, 0, 3, 0, 0], [0, 0, 0, 0, 0, 0, 0, 0, 3, 0], [0, 0, 0, 0, 0, 0, 0, 3, 0, 0], [0, 0, 0, 0, 0, 3, 0, 0, 0, 0], [1, 1, 1, 1, 1, 1, 1, 1, 1, 1]], "output": [[8, 8, 8, 8, 8, 8, 8, 8, 8, 8], [0, 8, 0, 0, 0, 0, 0, 0, 0, 0], [0, 0, 0, 8, 0, 0, 0, 0, 0, 0], [0, 0, 8, 0, 0, 0, 0, 0, 0, 0], [0, 8, 0, 0, 0, 0, 0, 0, 0, 0], [0, 0, 0, 0, 0, 0, 0, 1, 0, 0], [0, 0, 0, 0, 0, 0, 0, 0, 1, 0], [0, 0, 0, 0, 0, 0, 0, 1, 0, 0], [0, 0, 0, 0, 0, 1, 0, 0, 0, 0], [1, 1, 1, 1, 1, 1, 1, 1, 1, 1]]}, {"input": [[6, 0, 0, 0, 0, 0, 0, 0, 3, 7], [6, 0, 0, 0, 0, 3, 3, 3, 3, 7], [6, 0, 0, 0, 0, 3, 0, 0, 0, 7], [6, 0, 0, 0, 0, 0, 0, 0, 0, 7], [6, 0, 0, 0, 0, 0, 0, 0, 0, 7], [6, 0, 0, 0, 3, 0, 0, 0, 0, 7], [6, 0, 0, 0, 0, 0, 0, 0, 0, 7], [6, 0, 0, 0, 0, 3, 0, 0, 0, 7], [6, 3, 0, 3, 0, 3, 0, 0, 0, 7], [6, 0, 3, 3, 0, 0, 0, 0, 0, 7]], "output": [[6, 0, 0, 0, 0, 0, 0, 0, 7, 7], [6, 0, 0, 0, 0, 7, 7, 7, 7, 7], [6, 0, 0, 0, 0, 7, 0, 0, 0, 7], [6, 0, 0, 0, 0, 0, 0, 0, 0, 7], [6, 0, 0, 0, 0, 0, 0, 0, 0, 7], [6, 0, 0, 0, 6, 0, 0, 0, 0, 7], [6, 0, 0, 0, 0, 0, 0, 0, 0, 7], [6, 0, 0, 0, 0, 7, 0, 0, 0, 7], [6, 6, 0, 6, 0, 7, 0, 0, 0, 7], [6, 0, 6, 6, 0, 0, 0, 0, 0, 7]]}, {"input": [[9, 9, 9, 9, 9, 9, 9, 9, 9, 9], [0, 0, 0, 3, 0, 0, 0, 0, 3, 0], [0, 3, 0, 0, 0, 0, 0, 0, 0, 0], [0, 0, 0, 0, 0, 0, 0, 0, 0, 0], [0, 0, 0, 0, 0, 0, 0, 0, 0, 0], [0, 0, 0, 0, 0, 0, 0, 0, 0, 0], [0, 0, 0, 0, 0, 0, 0, 0, 0, 0], [0, 0, 0, 0, 0, 0, 0, 0, 0, 0], [0, 0, 3, 0, 0, 0, 0, 0, 3, 0], [2, 2, 2, 2, 2, 2, 2, 2, 2, 2]], "output": [[9, 9, 9, 9, 9, 9, 9, 9, 9, 9], [0, 0, 0, 9, 0, 0, 0, 0, 9, 0], [0, 9, 0, 0, 0, 0, 0, 0, 0, 0], [0, 0, 0, 0, 0, 0, 0, 0, 0, 0], [0, 0, 0, 0, 0, 0, 0, 0, 0, 0], [0, 0, 0, 0, 0, 0, 0, 0, 0, 0], [0, 0, 0, 0, 0, 0, 0, 0, 0, 0], [0, 0, 0, 0, 0, 0, 0, 0, 0, 0], [0, 0, 2, 0, 0, 0, 0, 0, 2, 0], [2, 2, 2, 2, 2, 2, 2, 2, 2, 2]]}, {"input": [[6, 6, 6, 6, 6, 6, 6, 6, 6, 6], [0, 0, 3, 3, 0, 0, 0, 0, 0, 0], [0, 3, 0, 0, 0, 0, 0, 0, 0, 0], [0, 0, 0, 0, 0, 0, 0, 0, 0, 3], [0, 0, 0, 3, 3, 0, 0, 3, 0, 0], [0, 0, 0, 0, 0, 0, 0, 0, 0, 0], [0, 0, 0, 0, 0, 0, 0, 0, 0, 0], [0, 0, 0, 0, 0, 0, 0, 0, 0, 0], [0, 0, 0, 3, 0, 0, 0, 0, 0, 0], [8, 8, 8, 8, 8, 8, 8, 8, 8, 8]], "output": [[6, 6, 6, 6, 6, 6, 6, 6, 6, 6], [0, 0, 6, 6, 0, 0, 0, 0, 0, 0], [0, 6, 0, 0, 0, 0, 0, 0, 0, 0], [0, 0, 0, 0, 0, 0, 0, 0, 0, 6], [0, 0, 0, 6, 6, 0, 0, 6, 0, 0], [0, 0, 0, 0, 0, 0, 0, 0, 0, 0], [0, 0, 0, 0, 0, 0, 0, 0, 0, 0], [0, 0, 0, 0, 0, 0, 0, 0, 0, 0], [0, 0, 0, 8, 0, 0, 0, 0, 0, 0], [8, 8, 8, 8, 8, 8, 8, 8, 8, 8]]}, {"input": [[5, 5, 5, 5, 5, 5, 5, 5, 5, 5], [3, 0, 0, 0, 3, 0, 0, 3, 0, 0], [0, 0, 0, 0, 3, 0, 0, 0, 0, 0], [0, 3, 0, 0, 0, 0, 0, 0, 0, 3], [0, 0, 0, 0, 0, 0, 0, 0, 0, 0], [3, 0, 0, 0, 3, 0, 0, 0, 0, 0], [3, 0, 0, 0, 3, 0, 0, 3, 0, 0], [3, 0, 0, 0, 0, 3, 0, 0, 0, 0], [0, 3, 0, 0, 0, 0, 0, 0, 0, 0], [1, 1, 1, 1, 1, 1, 1, 1, 1, 1]], "output": [[5, 5, 5, 5, 5, 5, 5, 5, 5, 5], [5, 0, 0, 0, 5, 0, 0, 5, 0, 0], [0, 0, 0, 0, 5, 0, 0, 0, 0, 0], [0, 5, 0, 0, 0, 0, 0, 0, 0, 5], [0, 0, 0, 0, 0, 0, 0, 0, 0, 0], [1, 0, 0, 0, 1, 0, 0, 0, 0, 0], [1, 0, 0, 0, 1, 0, 0, 1, 0, 0], [1, 0, 0, 0, 0, 1, 0, 0, 0, 0], [0, 1, 0, 0, 0, 0, 0, 0, 0, 0], [1, 1, 1, 1, 1, 1, 1, 1, 1, 1]]}, {"input": [[5, 3, 3, 0, 0, 0, 3, 0, 0, 1], [5, 0, 0, 0, 0, 0, 0, 3, 0, 1], [5, 0, 0, 0, 0, 3, 0, 0, 0, 1], [5, 0, 0, 3, 0, 0, 0, 0, 0, 1], [5, 0, 0, 0, 0, 0, 0, 3, 0, 1], [5, 0, 0, 0, 0, 0, 3, 3, 0, 1], [5, 3, 0, 3, 0, 0, 0, 0, 0, 1], [5, 0, 0, 0, 0, 0, 0, 0, 0, 1], [5, 0, 0, 3, 0, 0, 0, 0, 0, 1], [5, 0, 0, 0, 0, 3, 0, 0, 0, 1]], "output": [[5, 5, 5, 0, 0, 0, 1, 0, 0, 1], [5, 0, 0, 0, 0, 0, 0, 1, 0, 1], [5, 0, 0, 0, 0, 1, 0, 0, 0, 1], [5, 0, 0, 5, 0, 0, 0, 0, 0, 1], [5, 0, 0, 0, 0, 0, 0, 1, 0, 1], [5, 0, 0, 0, 0, 0, 1, 1, 0, 1], [5, 5, 0, 5, 0, 0, 0, 0, 0, 1], [5, 0, 0, 0, 0, 0, 0, 0, 0, 1], [5, 0, 0, 5, 0, 0, 0, 0, 0, 1], [5, 0, 0, 0, 0, 1, 0, 0, 0, 1]]}, {"input": [[2, 2, 2, 2, 2, 2, 2, 2, 2, 2], [0, 0, 0, 0, 0, 0, 0, 0, 0, 0], [0, 0, 0, 3, 0, 0, 3, 0, 0, 0], [0, 0, 0, 0, 0, 0, 0, 0, 0, 3], [0, 0, 0, 0, 0, 0, 0, 3, 0, 3], [0, 0, 0, 0, 0, 0, 0, 0, 3, 0], [0, 0, 3, 0, 0, 0, 0, 3, 0, 0], [3, 0, 0, 0, 0, 0, 0, 0, 3, 3], [0, 0, 3, 3, 0, 0, 0, 0, 3, 0], [6, 6, 6, 6, 6, 6, 6, 6, 6, 6]], "output": [[2, 2, 2, 2, 2, 2, 2, 2, 2, 2], [0, 0, 0, 0, 0, 0, 0, 0, 0, 0], [0, 0, 0, 2, 0, 0, 2, 0, 0, 0], [0, 0, 0, 0, 0, 0, 0, 0, 0, 2], [0, 0, 0, 0, 0, 0, 0, 2, 0, 2], [0, 0, 0, 0, 0, 0, 0, 0, 6, 0], [0, 0, 6, 0, 0, 0, 0, 6, 0, 0], [6, 0, 0, 0, 0, 0, 0, 0, 6, 6], [0, 0, 6, 6, 0, 0, 0, 0, 6, 0], [6, 6, 6, 6, 6, 6, 6, 6, 6, 6]]}, {"input": [[4, 0, 0, 0, 0, 0, 0, 0, 0, 2], [4, 0, 0, 3, 0, 0, 0, 0, 0, 2], [4, 3, 0, 0, 0, 0, 0, 0, 0, 2], [4, 0, 0, 0, 0, 0, 0, 0, 3, 2], [4, 0, 0, 0, 0, 0, 0, 0, 0, 2], [4, 0, 0, 0, 0, 0, 0, 0, 0, 2], [4, 0, 0, 0, 3, 0, 0, 3, 0, 2], [4, 0, 3, 0, 0, 0, 0, 0, 3, 2], [4, 0, 0, 0, 0, 0, 0, 0, 0, 2], [4, 0, 0, 0, 0, 0, 0, 0, 0, 2]], "output": [[4, 0, 0, 0, 0, 0, 0, 0, 0, 2], [4, 0, 0, 4, 0, 0, 0, 0, 0, 2], [4, 4, 0, 0, 0, 0, 0, 0, 0, 2], [4, 0, 0, 0, 0, 0, 0, 0, 2, 2], [4, 0, 0, 0, 0, 0, 0, 0, 0, 2], [4, 0, 0, 0, 0, 0, 0, 0, 0, 2], [4, 0, 0, 0, 4, 0, 0, 2, 0, 2], [4, 0, 4, 0, 0, 0, 0, 0, 2, 2], [4, 0, 0, 0, 0, 0, 0, 0, 0, 2], [4, 0, 0, 0, 0, 0, 0, 0, 0, 2]]}, {"input": [[9, 9, 9, 9, 9, 9, 9, 9, 9, 9], [0, 0, 0, 0, 0, 0, 0, 0, 0, 0], [0, 0, 0, 0, 0, 0, 0, 0, 0, 0], [0, 0, 0, 0, 0, 3, 0, 0, 0, 0], [0, 0, 0, 0, 0, 0, 0, 0, 0, 0], [3, 3, 0, 3, 0, 0, 0, 0, 0, 0], [3, 0, 0, 0, 0, 0, 0, 0, 0, 0], [0, 3, 0, 0, 0, 3, 0, 0, 0, 0], [0, 0, 0, 0, 0, 0, 3, 3, 0, 0], [7, 7, 7, 7, 7, 7, 7, 7, 7, 7]], "output": [[9, 9, 9, 9, 9, 9, 9, 9, 9, 9], [0, 0, 0, 0, 0, 0, 0, 0, 0, 0], [0, 0, 0, 0, 0, 0, 0, 0, 0, 0], [0, 0, 0, 0, 0, 9, 0, 0, 0, 0], [0, 0, 0, 0, 0, 0, 0, 0, 0, 0], [7, 7, 0, 7, 0, 0, 0, 0, 0, 0], [7, 0, 0, 0, 0, 0, 0, 0, 0, 0], [0, 7, 0, 0, 0, 7, 0, 0, 0, 0], [0, 0, 0, 0, 0, 0, 7, 7, 0, 0], [7, 7, 7, 7, 7, 7, 7, 7, 7, 7]]}, {"input": [[8, 8, 8, 8, 8, 8, 8, 8, 8, 8], [0, 0, 0, 0, 3, 0, 0, 3, 0, 0], [0, 0, 0, 0, 0, 0, 0, 0, 0, 0], [0, 0, 0, 0, 0, 0, 0, 0, 3, 0], [0, 0, 0, 0, 0, 0, 0, 0, 3, 0], [0, 0, 0, 0, 0, 0, 0, 0, 3, 0], [0, 0, 0, 0, 0, 0, 3, 0, 0, 0], [0, 3, 0, 0, 0, 0, 3, 0, 0, 0], [0, 0, 0, 0, 0, 3, 3, 3, 0, 3], [9, 9, 9, 9, 9, 9, 9, 9, 9, 9]], "output": [[8, 8, 8, 8, 8, 8, 8, 8, 8, 8], [0, 0, 0, 0, 8, 0, 0, 8, 0, 0], [0, 0, 0, 0, 0, 0, 0, 0, 0, 0], [0, 0, 0, 0, 0, 0, 0, 0, 8, 0], [0, 0, 0, 0, 0, 0, 0, 0, 8, 0], [0, 0, 0, 0, 0, 0, 0, 0, 9, 0], [0, 0, 0, 0, 0, 0, 9, 0, 0, 0], [0, 9, 0, 0, 0, 0, 9, 0, 0, 0], [0, 0, 0, 0, 0, 9, 9, 9, 0, 9], [9, 9, 9, 9, 9, 9, 9, 9, 9, 9]]}, {"input": [[4, 4, 4, 4, 4, 4, 4, 4, 4, 4], [0, 0, 0, 0, 3, 0, 3, 0, 0, 0], [0, 0, 0, 0, 0, 0, 0, 0, 0, 0], [0, 0, 3, 0, 0, 0, 3, 0, 0, 0], [0, 0, 0, 0, 0, 3, 3, 0, 0, 0], [0, 0, 0, 0, 3, 0, 0, 0, 0, 0], [3, 0, 0, 0, 0, 0, 3, 0, 0, 0], [0, 0, 3, 0, 0, 0, 0, 0, 0, 3], [0, 0, 0, 0, 0, 3, 0, 0, 3, 3], [2, 2, 2, 2, 2, 2, 2, 2, 2, 2]], "output": [[4, 4, 4, 4, 4, 4, 4, 4, 4, 4], [0, 0, 0, 0, 4, 0, 4, 0, 0, 0], [0, 0, 0, 0, 0, 0, 0, 0, 0, 0], [0, 0, 4, 0, 0, 0, 4, 0, 0, 0], [0, 0, 0, 0, 0, 4, 4, 0, 0, 0], [0, 0, 0, 0, 2, 0, 0, 0, 0, 0], [2, 0, 0, 0, 0, 0, 2, 0, 0, 0], [0, 0, 2, 0, 0, 0, 0, 0, 0, 2], [0, 0, 0, 0, 0, 2, 0, 0, 2, 2], [2, 2, 2, 2, 2, 2, 2, 2, 2, 2]]}, {"input": [[6, 0, 0, 0, 0, 0, 0, 0, 0, 8], [6, 3, 0, 0, 0, 0, 0, 0, 0, 8], [6, 0, 0, 0, 0, 0, 0, 3, 0, 8], [6, 0, 0, 0, 0, 0, 0, 0, 0, 8], [6, 0, 3, 0, 0, 0, 0, 0, 3, 8], [6, 0, 0, 0, 3, 3, 0, 0, 0, 8], [6, 0, 0, 0, 0, 0, 0, 0, 0, 8], [6, 0, 0, 0, 0, 3, 0, 0, 0, 8], [6, 0, 0, 0, 0, 0, 0, 0, 0, 8], [6, 3, 0, 0, 0, 0, 0, 0, 0, 8]], "output": [[6, 0, 0, 0, 0, 0, 0, 0, 0, 8], [6, 6, 0, 0, 0, 0, 0, 0, 0, 8], [6, 0, 0, 0, 0, 0, 0, 8, 0, 8], [6, 0, 0, 0, 0, 0, 0, 0, 0, 8], [6, 0, 6, 0, 0, 0, 0, 0, 8, 8], [6, 0, 0, 0, 6, 8, 0, 0, 0, 8], [6, 0, 0, 0, 0, 0, 0, 0, 0, 8], [6, 0, 0, 0, 0, 8, 0, 0, 0, 8], [6, 0, 0, 0, 0, 0, 0, 0, 0, 8], [6, 6, 0, 0, 0, 0, 0, 0, 0, 8]]}, {"input": [[9, 9, 9, 9, 9, 9, 9, 9, 9, 9], [3, 0, 0, 0, 0, 0, 0, 0, 0, 0], [0, 0, 0, 0, 0, 0, 0, 0, 0, 0], [0, 3, 0, 0, 0, 0, 3, 0, 0, 0], [0, 0, 0, 0, 3, 0, 0, 0, 0, 0], [0, 0, 0, 0, 0, 0, 3, 0, 0, 0], [0, 0, 0, 0, 0, 0, 0, 0, 3, 0], [0, 0, 0, 0, 0, 0, 0, 0, 0, 0], [0, 0, 0, 0, 0, 3, 3, 3, 0, 0], [4, 4, 4, 4, 4, 4, 4, 4, 4, 4]], "output": [[9, 9, 9, 9, 9, 9, 9, 9, 9, 9], [9, 0, 0, 0, 0, 0, 0, 0, 0, 0], [0, 0, 0, 0, 0, 0, 0, 0, 0, 0], [0, 9, 0, 0, 0, 0, 9, 0, 0, 0], [0, 0, 0, 0, 9, 0, 0, 0, 0, 0], [0, 0, 0, 0, 0, 0, 4, 0, 0, 0], [0, 0, 0, 0, 0, 0, 0, 0, 4, 0], [0, 0, 0, 0, 0, 0, 0, 0, 0, 0], [0, 0, 0, 0, 0, 4, 4, 4, 0, 0], [4, 4, 4, 4, 4, 4, 4, 4, 4, 4]]}, {"input": [[1, 3, 0, 0, 0, 0, 0, 0, 0, 4], [1, 0, 3, 0, 0, 3, 0, 0, 0, 4], [1, 0, 0, 0, 0, 0, 0, 3, 0, 4], [1, 0, 0, 0, 0, 0, 0, 0, 3, 4], [1, 0, 0, 3, 0, 0, 0, 0, 3, 4], [1, 0, 0, 3, 0, 0, 0, 0, 0, 4], [1, 0, 0, 0, 3, 0, 0, 0, 0, 4], [1, 3, 0, 0, 0, 0, 0, 0, 0, 4], [1, 0, 0, 0, 0, 0, 0, 0, 0, 4], [1, 0, 0, 0, 0, 0, 0, 0, 0, 4]], "output": [[1, 1, 0, 0, 0, 0, 0, 0, 0, 4], [1, 0, 1, 0, 0, 4, 0, 0, 0, 4], [1, 0, 0, 0, 0, 0, 0, 4, 0, 4], [1, 0, 0, 0, 0, 0, 0, 0, 4, 4], [1, 0, 0, 1, 0, 0, 0, 0, 4, 4], [1, 0, 0, 1, 0, 0, 0, 0, 0, 4], [1, 0, 0, 0, 1, 0, 0, 0, 0, 4], [1, 1, 0, 0, 0, 0, 0, 0, 0, 4], [1, 0, 0, 0, 0, 0, 0, 0, 0, 4], [1, 0, 0, 0, 0, 0, 0, 0, 0, 4]]}, {"input": [[2, 2, 2, 2, 2, 2, 2, 2, 2, 2], [0, 0, 0, 0, 0, 0, 0, 3, 0, 0], [0, 0, 0, 0, 0, 0, 0, 0, 0, 0], [3, 0, 0, 0, 0, 0, 0, 0, 0, 0], [0, 0, 3, 0, 0, 0, 3, 0, 0, 0], [0, 0, 0, 0, 0, 0, 0, 0, 3, 0], [3, 0, 0, 0, 0, 0, 0, 0, 0, 0], [0, 0, 0, 0, 0, 0, 3, 0, 0, 0], [0, 0, 0, 0, 0, 0, 0, 0, 0, 0], [8, 8, 8, 8, 8, 8, 8, 8, 8, 8]], "output": [[2, 2, 2, 2, 2, 2, 2, 2, 2, 2], [0, 0, 0, 0, 0, 0, 0, 2, 0, 0], [0, 0, 0, 0, 0, 0, 0, 0, 0, 0], [2, 0, 0, 0, 0, 0, 0, 0, 0, 0], [0, 0, 2, 0, 0, 0, 2, 0, 0, 0], [0, 0, 0, 0, 0, 0, 0, 0, 8, 0], [8, 0, 0, 0, 0, 0, 0, 0, 0, 0], [0, 0, 0, 0, 0, 0, 8, 0, 0, 0], [0, 0, 0, 0, 0, 0, 0, 0, 0, 0], [8, 8, 8, 8, 8, 8, 8, 8, 8, 8]]}, {"input": [[6, 0, 0, 0, 0, 0, 0, 0, 0, 7], [6, 3, 0, 0, 0, 0, 0, 0, 0, 7], [6, 0, 0, 0, 3, 0, 0, 0, 0, 7], [6, 0, 0, 0, 0, 0, 0, 0, 0, 7], [6, 0, 0, 0, 0, 0, 0, 3, 0, 7], [6, 3, 0, 0, 0, 0, 0, 0, 0, 7], [6, 3, 0, 0, 0, 0, 0, 0, 0, 7], [6, 0, 0, 3, 0, 0, 0, 0, 0, 7], [6, 0, 0, 0, 3, 0, 0, 0, 0, 7], [6, 0, 0, 3, 3, 0, 0, 0, 0, 7]], "output": [[6, 0, 0, 0, 0, 0, 0, 0, 0, 7], [6, 6, 0, 0, 0, 0, 0, 0, 0, 7], [6, 0, 0, 0, 6, 0, 0, 0, 0, 7], [6, 0, 0, 0, 0, 0, 0, 0, 0, 7], [6, 0, 0, 0, 0, 0, 0, 7, 0, 7], [6, 6, 0, 0, 0, 0, 0, 0, 0, 7], [6, 6, 0, 0, 0, 0, 0, 0, 0, 7], [6, 0, 0, 6, 0, 0, 0, 0, 0, 7], [6, 0, 0, 0, 6, 0, 0, 0, 0, 7], [6, 0, 0, 6, 6, 0, 0, 0, 0, 7]]}, {"input": [[1, 3, 0, 3, 0, 0, 0, 0, 0, 2], [1, 3, 0, 0, 0, 0, 0, 0, 0, 2], [1, 0, 0, 0, 3, 0, 0, 3, 0, 2], [1, 0, 3, 0, 0, 0, 0, 0, 3, 2], [1, 0, 0, 0, 0, 0, 0, 0, 0, 2], [1, 3, 0, 0, 3, 0, 0, 0, 3, 2], [1, 0, 0, 0, 0, 0, 0, 0, 0, 2], [1, 0, 0, 0, 0, 0, 0, 0, 3, 2], [1, 0, 0, 0, 0, 0, 0, 0, 0, 2], [1, 0, 3, 0, 0, 0, 0, 0, 0, 2]], "output": [[1, 1, 0, 1, 0, 0, 0, 0, 0, 2], [1, 1, 0, 0, 0, 0, 0, 0, 0, 2], [1, 0, 0, 0, 1, 0, 0, 2, 0, 2], [1, 0, 1, 0, 0, 0, 0, 0, 2, 2], [1, 0, 0, 0, 0, 0, 0, 0, 0, 2], [1, 1, 0, 0, 1, 0, 0, 0, 2, 2], [1, 0, 0, 0, 0, 0, 0, 0, 0, 2], [1, 0, 0, 0, 0, 0, 0, 0, 2, 2], [1, 0, 0, 0, 0, 0, 0, 0, 0, 2], [1, 0, 1, 0, 0, 0, 0, 0, 0, 2]]}, {"input": [[1, 1, 1, 1, 1, 1, 1, 1, 1, 1], [0, 0, 0, 0, 0, 0, 0, 0, 0, 0], [0, 0, 3, 0, 0, 0, 0, 0, 0, 0], [0, 0, 0, 0, 0, 0, 0, 0, 0, 3], [3, 0, 0, 3, 0, 0, 0, 0, 0, 3], [0, 0, 0, 0, 0, 0, 0, 0, 0, 0], [0, 0, 0, 0, 0, 0, 0, 0, 0, 0], [0, 0, 0, 0, 0, 0, 0, 0, 0, 0], [0, 0, 0, 0, 0, 0, 0, 0, 0, 0], [9, 9, 9, 9, 9, 9, 9, 9, 9, 9]], "output": [[1, 1, 1, 1, 1, 1, 1, 1, 1, 1], [0, 0, 0, 0, 0, 0, 0, 0, 0, 0], [0, 0, 1, 0, 0, 0, 0, 0, 0, 0], [0, 0, 0, 0, 0, 0, 0, 0, 0, 1], [1, 0, 0, 1, 0, 0, 0, 0, 0, 1], [0, 0, 0, 0, 0, 0, 0, 0, 0, 0], [0, 0, 0, 0, 0, 0, 0, 0, 0, 0], [0, 0, 0, 0, 0, 0, 0, 0, 0, 0], [0, 0, 0, 0, 0, 0, 0, 0, 0, 0], [9, 9, 9, 9, 9, 9, 9, 9, 9, 9]]}, {"input": [[2, 0, 0, 0, 0, 0, 0, 0, 0, 6], [2, 0, 3, 0, 0, 3, 0, 0, 0, 6], [2, 0, 0, 0, 0, 0, 0, 0, 0, 6], [2, 3, 0, 0, 0, 0, 0, 0, 0, 6], [2, 0, 0, 0, 0, 0, 0, 0, 0, 6], [2, 0, 3, 0, 0, 0, 0, 0, 0, 6], [2, 0, 0, 0, 0, 0, 0, 0, 0, 6], [2, 0, 0, 0, 0, 0, 0, 0, 0, 6], [2, 0, 0, 0, 0, 0, 0, 0, 0, 6], [2, 0, 0, 0, 3, 0, 0, 0, 0, 6]], "output": [[2, 0, 0, 0, 0, 0, 0, 0, 0, 6], [2, 0, 2, 0, 0, 6, 0, 0, 0, 6], [2, 0, 0, 0, 0, 0, 0, 0, 0, 6], [2, 2, 0, 0, 0, 0, 0, 0, 0, 6], [2, 0, 0, 0, 0, 0, 0, 0, 0, 6], [2, 0, 2, 0, 0, 0, 0, 0, 0, 6], [2, 0, 0, 0, 0, 0, 0, 0, 0, 6], [2, 0, 0, 0, 0, 0, 0, 0, 0, 6], [2, 0, 0, 0, 0, 0, 0, 0, 0, 6], [2, 0, 0, 0, 2, 0, 0, 0, 0, 6]]}, {"input": [[8, 0, 0, 0, 0, 0, 0, 0, 0, 6], [8, 0, 3, 0, 0, 0, 0, 0, 0, 6], [8, 3, 0, 0, 0, 0, 0, 0, 0, 6], [8, 0, 0, 0, 0, 0, 0, 0, 0, 6], [8, 0, 0, 0, 0, 3, 0, 3, 0, 6], [8, 0, 0, 0, 0, 0, 3, 0, 0, 6], [8, 0, 0, 0, 0, 0, 0, 0, 0, 6], [8, 3, 0, 0, 0, 0, 0, 0, 0, 6], [8, 0, 0, 0, 0, 3, 0, 0, 0, 6], [8, 0, 0, 0, 0, 0, 0, 0, 3, 6]], "output": [[8, 0, 0, 0, 0, 0, 0, 0, 0, 6], [8, 0, 8, 0, 0, 0, 0, 0, 0, 6], [8, 8, 0, 0, 0, 0, 0, 0, 0, 6], [8, 0, 0, 0, 0, 0, 0, 0, 0, 6], [8, 0, 0, 0, 0, 6, 0, 6, 0, 6], [8, 0, 0, 0, 0, 0, 6, 0, 0, 6], [8, 0, 0, 0, 0, 0, 0, 0, 0, 6], [8, 8, 0, 0, 0, 0, 0, 0, 0, 6], [8, 0, 0, 0, 0, 6, 0, 0, 0, 6], [8, 0, 0, 0, 0, 0, 0, 0, 6, 6]]}, {"input": [[9, 0, 0, 0, 3, 0, 0, 0, 0, 2], [9, 0, 0, 0, 3, 0, 0, 0, 0, 2], [9, 0, 0, 0, 0, 0, 0, 0, 3, 2], [9, 0, 0, 0, 3, 3, 3, 0, 0, 2], [9, 0, 0, 0, 0, 0, 0, 0, 0, 2], [9, 0, 0, 0, 0, 0, 3, 0, 3, 2], [9, 0, 0, 0, 0, 0, 0, 0, 0, 2], [9, 3, 0, 0, 0, 0, 0, 0, 0, 2], [9, 0, 0, 3, 0, 0, 3, 0, 0, 2], [9, 0, 0, 0, 0, 0, 0, 0, 3, 2]], "output": [[9, 0, 0, 0, 9, 0, 0, 0, 0, 2], [9, 0, 0, 0, 9, 0, 0, 0, 0, 2], [9, 0, 0, 0, 0, 0, 0, 0, 2, 2], [9, 0, 0, 0, 9, 2, 2, 0, 0, 2], [9, 0, 0, 0, 0, 0, 0, 0, 0, 2], [9, 0, 0, 0, 0, 0, 2, 0, 2, 2], [9, 0, 0, 0, 0, 0, 0, 0, 0, 2], [9, 9, 0, 0, 0, 0, 0, 0, 0, 2], [9, 0, 0, 9, 0, 0, 2, 0, 0, 2], [9, 0, 0, 0, 0, 0, 0, 0, 2, 2]]}, {"input": [[9, 0, 3, 0, 0, 0, 0, 0, 3, 5], [9, 0, 0, 0, 0, 0, 0, 0, 0, 5], [9, 0, 3, 0, 0, 0, 0, 0, 3, 5], [9, 0, 0, 0, 0, 0, 0, 0, 0, 5], [9, 0, 0, 0, 0, 0, 0, 0, 0, 5], [9, 0, 0, 0, 0, 0, 0, 0, 0, 5], [9, 0, 3, 0, 0, 0, 0, 0, 0, 5], [9, 0, 3, 3, 0, 0, 0, 0, 0, 5], [9, 0, 0, 0, 0, 0, 0, 0, 0, 5], [9, 0, 0, 0, 0, 0, 0, 0, 0, 5]], "output": [[9, 0, 9, 0, 0, 0, 0, 0, 5, 5], [9, 0, 0, 0, 0, 0, 0, 0, 0, 5], [9, 0, 9, 0, 0, 0, 0, 0, 5, 5], [9, 0, 0, 0, 0, 0, 0, 0, 0, 5], [9, 0, 0, 0, 0, 0, 0, 0, 0, 5], [9, 0, 0, 0, 0, 0, 0, 0, 0, 5], [9, 0, 9, 0, 0, 0, 0, 0, 0, 5], [9, 0, 9, 9, 0, 0, 0, 0, 0, 5], [9, 0, 0, 0, 0, 0, 0, 0, 0, 5], [9, 0, 0, 0, 0, 0, 0, 0, 0, 5]]}, {"input": [[6, 0, 3, 0, 0, 0, 0, 0, 0, 4], [6, 0, 0, 0, 3, 0, 0, 3, 0, 4], [6, 0, 0, 0, 0, 0, 0, 0, 0, 4], [6, 0, 0, 0, 0, 0, 0, 3, 3, 4], [6, 0, 0, 0, 0, 0, 0, 0, 0, 4], [6, 0, 0, 0, 0, 0, 3, 0, 0, 4], [6, 0, 0, 0, 3, 0, 0, 3, 0, 4], [6, 0, 0, 0, 0, 0, 0, 0, 3, 4], [6, 0, 0, 0, 0, 3, 0, 0, 0, 4], [6, 0, 0, 0, 0, 0, 0, 0, 0, 4]], "output": [[6, 0, 6, 0, 0, 0, 0, 0, 0, 4], [6, 0, 0, 0, 6, 0, 0, 4, 0, 4], [6, 0, 0, 0, 0, 0, 0, 0, 0, 4], [6, 0, 0, 0, 0, 0, 0, 4, 4, 4], [6, 0, 0, 0, 0, 0, 0, 0, 0, 4], [6, 0, 0, 0, 0, 0, 4, 0, 0, 4], [6, 0, 0, 0, 6, 0, 0, 4, 0, 4], [6, 0, 0, 0, 0, 0, 0, 0, 4, 4], [6, 0, 0, 0, 0, 4, 0, 0, 0, 4], [6, 0, 0, 0, 0, 0, 0, 0, 0, 4]]}, {"input": [[7, 7, 7, 7, 7, 7, 7, 7, 7, 7], [0, 0, 0, 0, 0, 0, 0, 0, 0, 0], [0, 0, 0, 0, 0, 0, 0, 0, 0, 0], [0, 0, 3, 0, 0, 0, 0, 0, 0, 0], [0, 0, 0, 0, 3, 0, 0, 0, 0, 0], [0, 0, 0, 0, 0, 3, 0, 0, 0, 0], [0, 0, 0, 0, 0, 3, 3, 3, 0, 0], [0, 0, 0, 0, 3, 0, 0, 3, 0, 0], [0, 0, 0, 0, 0, 0, 0, 0, 3, 0], [1, 1, 1, 1, 1, 1, 1, 1, 1, 1]], "output": [[7, 7, 7, 7, 7, 7, 7, 7, 7, 7], [0, 0, 0, 0, 0, 0, 0, 0, 0, 0], [0, 0, 0, 0, 0, 0, 0, 0, 0, 0], [0, 0, 7, 0, 0, 0, 0, 0, 0, 0], [0, 0, 0, 0, 7, 0, 0, 0, 0, 0], [0, 0, 0, 0, 0, 1, 0, 0, 0, 0], [0, 0, 0, 0, 0, 1, 1, 1, 0, 0], [0, 0, 0, 0, 1, 0, 0, 1, 0, 0], [0, 0, 0, 0, 0, 0, 0, 0, 1, 0], [1, 1, 1, 1, 1, 1, 1, 1, 1, 1]]}]
