[{"input": [[0, 0, 0, 0, 0, 0, 0, 0, 0], [0, 0, 0, 0, 0, 0, 0, 0, 0], [0, 0, 0, 0, 0, 0, 0, 0, 0], [0, 0, 0, 0, 0, 0, 0, 7, 0], [0, 0, 0, 0, 0, 0, 0, 0, 0], [0, 0, 0, 0, 0, 0, 0, 0, 0], [0, 0, 0, 0, 0, 8, 0, 0, 0], [0, 0, 0, 0, 0, 0, 0, 0, 0], [0, 0, 0, 0, 0, 0, 0, 0, 0]], "output": [[0, 0, 0, 0, 0, 8, 0, 7, 0], [0, 0, 0, 0, 0, 8, 0, 7, 0], [0, 0, 0, 0, 0, 8, 0, 7, 0], [7, 7, 7, 7, 7, 2, 7, 7, 7], [0, 0, 0, 0, 0, 8, 0, 7, 0], [0, 0, 0, 0, 0, 8, 0, 7, 0], [8, 8, 8, 8, 8, 8, 8, 2, 8], [0, 0, 0, 0, 0, 8, 0, 7, 0], [0, 0, 0, 0, 0, 8, 0, 7, 0]]}, {"input": [[0, 0, 0, 0, 0, 0, 0, 0, 0], [0, 0, 0, 0, 0, 0, 0, 0, 0], [0, 0, 0, 0, 0, 7, 0, 0, 0], [0, 0, 0, 0, 0, 0, 0, 0, 0], [0, 0, 0, 0, 0, 0, 0, 0, 0], [0, 0, 0, 0, 0, 0, 0, 0, 0], [0, 0, 0, 8, 0, 0, 0, 0, 0], [0, 0, 0, 0, 0, 0, 0, 0, 0], [0, 0, 0, 0, 0, 0, 0, 0, 0]], "output": [[0, 0, 0, 8, 0, 7, 0, 0, 0], [0, 0, 0, 8, 0, 7, 0, 0, 0], [7, 7, 7, 2, 7, 7, 7, 7, 7], [0, 0, 0, 8, 0, 7, 0, 0, 0], [0, 0, 0, 8, 0, 7, 0, 0, 0], [0, 0, 0, 8, 0, 7, 0, 0, 0], [8, 8, 8, 8, 8, 2, 8, 8, 8], [0, 0, 0, 8, 0, 7, 0, 0, 0], [0, 0, 0, 8, 0, 7, 0, 0, 0]]}, {"input": [[0, 0, 0, 0, 0, 0, 0, 0, 0], [0, 0, 0, 0, 0, 0, 0, 0, 0], [0, 0, 0, 0, 0, 0, 7, 0, 0], [0, 0, 0, 0, 0, 0, 0, 0, 0], [0, 0, 0, 0, 0, 0, 0, 0, 8], [0, 0, 0, 0, 0, 0, 0, 0, 0], [0, 0, 0, 0, 0, 0, 0, 0, 0], [0, 0, 0, 0, 0, 0, 0, 0, 0], [0, 0, 0, 0, 0, 0, 0, 0, 0]], "output": [[0, 0, 0, 0, 0, 0, 7, 0, 8], [0, 0, 0, 0, 0, 0, 7, 0, 8], [7, 7, 7, 7, 7, 7, 7, 7, 2], [0, 0, 0, 0, 0, 0, 7, 0, 8], [8, 8, 8, 8, 8, 8, 2, 8, 8], [0, 0, 0, 0, 0, 0, 7, 0, 8], [0, 0, 0, 0, 0, 0, 7, 0, 8], [0, 0, 0, 0, 0, 0, 7, 0, 8], [0, 0, 0, 0, 0, 0, 7, 0, 8]]}, {"input": [[0, 0, 0, 0, 0, 0, 0, 0, 0], [0, 0, 0, 0, 0, 0, 0, 0, 0], [0, 0, 0, 0, 0, 8, 0, 0, 0], [0, 0, 0, 0, 0, 0, 0, 0, 0], [0, 0, 0, 0, 7, 0, 0, 0, 0], [0, 0, 0, 0, 0, 0, 0, 0, 0], [0, 0, 0, 0, 0, 0, 0, 0, 0], [0, 0, 0, 0, 0, 0, 0, 0, 0], [0, 0, 0, 0, 0, 0, 0, 0, 0]], "output": [[0, 0, 0, 0, 7, 8, 0, 0, 0], [0, 0, 0, 0, 7, 8, 0, 0, 0], [8, 8, 8, 8, 2, 8, 8, 8, 8], [0, 0, 0, 0, 7, 8, 0, 0, 0], [7, 7, 7, 7, 7, 2, 7, 7, 7], [0, 0, 0, 0, 7, 8, 0, 0, 0], [0, 0, 0, 0, 7, 8, 0, 0, 0], [0, 0, 0, 0, 7, 8, 0, 0, 0], [0, 0, 0, 0, 7, 8, 0, 0, 0]]}, {"input": [[0, 0, 0, 0, 0, 0, 0, 0, 0], [0, 0, 0, 0, 0, 0, 0, 0, 0], [0, 0, 0, 0, 0, 0, 0, 8, 0], [0, 0, 0, 0, 0, 0, 0, 0, 0], [0, 0, 0, 0, 0, 0, 0, 0, 0], [0, 0, 0, 0, 0, 0, 0, 0, 0], [0, 0, 0, 0, 0, 0, 0, 0, 0], [0, 0, 0, 0, 7, 0, 0, 0, 0], [0, 0, 0, 0, 0, 0, 0, 0, 0]], "output": [[0, 0, 0, 0, 7, 0, 0, 8, 0], [0, 0, 0, 0, 7, 0, 0, 8, 0], [8, 8, 8, 8, 2, 8, 8, 8, 8], [0, 0, 0, 0, 7, 0, 0, 8, 0], [0, 0, 0, 0, 7, 0, 0, 8, 0], [0, 0, 0, 0, 7, 0, 0, 8, 0], [0, 0, 0, 0, 7, 0, 0, 8, 0], [7, 7, 7, 7, 7, 7, 7, 2, 7], [0, 0, 0, 0, 7, 0, 0, 8, 0]]}, {"input": [[0, 0, 0, 0, 0, 0, 0, 0, 0], [0, 0, 0, 0, 0, 0, 0, 0, 0], [0, 0, 0, 0, 0, 0, 0, 0, 0], [0, 8, 0, 0, 0, 0, 0, 0, 0], [0, 0, 0, 0, 0, 0, 0, 0, 0], [7, 0, 0, 0, 0, 0, 0, 0, 0], [0, 0, 0, 0, 0, 0, 0, 0, 0], [0, 0, 0, 0, 0, 0, 0, 0, 0], [0, 0, 0, 0, 0, 0, 0, 0, 0]], "output": [[7, 8, 0, 0, 0, 0, 0, 0, 0], [7, 8, 0, 0, 0, 0, 0, 0, 0], [7, 8, 0, 0, 0, 0, 0, 0, 0], [2, 8, 8, 8, 8, 8, 8, 8, 8], [7, 8, 0, 0, 0, 0, 0, 0, 0], [7, 2, 7, 7, 7, 7, 7, 7, 7], [7, 8, 0, 0, 0, 0, 0, 0, 0], [7, 8, 0, 0, 0, 0, 0, 0, 0], [7, 8, 0, 0, 0, 0, 0, 0, 0]]}, {"input": [[0, 0, 0, 0, 0, 0, 0, 0, 0], [0, 0, 0, 0, 0, 0, 7, 0, 0], [0, 0, 0, 0, 0, 0, 0, 0, 0], [0, 0, 0, 0, 0, 0, 0, 0, 0], [0, 0, 0, 0, 0, 0, 0, 0, 0], [0, 0, 0, 0, 0, 0, 0, 0, 0], [0, 0, 0, 0, 0, 0, 0, 0, 0], [0, 0, 0, 0, 0, 0, 0, 0, 0], [0, 0, 8, 0, 0, 0, 0, 0, 0]], "output": [[0, 0, 8, 0, 0, 0, 7, 0, 0], [7, 7, 2, 7, 7, 7, 7, 7, 7], [0, 0, 8, 0, 0, 0, 7, 0, 0], [0, 0, 8, 0, 0, 0, 7, 0, 0], [0, 0, 8, 0, 0, 0, 7, 0, 0], [0, 0, 8, 0, 0, 0, 7, 0, 0], [0, 0, 8, 0, 0, 0, 7, 0, 0], [0, 0, 8, 0, 0, 0, 7, 0, 0], [8, 8, 8, 8, 8, 8, 2, 8, 8]]}, {"input": [[0, 0, 0, 0, 0, 0, 0, 0, 0], [0, 0, 0, 0, 0, 0, 0, 0, 0], [0, 0, 0, 0, 0, 0, 0, 0, 0], [0, 0, 0, 0, 0, 0, 0, 0, 0], [0, 0, 0, 0, 0, 0, 0, 0, 0], [0, 0, 0, 0, 0, 0, 0, 0, 0], [0, 0, 0, 0, 0, 0, 0, 0, 0], [0, 0, 0, 0, 8, 0, 0, 0, 0], [0, 0, 0, 0, 0, 0, 0, 0, 7]], "output": [[0, 0, 0, 0, 8, 0, 0, 0, 7], [0, 0, 0, 0, 8, 0, 0, 0, 7], [0, 0, 0, 0, 8, 0, 0, 0, 7], [0, 0, 0, 0, 8, 0, 0, 0, 7], [0, 0, 0, 0, 8, 0, 0, 0, 7], [0, 0, 0, 0, 8, 0, 0, 0, 7], [0, 0, 0, 0, 8, 0, 0, 0, 7], [8, 8, 8, 8, 8, 8, 8, 8, 2], [7, 7, 7, 7, 2, 7, 7, 7, 7]]}, {"input": [[0, 0, 0, 0, 0, 0, 0, 0, 0], [0, 0, 0, 0, 0, 0, 0, 0, 0], [0, 0, 0, 0, 0, 0, 0, 0, 0], [0, 0, 0, 0, 0, 8, 0, 0, 0], [0, 0, 0, 0, 0, 0, 0, 0, 0], [0, 0, 7, 0, 0, 0, 0, 0, 0], [0, 0, 0, 0, 0, 0, 0, 0, 0], [0, 0, 0, 0, 0, 0, 0, 0, 0], [0, 0, 0, 0, 0, 0, 0, 0, 0]], "output": [[0, 0, 7, 0, 0, 8, 0, 0, 0], [0, 0, 7, 0, 0, 8, 0, 0, 0], [0, 0, 7, 0, 0, 8, 0, 0, 0], [8, 8, 2, 8, 8, 8, 8, 8, 8], [0, 0, 7, 0, 0, 8, 0, 0, 0], [7, 7, 7, 7, 7, 2, 7, 7, 7], [0, 0, 7, 0, 0, 8, 0, 0, 0], [0, 0, 7, 0, 0, 8, 0, 0, 0], [0, 0, 7, 0, 0, 8, 0, 0, 0]]}, {"input": [[0, 0, 0, 0, 0, 0, 0, 0, 0], [0, 0, 0, 0, 0, 0, 0, 0, 0], [0, 0, 0, 0, 0, 0, 0, 0, 0], [0, 0, 0, 0, 0, 0, 0, 0, 0], [0, 7, 0, 0, 0, 0, 0, 0, 0], [0, 0, 0, 0, 0, 0, 0, 0, 0], [0, 0, 0, 0, 0, 0, 0, 0, 0], [0, 0, 0, 0, 0, 8, 0, 0, 0], [0, 0, 0, 0, 0, 0, 0, 0, 0]], "output": [[0, 7, 0, 0, 0, 8, 0, 0, 0], [0, 7, 0, 0, 0, 8, 0, 0, 0], [0, 7, 0, 0, 0, 8, 0, 0, 0], [0, 7, 0, 0, 0, 8, 0, 0, 0], [7, 7, 7, 7, 7, 2, 7, 7, 7], [0, 7, 0, 0, 0, 8, 0, 0, 0], [0, 7, 0, 0, 0, 8, 0, 0, 0], [8, 2, 8, 8, 8, 8, 8, 8, 8], [0, 7, 0, 0, 0, 8, 0, 0, 0]]}, {"input": [[0, 0, 0, 0, 0, 0, 0, 0, 0], [0, 0, 0, 0, 7, 0, 0, 0, 0], [0, 0, 0, 0, 0, 0, 0, 0, 0], [0, 0, 0, 0, 0, 0, 0, 0, 0], [0, 0, 0, 8, 0, 0, 0, 0, 0], [0, 0, 0, 0, 0, 0, 0, 0, 0], [0, 0, 0, 0, 0, 0, 0, 0, 0], [0, 0, 0, 0, 0, 0, 0, 0, 0], [0, 0, 0, 0, 0, 0, 0, 0, 0]], "output": [[0, 0, 0, 8, 7, 0, 0, 0, 0], [7, 7, 7, 2, 7, 7, 7, 7, 7], [0, 0, 0, 8, 7, 0, 0, 0, 0], [0, 0, 0, 8, 7, 0, 0, 0, 0], [8, 8, 8, 8, 2, 8, 8, 8, 8], [0, 0, 0, 8, 7, 0, 0, 0, 0], [0, 0, 0, 8, 7, 0, 0, 0, 0], [0, 0, 0, 8, 7, 0, 0, 0, 0], [0, 0, 0, 8, 7, 0, 0, 0, 0]]}, {"input": [[0, 8, 0, 0, 0, 0, 0, 0, 0], [0, 0, 0, 0, 0, 0, 0, 7, 0], [0, 0, 0, 0, 0, 0, 0, 0, 0], [0, 0, 0, 0, 0, 0, 0, 0, 0], [0, 0, 0, 0, 0, 0, 0, 0, 0], [0, 0, 0, 0, 0, 0, 0, 0, 0], [0, 0, 0, 0, 0, 0, 0, 0, 0], [0, 0, 0, 0, 0, 0, 0, 0, 0], [0, 0, 0, 0, 0, 0, 0, 0, 0]], "output": [[8, 8, 8, 8, 8, 8, 8, 2, 8], [7, 2, 7, 7, 7, 7, 7, 7, 7], [0, 8, 0, 0, 0, 0, 0, 7, 0], [0, 8, 0, 0, 0, 0, 0, 7, 0], [0, 8, 0, 0, 0, 0, 0, 7, 0], [0, 8, 0, 0, 0, 0, 0, 7, 0], [0, 8, 0, 0, 0, 0, 0, 7, 0], [0, 8, 0, 0, 0, 0, 0, 7, 0], [0, 8, 0, 0, 0, 0, 0, 7, 0]]}, {"input": [[0, 0, 7, 0, 0, 0, 0, 0, 0], [0, 0, 0, 0, 0, 0, 0, 0, 0], [0, 0, 0, 0, 0, 0, 0, 0, 0], [0, 0, 0, 0, 8, 0, 0, 0, 0], [0, 0, 0, 0, 0, 0, 0, 0, 0], [0, 0, 0, 0, 0, 0, 0, 0, 0], [0, 0, 0, 0, 0, 0, 0, 0, 0], [0, 0, 0, 0, 0, 0, 0, 0, 0], [0, 0, 0, 0, 0, 0, 0, 0, 0]], "output": [[7, 7, 7, 7, 2, 7, 7, 7, 7], [0, 0, 7, 0, 8, 0, 0, 0, 0], [0, 0, 7, 0, 8, 0, 0, 0, 0], [8, 8, 2, 8, 8, 8, 8, 8, 8], [0, 0, 7, 0, 8, 0, 0, 0, 0], [0, 0, 7, 0, 8, 0, 0, 0, 0], [0, 0, 7, 0, 8, 0, 0, 0, 0], [0, 0, 7, 0, 8, 0, 0, 0, 0], [0, 0, 7, 0, 8, 0, 0, 0, 0]]}, {"input": [[0, 0, 0, 0, 0, 0, 0, 0, 0], [0, 0, 0, 7, 0, 0, 0, 0, 0], [0, 0, 0, 0, 0, 0, 0, 0, 0], [0, 0, 0, 0, 0, 0, 0, 0, 0], [0, 0, 0, 0, 0, 0, 0, 0, 0], [0, 0, 0, 0, 0, 0, 0, 0, 0], [0, 0, 0, 0, 0, 0, 0, 0, 0], [0, 0, 8, 0, 0, 0, 0, 0, 0], [0, 0, 0, 0, 0, 0, 0, 0, 0]], "output": [[0, 0, 8, 7, 0, 0, 0, 0, 0], [7, 7, 2, 7, 7, 7, 7, 7, 7], [0, 0, 8, 7, 0, 0, 0, 0, 0], [0, 0, 8, 7, 0, 0, 0, 0, 0], [0, 0, 8, 7, 0, 0, 0, 0, 0], [0, 0, 8, 7, 0, 0, 0, 0, 0], [0, 0, 8, 7, 0, 0, 0, 0, 0], [8, 8, 8, 2, 8, 8, 8, 8, 8], [0, 0, 8, 7, 0, 0, 0, 0, 0]]}, {"input": [[0, 0, 0, 0, 0, 0, 0, 0, 0], [0, 0, 0, 0, 0, 0, 0, 0, 7], [0, 0, 0, 0, 0, 0, 0, 0, 0], [0, 0, 0, 0, 0, 0, 0, 0, 0], [0, 0, 0, 0, 0, 0, 0, 8, 0], [0, 0, 0, 0, 0, 0, 0, 0, 0], [0, 0, 0, 0, 0, 0, 0, 0, 0], [0, 0, 0, 0, 0, 0, 0, 0, 0], [0, 0, 0, 0, 0, 0, 0, 0, 0]], "output": [[0, 0, 0, 0, 0, 0, 0, 8, 7], [7, 7, 7, 7, 7, 7, 7, 2, 7], [0, 0, 0, 0, 0, 0, 0, 8, 7], [0, 0, 0, 0, 0, 0, 0, 8, 7], [8, 8, 8, 8, 8, 8, 8, 8, 2], [0, 0, 0, 0, 0, 0, 0, 8, 7], [0, 0, 0, 0, 0, 0, 0, 8, 7], [0, 0, 0, 0, 0, 0, 0, 8, 7], [0, 0, 0, 0, 0, 0, 0, 8, 7]]}, {"input": [[0, 0, 0, 0, 0, 0, 0, 0, 0], [0, 0, 0, 0, 0, 0, 0, 0, 0], [0, 0, 0, 0, 0, 0, 0, 0, 0], [0, 0, 0, 0, 0, 0, 0, 0, 0], [0, 0, 0, 0, 0, 0, 0, 0, 0], [0, 0, 0, 0, 0, 0, 0, 0, 0], [0, 0, 0, 0, 0, 0, 0, 0, 0], [0, 7, 0, 0, 0, 0, 0, 0, 0], [8, 0, 0, 0, 0, 0, 0, 0, 0]], "output": [[8, 7, 0, 0, 0, 0, 0, 0, 0], [8, 7, 0, 0, 0, 0, 0, 0, 0], [8, 7, 0, 0, 0, 0, 0, 0, 0], [8, 7, 0, 0, 0, 0, 0, 0, 0], [8, 7, 0, 0, 0, 0, 0, 0, 0], [8, 7, 0, 0, 0, 0, 0, 0, 0], [8, 7, 0, 0, 0, 0, 0, 0, 0], [2, 7, 7, 7, 7, 7, 7, 7, 7], [8, 2, 8, 8, 8, 8, 8, 8, 8]]}, {"input": [[0, 0, 7, 0, 0, 0, 0, 0, 0], [0, 0, 0, 0, 0, 0, 0, 0, 0], [0, 0, 0, 0, 0, 0, 0, 0, 0], [0, 0, 0, 0, 0, 0, 0, 0, 0], [0, 0, 0, 0, 0, 0, 0, 0, 0], [0, 0, 0, 0, 0, 0, 0, 0, 0], [0, 0, 0, 0, 0, 0, 0, 8, 0], [0, 0, 0, 0, 0, 0, 0, 0, 0], [0, 0, 0, 0, 0, 0, 0, 0, 0]], "output": [[7, 7, 7, 7, 7, 7, 7, 2, 7], [0, 0, 7, 0, 0, 0, 0, 8, 0], [0, 0, 7, 0, 0, 0, 0, 8, 0], [0, 0, 7, 0, 0, 0, 0, 8, 0], [0, 0, 7, 0, 0, 0, 0, 8, 0], [0, 0, 7, 0, 0, 0, 0, 8, 0], [8, 8, 2, 8, 8, 8, 8, 8, 8], [0, 0, 7, 0, 0, 0, 0, 8, 0], [0, 0, 7, 0, 0, 0, 0, 8, 0]]}, {"input": [[0, 0, 0, 0, 0, 0, 7, 0, 0], [0, 0, 0, 0, 0, 0, 0, 0, 0], [0, 0, 0, 0, 0, 0, 0, 0, 0], [0, 0, 0, 0, 0, 0, 0, 0, 0], [0, 0, 0, 0, 0, 0, 0, 0, 0], [0, 0, 0, 0, 0, 0, 0, 0, 8], [0, 0, 0, 0, 0, 0, 0, 0, 0], [0, 0, 0, 0, 0, 0, 0, 0, 0], [0, 0, 0, 0, 0, 0, 0, 0, 0]], "output": [[7, 7, 7, 7, 7, 7, 7, 7, 2], [0, 0, 0, 0, 0, 0, 7, 0, 8], [0, 0, 0, 0, 0, 0, 7, 0, 8], [0, 0, 0, 0, 0, 0, 7, 0, 8], [0, 0, 0, 0, 0, 0, 7, 0, 8], [8, 8, 8, 8, 8, 8, 2, 8, 8], [0, 0, 0, 0, 0, 0, 7, 0, 8], [0, 0, 0, 0, 0, 0, 7, 0, 8], [0, 0, 0, 0, 0, 0, 7, 0, 8]]}, {"input": [[0, 0, 0, 0, 0, 0, 0, 0, 0], [0, 0, 0, 0, 0, 0, 0, 0, 0], [0, 0, 0, 0, 0, 0, 0, 0, 0], [0, 0, 0, 8, 0, 0, 0, 0, 0], [0, 0, 0, 0, 0, 0, 0, 0, 0], [0, 0, 0, 0, 0, 0, 0, 0, 0], [0, 0, 0, 0, 0, 0, 0, 0, 0], [0, 0, 0, 0, 0, 7, 0, 0, 0], [0, 0, 0, 0, 0, 0, 0, 0, 0]], "output": [[0, 0, 0, 8, 0, 7, 0, 0, 0], [0, 0, 0, 8, 0, 7, 0, 0, 0], [0, 0, 0, 8, 0, 7, 0, 0, 0], [8, 8, 8, 8, 8, 2, 8, 8, 8], [0, 0, 0, 8, 0, 7, 0, 0, 0], [0, 0, 0, 8, 0, 7, 0, 0, 0], [0, 0, 0, 8, 0, 7, 0, 0, 0], [7, 7, 7, 2, 7, 7, 7, 7, 7], [0, 0, 0, 8, 0, 7, 0, 0, 0]]}, {"input": [[0, 0, 0, 0, 0, 0, 0, 0, 0], [0, 0, 0, 0, 0, 0, 0, 0, 0], [0, 0, 0, 0, 0, 0, 7, 0, 0], [0, 0, 0, 0, 0, 0, 0, 0, 0], [0, 0, 0, 0, 0, 0, 0, 0, 0], [0, 0, 0, 0, 0, 8, 0, 0, 0], [0, 0, 0, 0, 0, 0, 0, 0, 0], [0, 0, 0, 0, 0, 0, 0, 0, 0], [0, 0, 0, 0, 0, 0, 0, 0, 0]], "output": [[0, 0, 0, 0, 0, 8, 7, 0, 0], [0, 0, 0, 0, 0, 8, 7, 0, 0], [7, 7, 7, 7, 7, 2, 7, 7, 7], [0, 0, 0, 0, 0, 8, 7, 0, 0], [0, 0, 0, 0, 0, 8, 7, 0, 0], [8, 8, 8, 8, 8, 8, 2, 8, 8], [0, 0, 0, 0, 0, 8, 7, 0, 0], [0, 0, 0, 0, 0, 8, 7, 0, 0], [0, 0, 0, 0, 0, 8, 7, 0, 0]]}, {"input": [[0, 0, 0, 0, 0, 0, 0, 0, 0], [0, 0, 0, 0, 0, 0, 0, 0, 8], [0, 0, 0, 0, 0, 0, 0, 0, 0], [0, 0, 0, 0, 0, 0, 0, 0, 0], [0, 0, 0, 0, 0, 0, 0, 0, 0], [0, 0, 0, 0, 0, 0, 0, 0, 0], [0, 0, 0, 0, 0, 0, 7, 0, 0], [0, 0, 0, 0, 0, 0, 0, 0, 0], [0, 0, 0, 0, 0, 0, 0, 0, 0]], "output": [[0, 0, 0, 0, 0, 0, 7, 0, 8], [8, 8, 8, 8, 8, 8, 2, 8, 8], [0, 0, 0, 0, 0, 0, 7, 0, 8], [0, 0, 0, 0, 0, 0, 7, 0, 8], [0, 0, 0, 0, 0, 0, 7, 0, 8], [0, 0, 0, 0, 0, 0, 7, 0, 8], [7, 7, 7, 7, 7, 7, 7, 7, 2], [0, 0, 0, 0, 0, 0, 7, 0, 8], [0, 0, 0, 0, 0, 0, 7, 0, 8]]}, {"input": [[0, 0, 0, 8, 0, 0, 0, 0, 0], [0, 0, 0, 0, 0, 0, 0, 0, 0], [0, 0, 0, 0, 0, 0, 0, 0, 0], [0, 0, 0, 0, 0, 0, 0, 0, 0], [0, 0, 0, 0, 0, 0, 0, 0, 0], [0, 0, 0, 0, 0, 0, 0, 0, 0], [0, 0, 0, 0, 0, 7, 0, 0, 0], [0, 0, 0, 0, 0, 0, 0, 0, 0], [0, 0, 0, 0, 0, 0, 0, 0, 0]], "output": [[8, 8, 8, 8, 8, 2, 8, 8, 8], [0, 0, 0, 8, 0, 7, 0, 0, 0], [0, 0, 0, 8, 0, 7, 0, 0, 0], [0, 0, 0, 8, 0, 7, 0, 0, 0], [0, 0, 0, 8, 0, 7, 0, 0, 0], [0, 0, 0, 8, 0, 7, 0, 0, 0], [7, 7, 7, 2, 7, 7, 7, 7, 7], [0, 0, 0, 8, 0, 7, 0, 0, 0], [0, 0, 0, 8, 0, 7, 0, 0, 0]]}, {"input": [[0, 0, 0, 0, 0, 0, 0, 0, 0], [0, 0, 0, 0, 0, 0, 0, 0, 0], [0, 0, 7, 0, 0, 0, 0, 0, 0], [0, 0, 0, 0, 0, 0, 0, 0, 0], [0, 0, 0, 0, 0, 8, 0, 0, 0], [0, 0, 0, 0, 0, 0, 0, 0, 0], [0, 0, 0, 0, 0, 0, 0, 0, 0], [0, 0, 0, 0, 0, 0, 0, 0, 0], [0, 0, 0, 0, 0, 0, 0, 0, 0]], "output": [[0, 0, 7, 0, 0, 8, 0, 0, 0], [0, 0, 7, 0, 0, 8, 0, 0, 0], [7, 7, 7, 7, 7, 2, 7, 7, 7], [0, 0, 7, 0, 0, 8, 0, 0, 0], [8, 8, 2, 8, 8, 8, 8, 8, 8], [0, 0, 7, 0, 0, 8, 0, 0, 0], [0, 0, 7, 0, 0, 8, 0, 0, 0], [0, 0, 7, 0, 0, 8, 0, 0, 0], [0, 0, 7, 0, 0, 8, 0, 0, 0]]}, {"input": [[0, 0, 0, 0, 0, 0, 0, 0, 0], [0, 0, 0, 0, 0, 0, 0, 0, 0], [0, 0, 0, 0, 0, 0, 0, 0, 0], [0, 0, 0, 0, 0, 0, 0, 0, 0], [0, 0, 0, 0, 0, 0, 0, 0, 0], [0, 0, 0, 7, 0, 0, 0, 0, 0], [0, 0, 0, 0, 0, 0, 0, 0, 0], [0, 0, 0, 0, 0, 0, 0, 0, 8], [0, 0, 0, 0, 0, 0, 0, 0, 0]], "output": [[0, 0, 0, 7, 0, 0, 0, 0, 8], [0, 0, 0, 7, 0, 0, 0, 0, 8], [0, 0, 0, 7, 0, 0, 0, 0, 8], [0, 0, 0, 7, 0, 0, 0, 0, 8], [0, 0, 0, 7, 0, 0, 0, 0, 8], [7, 7, 7, 7, 7, 7, 7, 7, 2], [0, 0, 0, 7, 0, 0, 0, 0, 8], [8, 8, 8, 2, 8, 8, 8, 8, 8], [0, 0, 0, 7, 0, 0, 0, 0, 8]]}, {"input": [[0, 0, 0, 0, 0, 0, 0, 0, 0], [0, 0, 0, 0, 0, 0, 0, 0, 0], [0, 0, 0, 0, 0, 0, 0, 0, 0], [0, 0, 0, 0, 0, 0, 0, 0, 0], [0, 0, 0, 0, 0, 7, 0, 0, 0], [0, 0, 0, 0, 0, 0, 0, 0, 0], [0, 0, 0, 0, 0, 0, 0, 0, 0], [0, 0, 0, 8, 0, 0, 0, 0, 0], [0, 0, 0, 0, 0, 0, 0, 0, 0]], "output": [[0, 0, 0, 8, 0, 7, 0, 0, 0], [0, 0, 0, 8, 0, 7, 0, 0, 0], [0, 0, 0, 8, 0, 7, 0, 0, 0], [0, 0, 0, 8, 0, 7, 0, 0, 0], [7, 7, 7, 2, 7, 7, 7, 7, 7], [0, 0, 0, 8, 0, 7, 0, 0, 0], [0, 0, 0, 8, 0, 7, 0, 0, 0], [8, 8, 8, 8, 8, 2, 8, 8, 8], [0, 0, 0, 8, 0, 7, 0, 0, 0]]}]
