[{"input": [[2, 0, 0], [2, 0, 0], [2, 0, 0]], "output": [[0, 2, 0], [0, 2, 0], [0, 2, 0]]}, {"input": [[0, 0, 0], [9, 9, 0], [0, 0, 0]], "output": [[0, 0, 0], [0, 9, 9], [0, 0, 0]]}, {"input": [[0, 0, 0], [5, 0, 0], [5, 5, 0]], "output": [[0, 0, 0], [0, 5, 0], [0, 5, 5]]}, {"input": [[0, 0, 0], [0, 0, 0], [2, 0, 0]], "output": [[0, 0, 0], [0, 0, 0], [0, 2, 0]]}, {"input": [[0, 0, 0], [0, 9, 0], [0, 9, 0]], "output": [[0, 0, 0], [0, 0, 9], [0, 0, 9]]}, {"input": [[8, 0, 0], [8, 0, 0], [0, 0, 0]], "output": [[0, 8, 0], [0, 8, 0], [0, 0, 0]]}, {"input": [[0, 0, 0], [0, 7, 0], [0, 7, 0]], "output": [[0, 0, 0], [0, 0, 7], [0, 0, 7]]}, {"input": [[0, 0, 0], [0, 0, 0], [1, 0, 0]], "output": [[0, 0, 0], [0, 0, 0], [0, 1, 0]]}, {"input": [[9, 9, 0], [0, 0, 0], [0, 0, 0]], "output": [[0, 9, 9], [0, 0, 0], [0, 0, 0]]}, {"input": [[0, 0, 0], [0, 0, 0], [1, 1, 0]], "output": [[0, 0, 0], [0, 0, 0], [0, 1, 1]]}, {"input": [[0, 0, 0], [0, 0, 0], [9, 9, 0]], "output": [[0, 0, 0], [0, 0, 0], [0, 9, 9]]}, {"input": [[0, 0, 0], [0, 0, 0], [7, 0, 0]], "output": [[0, 0, 0], [0, 0, 0], [0, 7, 0]]}, {"input": [[0, 3, 0], [3, 3, 0], [3, 0, 0]], "output": [[0, 0, 3], [0, 3, 3], [0, 3, 0]]}, {"input": [[0, 0, 0], [9, 0, 0], [9, 9, 0]], "output": [[0, 0, 0], [0, 9, 0], [0, 9, 9]]}, {"input": [[0, 0, 0], [0, 0, 0], [0, 7, 0]], "output": [[0, 0, 0], [0, 0, 0], [0, 0, 7]]}, {"input": [[3, 3, 0], [0, 0, 0], [0, 0, 0]], "output": [[0, 3, 3], [0, 0, 0], [0, 0, 0]]}, {"input": [[0, 0, 0], [0, 0, 0], [0, 8, 0]], "output": [[0, 0, 0], [0, 0, 0], [0, 0, 8]]}, {"input": [[0, 0, 0], [0, 0, 0], [0, 9, 0]], "output": [[0, 0, 0], [0, 0, 0], [0, 0, 9]]}, {"input": [[0, 3, 0], [0, 3, 0], [0, 3, 0]], "output": [[0, 0, 3], [0, 0, 3], [0, 0, 3]]}, {"input": [[0, 0, 0], [0, 0, 0], [4, 0, 0]], "output": [[0, 0, 0], [0, 0, 0], [0, 4, 0]]}, {"input": [[0, 0, 0], [0, 0, 0], [7, 7, 0]], "output": [[0, 0, 0], [0, 0, 0], [0, 7, 7]]}, {"input": [[0, 9, 0], [9, 9, 0], [0, 0, 0]], "output": [[0, 0, 9], [0, 9, 9], [0, 0, 0]]}, {"input": [[0, 9, 0], [0, 0, 0], [0, 0, 0]], "output": [[0, 0, 9], [0, 0, 0], [0, 0, 0]]}, {"input": [[7, 7, 0], [0, 0, 0], [0, 0, 0]], "output": [[0, 7, 7], [0, 0, 0], [0, 0, 0]]}, {"input": [[0, 0, 0], [0, 0, 0], [5, 5, 0]], "output": [[0, 0, 0], [0, 0, 0], [0, 5, 5]]}]
