[{"input": [[0, 0, 1, 0, 0, 5, 0, 0, 0, 0, 0, 5, 0, 0, 0, 0, 0], [0, 1, 1, 0, 0, 5, 0, 0, 0, 0, 0, 5, 1, 1, 1, 0, 0], [1, 1, 1, 0, 0, 5, 1, 0, 0, 0, 0, 5, 1, 1, 1, 0, 0], [0, 0, 0, 0, 0, 5, 0, 0, 0, 0, 0, 5, 0, 0, 0, 0, 0], [0, 0, 0, 0, 0, 5, 0, 0, 0, 0, 0, 5, 0, 0, 0, 0, 0], [5, 5, 5, 5, 5, 5, 5, 5, 5, 5, 5, 5, 5, 5, 5, 5, 5], [1, 1, 0, 0, 0, 5, 0, 1, 0, 0, 0, 5, 1, 1, 0, 0, 0], [0, 0, 0, 0, 0, 5, 0, 0, 0, 0, 0, 5, 1, 1, 1, 0, 0], [0, 0, 1, 0, 0, 5, 1, 1, 1, 0, 0, 5, 1, 0, 1, 0, 0], [0, 0, 0, 0, 0, 5, 0, 0, 0, 0, 0, 5, 0, 0, 0, 0, 0], [0, 0, 0, 0, 0, 5, 0, 0, 0, 0, 0, 5, 0, 0, 0, 0, 0], [5, 5, 5, 5, 5, 5, 5, 5, 5, 5, 5, 5, 5, 5, 5, 5, 5], [0, 0, 0, 0, 0, 5, 0, 0, 1, 0, 0, 5, 0, 0, 0, 0, 0], [1, 0, 1, 0, 0, 5, 0, 0, 0, 0, 0, 5, 0, 1, 0, 0, 0], [0, 0, 1, 0, 0, 5, 0, 1, 0, 0, 0, 5, 0, 0, 0, 0, 0], [0, 0, 0, 0, 0, 5, 0, 0, 0, 0, 0, 5, 0, 0, 0, 0, 0], [0, 0, 0, 0, 0, 5, 0, 0, 0, 0, 0, 5, 0, 0, 0, 0, 0]], "output": [[0, 0, 0, 0, 0, 5, 0, 0, 0, 0, 0, 5, 0, 0, 0, 0, 0], [0, 0, 0, 0, 0, 5, 0, 0, 0, 0, 0, 5, 0, 0, 0, 0, 0], [0, 0, 0, 0, 0, 5, 0, 0, 0, 0, 0, 5, 0, 0, 0, 0, 0], [0, 0, 0, 0, 0, 5, 0, 0, 0, 0, 0, 5, 0, 0, 0, 0, 0], [0, 0, 0, 0, 0, 5, 0, 0, 0, 0, 0, 5, 0, 0, 0, 0, 0], [5, 5, 5, 5, 5, 5, 5, 5, 5, 5, 5, 5, 5, 5, 5, 5, 5], [0, 0, 0, 0, 0, 5, 0, 0, 0, 0, 0, 5, 1, 1, 1, 1, 1], [0, 0, 0, 0, 0, 5, 0, 0, 0, 0, 0, 5, 1, 1, 1, 1, 1], [0, 0, 0, 0, 0, 5, 0, 0, 0, 0, 0, 5, 1, 1, 1, 1, 1], [0, 0, 0, 0, 0, 5, 0, 0, 0, 0, 0, 5, 1, 1, 1, 1, 1], [0, 0, 0, 0, 0, 5, 0, 0, 0, 0, 0, 5, 1, 1, 1, 1, 1], [5, 5, 5, 5, 5, 5, 5, 5, 5, 5, 5, 5, 5, 5, 5, 5, 5], [0, 0, 0, 0, 0, 5, 0, 0, 0, 0, 0, 5, 0, 0, 0, 0, 0], [0, 0, 0, 0, 0, 5, 0, 0, 0, 0, 0, 5, 0, 0, 0, 0, 0], [0, 0, 0, 0, 0, 5, 0, 0, 0, 0, 0, 5, 0, 0, 0, 0, 0], [0, 0, 0, 0, 0, 5, 0, 0, 0, 0, 0, 5, 0, 0, 0, 0, 0], [0, 0, 0, 0, 0, 5, 0, 0, 0, 0, 0, 5, 0, 0, 0, 0, 0]]}, {"input": [[0, 0, 0, 0, 2, 0, 0, 5, 2, 0, 0, 2, 2, 0, 0, 5, 2, 2, 2, 2, 2, 0, 0], [2, 0, 0, 0, 2, 0, 0, 5, 2, 0, 0, 0, 2, 0, 0, 5, 0, 2, 2, 2, 2, 0, 0], [0, 0, 0, 0, 0, 0, 0, 5, 0, 2, 2, 2, 2, 0, 0, 5, 2, 2, 2, 2, 2, 0, 0], [0, 0, 0, 0, 0, 0, 0, 5, 2, 2, 2, 0, 2, 0, 0, 5, 2, 2, 2, 2, 2, 0, 0], [0, 0, 0, 0, 0, 0, 0, 5, 2, 0, 2, 0, 0, 0, 0, 5, 2, 2, 2, 2, 2, 0, 0], [0, 0, 0, 0, 0, 0, 0, 5, 0, 0, 0, 0, 0, 0, 0, 5, 0, 0, 0, 0, 0, 0, 0], [0, 0, 0, 0, 0, 0, 0, 5, 0, 0, 0, 0, 0, 0, 0, 5, 0, 0, 0, 0, 0, 0, 0], [5, 5, 5, 5, 5, 5, 5, 5, 5, 5, 5, 5, 5, 5, 5, 5, 5, 5, 5, 5, 5, 5, 5], [2, 2, 2, 2, 2, 0, 0, 5, 0, 2, 2, 2, 0, 0, 0, 5, 2, 2, 2, 2, 2, 0, 0], [2, 2, 2, 0, 2, 0, 0, 5, 2, 2, 0, 2, 2, 0, 0, 5, 2, 2, 2, 2, 2, 0, 0], [2, 2, 2, 2, 2, 0, 0, 5, 2, 2, 2, 2, 0, 0, 0, 5, 2, 2, 2, 2, 2, 0, 0], [2, 0, 2, 2, 2, 0, 0, 5, 2, 0, 0, 0, 0, 0, 0, 5, 2, 0, 2, 2, 2, 0, 0], [2, 0, 0, 2, 2, 0, 0, 5, 0, 0, 2, 2, 2, 0, 0, 5, 2, 2, 2, 2, 2, 0, 0], [0, 0, 0, 0, 0, 0, 0, 5, 0, 0, 0, 0, 0, 0, 0, 5, 0, 0, 0, 0, 0, 0, 0], [0, 0, 0, 0, 0, 0, 0, 5, 0, 0, 0, 0, 0, 0, 0, 5, 0, 0, 0, 0, 0, 0, 0], [5, 5, 5, 5, 5, 5, 5, 5, 5, 5, 5, 5, 5, 5, 5, 5, 5, 5, 5, 5, 5, 5, 5], [2, 2, 0, 2, 2, 0, 0, 5, 2, 2, 2, 2, 2, 0, 0, 5, 0, 2, 0, 0, 2, 0, 0], [2, 2, 2, 2, 2, 0, 0, 5, 0, 2, 0, 0, 2, 0, 0, 5, 2, 0, 0, 0, 2, 0, 0], [2, 2, 2, 2, 2, 0, 0, 5, 0, 2, 2, 0, 2, 0, 0, 5, 2, 2, 2, 2, 2, 0, 0], [2, 2, 2, 2, 2, 0, 0, 5, 2, 2, 0, 2, 2, 0, 0, 5, 0, 2, 2, 2, 2, 0, 0], [2, 2, 2, 2, 2, 0, 0, 5, 0, 2, 2, 2, 0, 0, 0, 5, 2, 0, 2, 2, 2, 0, 0], [0, 0, 0, 0, 0, 0, 0, 5, 0, 0, 0, 0, 0, 0, 0, 5, 0, 0, 0, 0, 0, 0, 0], [0, 0, 0, 0, 0, 0, 0, 5, 0, 0, 0, 0, 0, 0, 0, 5, 0, 0, 0, 0, 0, 0, 0]], "output": [[0, 0, 0, 0, 0, 0, 0, 5, 0, 0, 0, 0, 0, 0, 0, 5, 2, 2, 2, 2, 2, 2, 2], [0, 0, 0, 0, 0, 0, 0, 5, 0, 0, 0, 0, 0, 0, 0, 5, 2, 2, 2, 2, 2, 2, 2], [0, 0, 0, 0, 0, 0, 0, 5, 0, 0, 0, 0, 0, 0, 0, 5, 2, 2, 2, 2, 2, 2, 2], [0, 0, 0, 0, 0, 0, 0, 5, 0, 0, 0, 0, 0, 0, 0, 5, 2, 2, 2, 2, 2, 2, 2], [0, 0, 0, 0, 0, 0, 0, 5, 0, 0, 0, 0, 0, 0, 0, 5, 2, 2, 2, 2, 2, 2, 2], [0, 0, 0, 0, 0, 0, 0, 5, 0, 0, 0, 0, 0, 0, 0, 5, 2, 2, 2, 2, 2, 2, 2], [0, 0, 0, 0, 0, 0, 0, 5, 0, 0, 0, 0, 0, 0, 0, 5, 2, 2, 2, 2, 2, 2, 2], [5, 5, 5, 5, 5, 5, 5, 5, 5, 5, 5, 5, 5, 5, 5, 5, 5, 5, 5, 5, 5, 5, 5], [0, 0, 0, 0, 0, 0, 0, 5, 0, 0, 0, 0, 0, 0, 0, 5, 2, 2, 2, 2, 2, 2, 2], [0, 0, 0, 0, 0, 0, 0, 5, 0, 0, 0, 0, 0, 0, 0, 5, 2, 2, 2, 2, 2, 2, 2], [0, 0, 0, 0, 0, 0, 0, 5, 0, 0, 0, 0, 0, 0, 0, 5, 2, 2, 2, 2, 2, 2, 2], [0, 0, 0, 0, 0, 0, 0, 5, 0, 0, 0, 0, 0, 0, 0, 5, 2, 2, 2, 2, 2, 2, 2], [0, 0, 0, 0, 0, 0, 0, 5, 0, 0, 0, 0, 0, 0, 0, 5, 2, 2, 2, 2, 2, 2, 2], [0, 0, 0, 0, 0, 0, 0, 5, 0, 0, 0, 0, 0, 0, 0, 5, 2, 2, 2, 2, 2, 2, 2], [0, 0, 0, 0, 0, 0, 0, 5, 0, 0, 0, 0, 0, 0, 0, 5, 2, 2, 2, 2, 2, 2, 2], [5, 5, 5, 5, 5, 5, 5, 5, 5, 5, 5, 5, 5, 5, 5, 5, 5, 5, 5, 5, 5, 5, 5], [2, 2, 2, 2, 2, 2, 2, 5, 0, 0, 0, 0, 0, 0, 0, 5, 0, 0, 0, 0, 0, 0, 0], [2, 2, 2, 2, 2, 2, 2, 5, 0, 0, 0, 0, 0, 0, 0, 5, 0, 0, 0, 0, 0, 0, 0], [2, 2, 2, 2, 2, 2, 2, 5, 0, 0, 0, 0, 0, 0, 0, 5, 0, 0, 0, 0, 0, 0, 0], [2, 2, 2, 2, 2, 2, 2, 5, 0, 0, 0, 0, 0, 0, 0, 5, 0, 0, 0, 0, 0, 0, 0], [2, 2, 2, 2, 2, 2, 2, 5, 0, 0, 0, 0, 0, 0, 0, 5, 0, 0, 0, 0, 0, 0, 0], [2, 2, 2, 2, 2, 2, 2, 5, 0, 0, 0, 0, 0, 0, 0, 5, 0, 0, 0, 0, 0, 0, 0], [2, 2, 2, 2, 2, 2, 2, 5, 0, 0, 0, 0, 0, 0, 0, 5, 0, 0, 0, 0, 0, 0, 0]]}, {"input": [[2, 0, 2, 2, 2, 0, 0, 9, 0, 0, 0, 0, 0, 0, 0, 9, 0, 0, 2, 0, 2, 0, 0], [2, 2, 0, 0, 2, 0, 0, 9, 0, 0, 0, 0, 0, 0, 0, 9, 2, 0, 0, 0, 0, 0, 0], [2, 0, 2, 2, 2, 0, 0, 9, 2, 0, 0, 0, 0, 0, 0, 9, 2, 2, 2, 0, 2, 0, 0], [2, 0, 2, 2, 0, 0, 0, 9, 2, 2, 0, 0, 0, 0, 0, 9, 0, 0, 2, 0, 0, 0, 0], [0, 2, 2, 2, 2, 0, 0, 9, 0, 0, 0, 2, 0, 0, 0, 9, 0, 0, 2, 0, 0, 0, 0], [0, 0, 0, 0, 0, 0, 0, 9, 0, 0, 0, 0, 0, 0, 0, 9, 0, 0, 0, 0, 0, 0, 0], [0, 0, 0, 0, 0, 0, 0, 9, 0, 0, 0, 0, 0, 0, 0, 9, 0, 0, 0, 0, 0, 0, 0], [9, 9, 9, 9, 9, 9, 9, 9, 9, 9, 9, 9, 9, 9, 9, 9, 9, 9, 9, 9, 9, 9, 9], [0, 0, 0, 2, 0, 0, 0, 9, 2, 0, 0, 0, 0, 0, 0, 9, 0, 0, 2, 0, 2, 0, 0], [2, 0, 0, 0, 0, 0, 0, 9, 0, 0, 0, 0, 2, 0, 0, 9, 2, 0, 0, 0, 0, 0, 0], [2, 0, 2, 0, 2, 0, 0, 9, 0, 0, 2, 0, 0, 0, 0, 9, 0, 2, 2, 2, 2, 0, 0], [0, 0, 0, 2, 0, 0, 0, 9, 0, 0, 0, 2, 0, 0, 0, 9, 0, 0, 2, 2, 2, 0, 0], [0, 2, 0, 2, 0, 0, 0, 9, 0, 0, 0, 0, 2, 0, 0, 9, 0, 0, 2, 0, 0, 0, 0], [0, 0, 0, 0, 0, 0, 0, 9, 0, 0, 0, 0, 0, 0, 0, 9, 0, 0, 0, 0, 0, 0, 0], [0, 0, 0, 0, 0, 0, 0, 9, 0, 0, 0, 0, 0, 0, 0, 9, 0, 0, 0, 0, 0, 0, 0], [9, 9, 9, 9, 9, 9, 9, 9, 9, 9, 9, 9, 9, 9, 9, 9, 9, 9, 9, 9, 9, 9, 9], [2, 0, 2, 2, 2, 0, 0, 9, 0, 0, 0, 0, 0, 0, 0, 9, 2, 2, 0, 2, 2, 0, 0], [0, 2, 2, 2, 2, 0, 0, 9, 0, 0, 0, 0, 0, 0, 0, 9, 2, 2, 2, 2, 2, 0, 0], [0, 0, 2, 0, 2, 0, 0, 9, 0, 0, 2, 0, 0, 0, 0, 9, 2, 0, 2, 2, 2, 0, 0], [0, 2, 0, 0, 2, 0, 0, 9, 0, 0, 0, 0, 0, 0, 0, 9, 2, 0, 2, 2, 2, 0, 0], [0, 2, 2, 2, 2, 0, 0, 9, 0, 0, 0, 0, 0, 0, 0, 9, 2, 2, 2, 2, 2, 0, 0], [0, 0, 0, 0, 0, 0, 0, 9, 0, 0, 0, 0, 0, 0, 0, 9, 0, 0, 0, 0, 0, 0, 0], [0, 0, 0, 0, 0, 0, 0, 9, 0, 0, 0, 0, 0, 0, 0, 9, 0, 0, 0, 0, 0, 0, 0]], "output": [[0, 0, 0, 0, 0, 0, 0, 9, 0, 0, 0, 0, 0, 0, 0, 9, 0, 0, 0, 0, 0, 0, 0], [0, 0, 0, 0, 0, 0, 0, 9, 0, 0, 0, 0, 0, 0, 0, 9, 0, 0, 0, 0, 0, 0, 0], [0, 0, 0, 0, 0, 0, 0, 9, 0, 0, 0, 0, 0, 0, 0, 9, 0, 0, 0, 0, 0, 0, 0], [0, 0, 0, 0, 0, 0, 0, 9, 0, 0, 0, 0, 0, 0, 0, 9, 0, 0, 0, 0, 0, 0, 0], [0, 0, 0, 0, 0, 0, 0, 9, 0, 0, 0, 0, 0, 0, 0, 9, 0, 0, 0, 0, 0, 0, 0], [0, 0, 0, 0, 0, 0, 0, 9, 0, 0, 0, 0, 0, 0, 0, 9, 0, 0, 0, 0, 0, 0, 0], [0, 0, 0, 0, 0, 0, 0, 9, 0, 0, 0, 0, 0, 0, 0, 9, 0, 0, 0, 0, 0, 0, 0], [9, 9, 9, 9, 9, 9, 9, 9, 9, 9, 9, 9, 9, 9, 9, 9, 9, 9, 9, 9, 9, 9, 9], [0, 0, 0, 0, 0, 0, 0, 9, 0, 0, 0, 0, 0, 0, 0, 9, 0, 0, 0, 0, 0, 0, 0], [0, 0, 0, 0, 0, 0, 0, 9, 0, 0, 0, 0, 0, 0, 0, 9, 0, 0, 0, 0, 0, 0, 0], [0, 0, 0, 0, 0, 0, 0, 9, 0, 0, 0, 0, 0, 0, 0, 9, 0, 0, 0, 0, 0, 0, 0], [0, 0, 0, 0, 0, 0, 0, 9, 0, 0, 0, 0, 0, 0, 0, 9, 0, 0, 0, 0, 0, 0, 0], [0, 0, 0, 0, 0, 0, 0, 9, 0, 0, 0, 0, 0, 0, 0, 9, 0, 0, 0, 0, 0, 0, 0], [0, 0, 0, 0, 0, 0, 0, 9, 0, 0, 0, 0, 0, 0, 0, 9, 0, 0, 0, 0, 0, 0, 0], [0, 0, 0, 0, 0, 0, 0, 9, 0, 0, 0, 0, 0, 0, 0, 9, 0, 0, 0, 0, 0, 0, 0], [9, 9, 9, 9, 9, 9, 9, 9, 9, 9, 9, 9, 9, 9, 9, 9, 9, 9, 9, 9, 9, 9, 9], [0, 0, 0, 0, 0, 0, 0, 9, 0, 0, 0, 0, 0, 0, 0, 9, 2, 2, 2, 2, 2, 2, 2], [0, 0, 0, 0, 0, 0, 0, 9, 0, 0, 0, 0, 0, 0, 0, 9, 2, 2, 2, 2, 2, 2, 2], [0, 0, 0, 0, 0, 0, 0, 9, 0, 0, 0, 0, 0, 0, 0, 9, 2, 2, 2, 2, 2, 2, 2], [0, 0, 0, 0, 0, 0, 0, 9, 0, 0, 0, 0, 0, 0, 0, 9, 2, 2, 2, 2, 2, 2, 2], [0, 0, 0, 0, 0, 0, 0, 9, 0, 0, 0, 0, 0, 0, 0, 9, 2, 2, 2, 2, 2, 2, 2], [0, 0, 0, 0, 0, 0, 0, 9, 0, 0, 0, 0, 0, 0, 0, 9, 2, 2, 2, 2, 2, 2, 2], [0, 0, 0, 0, 0, 0, 0, 9, 0, 0, 0, 0, 0, 0, 0, 9, 2, 2, 2, 2, 2, 2, 2]]}, {"input": [[0, 7, 0, 0, 4, 7, 0, 0, 0, 4, 0, 0, 0, 0], [0, 0, 0, 0, 4, 7, 7, 0, 0, 4, 7, 0, 0, 0], [0, 0, 0, 0, 4, 0, 0, 0, 0, 4, 0, 0, 0, 0], [0, 0, 0, 0, 4, 0, 0, 0, 0, 4, 0, 0, 0, 0], [4, 4, 4, 4, 4, 4, 4, 4, 4, 4, 4, 4, 4, 4], [0, 0, 0, 0, 4, 0, 7, 0, 0, 4, 7, 0, 0, 0], [0, 7, 0, 0, 4, 7, 7, 0, 0, 4, 0, 0, 0, 0], [0, 0, 0, 0, 4, 0, 0, 0, 0, 4, 0, 0, 0, 0], [0, 0, 0, 0, 4, 0, 0, 0, 0, 4, 0, 0, 0, 0], [4, 4, 4, 4, 4, 4, 4, 4, 4, 4, 4, 4, 4, 4], [0, 0, 0, 0, 4, 0, 0, 0, 0, 4, 0, 0, 0, 0], [7, 7, 0, 0, 4, 7, 0, 0, 0, 4, 7, 7, 0, 0], [0, 0, 0, 0, 4, 0, 0, 0, 0, 4, 0, 0, 0, 0], [0, 0, 0, 0, 4, 0, 0, 0, 0, 4, 0, 0, 0, 0]], "output": [[0, 0, 0, 0, 4, 7, 7, 7, 7, 4, 0, 0, 0, 0], [0, 0, 0, 0, 4, 7, 7, 7, 7, 4, 0, 0, 0, 0], [0, 0, 0, 0, 4, 7, 7, 7, 7, 4, 0, 0, 0, 0], [0, 0, 0, 0, 4, 7, 7, 7, 7, 4, 0, 0, 0, 0], [4, 4, 4, 4, 4, 4, 4, 4, 4, 4, 4, 4, 4, 4], [0, 0, 0, 0, 4, 7, 7, 7, 7, 4, 0, 0, 0, 0], [0, 0, 0, 0, 4, 7, 7, 7, 7, 4, 0, 0, 0, 0], [0, 0, 0, 0, 4, 7, 7, 7, 7, 4, 0, 0, 0, 0], [0, 0, 0, 0, 4, 7, 7, 7, 7, 4, 0, 0, 0, 0], [4, 4, 4, 4, 4, 4, 4, 4, 4, 4, 4, 4, 4, 4], [0, 0, 0, 0, 4, 0, 0, 0, 0, 4, 0, 0, 0, 0], [0, 0, 0, 0, 4, 0, 0, 0, 0, 4, 0, 0, 0, 0], [0, 0, 0, 0, 4, 0, 0, 0, 0, 4, 0, 0, 0, 0], [0, 0, 0, 0, 4, 0, 0, 0, 0, 4, 0, 0, 0, 0]]}, {"input": [[0, 0, 0, 2, 0, 0, 0, 6, 2, 0, 2, 0, 2, 0, 0, 6, 2, 2, 2, 2, 2, 0, 0], [2, 2, 2, 2, 2, 0, 0, 6, 2, 0, 2, 2, 0, 0, 0, 6, 0, 2, 0, 2, 2, 0, 0], [2, 2, 0, 0, 2, 0, 0, 6, 0, 2, 2, 2, 0, 0, 0, 6, 0, 2, 2, 0, 0, 0, 0], [2, 2, 2, 0, 2, 0, 0, 6, 2, 2, 0, 2, 0, 0, 0, 6, 2, 2, 2, 2, 0, 0, 0], [0, 0, 2, 2, 2, 0, 0, 6, 0, 2, 2, 2, 0, 0, 0, 6, 2, 2, 0, 0, 2, 0, 0], [0, 0, 0, 0, 0, 0, 0, 6, 0, 0, 0, 0, 0, 0, 0, 6, 0, 0, 0, 0, 0, 0, 0], [0, 0, 0, 0, 0, 0, 0, 6, 0, 0, 0, 0, 0, 0, 0, 6, 0, 0, 0, 0, 0, 0, 0], [6, 6, 6, 6, 6, 6, 6, 6, 6, 6, 6, 6, 6, 6, 6, 6, 6, 6, 6, 6, 6, 6, 6], [0, 0, 0, 0, 0, 0, 0, 6, 0, 2, 2, 2, 0, 0, 0, 6, 0, 0, 0, 0, 0, 0, 0], [0, 0, 0, 0, 0, 0, 0, 6, 2, 2, 0, 0, 0, 0, 0, 6, 2, 2, 2, 0, 2, 0, 0], [0, 0, 2, 0, 0, 0, 0, 6, 0, 2, 2, 2, 2, 0, 0, 6, 2, 0, 2, 2, 2, 0, 0], [0, 2, 0, 0, 0, 0, 0, 6, 2, 2, 2, 2, 2, 0, 0, 6, 2, 2, 2, 0, 2, 0, 0], [0, 0, 0, 0, 0, 0, 0, 6, 0, 2, 2, 0, 2, 0, 0, 6, 0, 2, 2, 0, 2, 0, 0], [0, 0, 0, 0, 0, 0, 0, 6, 0, 0, 0, 0, 0, 0, 0, 6, 0, 0, 0, 0, 0, 0, 0], [0, 0, 0, 0, 0, 0, 0, 6, 0, 0, 0, 0, 0, 0, 0, 6, 0, 0, 0, 0, 0, 0, 0], [6, 6, 6, 6, 6, 6, 6, 6, 6, 6, 6, 6, 6, 6, 6, 6, 6, 6, 6, 6, 6, 6, 6], [2, 2, 0, 0, 2, 0, 0, 6, 0, 2, 2, 0, 2, 0, 0, 6, 2, 2, 2, 2, 2, 0, 0], [2, 2, 2, 2, 0, 0, 0, 6, 0, 0, 2, 2, 2, 0, 0, 6, 0, 2, 0, 2, 0, 0, 0], [2, 2, 2, 2, 2, 0, 0, 6, 2, 2, 0, 2, 2, 0, 0, 6, 0, 2, 2, 2, 2, 0, 0], [2, 2, 2, 2, 2, 0, 0, 6, 2, 2, 2, 0, 2, 0, 0, 6, 2, 0, 2, 0, 2, 0, 0], [0, 2, 2, 2, 2, 0, 0, 6, 2, 2, 2, 2, 2, 0, 0, 6, 0, 2, 0, 0, 2, 0, 0], [0, 0, 0, 0, 0, 0, 0, 6, 0, 0, 0, 0, 0, 0, 0, 6, 0, 0, 0, 0, 0, 0, 0], [0, 0, 0, 0, 0, 0, 0, 6, 0, 0, 0, 0, 0, 0, 0, 6, 0, 0, 0, 0, 0, 0, 0]], "output": [[0, 0, 0, 0, 0, 0, 0, 6, 0, 0, 0, 0, 0, 0, 0, 6, 0, 0, 0, 0, 0, 0, 0], [0, 0, 0, 0, 0, 0, 0, 6, 0, 0, 0, 0, 0, 0, 0, 6, 0, 0, 0, 0, 0, 0, 0], [0, 0, 0, 0, 0, 0, 0, 6, 0, 0, 0, 0, 0, 0, 0, 6, 0, 0, 0, 0, 0, 0, 0], [0, 0, 0, 0, 0, 0, 0, 6, 0, 0, 0, 0, 0, 0, 0, 6, 0, 0, 0, 0, 0, 0, 0], [0, 0, 0, 0, 0, 0, 0, 6, 0, 0, 0, 0, 0, 0, 0, 6, 0, 0, 0, 0, 0, 0, 0], [0, 0, 0, 0, 0, 0, 0, 6, 0, 0, 0, 0, 0, 0, 0, 6, 0, 0, 0, 0, 0, 0, 0], [0, 0, 0, 0, 0, 0, 0, 6, 0, 0, 0, 0, 0, 0, 0, 6, 0, 0, 0, 0, 0, 0, 0], [6, 6, 6, 6, 6, 6, 6, 6, 6, 6, 6, 6, 6, 6, 6, 6, 6, 6, 6, 6, 6, 6, 6], [0, 0, 0, 0, 0, 0, 0, 6, 0, 0, 0, 0, 0, 0, 0, 6, 0, 0, 0, 0, 0, 0, 0], [0, 0, 0, 0, 0, 0, 0, 6, 0, 0, 0, 0, 0, 0, 0, 6, 0, 0, 0, 0, 0, 0, 0], [0, 0, 0, 0, 0, 0, 0, 6, 0, 0, 0, 0, 0, 0, 0, 6, 0, 0, 0, 0, 0, 0, 0], [0, 0, 0, 0, 0, 0, 0, 6, 0, 0, 0, 0, 0, 0, 0, 6, 0, 0, 0, 0, 0, 0, 0], [0, 0, 0, 0, 0, 0, 0, 6, 0, 0, 0, 0, 0, 0, 0, 6, 0, 0, 0, 0, 0, 0, 0], [0, 0, 0, 0, 0, 0, 0, 6, 0, 0, 0, 0, 0, 0, 0, 6, 0, 0, 0, 0, 0, 0, 0], [0, 0, 0, 0, 0, 0, 0, 6, 0, 0, 0, 0, 0, 0, 0, 6, 0, 0, 0, 0, 0, 0, 0], [6, 6, 6, 6, 6, 6, 6, 6, 6, 6, 6, 6, 6, 6, 6, 6, 6, 6, 6, 6, 6, 6, 6], [2, 2, 2, 2, 2, 2, 2, 6, 0, 0, 0, 0, 0, 0, 0, 6, 0, 0, 0, 0, 0, 0, 0], [2, 2, 2, 2, 2, 2, 2, 6, 0, 0, 0, 0, 0, 0, 0, 6, 0, 0, 0, 0, 0, 0, 0], [2, 2, 2, 2, 2, 2, 2, 6, 0, 0, 0, 0, 0, 0, 0, 6, 0, 0, 0, 0, 0, 0, 0], [2, 2, 2, 2, 2, 2, 2, 6, 0, 0, 0, 0, 0, 0, 0, 6, 0, 0, 0, 0, 0, 0, 0], [2, 2, 2, 2, 2, 2, 2, 6, 0, 0, 0, 0, 0, 0, 0, 6, 0, 0, 0, 0, 0, 0, 0], [2, 2, 2, 2, 2, 2, 2, 6, 0, 0, 0, 0, 0, 0, 0, 6, 0, 0, 0, 0, 0, 0, 0], [2, 2, 2, 2, 2, 2, 2, 6, 0, 0, 0, 0, 0, 0, 0, 6, 0, 0, 0, 0, 0, 0, 0]]}, {"input": [[7, 7, 7, 7, 7, 0, 0, 9, 0, 7, 0, 7, 7, 0, 0, 9, 7, 0, 0, 0, 0, 0, 0], [0, 7, 7, 0, 0, 0, 0, 9, 7, 0, 7, 0, 0, 0, 0, 9, 0, 0, 0, 0, 0, 0, 0], [0, 7, 0, 7, 0, 0, 0, 9, 0, 7, 0, 0, 0, 0, 0, 9, 0, 0, 0, 0, 7, 0, 0], [7, 7, 7, 7, 7, 0, 0, 9, 7, 0, 7, 7, 0, 0, 0, 9, 7, 7, 0, 0, 0, 0, 0], [0, 7, 7, 0, 7, 0, 0, 9, 0, 7, 0, 0, 0, 0, 0, 9, 0, 0, 0, 0, 0, 0, 0], [0, 0, 0, 0, 0, 0, 0, 9, 0, 0, 0, 0, 0, 0, 0, 9, 0, 0, 0, 0, 0, 0, 0], [0, 0, 0, 0, 0, 0, 0, 9, 0, 0, 0, 0, 0, 0, 0, 9, 0, 0, 0, 0, 0, 0, 0], [9, 9, 9, 9, 9, 9, 9, 9, 9, 9, 9, 9, 9, 9, 9, 9, 9, 9, 9, 9, 9, 9, 9], [7, 7, 0, 7, 7, 0, 0, 9, 7, 7, 7, 7, 0, 0, 0, 9, 7, 7, 0, 0, 7, 0, 0], [0, 7, 0, 7, 0, 0, 0, 9, 0, 7, 7, 0, 7, 0, 0, 9, 7, 0, 7, 0, 0, 0, 0], [0, 7, 0, 7, 0, 0, 0, 9, 7, 7, 7, 7, 7, 0, 0, 9, 0, 7, 7, 7, 7, 0, 0], [7, 0, 0, 7, 0, 0, 0, 9, 7, 7, 0, 7, 7, 0, 0, 9, 7, 7, 7, 7, 7, 0, 0], [0, 0, 0, 0, 7, 0, 0, 9, 7, 7, 7, 0, 0, 0, 0, 9, 0, 7, 7, 7, 7, 0, 0], [0, 0, 0, 0, 0, 0, 0, 9, 0, 0, 0, 0, 0, 0, 0, 9, 0, 0, 0, 0, 0, 0, 0], [0, 0, 0, 0, 0, 0, 0, 9, 0, 0, 0, 0, 0, 0, 0, 9, 0, 0, 0, 0, 0, 0, 0], [9, 9, 9, 9, 9, 9, 9, 9, 9, 9, 9, 9, 9, 9, 9, 9, 9, 9, 9, 9, 9, 9, 9], [0, 0, 0, 0, 7, 0, 0, 9, 7, 7, 7, 7, 7, 0, 0, 9, 7, 0, 0, 0, 7, 0, 0], [0, 0, 0, 0, 7, 0, 0, 9, 7, 7, 7, 7, 0, 0, 0, 9, 7, 7, 0, 7, 0, 0, 0], [0, 0, 0, 0, 0, 0, 0, 9, 7, 7, 7, 7, 0, 0, 0, 9, 0, 0, 7, 0, 0, 0, 0], [0, 7, 0, 0, 0, 0, 0, 9, 7, 7, 7, 7, 0, 0, 0, 9, 0, 0, 0, 0, 0, 0, 0], [0, 0, 0, 0, 0, 0, 0, 9, 7, 7, 7, 7, 0, 0, 0, 9, 0, 0, 7, 7, 7, 0, 0], [0, 0, 0, 0, 0, 0, 0, 9, 0, 0, 0, 0, 0, 0, 0, 9, 0, 0, 0, 0, 0, 0, 0], [0, 0, 0, 0, 0, 0, 0, 9, 0, 0, 0, 0, 0, 0, 0, 9, 0, 0, 0, 0, 0, 0, 0]], "output": [[0, 0, 0, 0, 0, 0, 0, 9, 0, 0, 0, 0, 0, 0, 0, 9, 0, 0, 0, 0, 0, 0, 0], [0, 0, 0, 0, 0, 0, 0, 9, 0, 0, 0, 0, 0, 0, 0, 9, 0, 0, 0, 0, 0, 0, 0], [0, 0, 0, 0, 0, 0, 0, 9, 0, 0, 0, 0, 0, 0, 0, 9, 0, 0, 0, 0, 0, 0, 0], [0, 0, 0, 0, 0, 0, 0, 9, 0, 0, 0, 0, 0, 0, 0, 9, 0, 0, 0, 0, 0, 0, 0], [0, 0, 0, 0, 0, 0, 0, 9, 0, 0, 0, 0, 0, 0, 0, 9, 0, 0, 0, 0, 0, 0, 0], [0, 0, 0, 0, 0, 0, 0, 9, 0, 0, 0, 0, 0, 0, 0, 9, 0, 0, 0, 0, 0, 0, 0], [0, 0, 0, 0, 0, 0, 0, 9, 0, 0, 0, 0, 0, 0, 0, 9, 0, 0, 0, 0, 0, 0, 0], [9, 9, 9, 9, 9, 9, 9, 9, 9, 9, 9, 9, 9, 9, 9, 9, 9, 9, 9, 9, 9, 9, 9], [0, 0, 0, 0, 0, 0, 0, 9, 0, 0, 0, 0, 0, 0, 0, 9, 0, 0, 0, 0, 0, 0, 0], [0, 0, 0, 0, 0, 0, 0, 9, 0, 0, 0, 0, 0, 0, 0, 9, 0, 0, 0, 0, 0, 0, 0], [0, 0, 0, 0, 0, 0, 0, 9, 0, 0, 0, 0, 0, 0, 0, 9, 0, 0, 0, 0, 0, 0, 0], [0, 0, 0, 0, 0, 0, 0, 9, 0, 0, 0, 0, 0, 0, 0, 9, 0, 0, 0, 0, 0, 0, 0], [0, 0, 0, 0, 0, 0, 0, 9, 0, 0, 0, 0, 0, 0, 0, 9, 0, 0, 0, 0, 0, 0, 0], [0, 0, 0, 0, 0, 0, 0, 9, 0, 0, 0, 0, 0, 0, 0, 9, 0, 0, 0, 0, 0, 0, 0], [0, 0, 0, 0, 0, 0, 0, 9, 0, 0, 0, 0, 0, 0, 0, 9, 0, 0, 0, 0, 0, 0, 0], [9, 9, 9, 9, 9, 9, 9, 9, 9, 9, 9, 9, 9, 9, 9, 9, 9, 9, 9, 9, 9, 9, 9], [0, 0, 0, 0, 0, 0, 0, 9, 7, 7, 7, 7, 7, 7, 7, 9, 0, 0, 0, 0, 0, 0, 0], [0, 0, 0, 0, 0, 0, 0, 9, 7, 7, 7, 7, 7, 7, 7, 9, 0, 0, 0, 0, 0, 0, 0], [0, 0, 0, 0, 0, 0, 0, 9, 7, 7, 7, 7, 7, 7, 7, 9, 0, 0, 0, 0, 0, 0, 0], [0, 0, 0, 0, 0, 0, 0, 9, 7, 7, 7, 7, 7, 7, 7, 9, 0, 0, 0, 0, 0, 0, 0], [0, 0, 0, 0, 0, 0, 0, 9, 7, 7, 7, 7, 7, 7, 7, 9, 0, 0, 0, 0, 0, 0, 0], [0, 0, 0, 0, 0, 0, 0, 9, 7, 7, 7, 7, 7, 7, 7, 9, 0, 0, 0, 0, 0, 0, 0], [0, 0, 0, 0, 0, 0, 0, 9, 7, 7, 7, 7, 7, 7, 7, 9, 0, 0, 0, 0, 0, 0, 0]]}, {"input": [[9, 9, 9, 0, 0, 4, 0, 0, 0, 0, 0, 4, 0, 0, 9, 0, 0], [0, 9, 9, 0, 0, 4, 0, 9, 0, 0, 0, 4, 9, 0, 0, 0, 0], [9, 9, 9, 0, 0, 4, 0, 0, 0, 0, 0, 4, 9, 0, 9, 0, 0], [0, 0, 0, 0, 0, 4, 0, 0, 0, 0, 0, 4, 0, 0, 0, 0, 0], [0, 0, 0, 0, 0, 4, 0, 0, 0, 0, 0, 4, 0, 0, 0, 0, 0], [4, 4, 4, 4, 4, 4, 4, 4, 4, 4, 4, 4, 4, 4, 4, 4, 4], [0, 0, 0, 0, 0, 4, 0, 9, 9, 0, 0, 4, 0, 0, 0, 0, 0], [9, 0, 0, 0, 0, 4, 9, 9, 9, 0, 0, 4, 9, 9, 0, 0, 0], [0, 0, 9, 0, 0, 4, 9, 9, 0, 0, 0, 4, 9, 0, 0, 0, 0], [0, 0, 0, 0, 0, 4, 0, 0, 0, 0, 0, 4, 0, 0, 0, 0, 0], [0, 0, 0, 0, 0, 4, 0, 0, 0, 0, 0, 4, 0, 0, 0, 0, 0], [4, 4, 4, 4, 4, 4, 4, 4, 4, 4, 4, 4, 4, 4, 4, 4, 4], [0, 0, 0, 0, 0, 4, 9, 0, 0, 0, 0, 4, 0, 9, 9, 0, 0], [9, 0, 9, 0, 0, 4, 0, 0, 0, 0, 0, 4, 0, 9, 0, 0, 0], [0, 0, 0, 0, 0, 4, 0, 9, 0, 0, 0, 4, 0, 0, 9, 0, 0], [0, 0, 0, 0, 0, 4, 0, 0, 0, 0, 0, 4, 0, 0, 0, 0, 0], [0, 0, 0, 0, 0, 4, 0, 0, 0, 0, 0, 4, 0, 0, 0, 0, 0]], "output": [[9, 9, 9, 9, 9, 4, 0, 0, 0, 0, 0, 4, 0, 0, 0, 0, 0], [9, 9, 9, 9, 9, 4, 0, 0, 0, 0, 0, 4, 0, 0, 0, 0, 0], [9, 9, 9, 9, 9, 4, 0, 0, 0, 0, 0, 4, 0, 0, 0, 0, 0], [9, 9, 9, 9, 9, 4, 0, 0, 0, 0, 0, 4, 0, 0, 0, 0, 0], [9, 9, 9, 9, 9, 4, 0, 0, 0, 0, 0, 4, 0, 0, 0, 0, 0], [4, 4, 4, 4, 4, 4, 4, 4, 4, 4, 4, 4, 4, 4, 4, 4, 4], [0, 0, 0, 0, 0, 4, 0, 0, 0, 0, 0, 4, 0, 0, 0, 0, 0], [0, 0, 0, 0, 0, 4, 0, 0, 0, 0, 0, 4, 0, 0, 0, 0, 0], [0, 0, 0, 0, 0, 4, 0, 0, 0, 0, 0, 4, 0, 0, 0, 0, 0], [0, 0, 0, 0, 0, 4, 0, 0, 0, 0, 0, 4, 0, 0, 0, 0, 0], [0, 0, 0, 0, 0, 4, 0, 0, 0, 0, 0, 4, 0, 0, 0, 0, 0], [4, 4, 4, 4, 4, 4, 4, 4, 4, 4, 4, 4, 4, 4, 4, 4, 4], [0, 0, 0, 0, 0, 4, 0, 0, 0, 0, 0, 4, 0, 0, 0, 0, 0], [0, 0, 0, 0, 0, 4, 0, 0, 0, 0, 0, 4, 0, 0, 0, 0, 0], [0, 0, 0, 0, 0, 4, 0, 0, 0, 0, 0, 4, 0, 0, 0, 0, 0], [0, 0, 0, 0, 0, 4, 0, 0, 0, 0, 0, 4, 0, 0, 0, 0, 0], [0, 0, 0, 0, 0, 4, 0, 0, 0, 0, 0, 4, 0, 0, 0, 0, 0]]}, {"input": [[0, 5, 0, 0, 7, 5, 0, 0, 0, 7, 5, 5, 0, 0], [0, 5, 0, 0, 7, 0, 0, 0, 0, 7, 5, 0, 0, 0], [0, 0, 0, 0, 7, 0, 0, 0, 0, 7, 0, 0, 0, 0], [0, 0, 0, 0, 7, 0, 0, 0, 0, 7, 0, 0, 0, 0], [7, 7, 7, 7, 7, 7, 7, 7, 7, 7, 7, 7, 7, 7], [5, 5, 0, 0, 7, 0, 5, 0, 0, 7, 0, 0, 0, 0], [5, 0, 0, 0, 7, 5, 5, 0, 0, 7, 5, 0, 0, 0], [0, 0, 0, 0, 7, 0, 0, 0, 0, 7, 0, 0, 0, 0], [0, 0, 0, 0, 7, 0, 0, 0, 0, 7, 0, 0, 0, 0], [7, 7, 7, 7, 7, 7, 7, 7, 7, 7, 7, 7, 7, 7], [5, 0, 0, 0, 7, 5, 5, 0, 0, 7, 5, 5, 0, 0], [5, 5, 0, 0, 7, 0, 5, 0, 0, 7, 0, 5, 0, 0], [0, 0, 0, 0, 7, 0, 0, 0, 0, 7, 0, 0, 0, 0], [0, 0, 0, 0, 7, 0, 0, 0, 0, 7, 0, 0, 0, 0]], "output": [[0, 0, 0, 0, 7, 0, 0, 0, 0, 7, 5, 5, 5, 5], [0, 0, 0, 0, 7, 0, 0, 0, 0, 7, 5, 5, 5, 5], [0, 0, 0, 0, 7, 0, 0, 0, 0, 7, 5, 5, 5, 5], [0, 0, 0, 0, 7, 0, 0, 0, 0, 7, 5, 5, 5, 5], [7, 7, 7, 7, 7, 7, 7, 7, 7, 7, 7, 7, 7, 7], [5, 5, 5, 5, 7, 5, 5, 5, 5, 7, 0, 0, 0, 0], [5, 5, 5, 5, 7, 5, 5, 5, 5, 7, 0, 0, 0, 0], [5, 5, 5, 5, 7, 5, 5, 5, 5, 7, 0, 0, 0, 0], [5, 5, 5, 5, 7, 5, 5, 5, 5, 7, 0, 0, 0, 0], [7, 7, 7, 7, 7, 7, 7, 7, 7, 7, 7, 7, 7, 7], [5, 5, 5, 5, 7, 5, 5, 5, 5, 7, 5, 5, 5, 5], [5, 5, 5, 5, 7, 5, 5, 5, 5, 7, 5, 5, 5, 5], [5, 5, 5, 5, 7, 5, 5, 5, 5, 7, 5, 5, 5, 5], [5, 5, 5, 5, 7, 5, 5, 5, 5, 7, 5, 5, 5, 5]]}, {"input": [[0, 0, 0, 0, 0, 4, 0, 7, 7, 0, 0, 4, 7, 7, 7, 0, 0], [7, 0, 0, 0, 0, 4, 7, 7, 7, 0, 0, 4, 7, 7, 7, 0, 0], [0, 7, 0, 0, 0, 4, 7, 7, 7, 0, 0, 4, 7, 0, 7, 0, 0], [0, 0, 0, 0, 0, 4, 0, 0, 0, 0, 0, 4, 0, 0, 0, 0, 0], [0, 0, 0, 0, 0, 4, 0, 0, 0, 0, 0, 4, 0, 0, 0, 0, 0], [4, 4, 4, 4, 4, 4, 4, 4, 4, 4, 4, 4, 4, 4, 4, 4, 4], [0, 7, 0, 0, 0, 4, 0, 0, 7, 0, 0, 4, 7, 0, 0, 0, 0], [7, 0, 0, 0, 0, 4, 7, 7, 7, 0, 0, 4, 7, 7, 7, 0, 0], [0, 0, 0, 0, 0, 4, 7, 0, 7, 0, 0, 4, 0, 7, 0, 0, 0], [0, 0, 0, 0, 0, 4, 0, 0, 0, 0, 0, 4, 0, 0, 0, 0, 0], [0, 0, 0, 0, 0, 4, 0, 0, 0, 0, 0, 4, 0, 0, 0, 0, 0], [4, 4, 4, 4, 4, 4, 4, 4, 4, 4, 4, 4, 4, 4, 4, 4, 4], [7, 7, 0, 0, 0, 4, 7, 7, 0, 0, 0, 4, 7, 7, 7, 0, 0], [7, 0, 0, 0, 0, 4, 0, 0, 0, 0, 0, 4, 7, 0, 7, 0, 0], [0, 0, 7, 0, 0, 4, 7, 7, 0, 0, 0, 4, 7, 0, 7, 0, 0], [0, 0, 0, 0, 0, 4, 0, 0, 0, 0, 0, 4, 0, 0, 0, 0, 0], [0, 0, 0, 0, 0, 4, 0, 0, 0, 0, 0, 4, 0, 0, 0, 0, 0]], "output": [[0, 0, 0, 0, 0, 4, 7, 7, 7, 7, 7, 4, 7, 7, 7, 7, 7], [0, 0, 0, 0, 0, 4, 7, 7, 7, 7, 7, 4, 7, 7, 7, 7, 7], [0, 0, 0, 0, 0, 4, 7, 7, 7, 7, 7, 4, 7, 7, 7, 7, 7], [0, 0, 0, 0, 0, 4, 7, 7, 7, 7, 7, 4, 7, 7, 7, 7, 7], [0, 0, 0, 0, 0, 4, 7, 7, 7, 7, 7, 4, 7, 7, 7, 7, 7], [4, 4, 4, 4, 4, 4, 4, 4, 4, 4, 4, 4, 4, 4, 4, 4, 4], [0, 0, 0, 0, 0, 4, 0, 0, 0, 0, 0, 4, 0, 0, 0, 0, 0], [0, 0, 0, 0, 0, 4, 0, 0, 0, 0, 0, 4, 0, 0, 0, 0, 0], [0, 0, 0, 0, 0, 4, 0, 0, 0, 0, 0, 4, 0, 0, 0, 0, 0], [0, 0, 0, 0, 0, 4, 0, 0, 0, 0, 0, 4, 0, 0, 0, 0, 0], [0, 0, 0, 0, 0, 4, 0, 0, 0, 0, 0, 4, 0, 0, 0, 0, 0], [4, 4, 4, 4, 4, 4, 4, 4, 4, 4, 4, 4, 4, 4, 4, 4, 4], [0, 0, 0, 0, 0, 4, 0, 0, 0, 0, 0, 4, 0, 0, 0, 0, 0], [0, 0, 0, 0, 0, 4, 0, 0, 0, 0, 0, 4, 0, 0, 0, 0, 0], [0, 0, 0, 0, 0, 4, 0, 0, 0, 0, 0, 4, 0, 0, 0, 0, 0], [0, 0, 0, 0, 0, 4, 0, 0, 0, 0, 0, 4, 0, 0, 0, 0, 0], [0, 0, 0, 0, 0, 4, 0, 0, 0, 0, 0, 4, 0, 0, 0, 0, 0]]}, {"input": [[8, 0, 0, 0, 1, 0, 0, 0, 0, 1, 0, 8, 0, 0], [0, 8, 0, 0, 1, 0, 8, 0, 0, 1, 8, 8, 0, 0], [0, 0, 0, 0, 1, 0, 0, 0, 0, 1, 0, 0, 0, 0], [0, 0, 0, 0, 1, 0, 0, 0, 0, 1, 0, 0, 0, 0], [1, 1, 1, 1, 1, 1, 1, 1, 1, 1, 1, 1, 1, 1], [8, 0, 0, 0, 1, 0, 0, 0, 0, 1, 8, 8, 0, 0], [0, 8, 0, 0, 1, 0, 8, 0, 0, 1, 8, 0, 0, 0], [0, 0, 0, 0, 1, 0, 0, 0, 0, 1, 0, 0, 0, 0], [0, 0, 0, 0, 1, 0, 0, 0, 0, 1, 0, 0, 0, 0], [1, 1, 1, 1, 1, 1, 1, 1, 1, 1, 1, 1, 1, 1], [8, 8, 0, 0, 1, 8, 0, 0, 0, 1, 8, 8, 0, 0], [0, 0, 0, 0, 1, 8, 8, 0, 0, 1, 0, 8, 0, 0], [0, 0, 0, 0, 1, 0, 0, 0, 0, 1, 0, 0, 0, 0], [0, 0, 0, 0, 1, 0, 0, 0, 0, 1, 0, 0, 0, 0]], "output": [[0, 0, 0, 0, 1, 0, 0, 0, 0, 1, 8, 8, 8, 8], [0, 0, 0, 0, 1, 0, 0, 0, 0, 1, 8, 8, 8, 8], [0, 0, 0, 0, 1, 0, 0, 0, 0, 1, 8, 8, 8, 8], [0, 0, 0, 0, 1, 0, 0, 0, 0, 1, 8, 8, 8, 8], [1, 1, 1, 1, 1, 1, 1, 1, 1, 1, 1, 1, 1, 1], [0, 0, 0, 0, 1, 0, 0, 0, 0, 1, 8, 8, 8, 8], [0, 0, 0, 0, 1, 0, 0, 0, 0, 1, 8, 8, 8, 8], [0, 0, 0, 0, 1, 0, 0, 0, 0, 1, 8, 8, 8, 8], [0, 0, 0, 0, 1, 0, 0, 0, 0, 1, 8, 8, 8, 8], [1, 1, 1, 1, 1, 1, 1, 1, 1, 1, 1, 1, 1, 1], [0, 0, 0, 0, 1, 8, 8, 8, 8, 1, 8, 8, 8, 8], [0, 0, 0, 0, 1, 8, 8, 8, 8, 1, 8, 8, 8, 8], [0, 0, 0, 0, 1, 8, 8, 8, 8, 1, 8, 8, 8, 8], [0, 0, 0, 0, 1, 8, 8, 8, 8, 1, 8, 8, 8, 8]]}, {"input": [[4, 4, 0, 0, 0, 9, 0, 0, 0, 0, 0, 9, 4, 0, 4, 0, 0], [4, 0, 0, 0, 0, 9, 0, 0, 4, 0, 0, 9, 4, 4, 4, 0, 0], [0, 0, 4, 0, 0, 9, 0, 4, 4, 0, 0, 9, 0, 4, 4, 0, 0], [0, 0, 0, 0, 0, 9, 0, 0, 0, 0, 0, 9, 0, 0, 0, 0, 0], [0, 0, 0, 0, 0, 9, 0, 0, 0, 0, 0, 9, 0, 0, 0, 0, 0], [9, 9, 9, 9, 9, 9, 9, 9, 9, 9, 9, 9, 9, 9, 9, 9, 9], [0, 0, 4, 0, 0, 9, 4, 0, 0, 0, 0, 9, 4, 4, 4, 0, 0], [4, 0, 0, 0, 0, 9, 0, 0, 4, 0, 0, 9, 4, 0, 4, 0, 0], [4, 4, 4, 0, 0, 9, 0, 4, 0, 0, 0, 9, 4, 4, 0, 0, 0], [0, 0, 0, 0, 0, 9, 0, 0, 0, 0, 0, 9, 0, 0, 0, 0, 0], [0, 0, 0, 0, 0, 9, 0, 0, 0, 0, 0, 9, 0, 0, 0, 0, 0], [9, 9, 9, 9, 9, 9, 9, 9, 9, 9, 9, 9, 9, 9, 9, 9, 9], [0, 0, 4, 0, 0, 9, 4, 0, 0, 0, 0, 9, 4, 0, 0, 0, 0], [0, 0, 4, 0, 0, 9, 4, 4, 4, 0, 0, 9, 0, 0, 0, 0, 0], [0, 4, 0, 0, 0, 9, 0, 4, 4, 0, 0, 9, 0, 0, 0, 0, 0], [0, 0, 0, 0, 0, 9, 0, 0, 0, 0, 0, 9, 0, 0, 0, 0, 0], [0, 0, 0, 0, 0, 9, 0, 0, 0, 0, 0, 9, 0, 0, 0, 0, 0]], "output": [[0, 0, 0, 0, 0, 9, 0, 0, 0, 0, 0, 9, 4, 4, 4, 4, 4], [0, 0, 0, 0, 0, 9, 0, 0, 0, 0, 0, 9, 4, 4, 4, 4, 4], [0, 0, 0, 0, 0, 9, 0, 0, 0, 0, 0, 9, 4, 4, 4, 4, 4], [0, 0, 0, 0, 0, 9, 0, 0, 0, 0, 0, 9, 4, 4, 4, 4, 4], [0, 0, 0, 0, 0, 9, 0, 0, 0, 0, 0, 9, 4, 4, 4, 4, 4], [9, 9, 9, 9, 9, 9, 9, 9, 9, 9, 9, 9, 9, 9, 9, 9, 9], [0, 0, 0, 0, 0, 9, 0, 0, 0, 0, 0, 9, 4, 4, 4, 4, 4], [0, 0, 0, 0, 0, 9, 0, 0, 0, 0, 0, 9, 4, 4, 4, 4, 4], [0, 0, 0, 0, 0, 9, 0, 0, 0, 0, 0, 9, 4, 4, 4, 4, 4], [0, 0, 0, 0, 0, 9, 0, 0, 0, 0, 0, 9, 4, 4, 4, 4, 4], [0, 0, 0, 0, 0, 9, 0, 0, 0, 0, 0, 9, 4, 4, 4, 4, 4], [9, 9, 9, 9, 9, 9, 9, 9, 9, 9, 9, 9, 9, 9, 9, 9, 9], [0, 0, 0, 0, 0, 9, 0, 0, 0, 0, 0, 9, 0, 0, 0, 0, 0], [0, 0, 0, 0, 0, 9, 0, 0, 0, 0, 0, 9, 0, 0, 0, 0, 0], [0, 0, 0, 0, 0, 9, 0, 0, 0, 0, 0, 9, 0, 0, 0, 0, 0], [0, 0, 0, 0, 0, 9, 0, 0, 0, 0, 0, 9, 0, 0, 0, 0, 0], [0, 0, 0, 0, 0, 9, 0, 0, 0, 0, 0, 9, 0, 0, 0, 0, 0]]}, {"input": [[7, 0, 7, 0, 0, 6, 0, 7, 0, 0, 0, 6, 0, 7, 7, 0, 0], [0, 0, 0, 0, 0, 6, 7, 0, 7, 0, 0, 6, 7, 7, 0, 0, 0], [7, 0, 0, 0, 0, 6, 0, 7, 7, 0, 0, 6, 7, 7, 7, 0, 0], [0, 0, 0, 0, 0, 6, 0, 0, 0, 0, 0, 6, 0, 0, 0, 0, 0], [0, 0, 0, 0, 0, 6, 0, 0, 0, 0, 0, 6, 0, 0, 0, 0, 0], [6, 6, 6, 6, 6, 6, 6, 6, 6, 6, 6, 6, 6, 6, 6, 6, 6], [0, 7, 7, 0, 0, 6, 0, 7, 7, 0, 0, 6, 0, 0, 0, 0, 0], [0, 7, 0, 0, 0, 6, 7, 7, 7, 0, 0, 6, 0, 0, 0, 0, 0], [0, 0, 0, 0, 0, 6, 7, 7, 7, 0, 0, 6, 7, 0, 7, 0, 0], [0, 0, 0, 0, 0, 6, 0, 0, 0, 0, 0, 6, 0, 0, 0, 0, 0], [0, 0, 0, 0, 0, 6, 0, 0, 0, 0, 0, 6, 0, 0, 0, 0, 0], [6, 6, 6, 6, 6, 6, 6, 6, 6, 6, 6, 6, 6, 6, 6, 6, 6], [0, 7, 7, 0, 0, 6, 0, 7, 7, 0, 0, 6, 0, 0, 7, 0, 0], [0, 7, 7, 0, 0, 6, 7, 7, 7, 0, 0, 6, 0, 0, 0, 0, 0], [0, 0, 7, 0, 0, 6, 7, 7, 7, 0, 0, 6, 0, 0, 0, 0, 0], [0, 0, 0, 0, 0, 6, 0, 0, 0, 0, 0, 6, 0, 0, 0, 0, 0], [0, 0, 0, 0, 0, 6, 0, 0, 0, 0, 0, 6, 0, 0, 0, 0, 0]], "output": [[0, 0, 0, 0, 0, 6, 0, 0, 0, 0, 0, 6, 0, 0, 0, 0, 0], [0, 0, 0, 0, 0, 6, 0, 0, 0, 0, 0, 6, 0, 0, 0, 0, 0], [0, 0, 0, 0, 0, 6, 0, 0, 0, 0, 0, 6, 0, 0, 0, 0, 0], [0, 0, 0, 0, 0, 6, 0, 0, 0, 0, 0, 6, 0, 0, 0, 0, 0], [0, 0, 0, 0, 0, 6, 0, 0, 0, 0, 0, 6, 0, 0, 0, 0, 0], [6, 6, 6, 6, 6, 6, 6, 6, 6, 6, 6, 6, 6, 6, 6, 6, 6], [0, 0, 0, 0, 0, 6, 7, 7, 7, 7, 7, 6, 0, 0, 0, 0, 0], [0, 0, 0, 0, 0, 6, 7, 7, 7, 7, 7, 6, 0, 0, 0, 0, 0], [0, 0, 0, 0, 0, 6, 7, 7, 7, 7, 7, 6, 0, 0, 0, 0, 0], [0, 0, 0, 0, 0, 6, 7, 7, 7, 7, 7, 6, 0, 0, 0, 0, 0], [0, 0, 0, 0, 0, 6, 7, 7, 7, 7, 7, 6, 0, 0, 0, 0, 0], [6, 6, 6, 6, 6, 6, 6, 6, 6, 6, 6, 6, 6, 6, 6, 6, 6], [0, 0, 0, 0, 0, 6, 7, 7, 7, 7, 7, 6, 0, 0, 0, 0, 0], [0, 0, 0, 0, 0, 6, 7, 7, 7, 7, 7, 6, 0, 0, 0, 0, 0], [0, 0, 0, 0, 0, 6, 7, 7, 7, 7, 7, 6, 0, 0, 0, 0, 0], [0, 0, 0, 0, 0, 6, 7, 7, 7, 7, 7, 6, 0, 0, 0, 0, 0], [0, 0, 0, 0, 0, 6, 7, 7, 7, 7, 7, 6, 0, 0, 0, 0, 0]]}, {"input": [[8, 0, 0, 0, 2, 8, 8, 0, 0, 2, 8, 0, 0, 0], [8, 0, 0, 0, 2, 0, 8, 0, 0, 2, 8, 0, 0, 0], [0, 0, 0, 0, 2, 0, 0, 0, 0, 2, 0, 0, 0, 0], [0, 0, 0, 0, 2, 0, 0, 0, 0, 2, 0, 0, 0, 0], [2, 2, 2, 2, 2, 2, 2, 2, 2, 2, 2, 2, 2, 2], [8, 8, 0, 0, 2, 0, 8, 0, 0, 2, 8, 0, 0, 0], [0, 8, 0, 0, 2, 8, 8, 0, 0, 2, 8, 8, 0, 0], [0, 0, 0, 0, 2, 0, 0, 0, 0, 2, 0, 0, 0, 0], [0, 0, 0, 0, 2, 0, 0, 0, 0, 2, 0, 0, 0, 0], [2, 2, 2, 2, 2, 2, 2, 2, 2, 2, 2, 2, 2, 2], [0, 0, 0, 0, 2, 8, 0, 0, 0, 2, 8, 0, 0, 0], [8, 8, 0, 0, 2, 0, 0, 0, 0, 2, 8, 8, 0, 0], [0, 0, 0, 0, 2, 0, 0, 0, 0, 2, 0, 0, 0, 0], [0, 0, 0, 0, 2, 0, 0, 0, 0, 2, 0, 0, 0, 0]], "output": [[0, 0, 0, 0, 2, 8, 8, 8, 8, 2, 0, 0, 0, 0], [0, 0, 0, 0, 2, 8, 8, 8, 8, 2, 0, 0, 0, 0], [0, 0, 0, 0, 2, 8, 8, 8, 8, 2, 0, 0, 0, 0], [0, 0, 0, 0, 2, 8, 8, 8, 8, 2, 0, 0, 0, 0], [2, 2, 2, 2, 2, 2, 2, 2, 2, 2, 2, 2, 2, 2], [8, 8, 8, 8, 2, 8, 8, 8, 8, 2, 8, 8, 8, 8], [8, 8, 8, 8, 2, 8, 8, 8, 8, 2, 8, 8, 8, 8], [8, 8, 8, 8, 2, 8, 8, 8, 8, 2, 8, 8, 8, 8], [8, 8, 8, 8, 2, 8, 8, 8, 8, 2, 8, 8, 8, 8], [2, 2, 2, 2, 2, 2, 2, 2, 2, 2, 2, 2, 2, 2], [0, 0, 0, 0, 2, 0, 0, 0, 0, 2, 8, 8, 8, 8], [0, 0, 0, 0, 2, 0, 0, 0, 0, 2, 8, 8, 8, 8], [0, 0, 0, 0, 2, 0, 0, 0, 0, 2, 8, 8, 8, 8], [0, 0, 0, 0, 2, 0, 0, 0, 0, 2, 8, 8, 8, 8]]}, {"input": [[1, 1, 1, 0, 0, 9, 0, 0, 0, 0, 0, 9, 1, 1, 1, 0, 0], [1, 0, 1, 0, 0, 9, 0, 0, 1, 0, 0, 9, 1, 0, 0, 0, 0], [1, 1, 1, 0, 0, 9, 0, 0, 0, 0, 0, 9, 0, 1, 1, 0, 0], [0, 0, 0, 0, 0, 9, 0, 0, 0, 0, 0, 9, 0, 0, 0, 0, 0], [0, 0, 0, 0, 0, 9, 0, 0, 0, 0, 0, 9, 0, 0, 0, 0, 0], [9, 9, 9, 9, 9, 9, 9, 9, 9, 9, 9, 9, 9, 9, 9, 9, 9], [0, 0, 1, 0, 0, 9, 1, 1, 1, 0, 0, 9, 1, 1, 1, 0, 0], [1, 1, 0, 0, 0, 9, 1, 1, 1, 0, 0, 9, 0, 1, 1, 0, 0], [1, 1, 0, 0, 0, 9, 1, 1, 0, 0, 0, 9, 1, 0, 1, 0, 0], [0, 0, 0, 0, 0, 9, 0, 0, 0, 0, 0, 9, 0, 0, 0, 0, 0], [0, 0, 0, 0, 0, 9, 0, 0, 0, 0, 0, 9, 0, 0, 0, 0, 0], [9, 9, 9, 9, 9, 9, 9, 9, 9, 9, 9, 9, 9, 9, 9, 9, 9], [1, 1, 1, 0, 0, 9, 1, 0, 0, 0, 0, 9, 1, 1, 1, 0, 0], [1, 0, 1, 0, 0, 9, 0, 0, 1, 0, 0, 9, 1, 1, 1, 0, 0], [0, 1, 0, 0, 0, 9, 0, 0, 0, 0, 0, 9, 1, 0, 0, 0, 0], [0, 0, 0, 0, 0, 9, 0, 0, 0, 0, 0, 9, 0, 0, 0, 0, 0], [0, 0, 0, 0, 0, 9, 0, 0, 0, 0, 0, 9, 0, 0, 0, 0, 0]], "output": [[1, 1, 1, 1, 1, 9, 0, 0, 0, 0, 0, 9, 0, 0, 0, 0, 0], [1, 1, 1, 1, 1, 9, 0, 0, 0, 0, 0, 9, 0, 0, 0, 0, 0], [1, 1, 1, 1, 1, 9, 0, 0, 0, 0, 0, 9, 0, 0, 0, 0, 0], [1, 1, 1, 1, 1, 9, 0, 0, 0, 0, 0, 9, 0, 0, 0, 0, 0], [1, 1, 1, 1, 1, 9, 0, 0, 0, 0, 0, 9, 0, 0, 0, 0, 0], [9, 9, 9, 9, 9, 9, 9, 9, 9, 9, 9, 9, 9, 9, 9, 9, 9], [0, 0, 0, 0, 0, 9, 1, 1, 1, 1, 1, 9, 0, 0, 0, 0, 0], [0, 0, 0, 0, 0, 9, 1, 1, 1, 1, 1, 9, 0, 0, 0, 0, 0], [0, 0, 0, 0, 0, 9, 1, 1, 1, 1, 1, 9, 0, 0, 0, 0, 0], [0, 0, 0, 0, 0, 9, 1, 1, 1, 1, 1, 9, 0, 0, 0, 0, 0], [0, 0, 0, 0, 0, 9, 1, 1, 1, 1, 1, 9, 0, 0, 0, 0, 0], [9, 9, 9, 9, 9, 9, 9, 9, 9, 9, 9, 9, 9, 9, 9, 9, 9], [0, 0, 0, 0, 0, 9, 0, 0, 0, 0, 0, 9, 0, 0, 0, 0, 0], [0, 0, 0, 0, 0, 9, 0, 0, 0, 0, 0, 9, 0, 0, 0, 0, 0], [0, 0, 0, 0, 0, 9, 0, 0, 0, 0, 0, 9, 0, 0, 0, 0, 0], [0, 0, 0, 0, 0, 9, 0, 0, 0, 0, 0, 9, 0, 0, 0, 0, 0], [0, 0, 0, 0, 0, 9, 0, 0, 0, 0, 0, 9, 0, 0, 0, 0, 0]]}, {"input": [[6, 0, 0, 0, 3, 6, 6, 0, 0, 3, 6, 6, 0, 0], [6, 6, 0, 0, 3, 0, 6, 0, 0, 3, 0, 6, 0, 0], [0, 0, 0, 0, 3, 0, 0, 0, 0, 3, 0, 0, 0, 0], [0, 0, 0, 0, 3, 0, 0, 0, 0, 3, 0, 0, 0, 0], [3, 3, 3, 3, 3, 3, 3, 3, 3, 3, 3, 3, 3, 3], [6, 6, 0, 0, 3, 6, 0, 0, 0, 3, 6, 6, 0, 0], [6, 0, 0, 0, 3, 6, 6, 0, 0, 3, 0, 0, 0, 0], [0, 0, 0, 0, 3, 0, 0, 0, 0, 3, 0, 0, 0, 0], [0, 0, 0, 0, 3, 0, 0, 0, 0, 3, 0, 0, 0, 0], [3, 3, 3, 3, 3, 3, 3, 3, 3, 3, 3, 3, 3, 3], [6, 0, 0, 0, 3, 0, 0, 0, 0, 3, 0, 0, 0, 0], [6, 6, 0, 0, 3, 6, 6, 0, 0, 3, 6, 0, 0, 0], [0, 0, 0, 0, 3, 0, 0, 0, 0, 3, 0, 0, 0, 0], [0, 0, 0, 0, 3, 0, 0, 0, 0, 3, 0, 0, 0, 0]], "output": [[6, 6, 6, 6, 3, 6, 6, 6, 6, 3, 6, 6, 6, 6], [6, 6, 6, 6, 3, 6, 6, 6, 6, 3, 6, 6, 6, 6], [6, 6, 6, 6, 3, 6, 6, 6, 6, 3, 6, 6, 6, 6], [6, 6, 6, 6, 3, 6, 6, 6, 6, 3, 6, 6, 6, 6], [3, 3, 3, 3, 3, 3, 3, 3, 3, 3, 3, 3, 3, 3], [6, 6, 6, 6, 3, 6, 6, 6, 6, 3, 0, 0, 0, 0], [6, 6, 6, 6, 3, 6, 6, 6, 6, 3, 0, 0, 0, 0], [6, 6, 6, 6, 3, 6, 6, 6, 6, 3, 0, 0, 0, 0], [6, 6, 6, 6, 3, 6, 6, 6, 6, 3, 0, 0, 0, 0], [3, 3, 3, 3, 3, 3, 3, 3, 3, 3, 3, 3, 3, 3], [6, 6, 6, 6, 3, 0, 0, 0, 0, 3, 0, 0, 0, 0], [6, 6, 6, 6, 3, 0, 0, 0, 0, 3, 0, 0, 0, 0], [6, 6, 6, 6, 3, 0, 0, 0, 0, 3, 0, 0, 0, 0], [6, 6, 6, 6, 3, 0, 0, 0, 0, 3, 0, 0, 0, 0]]}, {"input": [[3, 3, 0, 0, 7, 0, 0, 0, 0, 7, 0, 0, 0, 0], [3, 0, 0, 0, 7, 0, 3, 0, 0, 7, 3, 3, 0, 0], [0, 0, 0, 0, 7, 0, 0, 0, 0, 7, 0, 0, 0, 0], [0, 0, 0, 0, 7, 0, 0, 0, 0, 7, 0, 0, 0, 0], [7, 7, 7, 7, 7, 7, 7, 7, 7, 7, 7, 7, 7, 7], [0, 0, 0, 0, 7, 3, 0, 0, 0, 7, 3, 0, 0, 0], [3, 0, 0, 0, 7, 0, 0, 0, 0, 7, 3, 3, 0, 0], [0, 0, 0, 0, 7, 0, 0, 0, 0, 7, 0, 0, 0, 0], [0, 0, 0, 0, 7, 0, 0, 0, 0, 7, 0, 0, 0, 0], [7, 7, 7, 7, 7, 7, 7, 7, 7, 7, 7, 7, 7, 7], [3, 3, 0, 0, 7, 0, 0, 0, 0, 7, 0, 3, 0, 0], [3, 0, 0, 0, 7, 0, 3, 0, 0, 7, 3, 0, 0, 0], [0, 0, 0, 0, 7, 0, 0, 0, 0, 7, 0, 0, 0, 0], [0, 0, 0, 0, 7, 0, 0, 0, 0, 7, 0, 0, 0, 0]], "output": [[3, 3, 3, 3, 7, 0, 0, 0, 0, 7, 0, 0, 0, 0], [3, 3, 3, 3, 7, 0, 0, 0, 0, 7, 0, 0, 0, 0], [3, 3, 3, 3, 7, 0, 0, 0, 0, 7, 0, 0, 0, 0], [3, 3, 3, 3, 7, 0, 0, 0, 0, 7, 0, 0, 0, 0], [7, 7, 7, 7, 7, 7, 7, 7, 7, 7, 7, 7, 7, 7], [0, 0, 0, 0, 7, 0, 0, 0, 0, 7, 3, 3, 3, 3], [0, 0, 0, 0, 7, 0, 0, 0, 0, 7, 3, 3, 3, 3], [0, 0, 0, 0, 7, 0, 0, 0, 0, 7, 3, 3, 3, 3], [0, 0, 0, 0, 7, 0, 0, 0, 0, 7, 3, 3, 3, 3], [7, 7, 7, 7, 7, 7, 7, 7, 7, 7, 7, 7, 7, 7], [3, 3, 3, 3, 7, 0, 0, 0, 0, 7, 0, 0, 0, 0], [3, 3, 3, 3, 7, 0, 0, 0, 0, 7, 0, 0, 0, 0], [3, 3, 3, 3, 7, 0, 0, 0, 0, 7, 0, 0, 0, 0], [3, 3, 3, 3, 7, 0, 0, 0, 0, 7, 0, 0, 0, 0]]}, {"input": [[0, 6, 0, 0, 9, 6, 0, 0, 0, 9, 0, 0, 0, 0], [0, 0, 0, 0, 9, 6, 0, 0, 0, 9, 6, 0, 0, 0], [0, 0, 0, 0, 9, 0, 0, 0, 0, 9, 0, 0, 0, 0], [0, 0, 0, 0, 9, 0, 0, 0, 0, 9, 0, 0, 0, 0], [9, 9, 9, 9, 9, 9, 9, 9, 9, 9, 9, 9, 9, 9], [0, 6, 0, 0, 9, 6, 0, 0, 0, 9, 0, 0, 0, 0], [6, 0, 0, 0, 9, 0, 6, 0, 0, 9, 6, 0, 0, 0], [0, 0, 0, 0, 9, 0, 0, 0, 0, 9, 0, 0, 0, 0], [0, 0, 0, 0, 9, 0, 0, 0, 0, 9, 0, 0, 0, 0], [9, 9, 9, 9, 9, 9, 9, 9, 9, 9, 9, 9, 9, 9], [0, 0, 0, 0, 9, 0, 6, 0, 0, 9, 6, 0, 0, 0], [0, 6, 0, 0, 9, 0, 0, 0, 0, 9, 0, 6, 0, 0], [0, 0, 0, 0, 9, 0, 0, 0, 0, 9, 0, 0, 0, 0], [0, 0, 0, 0, 9, 0, 0, 0, 0, 9, 0, 0, 0, 0]], "output": [[0, 0, 0, 0, 9, 6, 6, 6, 6, 9, 0, 0, 0, 0], [0, 0, 0, 0, 9, 6, 6, 6, 6, 9, 0, 0, 0, 0], [0, 0, 0, 0, 9, 6, 6, 6, 6, 9, 0, 0, 0, 0], [0, 0, 0, 0, 9, 6, 6, 6, 6, 9, 0, 0, 0, 0], [9, 9, 9, 9, 9, 9, 9, 9, 9, 9, 9, 9, 9, 9], [6, 6, 6, 6, 9, 6, 6, 6, 6, 9, 0, 0, 0, 0], [6, 6, 6, 6, 9, 6, 6, 6, 6, 9, 0, 0, 0, 0], [6, 6, 6, 6, 9, 6, 6, 6, 6, 9, 0, 0, 0, 0], [6, 6, 6, 6, 9, 6, 6, 6, 6, 9, 0, 0, 0, 0], [9, 9, 9, 9, 9, 9, 9, 9, 9, 9, 9, 9, 9, 9], [0, 0, 0, 0, 9, 0, 0, 0, 0, 9, 6, 6, 6, 6], [0, 0, 0, 0, 9, 0, 0, 0, 0, 9, 6, 6, 6, 6], [0, 0, 0, 0, 9, 0, 0, 0, 0, 9, 6, 6, 6, 6], [0, 0, 0, 0, 9, 0, 0, 0, 0, 9, 6, 6, 6, 6]]}, {"input": [[0, 5, 0, 0, 0, 4, 5, 5, 0, 0, 0, 4, 0, 0, 0, 0, 0], [0, 0, 0, 0, 0, 4, 5, 0, 5, 0, 0, 4, 0, 5, 0, 0, 0], [0, 0, 0, 0, 0, 4, 5, 5, 5, 0, 0, 4, 0, 0, 0, 0, 0], [0, 0, 0, 0, 0, 4, 0, 0, 0, 0, 0, 4, 0, 0, 0, 0, 0], [0, 0, 0, 0, 0, 4, 0, 0, 0, 0, 0, 4, 0, 0, 0, 0, 0], [4, 4, 4, 4, 4, 4, 4, 4, 4, 4, 4, 4, 4, 4, 4, 4, 4], [5, 5, 0, 0, 0, 4, 0, 0, 0, 0, 0, 4, 0, 5, 5, 0, 0], [0, 5, 5, 0, 0, 4, 0, 0, 5, 0, 0, 4, 5, 0, 0, 0, 0], [5, 0, 0, 0, 0, 4, 0, 0, 0, 0, 0, 4, 0, 5, 0, 0, 0], [0, 0, 0, 0, 0, 4, 0, 0, 0, 0, 0, 4, 0, 0, 0, 0, 0], [0, 0, 0, 0, 0, 4, 0, 0, 0, 0, 0, 4, 0, 0, 0, 0, 0], [4, 4, 4, 4, 4, 4, 4, 4, 4, 4, 4, 4, 4, 4, 4, 4, 4], [0, 0, 0, 0, 0, 4, 0, 5, 5, 0, 0, 4, 5, 5, 5, 0, 0], [0, 5, 0, 0, 0, 4, 0, 0, 0, 0, 0, 4, 5, 5, 5, 0, 0], [0, 0, 5, 0, 0, 4, 0, 0, 0, 0, 0, 4, 5, 0, 5, 0, 0], [0, 0, 0, 0, 0, 4, 0, 0, 0, 0, 0, 4, 0, 0, 0, 0, 0], [0, 0, 0, 0, 0, 4, 0, 0, 0, 0, 0, 4, 0, 0, 0, 0, 0]], "output": [[0, 0, 0, 0, 0, 4, 0, 0, 0, 0, 0, 4, 0, 0, 0, 0, 0], [0, 0, 0, 0, 0, 4, 0, 0, 0, 0, 0, 4, 0, 0, 0, 0, 0], [0, 0, 0, 0, 0, 4, 0, 0, 0, 0, 0, 4, 0, 0, 0, 0, 0], [0, 0, 0, 0, 0, 4, 0, 0, 0, 0, 0, 4, 0, 0, 0, 0, 0], [0, 0, 0, 0, 0, 4, 0, 0, 0, 0, 0, 4, 0, 0, 0, 0, 0], [4, 4, 4, 4, 4, 4, 4, 4, 4, 4, 4, 4, 4, 4, 4, 4, 4], [0, 0, 0, 0, 0, 4, 0, 0, 0, 0, 0, 4, 0, 0, 0, 0, 0], [0, 0, 0, 0, 0, 4, 0, 0, 0, 0, 0, 4, 0, 0, 0, 0, 0], [0, 0, 0, 0, 0, 4, 0, 0, 0, 0, 0, 4, 0, 0, 0, 0, 0], [0, 0, 0, 0, 0, 4, 0, 0, 0, 0, 0, 4, 0, 0, 0, 0, 0], [0, 0, 0, 0, 0, 4, 0, 0, 0, 0, 0, 4, 0, 0, 0, 0, 0], [4, 4, 4, 4, 4, 4, 4, 4, 4, 4, 4, 4, 4, 4, 4, 4, 4], [0, 0, 0, 0, 0, 4, 0, 0, 0, 0, 0, 4, 5, 5, 5, 5, 5], [0, 0, 0, 0, 0, 4, 0, 0, 0, 0, 0, 4, 5, 5, 5, 5, 5], [0, 0, 0, 0, 0, 4, 0, 0, 0, 0, 0, 4, 5, 5, 5, 5, 5], [0, 0, 0, 0, 0, 4, 0, 0, 0, 0, 0, 4, 5, 5, 5, 5, 5], [0, 0, 0, 0, 0, 4, 0, 0, 0, 0, 0, 4, 5, 5, 5, 5, 5]]}, {"input": [[5, 0, 0, 0, 0, 2, 5, 0, 5, 0, 0, 2, 0, 5, 0, 0, 0], [5, 5, 0, 0, 0, 2, 5, 5, 5, 0, 0, 2, 0, 5, 5, 0, 0], [0, 5, 5, 0, 0, 2, 5, 5, 5, 0, 0, 2, 5, 5, 5, 0, 0], [0, 0, 0, 0, 0, 2, 0, 0, 0, 0, 0, 2, 0, 0, 0, 0, 0], [0, 0, 0, 0, 0, 2, 0, 0, 0, 0, 0, 2, 0, 0, 0, 0, 0], [2, 2, 2, 2, 2, 2, 2, 2, 2, 2, 2, 2, 2, 2, 2, 2, 2], [0, 0, 0, 0, 0, 2, 5, 0, 0, 0, 0, 2, 5, 0, 0, 0, 0], [0, 0, 0, 0, 0, 2, 0, 0, 5, 0, 0, 2, 0, 0, 5, 0, 0], [0, 0, 5, 0, 0, 2, 0, 0, 5, 0, 0, 2, 0, 0, 5, 0, 0], [0, 0, 0, 0, 0, 2, 0, 0, 0, 0, 0, 2, 0, 0, 0, 0, 0], [0, 0, 0, 0, 0, 2, 0, 0, 0, 0, 0, 2, 0, 0, 0, 0, 0], [2, 2, 2, 2, 2, 2, 2, 2, 2, 2, 2, 2, 2, 2, 2, 2, 2], [0, 0, 0, 0, 0, 2, 0, 0, 5, 0, 0, 2, 5, 5, 0, 0, 0], [5, 0, 0, 0, 0, 2, 5, 0, 5, 0, 0, 2, 0, 5, 5, 0, 0], [0, 0, 0, 0, 0, 2, 5, 5, 5, 0, 0, 2, 5, 5, 5, 0, 0], [0, 0, 0, 0, 0, 2, 0, 0, 0, 0, 0, 2, 0, 0, 0, 0, 0], [0, 0, 0, 0, 0, 2, 0, 0, 0, 0, 0, 2, 0, 0, 0, 0, 0]], "output": [[0, 0, 0, 0, 0, 2, 5, 5, 5, 5, 5, 2, 0, 0, 0, 0, 0], [0, 0, 0, 0, 0, 2, 5, 5, 5, 5, 5, 2, 0, 0, 0, 0, 0], [0, 0, 0, 0, 0, 2, 5, 5, 5, 5, 5, 2, 0, 0, 0, 0, 0], [0, 0, 0, 0, 0, 2, 5, 5, 5, 5, 5, 2, 0, 0, 0, 0, 0], [0, 0, 0, 0, 0, 2, 5, 5, 5, 5, 5, 2, 0, 0, 0, 0, 0], [2, 2, 2, 2, 2, 2, 2, 2, 2, 2, 2, 2, 2, 2, 2, 2, 2], [0, 0, 0, 0, 0, 2, 0, 0, 0, 0, 0, 2, 0, 0, 0, 0, 0], [0, 0, 0, 0, 0, 2, 0, 0, 0, 0, 0, 2, 0, 0, 0, 0, 0], [0, 0, 0, 0, 0, 2, 0, 0, 0, 0, 0, 2, 0, 0, 0, 0, 0], [0, 0, 0, 0, 0, 2, 0, 0, 0, 0, 0, 2, 0, 0, 0, 0, 0], [0, 0, 0, 0, 0, 2, 0, 0, 0, 0, 0, 2, 0, 0, 0, 0, 0], [2, 2, 2, 2, 2, 2, 2, 2, 2, 2, 2, 2, 2, 2, 2, 2, 2], [0, 0, 0, 0, 0, 2, 0, 0, 0, 0, 0, 2, 0, 0, 0, 0, 0], [0, 0, 0, 0, 0, 2, 0, 0, 0, 0, 0, 2, 0, 0, 0, 0, 0], [0, 0, 0, 0, 0, 2, 0, 0, 0, 0, 0, 2, 0, 0, 0, 0, 0], [0, 0, 0, 0, 0, 2, 0, 0, 0, 0, 0, 2, 0, 0, 0, 0, 0], [0, 0, 0, 0, 0, 2, 0, 0, 0, 0, 0, 2, 0, 0, 0, 0, 0]]}, {"input": [[8, 0, 8, 0, 0, 0, 0, 2, 0, 0, 0, 0, 0, 0, 0, 2, 0, 8, 0, 0, 8, 0, 0], [0, 0, 0, 0, 8, 0, 0, 2, 0, 0, 0, 0, 8, 0, 0, 2, 0, 0, 0, 0, 0, 0, 0], [0, 8, 0, 8, 0, 0, 0, 2, 0, 8, 0, 8, 0, 0, 0, 2, 0, 0, 0, 0, 8, 0, 0], [0, 0, 0, 0, 8, 0, 0, 2, 8, 0, 0, 0, 0, 0, 0, 2, 0, 8, 0, 8, 0, 0, 0], [0, 0, 0, 8, 8, 0, 0, 2, 0, 0, 0, 0, 8, 0, 0, 2, 8, 8, 0, 8, 0, 0, 0], [0, 0, 0, 0, 0, 0, 0, 2, 0, 0, 0, 0, 0, 0, 0, 2, 0, 0, 0, 0, 0, 0, 0], [0, 0, 0, 0, 0, 0, 0, 2, 0, 0, 0, 0, 0, 0, 0, 2, 0, 0, 0, 0, 0, 0, 0], [2, 2, 2, 2, 2, 2, 2, 2, 2, 2, 2, 2, 2, 2, 2, 2, 2, 2, 2, 2, 2, 2, 2], [0, 0, 0, 0, 0, 0, 0, 2, 0, 0, 0, 0, 0, 0, 0, 2, 0, 0, 8, 0, 0, 0, 0], [0, 0, 0, 0, 0, 0, 0, 2, 0, 0, 0, 0, 8, 0, 0, 2, 8, 8, 0, 0, 0, 0, 0], [0, 0, 0, 8, 0, 0, 0, 2, 0, 8, 0, 0, 0, 0, 0, 2, 8, 0, 0, 0, 8, 0, 0], [0, 0, 0, 0, 0, 0, 0, 2, 0, 0, 0, 0, 0, 0, 0, 2, 0, 8, 0, 8, 8, 0, 0], [0, 0, 0, 0, 0, 0, 0, 2, 0, 0, 0, 0, 8, 0, 0, 2, 0, 8, 8, 8, 0, 0, 0], [0, 0, 0, 0, 0, 0, 0, 2, 0, 0, 0, 0, 0, 0, 0, 2, 0, 0, 0, 0, 0, 0, 0], [0, 0, 0, 0, 0, 0, 0, 2, 0, 0, 0, 0, 0, 0, 0, 2, 0, 0, 0, 0, 0, 0, 0], [2, 2, 2, 2, 2, 2, 2, 2, 2, 2, 2, 2, 2, 2, 2, 2, 2, 2, 2, 2, 2, 2, 2], [0, 0, 0, 0, 0, 0, 0, 2, 8, 8, 0, 8, 8, 0, 0, 2, 8, 0, 0, 0, 8, 0, 0], [0, 0, 0, 8, 0, 0, 0, 2, 8, 0, 8, 0, 8, 0, 0, 2, 8, 0, 8, 8, 0, 0, 0], [8, 0, 8, 0, 0, 0, 0, 2, 0, 8, 8, 0, 8, 0, 0, 2, 0, 0, 8, 0, 0, 0, 0], [0, 0, 0, 0, 0, 0, 0, 2, 0, 8, 8, 8, 8, 0, 0, 2, 0, 0, 0, 8, 8, 0, 0], [0, 0, 0, 0, 0, 0, 0, 2, 8, 8, 0, 8, 8, 0, 0, 2, 8, 8, 0, 0, 0, 0, 0], [0, 0, 0, 0, 0, 0, 0, 2, 0, 0, 0, 0, 0, 0, 0, 2, 0, 0, 0, 0, 0, 0, 0], [0, 0, 0, 0, 0, 0, 0, 2, 0, 0, 0, 0, 0, 0, 0, 2, 0, 0, 0, 0, 0, 0, 0]], "output": [[0, 0, 0, 0, 0, 0, 0, 2, 0, 0, 0, 0, 0, 0, 0, 2, 0, 0, 0, 0, 0, 0, 0], [0, 0, 0, 0, 0, 0, 0, 2, 0, 0, 0, 0, 0, 0, 0, 2, 0, 0, 0, 0, 0, 0, 0], [0, 0, 0, 0, 0, 0, 0, 2, 0, 0, 0, 0, 0, 0, 0, 2, 0, 0, 0, 0, 0, 0, 0], [0, 0, 0, 0, 0, 0, 0, 2, 0, 0, 0, 0, 0, 0, 0, 2, 0, 0, 0, 0, 0, 0, 0], [0, 0, 0, 0, 0, 0, 0, 2, 0, 0, 0, 0, 0, 0, 0, 2, 0, 0, 0, 0, 0, 0, 0], [0, 0, 0, 0, 0, 0, 0, 2, 0, 0, 0, 0, 0, 0, 0, 2, 0, 0, 0, 0, 0, 0, 0], [0, 0, 0, 0, 0, 0, 0, 2, 0, 0, 0, 0, 0, 0, 0, 2, 0, 0, 0, 0, 0, 0, 0], [2, 2, 2, 2, 2, 2, 2, 2, 2, 2, 2, 2, 2, 2, 2, 2, 2, 2, 2, 2, 2, 2, 2], [0, 0, 0, 0, 0, 0, 0, 2, 0, 0, 0, 0, 0, 0, 0, 2, 0, 0, 0, 0, 0, 0, 0], [0, 0, 0, 0, 0, 0, 0, 2, 0, 0, 0, 0, 0, 0, 0, 2, 0, 0, 0, 0, 0, 0, 0], [0, 0, 0, 0, 0, 0, 0, 2, 0, 0, 0, 0, 0, 0, 0, 2, 0, 0, 0, 0, 0, 0, 0], [0, 0, 0, 0, 0, 0, 0, 2, 0, 0, 0, 0, 0, 0, 0, 2, 0, 0, 0, 0, 0, 0, 0], [0, 0, 0, 0, 0, 0, 0, 2, 0, 0, 0, 0, 0, 0, 0, 2, 0, 0, 0, 0, 0, 0, 0], [0, 0, 0, 0, 0, 0, 0, 2, 0, 0, 0, 0, 0, 0, 0, 2, 0, 0, 0, 0, 0, 0, 0], [0, 0, 0, 0, 0, 0, 0, 2, 0, 0, 0, 0, 0, 0, 0, 2, 0, 0, 0, 0, 0, 0, 0], [2, 2, 2, 2, 2, 2, 2, 2, 2, 2, 2, 2, 2, 2, 2, 2, 2, 2, 2, 2, 2, 2, 2], [0, 0, 0, 0, 0, 0, 0, 2, 8, 8, 8, 8, 8, 8, 8, 2, 0, 0, 0, 0, 0, 0, 0], [0, 0, 0, 0, 0, 0, 0, 2, 8, 8, 8, 8, 8, 8, 8, 2, 0, 0, 0, 0, 0, 0, 0], [0, 0, 0, 0, 0, 0, 0, 2, 8, 8, 8, 8, 8, 8, 8, 2, 0, 0, 0, 0, 0, 0, 0], [0, 0, 0, 0, 0, 0, 0, 2, 8, 8, 8, 8, 8, 8, 8, 2, 0, 0, 0, 0, 0, 0, 0], [0, 0, 0, 0, 0, 0, 0, 2, 8, 8, 8, 8, 8, 8, 8, 2, 0, 0, 0, 0, 0, 0, 0], [0, 0, 0, 0, 0, 0, 0, 2, 8, 8, 8, 8, 8, 8, 8, 2, 0, 0, 0, 0, 0, 0, 0], [0, 0, 0, 0, 0, 0, 0, 2, 8, 8, 8, 8, 8, 8, 8, 2, 0, 0, 0, 0, 0, 0, 0]]}, {"input": [[0, 0, 0, 0, 0, 0, 0, 3, 0, 4, 0, 0, 4, 0, 0, 3, 0, 4, 4, 4, 0, 0, 0], [4, 4, 4, 0, 0, 0, 0, 3, 0, 0, 4, 4, 0, 0, 0, 3, 4, 4, 4, 4, 4, 0, 0], [4, 0, 4, 4, 0, 0, 0, 3, 4, 4, 4, 0, 4, 0, 0, 3, 0, 0, 4, 0, 0, 0, 0], [0, 0, 0, 0, 4, 0, 0, 3, 0, 4, 0, 0, 4, 0, 0, 3, 4, 4, 4, 4, 4, 0, 0], [4, 4, 4, 0, 0, 0, 0, 3, 0, 0, 4, 4, 0, 0, 0, 3, 4, 4, 4, 4, 4, 0, 0], [0, 0, 0, 0, 0, 0, 0, 3, 0, 0, 0, 0, 0, 0, 0, 3, 0, 0, 0, 0, 0, 0, 0], [0, 0, 0, 0, 0, 0, 0, 3, 0, 0, 0, 0, 0, 0, 0, 3, 0, 0, 0, 0, 0, 0, 0], [3, 3, 3, 3, 3, 3, 3, 3, 3, 3, 3, 3, 3, 3, 3, 3, 3, 3, 3, 3, 3, 3, 3], [0, 0, 0, 0, 0, 0, 0, 3, 4, 0, 4, 4, 4, 0, 0, 3, 0, 0, 0, 4, 0, 0, 0], [0, 0, 0, 0, 0, 0, 0, 3, 4, 4, 4, 4, 4, 0, 0, 3, 0, 0, 0, 4, 0, 0, 0], [0, 4, 4, 0, 4, 0, 0, 3, 4, 4, 4, 4, 4, 0, 0, 3, 0, 4, 0, 4, 0, 0, 0], [4, 4, 0, 0, 4, 0, 0, 3, 4, 4, 4, 4, 4, 0, 0, 3, 0, 0, 0, 0, 0, 0, 0], [4, 0, 0, 0, 4, 0, 0, 3, 4, 4, 4, 4, 4, 0, 0, 3, 4, 4, 0, 0, 0, 0, 0], [0, 0, 0, 0, 0, 0, 0, 3, 0, 0, 0, 0, 0, 0, 0, 3, 0, 0, 0, 0, 0, 0, 0], [0, 0, 0, 0, 0, 0, 0, 3, 0, 0, 0, 0, 0, 0, 0, 3, 0, 0, 0, 0, 0, 0, 0], [3, 3, 3, 3, 3, 3, 3, 3, 3, 3, 3, 3, 3, 3, 3, 3, 3, 3, 3, 3, 3, 3, 3], [4, 4, 4, 4, 4, 0, 0, 3, 0, 4, 4, 4, 4, 0, 0, 3, 4, 4, 0, 4, 4, 0, 0], [4, 0, 4, 4, 4, 0, 0, 3, 0, 4, 0, 0, 0, 0, 0, 3, 4, 4, 4, 4, 0, 0, 0], [4, 4, 4, 4, 4, 0, 0, 3, 4, 4, 4, 4, 4, 0, 0, 3, 4, 4, 4, 0, 4, 0, 0], [4, 4, 4, 4, 4, 0, 0, 3, 4, 4, 4, 0, 4, 0, 0, 3, 4, 4, 4, 4, 0, 0, 0], [4, 4, 4, 4, 4, 0, 0, 3, 0, 0, 0, 0, 4, 0, 0, 3, 4, 0, 4, 4, 0, 0, 0], [0, 0, 0, 0, 0, 0, 0, 3, 0, 0, 0, 0, 0, 0, 0, 3, 0, 0, 0, 0, 0, 0, 0], [0, 0, 0, 0, 0, 0, 0, 3, 0, 0, 0, 0, 0, 0, 0, 3, 0, 0, 0, 0, 0, 0, 0]], "output": [[0, 0, 0, 0, 0, 0, 0, 3, 0, 0, 0, 0, 0, 0, 0, 3, 0, 0, 0, 0, 0, 0, 0], [0, 0, 0, 0, 0, 0, 0, 3, 0, 0, 0, 0, 0, 0, 0, 3, 0, 0, 0, 0, 0, 0, 0], [0, 0, 0, 0, 0, 0, 0, 3, 0, 0, 0, 0, 0, 0, 0, 3, 0, 0, 0, 0, 0, 0, 0], [0, 0, 0, 0, 0, 0, 0, 3, 0, 0, 0, 0, 0, 0, 0, 3, 0, 0, 0, 0, 0, 0, 0], [0, 0, 0, 0, 0, 0, 0, 3, 0, 0, 0, 0, 0, 0, 0, 3, 0, 0, 0, 0, 0, 0, 0], [0, 0, 0, 0, 0, 0, 0, 3, 0, 0, 0, 0, 0, 0, 0, 3, 0, 0, 0, 0, 0, 0, 0], [0, 0, 0, 0, 0, 0, 0, 3, 0, 0, 0, 0, 0, 0, 0, 3, 0, 0, 0, 0, 0, 0, 0], [3, 3, 3, 3, 3, 3, 3, 3, 3, 3, 3, 3, 3, 3, 3, 3, 3, 3, 3, 3, 3, 3, 3], [0, 0, 0, 0, 0, 0, 0, 3, 4, 4, 4, 4, 4, 4, 4, 3, 0, 0, 0, 0, 0, 0, 0], [0, 0, 0, 0, 0, 0, 0, 3, 4, 4, 4, 4, 4, 4, 4, 3, 0, 0, 0, 0, 0, 0, 0], [0, 0, 0, 0, 0, 0, 0, 3, 4, 4, 4, 4, 4, 4, 4, 3, 0, 0, 0, 0, 0, 0, 0], [0, 0, 0, 0, 0, 0, 0, 3, 4, 4, 4, 4, 4, 4, 4, 3, 0, 0, 0, 0, 0, 0, 0], [0, 0, 0, 0, 0, 0, 0, 3, 4, 4, 4, 4, 4, 4, 4, 3, 0, 0, 0, 0, 0, 0, 0], [0, 0, 0, 0, 0, 0, 0, 3, 4, 4, 4, 4, 4, 4, 4, 3, 0, 0, 0, 0, 0, 0, 0], [0, 0, 0, 0, 0, 0, 0, 3, 4, 4, 4, 4, 4, 4, 4, 3, 0, 0, 0, 0, 0, 0, 0], [3, 3, 3, 3, 3, 3, 3, 3, 3, 3, 3, 3, 3, 3, 3, 3, 3, 3, 3, 3, 3, 3, 3], [4, 4, 4, 4, 4, 4, 4, 3, 0, 0, 0, 0, 0, 0, 0, 3, 0, 0, 0, 0, 0, 0, 0], [4, 4, 4, 4, 4, 4, 4, 3, 0, 0, 0, 0, 0, 0, 0, 3, 0, 0, 0, 0, 0, 0, 0], [4, 4, 4, 4, 4, 4, 4, 3, 0, 0, 0, 0, 0, 0, 0, 3, 0, 0, 0, 0, 0, 0, 0], [4, 4, 4, 4, 4, 4, 4, 3, 0, 0, 0, 0, 0, 0, 0, 3, 0, 0, 0, 0, 0, 0, 0], [4, 4, 4, 4, 4, 4, 4, 3, 0, 0, 0, 0, 0, 0, 0, 3, 0, 0, 0, 0, 0, 0, 0], [4, 4, 4, 4, 4, 4, 4, 3, 0, 0, 0, 0, 0, 0, 0, 3, 0, 0, 0, 0, 0, 0, 0], [4, 4, 4, 4, 4, 4, 4, 3, 0, 0, 0, 0, 0, 0, 0, 3, 0, 0, 0, 0, 0, 0, 0]]}, {"input": [[8, 0, 0, 0, 8, 0, 0, 3, 8, 0, 8, 0, 8, 0, 0, 3, 8, 0, 8, 8, 0, 0, 0], [0, 8, 0, 0, 8, 0, 0, 3, 0, 8, 8, 8, 8, 0, 0, 3, 8, 8, 0, 8, 0, 0, 0], [8, 0, 8, 8, 8, 0, 0, 3, 0, 0, 0, 8, 0, 0, 0, 3, 8, 0, 8, 8, 8, 0, 0], [8, 8, 0, 0, 8, 0, 0, 3, 0, 0, 8, 0, 0, 0, 0, 3, 8, 8, 0, 8, 8, 0, 0], [0, 8, 8, 8, 8, 0, 0, 3, 0, 8, 8, 0, 8, 0, 0, 3, 8, 8, 8, 0, 8, 0, 0], [0, 0, 0, 0, 0, 0, 0, 3, 0, 0, 0, 0, 0, 0, 0, 3, 0, 0, 0, 0, 0, 0, 0], [0, 0, 0, 0, 0, 0, 0, 3, 0, 0, 0, 0, 0, 0, 0, 3, 0, 0, 0, 0, 0, 0, 0], [3, 3, 3, 3, 3, 3, 3, 3, 3, 3, 3, 3, 3, 3, 3, 3, 3, 3, 3, 3, 3, 3, 3], [8, 8, 8, 8, 8, 0, 0, 3, 0, 0, 0, 0, 0, 0, 0, 3, 8, 8, 8, 0, 0, 0, 0], [0, 8, 8, 8, 8, 0, 0, 3, 0, 0, 0, 0, 0, 0, 0, 3, 8, 8, 8, 8, 8, 0, 0], [8, 8, 8, 0, 8, 0, 0, 3, 0, 0, 8, 0, 0, 0, 0, 3, 0, 8, 8, 8, 8, 0, 0], [8, 8, 0, 8, 8, 0, 0, 3, 0, 8, 0, 0, 0, 0, 0, 3, 8, 8, 8, 8, 8, 0, 0], [8, 8, 8, 8, 8, 0, 0, 3, 0, 0, 0, 0, 0, 0, 0, 3, 8, 8, 0, 8, 8, 0, 0], [0, 0, 0, 0, 0, 0, 0, 3, 0, 0, 0, 0, 0, 0, 0, 3, 0, 0, 0, 0, 0, 0, 0], [0, 0, 0, 0, 0, 0, 0, 3, 0, 0, 0, 0, 0, 0, 0, 3, 0, 0, 0, 0, 0, 0, 0], [3, 3, 3, 3, 3, 3, 3, 3, 3, 3, 3, 3, 3, 3, 3, 3, 3, 3, 3, 3, 3, 3, 3], [8, 0, 8, 8, 8, 0, 0, 3, 0, 0, 0, 8, 8, 0, 0, 3, 8, 0, 8, 0, 0, 0, 0], [8, 8, 0, 0, 0, 0, 0, 3, 8, 8, 0, 8, 8, 0, 0, 3, 0, 8, 0, 8, 0, 0, 0], [8, 0, 8, 0, 8, 0, 0, 3, 0, 8, 8, 8, 8, 0, 0, 3, 8, 0, 8, 8, 0, 0, 0], [8, 8, 0, 8, 8, 0, 0, 3, 8, 8, 8, 8, 8, 0, 0, 3, 8, 0, 0, 8, 8, 0, 0], [8, 8, 0, 8, 8, 0, 0, 3, 8, 8, 8, 8, 8, 0, 0, 3, 0, 0, 0, 8, 0, 0, 0], [0, 0, 0, 0, 0, 0, 0, 3, 0, 0, 0, 0, 0, 0, 0, 3, 0, 0, 0, 0, 0, 0, 0], [0, 0, 0, 0, 0, 0, 0, 3, 0, 0, 0, 0, 0, 0, 0, 3, 0, 0, 0, 0, 0, 0, 0]], "output": [[0, 0, 0, 0, 0, 0, 0, 3, 0, 0, 0, 0, 0, 0, 0, 3, 0, 0, 0, 0, 0, 0, 0], [0, 0, 0, 0, 0, 0, 0, 3, 0, 0, 0, 0, 0, 0, 0, 3, 0, 0, 0, 0, 0, 0, 0], [0, 0, 0, 0, 0, 0, 0, 3, 0, 0, 0, 0, 0, 0, 0, 3, 0, 0, 0, 0, 0, 0, 0], [0, 0, 0, 0, 0, 0, 0, 3, 0, 0, 0, 0, 0, 0, 0, 3, 0, 0, 0, 0, 0, 0, 0], [0, 0, 0, 0, 0, 0, 0, 3, 0, 0, 0, 0, 0, 0, 0, 3, 0, 0, 0, 0, 0, 0, 0], [0, 0, 0, 0, 0, 0, 0, 3, 0, 0, 0, 0, 0, 0, 0, 3, 0, 0, 0, 0, 0, 0, 0], [0, 0, 0, 0, 0, 0, 0, 3, 0, 0, 0, 0, 0, 0, 0, 3, 0, 0, 0, 0, 0, 0, 0], [3, 3, 3, 3, 3, 3, 3, 3, 3, 3, 3, 3, 3, 3, 3, 3, 3, 3, 3, 3, 3, 3, 3], [8, 8, 8, 8, 8, 8, 8, 3, 0, 0, 0, 0, 0, 0, 0, 3, 0, 0, 0, 0, 0, 0, 0], [8, 8, 8, 8, 8, 8, 8, 3, 0, 0, 0, 0, 0, 0, 0, 3, 0, 0, 0, 0, 0, 0, 0], [8, 8, 8, 8, 8, 8, 8, 3, 0, 0, 0, 0, 0, 0, 0, 3, 0, 0, 0, 0, 0, 0, 0], [8, 8, 8, 8, 8, 8, 8, 3, 0, 0, 0, 0, 0, 0, 0, 3, 0, 0, 0, 0, 0, 0, 0], [8, 8, 8, 8, 8, 8, 8, 3, 0, 0, 0, 0, 0, 0, 0, 3, 0, 0, 0, 0, 0, 0, 0], [8, 8, 8, 8, 8, 8, 8, 3, 0, 0, 0, 0, 0, 0, 0, 3, 0, 0, 0, 0, 0, 0, 0], [8, 8, 8, 8, 8, 8, 8, 3, 0, 0, 0, 0, 0, 0, 0, 3, 0, 0, 0, 0, 0, 0, 0], [3, 3, 3, 3, 3, 3, 3, 3, 3, 3, 3, 3, 3, 3, 3, 3, 3, 3, 3, 3, 3, 3, 3], [0, 0, 0, 0, 0, 0, 0, 3, 0, 0, 0, 0, 0, 0, 0, 3, 0, 0, 0, 0, 0, 0, 0], [0, 0, 0, 0, 0, 0, 0, 3, 0, 0, 0, 0, 0, 0, 0, 3, 0, 0, 0, 0, 0, 0, 0], [0, 0, 0, 0, 0, 0, 0, 3, 0, 0, 0, 0, 0, 0, 0, 3, 0, 0, 0, 0, 0, 0, 0], [0, 0, 0, 0, 0, 0, 0, 3, 0, 0, 0, 0, 0, 0, 0, 3, 0, 0, 0, 0, 0, 0, 0], [0, 0, 0, 0, 0, 0, 0, 3, 0, 0, 0, 0, 0, 0, 0, 3, 0, 0, 0, 0, 0, 0, 0], [0, 0, 0, 0, 0, 0, 0, 3, 0, 0, 0, 0, 0, 0, 0, 3, 0, 0, 0, 0, 0, 0, 0], [0, 0, 0, 0, 0, 0, 0, 3, 0, 0, 0, 0, 0, 0, 0, 3, 0, 0, 0, 0, 0, 0, 0]]}, {"input": [[4, 4, 0, 4, 0, 0, 0, 8, 0, 4, 0, 4, 0, 0, 0, 8, 0, 4, 4, 0, 4, 0, 0], [0, 4, 0, 4, 0, 0, 0, 8, 4, 4, 4, 4, 4, 0, 0, 8, 4, 0, 4, 0, 4, 0, 0], [0, 4, 0, 0, 4, 0, 0, 8, 4, 4, 4, 4, 4, 0, 0, 8, 0, 4, 4, 0, 4, 0, 0], [0, 0, 0, 0, 0, 0, 0, 8, 4, 4, 4, 4, 4, 0, 0, 8, 0, 4, 0, 0, 4, 0, 0], [0, 0, 4, 4, 0, 0, 0, 8, 4, 4, 4, 4, 4, 0, 0, 8, 0, 4, 4, 4, 4, 0, 0], [0, 0, 0, 0, 0, 0, 0, 8, 0, 0, 0, 0, 0, 0, 0, 8, 0, 0, 0, 0, 0, 0, 0], [0, 0, 0, 0, 0, 0, 0, 8, 0, 0, 0, 0, 0, 0, 0, 8, 0, 0, 0, 0, 0, 0, 0], [8, 8, 8, 8, 8, 8, 8, 8, 8, 8, 8, 8, 8, 8, 8, 8, 8, 8, 8, 8, 8, 8, 8], [4, 0, 4, 0, 4, 0, 0, 8, 4, 4, 0, 0, 0, 0, 0, 8, 0, 0, 4, 0, 0, 0, 0], [0, 0, 4, 0, 0, 0, 0, 8, 0, 0, 4, 0, 4, 0, 0, 8, 0, 0, 0, 0, 0, 0, 0], [0, 4, 0, 4, 0, 0, 0, 8, 0, 4, 0, 0, 0, 0, 0, 8, 0, 0, 0, 0, 0, 0, 0], [0, 4, 4, 4, 0, 0, 0, 8, 4, 0, 0, 4, 0, 0, 0, 8, 0, 0, 4, 4, 0, 0, 0], [0, 0, 0, 4, 4, 0, 0, 8, 0, 0, 4, 4, 4, 0, 0, 8, 0, 0, 0, 4, 0, 0, 0], [0, 0, 0, 0, 0, 0, 0, 8, 0, 0, 0, 0, 0, 0, 0, 8, 0, 0, 0, 0, 0, 0, 0], [0, 0, 0, 0, 0, 0, 0, 8, 0, 0, 0, 0, 0, 0, 0, 8, 0, 0, 0, 0, 0, 0, 0], [8, 8, 8, 8, 8, 8, 8, 8, 8, 8, 8, 8, 8, 8, 8, 8, 8, 8, 8, 8, 8, 8, 8], [4, 4, 4, 0, 4, 0, 0, 8, 4, 4, 4, 4, 4, 0, 0, 8, 0, 0, 0, 0, 0, 0, 0], [4, 4, 4, 4, 4, 0, 0, 8, 0, 0, 4, 0, 0, 0, 0, 8, 0, 0, 0, 0, 0, 0, 0], [4, 0, 4, 4, 4, 0, 0, 8, 4, 0, 0, 4, 4, 0, 0, 8, 4, 0, 4, 4, 0, 0, 0], [4, 4, 4, 4, 4, 0, 0, 8, 0, 0, 0, 0, 4, 0, 0, 8, 0, 4, 0, 4, 0, 0, 0], [4, 4, 4, 0, 4, 0, 0, 8, 0, 4, 0, 0, 4, 0, 0, 8, 0, 0, 4, 0, 0, 0, 0], [0, 0, 0, 0, 0, 0, 0, 8, 0, 0, 0, 0, 0, 0, 0, 8, 0, 0, 0, 0, 0, 0, 0], [0, 0, 0, 0, 0, 0, 0, 8, 0, 0, 0, 0, 0, 0, 0, 8, 0, 0, 0, 0, 0, 0, 0]], "output": [[0, 0, 0, 0, 0, 0, 0, 8, 4, 4, 4, 4, 4, 4, 4, 8, 0, 0, 0, 0, 0, 0, 0], [0, 0, 0, 0, 0, 0, 0, 8, 4, 4, 4, 4, 4, 4, 4, 8, 0, 0, 0, 0, 0, 0, 0], [0, 0, 0, 0, 0, 0, 0, 8, 4, 4, 4, 4, 4, 4, 4, 8, 0, 0, 0, 0, 0, 0, 0], [0, 0, 0, 0, 0, 0, 0, 8, 4, 4, 4, 4, 4, 4, 4, 8, 0, 0, 0, 0, 0, 0, 0], [0, 0, 0, 0, 0, 0, 0, 8, 4, 4, 4, 4, 4, 4, 4, 8, 0, 0, 0, 0, 0, 0, 0], [0, 0, 0, 0, 0, 0, 0, 8, 4, 4, 4, 4, 4, 4, 4, 8, 0, 0, 0, 0, 0, 0, 0], [0, 0, 0, 0, 0, 0, 0, 8, 4, 4, 4, 4, 4, 4, 4, 8, 0, 0, 0, 0, 0, 0, 0], [8, 8, 8, 8, 8, 8, 8, 8, 8, 8, 8, 8, 8, 8, 8, 8, 8, 8, 8, 8, 8, 8, 8], [0, 0, 0, 0, 0, 0, 0, 8, 0, 0, 0, 0, 0, 0, 0, 8, 0, 0, 0, 0, 0, 0, 0], [0, 0, 0, 0, 0, 0, 0, 8, 0, 0, 0, 0, 0, 0, 0, 8, 0, 0, 0, 0, 0, 0, 0], [0, 0, 0, 0, 0, 0, 0, 8, 0, 0, 0, 0, 0, 0, 0, 8, 0, 0, 0, 0, 0, 0, 0], [0, 0, 0, 0, 0, 0, 0, 8, 0, 0, 0, 0, 0, 0, 0, 8, 0, 0, 0, 0, 0, 0, 0], [0, 0, 0, 0, 0, 0, 0, 8, 0, 0, 0, 0, 0, 0, 0, 8, 0, 0, 0, 0, 0, 0, 0], [0, 0, 0, 0, 0, 0, 0, 8, 0, 0, 0, 0, 0, 0, 0, 8, 0, 0, 0, 0, 0, 0, 0], [0, 0, 0, 0, 0, 0, 0, 8, 0, 0, 0, 0, 0, 0, 0, 8, 0, 0, 0, 0, 0, 0, 0], [8, 8, 8, 8, 8, 8, 8, 8, 8, 8, 8, 8, 8, 8, 8, 8, 8, 8, 8, 8, 8, 8, 8], [4, 4, 4, 4, 4, 4, 4, 8, 0, 0, 0, 0, 0, 0, 0, 8, 0, 0, 0, 0, 0, 0, 0], [4, 4, 4, 4, 4, 4, 4, 8, 0, 0, 0, 0, 0, 0, 0, 8, 0, 0, 0, 0, 0, 0, 0], [4, 4, 4, 4, 4, 4, 4, 8, 0, 0, 0, 0, 0, 0, 0, 8, 0, 0, 0, 0, 0, 0, 0], [4, 4, 4, 4, 4, 4, 4, 8, 0, 0, 0, 0, 0, 0, 0, 8, 0, 0, 0, 0, 0, 0, 0], [4, 4, 4, 4, 4, 4, 4, 8, 0, 0, 0, 0, 0, 0, 0, 8, 0, 0, 0, 0, 0, 0, 0], [4, 4, 4, 4, 4, 4, 4, 8, 0, 0, 0, 0, 0, 0, 0, 8, 0, 0, 0, 0, 0, 0, 0], [4, 4, 4, 4, 4, 4, 4, 8, 0, 0, 0, 0, 0, 0, 0, 8, 0, 0, 0, 0, 0, 0, 0]]}, {"input": [[0, 0, 0, 0, 0, 6, 0, 0, 0, 0, 0, 6, 2, 2, 2, 0, 0], [0, 0, 0, 0, 0, 6, 0, 2, 0, 0, 0, 6, 2, 2, 0, 0, 0], [0, 0, 2, 0, 0, 6, 0, 0, 0, 0, 0, 6, 2, 2, 2, 0, 0], [0, 0, 0, 0, 0, 6, 0, 0, 0, 0, 0, 6, 0, 0, 0, 0, 0], [0, 0, 0, 0, 0, 6, 0, 0, 0, 0, 0, 6, 0, 0, 0, 0, 0], [6, 6, 6, 6, 6, 6, 6, 6, 6, 6, 6, 6, 6, 6, 6, 6, 6], [2, 0, 0, 0, 0, 6, 2, 0, 2, 0, 0, 6, 0, 2, 2, 0, 0], [0, 0, 2, 0, 0, 6, 2, 2, 2, 0, 0, 6, 2, 0, 0, 0, 0], [2, 0, 0, 0, 0, 6, 2, 2, 0, 0, 0, 6, 0, 0, 2, 0, 0], [0, 0, 0, 0, 0, 6, 0, 0, 0, 0, 0, 6, 0, 0, 0, 0, 0], [0, 0, 0, 0, 0, 6, 0, 0, 0, 0, 0, 6, 0, 0, 0, 0, 0], [6, 6, 6, 6, 6, 6, 6, 6, 6, 6, 6, 6, 6, 6, 6, 6, 6], [0, 0, 2, 0, 0, 6, 2, 0, 0, 0, 0, 6, 0, 0, 0, 0, 0], [0, 0, 0, 0, 0, 6, 2, 0, 0, 0, 0, 6, 0, 2, 0, 0, 0], [0, 2, 0, 0, 0, 6, 2, 0, 0, 0, 0, 6, 0, 0, 0, 0, 0], [0, 0, 0, 0, 0, 6, 0, 0, 0, 0, 0, 6, 0, 0, 0, 0, 0], [0, 0, 0, 0, 0, 6, 0, 0, 0, 0, 0, 6, 0, 0, 0, 0, 0]], "output": [[0, 0, 0, 0, 0, 6, 0, 0, 0, 0, 0, 6, 2, 2, 2, 2, 2], [0, 0, 0, 0, 0, 6, 0, 0, 0, 0, 0, 6, 2, 2, 2, 2, 2], [0, 0, 0, 0, 0, 6, 0, 0, 0, 0, 0, 6, 2, 2, 2, 2, 2], [0, 0, 0, 0, 0, 6, 0, 0, 0, 0, 0, 6, 2, 2, 2, 2, 2], [0, 0, 0, 0, 0, 6, 0, 0, 0, 0, 0, 6, 2, 2, 2, 2, 2], [6, 6, 6, 6, 6, 6, 6, 6, 6, 6, 6, 6, 6, 6, 6, 6, 6], [0, 0, 0, 0, 0, 6, 0, 0, 0, 0, 0, 6, 0, 0, 0, 0, 0], [0, 0, 0, 0, 0, 6, 0, 0, 0, 0, 0, 6, 0, 0, 0, 0, 0], [0, 0, 0, 0, 0, 6, 0, 0, 0, 0, 0, 6, 0, 0, 0, 0, 0], [0, 0, 0, 0, 0, 6, 0, 0, 0, 0, 0, 6, 0, 0, 0, 0, 0], [0, 0, 0, 0, 0, 6, 0, 0, 0, 0, 0, 6, 0, 0, 0, 0, 0], [6, 6, 6, 6, 6, 6, 6, 6, 6, 6, 6, 6, 6, 6, 6, 6, 6], [0, 0, 0, 0, 0, 6, 0, 0, 0, 0, 0, 6, 0, 0, 0, 0, 0], [0, 0, 0, 0, 0, 6, 0, 0, 0, 0, 0, 6, 0, 0, 0, 0, 0], [0, 0, 0, 0, 0, 6, 0, 0, 0, 0, 0, 6, 0, 0, 0, 0, 0], [0, 0, 0, 0, 0, 6, 0, 0, 0, 0, 0, 6, 0, 0, 0, 0, 0], [0, 0, 0, 0, 0, 6, 0, 0, 0, 0, 0, 6, 0, 0, 0, 0, 0]]}, {"input": [[0, 0, 0, 0, 1, 7, 0, 0, 0, 1, 7, 0, 0, 0], [7, 7, 0, 0, 1, 0, 0, 0, 0, 1, 7, 7, 0, 0], [0, 0, 0, 0, 1, 0, 0, 0, 0, 1, 0, 0, 0, 0], [0, 0, 0, 0, 1, 0, 0, 0, 0, 1, 0, 0, 0, 0], [1, 1, 1, 1, 1, 1, 1, 1, 1, 1, 1, 1, 1, 1], [7, 7, 0, 0, 1, 7, 0, 0, 0, 1, 0, 0, 0, 0], [7, 0, 0, 0, 1, 7, 0, 0, 0, 1, 0, 7, 0, 0], [0, 0, 0, 0, 1, 0, 0, 0, 0, 1, 0, 0, 0, 0], [0, 0, 0, 0, 1, 0, 0, 0, 0, 1, 0, 0, 0, 0], [1, 1, 1, 1, 1, 1, 1, 1, 1, 1, 1, 1, 1, 1], [0, 7, 0, 0, 1, 7, 7, 0, 0, 1, 7, 7, 0, 0], [7, 0, 0, 0, 1, 7, 0, 0, 0, 1, 7, 0, 0, 0], [0, 0, 0, 0, 1, 0, 0, 0, 0, 1, 0, 0, 0, 0], [0, 0, 0, 0, 1, 0, 0, 0, 0, 1, 0, 0, 0, 0]], "output": [[0, 0, 0, 0, 1, 0, 0, 0, 0, 1, 7, 7, 7, 7], [0, 0, 0, 0, 1, 0, 0, 0, 0, 1, 7, 7, 7, 7], [0, 0, 0, 0, 1, 0, 0, 0, 0, 1, 7, 7, 7, 7], [0, 0, 0, 0, 1, 0, 0, 0, 0, 1, 7, 7, 7, 7], [1, 1, 1, 1, 1, 1, 1, 1, 1, 1, 1, 1, 1, 1], [7, 7, 7, 7, 1, 0, 0, 0, 0, 1, 0, 0, 0, 0], [7, 7, 7, 7, 1, 0, 0, 0, 0, 1, 0, 0, 0, 0], [7, 7, 7, 7, 1, 0, 0, 0, 0, 1, 0, 0, 0, 0], [7, 7, 7, 7, 1, 0, 0, 0, 0, 1, 0, 0, 0, 0], [1, 1, 1, 1, 1, 1, 1, 1, 1, 1, 1, 1, 1, 1], [0, 0, 0, 0, 1, 7, 7, 7, 7, 1, 7, 7, 7, 7], [0, 0, 0, 0, 1, 7, 7, 7, 7, 1, 7, 7, 7, 7], [0, 0, 0, 0, 1, 7, 7, 7, 7, 1, 7, 7, 7, 7], [0, 0, 0, 0, 1, 7, 7, 7, 7, 1, 7, 7, 7, 7]]}]
