[{"input": [[0, 0, 0, 0, 0, 0, 0, 0, 0, 0, 0, 0, 0, 0, 8, 0, 0, 0], [8, 0, 0, 0, 0, 0, 8, 0, 8, 0, 0, 0, 0, 8, 8, 0, 0, 0], [0, 0, 0, 0, 0, 0, 8, 0, 0, 0, 0, 0, 0, 0, 0, 8, 0, 8], [8, 0, 0, 0, 8, 0, 0, 0, 8, 8, 8, 0, 0, 0, 0, 0, 0, 8], [0, 0, 0, 8, 8, 8, 0, 0, 0, 0, 8, 0, 0, 0, 0, 0, 0, 0], [0, 0, 0, 0, 0, 0, 0, 0, 0, 0, 3, 3, 0, 0, 0, 8, 0, 0], [0, 0, 0, 8, 8, 8, 8, 0, 8, 0, 0, 8, 0, 0, 0, 0, 8, 0], [0, 0, 8, 0, 0, 0, 0, 0, 0, 0, 8, 0, 0, 0, 0, 0, 0, 0], [8, 0, 0, 8, 0, 0, 8, 8, 0, 0, 0, 8, 0, 0, 0, 0, 8, 0], [8, 8, 8, 0, 0, 8, 8, 0, 0, 0, 0, 0, 0, 0, 0, 0, 8, 0], [8, 0, 0, 0, 0, 0, 8, 0, 8, 8, 0, 0, 0, 0, 0, 0, 8, 8], [0, 0, 8, 0, 0, 0, 8, 0, 0, 0, 8, 0, 0, 0, 0, 0, 0, 8], [8, 8, 8, 0, 8, 8, 0, 0, 0, 0, 0, 0, 0, 0, 0, 0, 8, 8], [0, 0, 0, 0, 0, 0, 0, 0, 8, 0, 0, 8, 8, 0, 2, 0, 0, 0], [0, 0, 0, 0, 0, 8, 0, 0, 0, 8, 0, 0, 0, 0, 2, 0, 0, 8], [0, 0, 0, 8, 0, 8, 0, 0, 8, 0, 8, 8, 0, 8, 8, 0, 0, 8], [8, 0, 0, 0, 0, 8, 0, 8, 8, 0, 0, 8, 8, 0, 0, 0, 0, 0], [0, 0, 0, 0, 0, 0, 0, 0, 0, 0, 8, 8, 0, 0, 8, 8, 0, 0]], "output": [[0, 0, 0, 0, 0, 0, 0, 0, 0, 0, 0, 0, 0, 0, 8, 0, 0, 0], [8, 0, 0, 0, 0, 0, 8, 0, 8, 0, 0, 0, 0, 8, 8, 0, 0, 0], [0, 0, 0, 0, 0, 0, 8, 0, 0, 0, 0, 0, 0, 0, 0, 8, 0, 8], [8, 0, 0, 0, 8, 0, 0, 0, 8, 8, 8, 0, 0, 0, 0, 0, 0, 8], [0, 0, 0, 8, 8, 8, 0, 0, 0, 0, 8, 0, 0, 0, 0, 0, 0, 0], [0, 0, 0, 0, 0, 0, 0, 0, 0, 0, 3, 3, 3, 3, 3, 8, 0, 0], [0, 0, 0, 8, 8, 8, 8, 0, 8, 0, 0, 8, 0, 0, 3, 0, 8, 0], [0, 0, 8, 0, 0, 0, 0, 0, 0, 0, 8, 0, 0, 0, 3, 0, 0, 0], [8, 0, 0, 8, 0, 0, 8, 8, 0, 0, 0, 8, 0, 0, 3, 0, 8, 0], [8, 8, 8, 0, 0, 8, 8, 0, 0, 0, 0, 0, 0, 0, 3, 0, 8, 0], [8, 0, 0, 0, 0, 0, 8, 0, 8, 8, 0, 0, 0, 0, 3, 0, 8, 8], [0, 0, 8, 0, 0, 0, 8, 0, 0, 0, 8, 0, 0, 0, 3, 0, 0, 8], [8, 8, 8, 0, 8, 8, 0, 0, 0, 0, 0, 0, 0, 0, 3, 0, 8, 8], [0, 0, 0, 0, 0, 0, 0, 0, 8, 0, 0, 8, 8, 0, 2, 0, 0, 0], [0, 0, 0, 0, 0, 8, 0, 0, 0, 8, 0, 0, 0, 0, 2, 0, 0, 8], [0, 0, 0, 8, 0, 8, 0, 0, 8, 0, 8, 8, 0, 8, 8, 0, 0, 8], [8, 0, 0, 0, 0, 8, 0, 8, 8, 0, 0, 8, 8, 0, 0, 0, 0, 0], [0, 0, 0, 0, 0, 0, 0, 0, 0, 0, 8, 8, 0, 0, 8, 8, 0, 0]]}, {"input": [[8, 0, 0, 0, 0, 0, 0, 8, 8, 0, 0, 8, 8, 8, 8, 0], [8, 0, 0, 0, 0, 8, 0, 0, 0, 0, 8, 0, 0, 0, 0, 0], [0, 8, 0, 8, 0, 8, 0, 0, 0, 0, 0, 0, 0, 8, 8, 0], [0, 0, 0, 0, 8, 8, 0, 0, 8, 8, 8, 0, 0, 0, 0, 8], [0, 0, 0, 0, 0, 0, 0, 0, 0, 0, 8, 8, 8, 0, 8, 0], [0, 8, 8, 0, 0, 8, 8, 8, 8, 0, 0, 8, 0, 0, 0, 0], [8, 8, 0, 8, 8, 8, 0, 0, 3, 3, 8, 0, 0, 0, 8, 0], [0, 0, 8, 0, 0, 0, 0, 8, 0, 0, 0, 8, 0, 8, 0, 0], [8, 0, 0, 0, 8, 8, 0, 0, 0, 0, 0, 0, 0, 8, 8, 8], [2, 2, 0, 0, 0, 0, 0, 0, 8, 0, 0, 0, 0, 0, 0, 0], [8, 8, 0, 0, 0, 0, 8, 0, 0, 8, 0, 8, 8, 0, 8, 0], [0, 0, 0, 0, 8, 8, 0, 8, 0, 8, 0, 0, 0, 8, 0, 0], [8, 0, 8, 8, 0, 0, 0, 0, 0, 8, 8, 0, 0, 0, 0, 8], [8, 0, 8, 0, 0, 0, 8, 0, 8, 0, 0, 0, 0, 0, 0, 0], [0, 0, 8, 0, 0, 0, 0, 8, 0, 0, 0, 0, 8, 0, 0, 0], [0, 0, 0, 8, 0, 8, 0, 8, 8, 8, 8, 8, 8, 8, 0, 0]], "output": [[8, 0, 0, 0, 0, 0, 0, 8, 8, 0, 0, 8, 8, 8, 8, 0], [8, 0, 0, 0, 0, 8, 0, 0, 0, 0, 8, 0, 0, 0, 0, 0], [0, 8, 0, 8, 0, 8, 0, 0, 0, 0, 0, 0, 0, 8, 8, 0], [0, 0, 0, 0, 8, 8, 0, 0, 8, 8, 8, 0, 0, 0, 0, 8], [0, 0, 0, 0, 0, 0, 0, 0, 0, 0, 8, 8, 8, 0, 8, 0], [0, 8, 8, 0, 0, 8, 8, 8, 8, 0, 0, 8, 0, 0, 0, 0], [8, 8, 0, 8, 8, 8, 3, 3, 3, 3, 8, 0, 0, 0, 8, 0], [0, 0, 8, 0, 0, 0, 3, 8, 0, 0, 0, 8, 0, 8, 0, 0], [8, 0, 0, 0, 8, 8, 3, 0, 0, 0, 0, 0, 0, 8, 8, 8], [2, 2, 3, 3, 3, 3, 3, 0, 8, 0, 0, 0, 0, 0, 0, 0], [8, 8, 0, 0, 0, 0, 8, 0, 0, 8, 0, 8, 8, 0, 8, 0], [0, 0, 0, 0, 8, 8, 0, 8, 0, 8, 0, 0, 0, 8, 0, 0], [8, 0, 8, 8, 0, 0, 0, 0, 0, 8, 8, 0, 0, 0, 0, 8], [8, 0, 8, 0, 0, 0, 8, 0, 8, 0, 0, 0, 0, 0, 0, 0], [0, 0, 8, 0, 0, 0, 0, 8, 0, 0, 0, 0, 8, 0, 0, 0], [0, 0, 0, 8, 0, 8, 0, 8, 8, 8, 8, 8, 8, 8, 0, 0]]}, {"input": [[0, 0, 8, 0, 0, 0, 8, 8, 8, 0, 0, 0, 0, 0, 0, 0, 0, 0], [0, 0, 0, 8, 0, 0, 8, 0, 0, 0, 8, 0, 8, 0, 0, 0, 0, 0], [8, 8, 0, 0, 0, 0, 0, 0, 2, 0, 0, 8, 0, 0, 0, 8, 0, 8], [0, 0, 0, 8, 0, 8, 0, 8, 2, 0, 0, 0, 8, 0, 0, 0, 0, 0], [0, 8, 0, 0, 0, 0, 8, 0, 0, 0, 8, 0, 0, 0, 8, 0, 8, 8], [8, 0, 0, 0, 0, 0, 0, 0, 8, 0, 0, 0, 0, 0, 0, 0, 0, 0], [0, 8, 8, 0, 0, 0, 8, 0, 0, 8, 0, 0, 0, 0, 0, 0, 8, 8], [8, 0, 0, 0, 0, 8, 0, 0, 0, 0, 0, 0, 0, 8, 8, 0, 8, 0], [8, 8, 0, 0, 0, 0, 8, 0, 0, 0, 8, 8, 0, 0, 0, 8, 8, 8], [0, 8, 8, 8, 8, 0, 0, 8, 0, 3, 8, 8, 8, 0, 0, 0, 0, 8], [0, 0, 8, 0, 0, 0, 0, 8, 0, 3, 0, 0, 0, 8, 0, 0, 0, 0], [0, 0, 0, 0, 0, 8, 0, 0, 0, 8, 0, 0, 0, 0, 0, 0, 0, 8], [0, 0, 0, 8, 8, 0, 0, 0, 0, 8, 0, 0, 0, 8, 0, 0, 8, 0], [0, 0, 0, 8, 0, 0, 0, 0, 0, 0, 0, 8, 0, 0, 0, 8, 0, 0], [0, 0, 8, 0, 0, 0, 0, 0, 0, 8, 0, 0, 0, 0, 0, 0, 8, 0], [0, 0, 8, 0, 0, 0, 8, 0, 0, 0, 0, 0, 0, 0, 0, 0, 0, 0], [0, 0, 0, 0, 8, 0, 0, 0, 8, 0, 0, 0, 0, 0, 0, 8, 8, 8], [8, 0, 0, 0, 0, 0, 8, 0, 8, 8, 0, 0, 0, 0, 0, 8, 0, 0]], "output": [[0, 0, 8, 0, 0, 0, 8, 8, 8, 0, 0, 0, 0, 0, 0, 0, 0, 0], [0, 0, 0, 8, 0, 0, 8, 0, 0, 0, 8, 0, 8, 0, 0, 0, 0, 0], [8, 8, 0, 0, 0, 0, 0, 0, 2, 0, 0, 8, 0, 0, 0, 8, 0, 8], [0, 0, 0, 8, 0, 8, 0, 8, 2, 3, 3, 3, 8, 0, 0, 0, 0, 0], [0, 8, 0, 0, 0, 0, 8, 0, 0, 0, 8, 3, 3, 0, 8, 0, 8, 8], [8, 0, 0, 0, 0, 0, 0, 0, 8, 0, 0, 0, 3, 0, 0, 0, 0, 0], [0, 8, 8, 0, 0, 0, 8, 0, 0, 8, 0, 0, 3, 0, 0, 0, 8, 8], [8, 0, 0, 0, 0, 8, 0, 0, 0, 3, 3, 3, 3, 8, 8, 0, 8, 0], [8, 8, 0, 0, 0, 0, 8, 0, 0, 3, 8, 8, 0, 0, 0, 8, 8, 8], [0, 8, 8, 8, 8, 0, 0, 8, 0, 3, 8, 8, 8, 0, 0, 0, 0, 8], [0, 0, 8, 0, 0, 0, 0, 8, 0, 3, 0, 0, 0, 8, 0, 0, 0, 0], [0, 0, 0, 0, 0, 8, 0, 0, 0, 8, 0, 0, 0, 0, 0, 0, 0, 8], [0, 0, 0, 8, 8, 0, 0, 0, 0, 8, 0, 0, 0, 8, 0, 0, 8, 0], [0, 0, 0, 8, 0, 0, 0, 0, 0, 0, 0, 8, 0, 0, 0, 8, 0, 0], [0, 0, 8, 0, 0, 0, 0, 0, 0, 8, 0, 0, 0, 0, 0, 0, 8, 0], [0, 0, 8, 0, 0, 0, 8, 0, 0, 0, 0, 0, 0, 0, 0, 0, 0, 0], [0, 0, 0, 0, 8, 0, 0, 0, 8, 0, 0, 0, 0, 0, 0, 8, 8, 8], [8, 0, 0, 0, 0, 0, 8, 0, 8, 8, 0, 0, 0, 0, 0, 8, 0, 0]]}, {"input": [[8, 8, 0, 0, 0, 8, 0, 0, 0, 8, 8, 0, 0, 8, 0, 8, 0, 0], [0, 0, 8, 0, 8, 8, 8, 8, 8, 8, 0, 8, 8, 8, 8, 0, 8, 0], [0, 0, 0, 0, 8, 0, 0, 0, 8, 0, 0, 0, 8, 0, 0, 8, 0, 0], [8, 0, 0, 8, 0, 8, 0, 8, 8, 0, 0, 0, 0, 8, 0, 8, 8, 0], [0, 0, 0, 0, 0, 0, 8, 0, 0, 0, 8, 0, 0, 0, 0, 8, 0, 0], [8, 0, 0, 0, 0, 0, 0, 8, 0, 0, 0, 0, 8, 0, 0, 0, 8, 0], [0, 0, 8, 0, 8, 8, 0, 0, 0, 8, 0, 0, 0, 0, 0, 0, 8, 8], [0, 0, 0, 0, 0, 0, 0, 8, 0, 0, 0, 8, 0, 8, 8, 0, 8, 8], [0, 0, 0, 0, 0, 0, 0, 0, 8, 0, 0, 0, 0, 0, 0, 0, 8, 0], [0, 0, 0, 8, 0, 0, 0, 0, 0, 3, 3, 0, 0, 0, 0, 8, 0, 8], [8, 0, 0, 8, 0, 0, 0, 0, 0, 0, 0, 0, 8, 8, 8, 0, 0, 8], [0, 0, 8, 0, 0, 8, 0, 8, 0, 0, 0, 0, 0, 8, 0, 8, 0, 0], [0, 0, 0, 0, 0, 8, 8, 8, 0, 0, 0, 8, 0, 0, 8, 0, 0, 8], [0, 8, 2, 2, 0, 0, 0, 8, 0, 8, 0, 0, 0, 0, 0, 0, 8, 0], [8, 8, 0, 0, 8, 0, 0, 0, 0, 0, 8, 0, 0, 0, 8, 0, 0, 8], [0, 0, 0, 8, 8, 8, 0, 8, 0, 0, 0, 0, 0, 0, 0, 0, 0, 8], [0, 0, 0, 0, 0, 8, 8, 0, 0, 8, 0, 0, 0, 0, 8, 0, 0, 0], [0, 8, 0, 0, 0, 0, 0, 0, 0, 8, 0, 0, 0, 0, 0, 0, 0, 0]], "output": [[8, 8, 0, 0, 0, 8, 0, 0, 0, 8, 8, 0, 0, 8, 0, 8, 0, 0], [0, 0, 8, 0, 8, 8, 8, 8, 8, 8, 0, 8, 8, 8, 8, 0, 8, 0], [0, 0, 0, 0, 8, 0, 0, 0, 8, 0, 0, 0, 8, 0, 0, 8, 0, 0], [8, 0, 0, 8, 0, 8, 0, 8, 8, 0, 0, 0, 0, 8, 0, 8, 8, 0], [0, 0, 0, 0, 0, 0, 8, 0, 0, 0, 8, 0, 0, 0, 0, 8, 0, 0], [8, 0, 0, 0, 0, 0, 0, 8, 0, 0, 0, 0, 8, 0, 0, 0, 8, 0], [0, 0, 8, 0, 8, 8, 0, 0, 0, 8, 0, 0, 0, 0, 0, 0, 8, 8], [0, 0, 0, 0, 0, 0, 0, 8, 0, 0, 0, 8, 0, 8, 8, 0, 8, 8], [0, 0, 0, 0, 0, 0, 0, 0, 8, 0, 0, 0, 0, 0, 0, 0, 8, 0], [0, 0, 0, 8, 3, 3, 3, 3, 3, 3, 3, 0, 0, 0, 0, 8, 0, 8], [8, 0, 0, 8, 3, 0, 0, 0, 0, 0, 0, 0, 8, 8, 8, 0, 0, 8], [0, 0, 8, 0, 3, 8, 0, 8, 0, 0, 0, 0, 0, 8, 0, 8, 0, 0], [0, 0, 0, 0, 3, 8, 8, 8, 0, 0, 0, 8, 0, 0, 8, 0, 0, 8], [0, 8, 2, 2, 3, 0, 0, 8, 0, 8, 0, 0, 0, 0, 0, 0, 8, 0], [8, 8, 0, 0, 8, 0, 0, 0, 0, 0, 8, 0, 0, 0, 8, 0, 0, 8], [0, 0, 0, 8, 8, 8, 0, 8, 0, 0, 0, 0, 0, 0, 0, 0, 0, 8], [0, 0, 0, 0, 0, 8, 8, 0, 0, 8, 0, 0, 0, 0, 8, 0, 0, 0], [0, 8, 0, 0, 0, 0, 0, 0, 0, 8, 0, 0, 0, 0, 0, 0, 0, 0]]}, {"input": [[0, 8, 0, 8, 0, 0, 0, 8, 0, 0, 8, 8, 0, 8, 8, 0, 0], [0, 0, 0, 8, 0, 0, 0, 8, 8, 0, 0, 0, 0, 0, 0, 8, 0], [0, 8, 0, 0, 0, 0, 0, 0, 0, 8, 0, 0, 0, 0, 0, 0, 0], [8, 0, 8, 8, 0, 0, 8, 8, 8, 0, 0, 0, 0, 8, 0, 0, 0], [0, 8, 0, 0, 8, 0, 8, 0, 0, 0, 0, 8, 0, 0, 0, 0, 0], [0, 0, 0, 0, 8, 8, 0, 0, 0, 0, 8, 8, 8, 0, 8, 0, 8], [0, 0, 0, 0, 0, 0, 8, 0, 0, 8, 0, 0, 0, 8, 8, 0, 0], [0, 8, 8, 0, 0, 0, 0, 8, 8, 8, 0, 0, 0, 8, 0, 8, 0], [8, 8, 0, 0, 8, 0, 0, 0, 0, 8, 0, 0, 8, 0, 0, 8, 0], [0, 8, 8, 0, 8, 0, 0, 0, 0, 0, 0, 8, 0, 0, 0, 0, 8], [0, 0, 0, 0, 8, 0, 8, 0, 0, 0, 8, 0, 8, 8, 0, 0, 0], [0, 0, 0, 0, 0, 0, 0, 3, 0, 0, 0, 8, 0, 8, 8, 0, 0], [8, 0, 8, 0, 0, 0, 0, 3, 0, 0, 0, 0, 0, 0, 0, 8, 0], [8, 0, 0, 0, 0, 2, 0, 0, 0, 0, 8, 8, 0, 0, 0, 0, 0], [8, 8, 0, 0, 0, 2, 0, 8, 8, 8, 0, 0, 0, 0, 0, 0, 8], [0, 0, 8, 0, 8, 0, 8, 0, 8, 0, 0, 8, 0, 0, 0, 8, 0], [0, 0, 0, 8, 8, 0, 8, 0, 0, 0, 8, 0, 0, 0, 0, 0, 0]], "output": [[0, 8, 0, 8, 0, 0, 0, 8, 0, 0, 8, 8, 0, 8, 8, 0, 0], [0, 0, 0, 8, 0, 0, 0, 8, 8, 0, 0, 0, 0, 0, 0, 8, 0], [0, 8, 0, 0, 0, 0, 0, 0, 0, 8, 0, 0, 0, 0, 0, 0, 0], [8, 0, 8, 8, 0, 0, 8, 8, 8, 0, 0, 0, 0, 8, 0, 0, 0], [0, 8, 0, 0, 8, 0, 8, 0, 0, 0, 0, 8, 0, 0, 0, 0, 0], [0, 0, 0, 0, 8, 8, 0, 0, 0, 0, 8, 8, 8, 0, 8, 0, 8], [0, 0, 0, 0, 0, 0, 8, 0, 0, 8, 0, 0, 0, 8, 8, 0, 0], [0, 8, 8, 0, 0, 0, 0, 8, 8, 8, 0, 0, 0, 8, 0, 8, 0], [8, 8, 0, 0, 8, 0, 0, 0, 0, 8, 0, 0, 8, 0, 0, 8, 0], [0, 8, 8, 0, 8, 0, 0, 0, 0, 0, 0, 8, 0, 0, 0, 0, 8], [0, 0, 0, 0, 8, 0, 8, 0, 0, 0, 8, 0, 8, 8, 0, 0, 0], [0, 0, 0, 0, 0, 0, 0, 3, 0, 0, 0, 8, 0, 8, 8, 0, 0], [8, 0, 8, 0, 0, 0, 0, 3, 0, 0, 0, 0, 0, 0, 0, 8, 0], [8, 0, 0, 0, 0, 2, 3, 3, 0, 0, 8, 8, 0, 0, 0, 0, 0], [8, 8, 0, 0, 0, 2, 0, 8, 8, 8, 0, 0, 0, 0, 0, 0, 8], [0, 0, 8, 0, 8, 0, 8, 0, 8, 0, 0, 8, 0, 0, 0, 8, 0], [0, 0, 0, 8, 8, 0, 8, 0, 0, 0, 8, 0, 0, 0, 0, 0, 0]]}, {"input": [[0, 8, 8, 8, 0, 0, 8, 8, 0, 0, 0, 0, 8, 0, 0, 0], [0, 8, 8, 0, 0, 0, 0, 8, 0, 0, 0, 8, 8, 0, 0, 8], [8, 8, 8, 0, 8, 0, 8, 0, 8, 0, 8, 0, 8, 0, 0, 0], [0, 0, 0, 8, 0, 0, 0, 0, 8, 0, 8, 8, 0, 0, 0, 0], [0, 0, 0, 8, 0, 0, 0, 0, 0, 0, 0, 0, 8, 8, 8, 8], [8, 0, 0, 0, 0, 0, 0, 3, 0, 8, 8, 8, 0, 8, 0, 0], [8, 0, 0, 0, 0, 8, 0, 0, 0, 8, 0, 0, 8, 8, 0, 0], [0, 2, 0, 0, 8, 0, 0, 8, 8, 0, 0, 0, 8, 0, 0, 0], [8, 2, 0, 8, 0, 0, 0, 0, 8, 0, 0, 8, 0, 8, 0, 0], [0, 0, 0, 0, 8, 8, 0, 0, 0, 0, 0, 0, 8, 0, 0, 8], [0, 0, 0, 0, 0, 0, 8, 0, 0, 0, 0, 0, 0, 0, 8, 8], [8, 8, 8, 0, 8, 8, 8, 0, 0, 0, 0, 0, 0, 0, 8, 0], [8, 8, 0, 0, 0, 0, 0, 0, 0, 0, 0, 0, 0, 0, 0, 0], [0, 0, 0, 8, 0, 0, 8, 0, 8, 0, 0, 0, 0, 0, 0, 0], [8, 0, 8, 0, 8, 0, 0, 0, 0, 0, 0, 0, 8, 0, 8, 0], [8, 0, 0, 0, 0, 0, 8, 0, 8, 0, 0, 0, 0, 0, 0, 0]], "output": [[0, 8, 8, 8, 0, 0, 8, 8, 0, 0, 0, 0, 8, 0, 0, 0], [0, 8, 8, 0, 0, 0, 0, 8, 0, 0, 0, 8, 8, 0, 0, 8], [8, 8, 8, 0, 8, 0, 8, 0, 8, 0, 8, 0, 8, 0, 0, 0], [0, 0, 0, 8, 0, 0, 0, 0, 8, 0, 8, 8, 0, 0, 0, 0], [0, 0, 0, 8, 0, 0, 0, 0, 0, 0, 0, 0, 8, 8, 8, 8], [8, 3, 3, 3, 3, 3, 3, 3, 0, 8, 8, 8, 0, 8, 0, 0], [8, 3, 0, 0, 0, 8, 0, 0, 0, 8, 0, 0, 8, 8, 0, 0], [0, 2, 0, 0, 8, 0, 0, 8, 8, 0, 0, 0, 8, 0, 0, 0], [8, 2, 0, 8, 0, 0, 0, 0, 8, 0, 0, 8, 0, 8, 0, 0], [0, 0, 0, 0, 8, 8, 0, 0, 0, 0, 0, 0, 8, 0, 0, 8], [0, 0, 0, 0, 0, 0, 8, 0, 0, 0, 0, 0, 0, 0, 8, 8], [8, 8, 8, 0, 8, 8, 8, 0, 0, 0, 0, 0, 0, 0, 8, 0], [8, 8, 0, 0, 0, 0, 0, 0, 0, 0, 0, 0, 0, 0, 0, 0], [0, 0, 0, 8, 0, 0, 8, 0, 8, 0, 0, 0, 0, 0, 0, 0], [8, 0, 8, 0, 8, 0, 0, 0, 0, 0, 0, 0, 8, 0, 8, 0], [8, 0, 0, 0, 0, 0, 8, 0, 8, 0, 0, 0, 0, 0, 0, 0]]}, {"input": [[0, 0, 8, 0, 0, 0, 8, 0, 8, 0, 0, 0, 8, 8], [0, 8, 0, 8, 0, 0, 0, 0, 8, 0, 0, 0, 0, 0], [0, 0, 8, 0, 0, 8, 0, 0, 0, 0, 0, 0, 8, 8], [8, 0, 0, 0, 8, 8, 0, 0, 0, 0, 0, 0, 0, 0], [0, 0, 0, 8, 0, 0, 8, 0, 0, 8, 0, 0, 0, 0], [0, 0, 8, 8, 0, 8, 8, 0, 0, 0, 0, 2, 8, 8], [0, 0, 0, 8, 8, 8, 0, 0, 0, 0, 0, 2, 0, 0], [0, 8, 0, 8, 8, 0, 8, 0, 0, 0, 0, 0, 0, 0], [0, 0, 0, 0, 0, 0, 3, 3, 0, 8, 8, 0, 0, 8], [0, 0, 0, 0, 8, 0, 0, 0, 0, 0, 0, 0, 8, 0], [0, 0, 0, 0, 0, 8, 0, 0, 0, 0, 8, 8, 0, 8], [0, 0, 8, 0, 8, 8, 0, 0, 0, 0, 0, 0, 8, 0], [0, 0, 0, 0, 8, 0, 0, 0, 0, 0, 0, 0, 0, 8], [0, 0, 8, 0, 0, 0, 8, 0, 0, 0, 8, 0, 8, 0]], "output": [[0, 0, 8, 0, 0, 0, 8, 0, 8, 0, 0, 0, 8, 8], [0, 8, 0, 8, 0, 0, 0, 0, 8, 0, 0, 0, 0, 0], [0, 0, 8, 0, 0, 8, 0, 0, 3, 3, 3, 3, 8, 8], [8, 0, 0, 0, 8, 8, 0, 0, 3, 0, 0, 3, 0, 0], [0, 0, 0, 8, 0, 0, 8, 0, 3, 8, 0, 3, 0, 0], [0, 0, 8, 8, 0, 8, 8, 0, 3, 0, 0, 2, 8, 8], [0, 0, 0, 8, 8, 8, 0, 0, 3, 0, 0, 2, 0, 0], [0, 8, 0, 8, 8, 0, 8, 0, 3, 0, 0, 0, 0, 0], [0, 0, 0, 0, 0, 0, 3, 3, 3, 8, 8, 0, 0, 8], [0, 0, 0, 0, 8, 0, 0, 0, 0, 0, 0, 0, 8, 0], [0, 0, 0, 0, 0, 8, 0, 0, 0, 0, 8, 8, 0, 8], [0, 0, 8, 0, 8, 8, 0, 0, 0, 0, 0, 0, 8, 0], [0, 0, 0, 0, 8, 0, 0, 0, 0, 0, 0, 0, 0, 8], [0, 0, 8, 0, 0, 0, 8, 0, 0, 0, 8, 0, 8, 0]]}, {"input": [[0, 0, 0, 0, 8, 0, 8, 0, 0, 8, 8, 0, 0, 0, 0, 0, 0, 0, 8], [0, 8, 0, 0, 0, 0, 0, 0, 8, 8, 0, 0, 0, 0, 0, 8, 0, 0, 0], [0, 0, 8, 0, 8, 0, 0, 0, 0, 0, 0, 0, 0, 8, 0, 8, 0, 0, 0], [0, 0, 8, 0, 0, 0, 0, 0, 0, 0, 0, 8, 0, 0, 0, 0, 8, 0, 0], [0, 0, 0, 8, 0, 8, 0, 0, 0, 0, 0, 0, 0, 0, 0, 0, 8, 0, 8], [0, 0, 0, 8, 0, 0, 0, 0, 2, 2, 8, 8, 0, 0, 0, 0, 0, 0, 0], [0, 0, 0, 0, 0, 0, 8, 0, 0, 0, 8, 0, 8, 0, 8, 0, 0, 8, 0], [0, 8, 8, 8, 8, 0, 0, 0, 0, 0, 3, 3, 0, 0, 0, 0, 8, 8, 0], [0, 0, 0, 8, 0, 0, 8, 0, 0, 0, 0, 8, 0, 0, 8, 0, 0, 0, 8], [0, 0, 8, 0, 0, 0, 0, 0, 0, 8, 0, 8, 0, 0, 0, 8, 0, 8, 0], [0, 0, 8, 0, 0, 0, 8, 8, 8, 8, 8, 0, 8, 0, 0, 0, 0, 0, 8], [0, 0, 0, 0, 8, 8, 0, 0, 0, 0, 8, 8, 8, 8, 0, 0, 8, 0, 0], [8, 0, 0, 0, 0, 0, 0, 8, 0, 0, 0, 0, 0, 0, 0, 0, 8, 0, 0], [0, 8, 0, 8, 8, 8, 0, 0, 0, 8, 0, 0, 0, 0, 0, 0, 0, 8, 0], [0, 0, 0, 0, 8, 0, 8, 0, 0, 0, 8, 0, 8, 0, 0, 0, 0, 0, 8], [8, 0, 0, 8, 0, 0, 0, 8, 0, 0, 8, 8, 0, 0, 0, 0, 8, 0, 0], [0, 8, 0, 8, 8, 0, 0, 0, 8, 0, 0, 0, 0, 8, 0, 0, 0, 0, 0], [8, 8, 0, 0, 8, 8, 0, 8, 0, 0, 8, 0, 0, 0, 0, 0, 0, 0, 0], [0, 0, 8, 0, 0, 0, 8, 8, 0, 0, 0, 0, 8, 0, 0, 0, 0, 8, 0]], "output": [[0, 0, 0, 0, 8, 0, 8, 0, 0, 8, 8, 0, 0, 0, 0, 0, 0, 0, 8], [0, 8, 0, 0, 0, 0, 0, 0, 8, 8, 0, 0, 0, 0, 0, 8, 0, 0, 0], [0, 0, 8, 0, 8, 0, 0, 0, 0, 0, 0, 0, 0, 8, 0, 8, 0, 0, 0], [0, 0, 8, 0, 0, 0, 0, 0, 0, 0, 0, 8, 0, 0, 0, 0, 8, 0, 0], [0, 0, 0, 8, 0, 8, 0, 0, 0, 0, 0, 0, 0, 0, 0, 0, 8, 0, 8], [0, 0, 0, 8, 0, 3, 3, 3, 2, 2, 8, 8, 0, 0, 0, 0, 0, 0, 0], [0, 0, 0, 0, 0, 3, 8, 0, 0, 0, 8, 0, 8, 0, 8, 0, 0, 8, 0], [0, 8, 8, 8, 8, 3, 3, 3, 3, 3, 3, 3, 0, 0, 0, 0, 8, 8, 0], [0, 0, 0, 8, 0, 0, 8, 0, 0, 0, 0, 8, 0, 0, 8, 0, 0, 0, 8], [0, 0, 8, 0, 0, 0, 0, 0, 0, 8, 0, 8, 0, 0, 0, 8, 0, 8, 0], [0, 0, 8, 0, 0, 0, 8, 8, 8, 8, 8, 0, 8, 0, 0, 0, 0, 0, 8], [0, 0, 0, 0, 8, 8, 0, 0, 0, 0, 8, 8, 8, 8, 0, 0, 8, 0, 0], [8, 0, 0, 0, 0, 0, 0, 8, 0, 0, 0, 0, 0, 0, 0, 0, 8, 0, 0], [0, 8, 0, 8, 8, 8, 0, 0, 0, 8, 0, 0, 0, 0, 0, 0, 0, 8, 0], [0, 0, 0, 0, 8, 0, 8, 0, 0, 0, 8, 0, 8, 0, 0, 0, 0, 0, 8], [8, 0, 0, 8, 0, 0, 0, 8, 0, 0, 8, 8, 0, 0, 0, 0, 8, 0, 0], [0, 8, 0, 8, 8, 0, 0, 0, 8, 0, 0, 0, 0, 8, 0, 0, 0, 0, 0], [8, 8, 0, 0, 8, 8, 0, 8, 0, 0, 8, 0, 0, 0, 0, 0, 0, 0, 0], [0, 0, 8, 0, 0, 0, 8, 8, 0, 0, 0, 0, 8, 0, 0, 0, 0, 8, 0]]}, {"input": [[8, 0, 0, 0, 8, 0, 8, 0, 0, 8, 0, 0, 0, 0, 0, 0, 8, 8, 0, 0], [0, 0, 0, 8, 0, 8, 0, 0, 0, 0, 0, 0, 0, 8, 0, 0, 0, 0, 0, 8], [0, 8, 8, 8, 0, 0, 0, 0, 8, 8, 0, 0, 0, 0, 8, 8, 0, 0, 8, 0], [0, 0, 0, 0, 0, 8, 0, 0, 8, 0, 8, 0, 0, 0, 0, 0, 8, 0, 0, 8], [0, 0, 0, 0, 0, 0, 0, 0, 8, 8, 0, 8, 8, 0, 0, 8, 8, 0, 8, 8], [8, 0, 8, 8, 0, 0, 8, 0, 8, 0, 8, 0, 0, 0, 0, 0, 0, 0, 8, 0], [0, 0, 8, 0, 0, 2, 2, 0, 8, 8, 8, 0, 0, 0, 0, 0, 0, 0, 8, 8], [0, 8, 0, 8, 0, 8, 0, 0, 0, 0, 0, 0, 8, 0, 8, 0, 0, 0, 8, 0], [8, 8, 0, 0, 0, 8, 0, 8, 0, 0, 3, 3, 0, 8, 0, 0, 8, 0, 0, 8], [0, 8, 8, 8, 8, 8, 8, 0, 8, 8, 0, 0, 0, 0, 8, 8, 0, 0, 0, 8], [0, 8, 0, 0, 0, 8, 0, 0, 0, 0, 0, 8, 8, 8, 0, 8, 0, 0, 0, 8], [0, 0, 0, 0, 0, 0, 0, 0, 0, 0, 0, 8, 8, 8, 8, 8, 0, 0, 0, 0], [0, 0, 0, 8, 0, 0, 8, 0, 0, 0, 0, 0, 8, 0, 0, 8, 0, 0, 0, 0], [0, 0, 8, 8, 0, 8, 0, 0, 0, 8, 8, 0, 0, 0, 0, 0, 8, 0, 0, 8], [0, 0, 0, 0, 0, 8, 0, 0, 0, 0, 8, 0, 8, 0, 0, 0, 0, 0, 8, 8], [0, 0, 0, 0, 0, 0, 0, 0, 0, 0, 0, 8, 0, 8, 8, 0, 0, 0, 8, 0], [0, 8, 0, 0, 8, 0, 8, 0, 0, 0, 0, 8, 0, 8, 8, 0, 0, 0, 8, 0], [0, 0, 8, 0, 0, 8, 0, 8, 0, 0, 0, 0, 8, 0, 0, 0, 0, 0, 8, 0], [0, 0, 0, 0, 8, 8, 0, 8, 0, 0, 0, 0, 8, 8, 0, 0, 8, 0, 0, 0], [0, 8, 0, 0, 0, 0, 0, 0, 8, 8, 8, 0, 0, 0, 8, 0, 0, 0, 0, 8]], "output": [[8, 0, 0, 0, 8, 0, 8, 0, 0, 8, 0, 0, 0, 0, 0, 0, 8, 8, 0, 0], [0, 0, 0, 8, 0, 8, 0, 0, 0, 0, 0, 0, 0, 8, 0, 0, 0, 0, 0, 8], [0, 8, 8, 8, 0, 0, 0, 0, 8, 8, 0, 0, 0, 0, 8, 8, 0, 0, 8, 0], [0, 0, 0, 0, 0, 8, 0, 0, 8, 0, 8, 0, 0, 0, 0, 0, 8, 0, 0, 8], [0, 0, 0, 0, 0, 0, 0, 0, 8, 8, 0, 8, 8, 0, 0, 8, 8, 0, 8, 8], [8, 0, 8, 8, 0, 0, 8, 0, 8, 0, 8, 0, 0, 0, 0, 0, 0, 0, 8, 0], [0, 0, 8, 0, 0, 2, 2, 0, 8, 8, 8, 0, 0, 0, 0, 0, 0, 0, 8, 8], [0, 8, 0, 8, 0, 8, 3, 3, 3, 0, 0, 0, 8, 0, 8, 0, 0, 0, 8, 0], [8, 8, 0, 0, 0, 8, 0, 8, 3, 3, 3, 3, 0, 8, 0, 0, 8, 0, 0, 8], [0, 8, 8, 8, 8, 8, 8, 0, 8, 8, 0, 0, 0, 0, 8, 8, 0, 0, 0, 8], [0, 8, 0, 0, 0, 8, 0, 0, 0, 0, 0, 8, 8, 8, 0, 8, 0, 0, 0, 8], [0, 0, 0, 0, 0, 0, 0, 0, 0, 0, 0, 8, 8, 8, 8, 8, 0, 0, 0, 0], [0, 0, 0, 8, 0, 0, 8, 0, 0, 0, 0, 0, 8, 0, 0, 8, 0, 0, 0, 0], [0, 0, 8, 8, 0, 8, 0, 0, 0, 8, 8, 0, 0, 0, 0, 0, 8, 0, 0, 8], [0, 0, 0, 0, 0, 8, 0, 0, 0, 0, 8, 0, 8, 0, 0, 0, 0, 0, 8, 8], [0, 0, 0, 0, 0, 0, 0, 0, 0, 0, 0, 8, 0, 8, 8, 0, 0, 0, 8, 0], [0, 8, 0, 0, 8, 0, 8, 0, 0, 0, 0, 8, 0, 8, 8, 0, 0, 0, 8, 0], [0, 0, 8, 0, 0, 8, 0, 8, 0, 0, 0, 0, 8, 0, 0, 0, 0, 0, 8, 0], [0, 0, 0, 0, 8, 8, 0, 8, 0, 0, 0, 0, 8, 8, 0, 0, 8, 0, 0, 0], [0, 8, 0, 0, 0, 0, 0, 0, 8, 8, 8, 0, 0, 0, 8, 0, 0, 0, 0, 8]]}, {"input": [[0, 0, 0, 8, 0, 0, 0, 0, 8, 0, 0, 0, 8, 0, 0, 0, 0, 8, 0], [0, 0, 0, 0, 0, 0, 0, 0, 8, 0, 8, 0, 0, 0, 0, 0, 0, 0, 0], [8, 8, 8, 8, 8, 0, 8, 8, 8, 0, 0, 0, 0, 0, 8, 0, 8, 8, 0], [0, 8, 0, 0, 8, 0, 0, 0, 0, 0, 0, 8, 0, 8, 8, 0, 0, 8, 0], [8, 0, 0, 0, 0, 8, 0, 8, 8, 0, 0, 0, 8, 0, 8, 0, 0, 0, 8], [0, 0, 0, 0, 8, 0, 0, 8, 0, 0, 8, 0, 0, 0, 0, 0, 0, 8, 0], [0, 8, 0, 8, 0, 8, 8, 8, 0, 0, 0, 8, 0, 0, 8, 8, 0, 8, 0], [8, 0, 0, 0, 0, 0, 0, 0, 0, 0, 0, 0, 0, 0, 0, 0, 0, 8, 0], [0, 8, 0, 8, 0, 0, 0, 0, 0, 8, 0, 3, 3, 8, 8, 0, 0, 0, 0], [8, 8, 8, 8, 0, 0, 0, 0, 0, 0, 0, 8, 0, 0, 0, 0, 8, 0, 0], [8, 8, 0, 0, 0, 0, 8, 0, 8, 0, 8, 8, 8, 0, 0, 0, 8, 0, 8], [0, 0, 8, 0, 0, 0, 0, 8, 0, 8, 0, 8, 0, 8, 0, 0, 0, 0, 0], [0, 0, 8, 0, 0, 8, 0, 0, 0, 0, 8, 8, 8, 0, 0, 0, 0, 0, 0], [0, 0, 8, 0, 8, 0, 0, 0, 0, 0, 8, 0, 8, 8, 8, 0, 0, 8, 0], [8, 0, 0, 2, 0, 8, 0, 0, 0, 8, 8, 8, 0, 0, 0, 0, 8, 0, 0], [8, 0, 0, 2, 8, 0, 8, 8, 0, 0, 0, 8, 0, 0, 0, 0, 0, 0, 8], [0, 8, 0, 0, 0, 0, 0, 0, 0, 0, 0, 0, 0, 8, 8, 8, 0, 8, 0], [0, 0, 0, 8, 0, 0, 8, 0, 0, 0, 0, 0, 0, 0, 0, 0, 8, 0, 8], [0, 0, 0, 0, 0, 0, 8, 0, 0, 0, 0, 8, 0, 0, 0, 0, 0, 0, 8]], "output": [[0, 0, 0, 8, 0, 0, 0, 0, 8, 0, 0, 0, 8, 0, 0, 0, 0, 8, 0], [0, 0, 0, 0, 0, 0, 0, 0, 8, 0, 8, 0, 0, 0, 0, 0, 0, 0, 0], [8, 8, 8, 8, 8, 0, 8, 8, 8, 0, 0, 0, 0, 0, 8, 0, 8, 8, 0], [0, 8, 0, 0, 8, 0, 0, 0, 0, 0, 0, 8, 0, 8, 8, 0, 0, 8, 0], [8, 0, 0, 0, 0, 8, 0, 8, 8, 0, 0, 0, 8, 0, 8, 0, 0, 0, 8], [0, 0, 0, 0, 8, 0, 0, 8, 0, 0, 8, 0, 0, 0, 0, 0, 0, 8, 0], [0, 8, 0, 8, 0, 8, 8, 8, 0, 0, 0, 8, 0, 0, 8, 8, 0, 8, 0], [8, 0, 0, 0, 0, 0, 0, 0, 0, 0, 0, 0, 0, 0, 0, 0, 0, 8, 0], [0, 8, 0, 8, 0, 0, 0, 0, 0, 8, 3, 3, 3, 8, 8, 0, 0, 0, 0], [8, 8, 8, 8, 3, 3, 3, 3, 3, 3, 3, 8, 0, 0, 0, 0, 8, 0, 0], [8, 8, 0, 0, 3, 0, 8, 0, 8, 0, 8, 8, 8, 0, 0, 0, 8, 0, 8], [0, 0, 8, 0, 3, 0, 0, 8, 0, 8, 0, 8, 0, 8, 0, 0, 0, 0, 0], [0, 0, 8, 3, 3, 8, 0, 0, 0, 0, 8, 8, 8, 0, 0, 0, 0, 0, 0], [0, 0, 8, 3, 8, 0, 0, 0, 0, 0, 8, 0, 8, 8, 8, 0, 0, 8, 0], [8, 0, 0, 2, 0, 8, 0, 0, 0, 8, 8, 8, 0, 0, 0, 0, 8, 0, 0], [8, 0, 0, 2, 8, 0, 8, 8, 0, 0, 0, 8, 0, 0, 0, 0, 0, 0, 8], [0, 8, 0, 0, 0, 0, 0, 0, 0, 0, 0, 0, 0, 8, 8, 8, 0, 8, 0], [0, 0, 0, 8, 0, 0, 8, 0, 0, 0, 0, 0, 0, 0, 0, 0, 8, 0, 8], [0, 0, 0, 0, 0, 0, 8, 0, 0, 0, 0, 8, 0, 0, 0, 0, 0, 0, 8]]}, {"input": [[8, 0, 0, 0, 0, 8, 0, 8, 8, 0, 8, 0, 0, 8, 0, 0], [8, 8, 8, 8, 8, 8, 8, 0, 0, 0, 0, 8, 0, 0, 0, 0], [8, 0, 8, 8, 0, 0, 0, 0, 8, 0, 8, 0, 0, 8, 0, 8], [0, 0, 0, 8, 0, 0, 0, 0, 8, 8, 0, 0, 8, 0, 0, 8], [8, 0, 8, 0, 3, 3, 0, 0, 0, 0, 0, 0, 0, 0, 0, 2], [0, 0, 0, 0, 0, 8, 0, 0, 0, 0, 8, 8, 0, 8, 0, 2], [0, 0, 0, 8, 0, 0, 0, 0, 0, 0, 0, 0, 8, 0, 8, 0], [0, 8, 0, 0, 8, 0, 0, 0, 0, 0, 8, 0, 0, 8, 8, 0], [0, 0, 0, 0, 0, 0, 0, 8, 0, 0, 0, 0, 8, 0, 0, 0], [0, 0, 0, 8, 0, 0, 0, 0, 0, 0, 8, 0, 0, 0, 0, 8], [0, 0, 8, 0, 0, 8, 0, 0, 8, 0, 8, 0, 0, 8, 0, 0], [8, 8, 0, 0, 8, 8, 8, 8, 0, 8, 0, 0, 8, 0, 0, 8], [0, 8, 0, 0, 0, 0, 0, 8, 0, 8, 8, 0, 8, 0, 0, 8], [0, 0, 8, 8, 8, 0, 0, 8, 8, 0, 0, 8, 8, 0, 0, 0], [8, 0, 8, 8, 0, 8, 0, 0, 8, 0, 8, 0, 0, 0, 0, 8], [0, 0, 0, 0, 0, 0, 0, 0, 8, 0, 0, 8, 8, 0, 0, 0]], "output": [[8, 0, 0, 0, 0, 8, 0, 8, 8, 0, 8, 0, 0, 8, 0, 0], [8, 8, 8, 8, 8, 8, 8, 0, 0, 0, 0, 8, 0, 0, 0, 0], [8, 0, 8, 8, 0, 0, 0, 0, 8, 0, 8, 0, 0, 8, 0, 8], [0, 0, 0, 8, 0, 0, 0, 0, 8, 8, 0, 0, 8, 0, 0, 8], [8, 0, 8, 0, 3, 3, 3, 3, 3, 3, 3, 3, 3, 3, 3, 2], [0, 0, 0, 0, 0, 8, 0, 0, 0, 0, 8, 8, 0, 8, 0, 2], [0, 0, 0, 8, 0, 0, 0, 0, 0, 0, 0, 0, 8, 0, 8, 0], [0, 8, 0, 0, 8, 0, 0, 0, 0, 0, 8, 0, 0, 8, 8, 0], [0, 0, 0, 0, 0, 0, 0, 8, 0, 0, 0, 0, 8, 0, 0, 0], [0, 0, 0, 8, 0, 0, 0, 0, 0, 0, 8, 0, 0, 0, 0, 8], [0, 0, 8, 0, 0, 8, 0, 0, 8, 0, 8, 0, 0, 8, 0, 0], [8, 8, 0, 0, 8, 8, 8, 8, 0, 8, 0, 0, 8, 0, 0, 8], [0, 8, 0, 0, 0, 0, 0, 8, 0, 8, 8, 0, 8, 0, 0, 8], [0, 0, 8, 8, 8, 0, 0, 8, 8, 0, 0, 8, 8, 0, 0, 0], [8, 0, 8, 8, 0, 8, 0, 0, 8, 0, 8, 0, 0, 0, 0, 8], [0, 0, 0, 0, 0, 0, 0, 0, 8, 0, 0, 8, 8, 0, 0, 0]]}, {"input": [[0, 0, 0, 0, 0, 0, 8, 0, 0, 8, 0, 8, 8, 8, 0, 8, 0, 0, 8], [8, 0, 0, 0, 0, 0, 0, 0, 0, 8, 0, 8, 0, 0, 0, 8, 0, 0, 0], [0, 0, 0, 0, 0, 0, 0, 0, 0, 0, 0, 8, 0, 8, 8, 8, 0, 0, 8], [0, 0, 8, 0, 0, 8, 0, 0, 0, 0, 0, 0, 8, 0, 0, 0, 8, 8, 0], [8, 0, 0, 0, 0, 0, 0, 0, 0, 0, 0, 8, 0, 8, 8, 8, 0, 8, 0], [0, 0, 0, 8, 0, 8, 0, 8, 0, 3, 3, 0, 0, 0, 0, 8, 0, 0, 0], [0, 0, 0, 0, 0, 8, 0, 0, 0, 0, 8, 0, 0, 0, 8, 8, 8, 0, 0], [0, 0, 8, 0, 0, 0, 0, 0, 0, 8, 0, 8, 0, 0, 0, 8, 8, 0, 0], [0, 0, 0, 0, 8, 8, 0, 8, 8, 0, 0, 8, 0, 0, 0, 8, 8, 8, 0], [8, 0, 0, 2, 0, 0, 0, 8, 0, 0, 0, 0, 0, 0, 0, 0, 0, 0, 0], [0, 8, 0, 2, 0, 0, 0, 0, 0, 0, 0, 8, 0, 0, 8, 0, 0, 0, 0], [0, 8, 0, 0, 8, 8, 0, 0, 8, 0, 8, 0, 0, 0, 0, 0, 8, 0, 0], [0, 0, 0, 0, 0, 0, 0, 8, 8, 0, 8, 0, 0, 0, 8, 0, 0, 0, 0], [0, 0, 0, 0, 0, 0, 8, 0, 0, 8, 0, 0, 0, 8, 0, 0, 0, 8, 8], [0, 0, 0, 0, 0, 0, 0, 8, 0, 0, 0, 0, 0, 0, 8, 0, 8, 0, 8], [8, 0, 0, 0, 0, 0, 0, 0, 0, 0, 0, 8, 0, 0, 0, 0, 0, 8, 0], [0, 0, 0, 0, 0, 8, 8, 0, 0, 8, 8, 0, 0, 0, 8, 0, 8, 8, 0], [0, 0, 0, 0, 0, 0, 0, 0, 0, 0, 0, 0, 0, 0, 0, 0, 8, 8, 0], [0, 0, 0, 0, 0, 8, 8, 8, 8, 8, 8, 0, 8, 0, 0, 0, 0, 0, 0]], "output": [[0, 0, 0, 0, 0, 0, 8, 0, 0, 8, 0, 8, 8, 8, 0, 8, 0, 0, 8], [8, 0, 0, 0, 0, 0, 0, 0, 0, 8, 0, 8, 0, 0, 0, 8, 0, 0, 0], [0, 0, 0, 0, 0, 0, 0, 0, 0, 0, 0, 8, 0, 8, 8, 8, 0, 0, 8], [0, 0, 8, 0, 0, 8, 0, 0, 0, 0, 0, 0, 8, 0, 0, 0, 8, 8, 0], [8, 0, 0, 0, 0, 0, 0, 0, 0, 0, 0, 8, 0, 8, 8, 8, 0, 8, 0], [0, 0, 0, 8, 0, 8, 0, 8, 3, 3, 3, 0, 0, 0, 0, 8, 0, 0, 0], [0, 0, 0, 0, 0, 8, 0, 0, 3, 0, 8, 0, 0, 0, 8, 8, 8, 0, 0], [0, 0, 8, 3, 3, 3, 3, 3, 3, 8, 0, 8, 0, 0, 0, 8, 8, 0, 0], [0, 0, 0, 3, 8, 8, 0, 8, 8, 0, 0, 8, 0, 0, 0, 8, 8, 8, 0], [8, 0, 0, 2, 0, 0, 0, 8, 0, 0, 0, 0, 0, 0, 0, 0, 0, 0, 0], [0, 8, 0, 2, 0, 0, 0, 0, 0, 0, 0, 8, 0, 0, 8, 0, 0, 0, 0], [0, 8, 0, 0, 8, 8, 0, 0, 8, 0, 8, 0, 0, 0, 0, 0, 8, 0, 0], [0, 0, 0, 0, 0, 0, 0, 8, 8, 0, 8, 0, 0, 0, 8, 0, 0, 0, 0], [0, 0, 0, 0, 0, 0, 8, 0, 0, 8, 0, 0, 0, 8, 0, 0, 0, 8, 8], [0, 0, 0, 0, 0, 0, 0, 8, 0, 0, 0, 0, 0, 0, 8, 0, 8, 0, 8], [8, 0, 0, 0, 0, 0, 0, 0, 0, 0, 0, 8, 0, 0, 0, 0, 0, 8, 0], [0, 0, 0, 0, 0, 8, 8, 0, 0, 8, 8, 0, 0, 0, 8, 0, 8, 8, 0], [0, 0, 0, 0, 0, 0, 0, 0, 0, 0, 0, 0, 0, 0, 0, 0, 8, 8, 0], [0, 0, 0, 0, 0, 8, 8, 8, 8, 8, 8, 0, 8, 0, 0, 0, 0, 0, 0]]}, {"input": [[8, 0, 0, 8, 0, 8, 8, 8, 8, 8, 0, 0, 0, 8, 0, 8, 0, 8, 0, 0], [8, 0, 0, 0, 0, 8, 8, 0, 8, 0, 0, 0, 0, 8, 0, 8, 0, 0, 0, 0], [0, 0, 0, 0, 0, 0, 0, 0, 0, 0, 8, 0, 0, 8, 0, 8, 8, 0, 0, 0], [8, 0, 0, 0, 0, 0, 8, 0, 0, 0, 0, 0, 0, 8, 0, 0, 0, 8, 8, 0], [0, 8, 8, 8, 0, 0, 0, 8, 0, 0, 0, 0, 8, 0, 0, 0, 0, 0, 0, 0], [0, 8, 0, 0, 0, 8, 0, 0, 8, 0, 8, 0, 0, 0, 0, 0, 8, 0, 0, 0], [0, 0, 8, 0, 0, 0, 0, 0, 0, 8, 8, 8, 8, 0, 0, 0, 0, 0, 8, 0], [0, 0, 0, 0, 0, 0, 8, 3, 3, 0, 8, 0, 0, 0, 8, 0, 8, 0, 0, 0], [0, 0, 0, 0, 8, 0, 0, 0, 8, 0, 0, 0, 0, 0, 8, 0, 0, 8, 0, 0], [0, 0, 0, 0, 0, 0, 8, 0, 0, 0, 0, 0, 8, 8, 0, 8, 0, 8, 8, 0], [8, 0, 8, 0, 8, 0, 8, 0, 0, 8, 0, 0, 2, 2, 8, 0, 8, 0, 0, 0], [0, 0, 0, 0, 0, 8, 0, 8, 8, 8, 0, 0, 0, 0, 8, 8, 0, 8, 0, 0], [8, 8, 0, 0, 0, 0, 0, 8, 0, 8, 0, 0, 0, 0, 0, 0, 0, 0, 0, 8], [0, 0, 8, 0, 0, 0, 8, 0, 0, 0, 0, 0, 0, 0, 8, 0, 8, 0, 8, 0], [8, 0, 0, 0, 0, 0, 0, 0, 0, 0, 0, 0, 0, 0, 8, 0, 0, 8, 0, 0], [0, 0, 0, 8, 0, 0, 0, 0, 0, 0, 0, 8, 0, 8, 0, 0, 8, 0, 0, 8], [0, 8, 0, 8, 0, 8, 0, 0, 0, 8, 8, 8, 8, 8, 8, 0, 0, 8, 0, 0], [0, 8, 8, 0, 0, 0, 0, 0, 0, 0, 0, 8, 0, 0, 0, 0, 0, 0, 8, 0], [0, 8, 0, 0, 0, 0, 0, 0, 8, 0, 8, 0, 0, 8, 8, 8, 0, 0, 0, 8], [0, 0, 0, 8, 8, 0, 8, 8, 0, 0, 8, 0, 0, 0, 0, 0, 8, 0, 8, 0]], "output": [[8, 0, 0, 8, 0, 8, 8, 8, 8, 8, 0, 0, 0, 8, 0, 8, 0, 8, 0, 0], [8, 0, 0, 0, 0, 8, 8, 0, 8, 0, 0, 0, 0, 8, 0, 8, 0, 0, 0, 0], [0, 0, 0, 0, 0, 0, 0, 0, 0, 0, 8, 0, 0, 8, 0, 8, 8, 0, 0, 0], [8, 0, 0, 0, 0, 0, 8, 0, 0, 0, 0, 0, 0, 8, 0, 0, 0, 8, 8, 0], [0, 8, 8, 8, 0, 0, 0, 8, 0, 0, 0, 0, 8, 0, 0, 0, 0, 0, 0, 0], [0, 8, 0, 0, 0, 8, 0, 0, 8, 0, 8, 0, 0, 0, 0, 0, 8, 0, 0, 0], [0, 0, 8, 0, 0, 0, 0, 0, 0, 8, 8, 8, 8, 0, 0, 0, 0, 0, 8, 0], [0, 0, 0, 0, 0, 0, 8, 3, 3, 3, 8, 0, 0, 0, 8, 0, 8, 0, 0, 0], [0, 0, 0, 0, 8, 0, 0, 0, 8, 3, 0, 0, 0, 0, 8, 0, 0, 8, 0, 0], [0, 0, 0, 0, 0, 0, 8, 0, 0, 3, 3, 3, 8, 8, 0, 8, 0, 8, 8, 0], [8, 0, 8, 0, 8, 0, 8, 0, 0, 8, 0, 3, 2, 2, 8, 0, 8, 0, 0, 0], [0, 0, 0, 0, 0, 8, 0, 8, 8, 8, 0, 3, 0, 3, 8, 8, 0, 8, 0, 0], [8, 8, 0, 0, 0, 0, 0, 8, 0, 8, 0, 3, 0, 3, 0, 0, 0, 0, 0, 8], [0, 0, 8, 0, 0, 0, 8, 0, 0, 0, 0, 3, 0, 3, 8, 0, 8, 0, 8, 0], [8, 0, 0, 0, 0, 0, 0, 0, 0, 0, 0, 3, 3, 3, 8, 0, 0, 8, 0, 0], [0, 0, 0, 8, 0, 0, 0, 0, 0, 0, 0, 8, 0, 8, 0, 0, 8, 0, 0, 8], [0, 8, 0, 8, 0, 8, 0, 0, 0, 8, 8, 8, 8, 8, 8, 0, 0, 8, 0, 0], [0, 8, 8, 0, 0, 0, 0, 0, 0, 0, 0, 8, 0, 0, 0, 0, 0, 0, 8, 0], [0, 8, 0, 0, 0, 0, 0, 0, 8, 0, 8, 0, 0, 8, 8, 8, 0, 0, 0, 8], [0, 0, 0, 8, 8, 0, 8, 8, 0, 0, 8, 0, 0, 0, 0, 0, 8, 0, 8, 0]]}, {"input": [[0, 0, 0, 0, 8, 0, 0, 0, 0, 0, 8, 8, 0, 8, 8, 0, 0], [0, 0, 0, 0, 0, 0, 0, 0, 0, 0, 0, 8, 0, 0, 0, 8, 0], [0, 0, 8, 0, 0, 0, 0, 8, 8, 0, 0, 8, 8, 8, 0, 8, 0], [0, 0, 0, 8, 0, 0, 8, 0, 0, 8, 8, 0, 0, 8, 0, 8, 0], [0, 0, 0, 0, 0, 0, 0, 8, 0, 8, 0, 8, 8, 8, 0, 0, 8], [0, 8, 8, 0, 0, 8, 0, 0, 0, 8, 0, 0, 0, 0, 0, 8, 0], [8, 8, 0, 8, 0, 8, 0, 8, 0, 0, 8, 0, 0, 0, 0, 8, 0], [8, 0, 8, 0, 0, 8, 8, 2, 2, 0, 0, 0, 8, 8, 8, 0, 0], [0, 0, 0, 0, 0, 8, 0, 0, 0, 0, 0, 0, 8, 8, 0, 0, 8], [0, 8, 0, 8, 8, 0, 0, 0, 0, 0, 0, 8, 0, 0, 8, 8, 8], [8, 0, 0, 0, 0, 0, 0, 0, 0, 0, 0, 0, 0, 0, 0, 0, 0], [0, 0, 0, 0, 0, 8, 0, 8, 0, 0, 0, 0, 0, 0, 0, 0, 0], [0, 8, 0, 0, 0, 0, 3, 3, 0, 0, 0, 8, 0, 8, 8, 0, 8], [0, 8, 0, 0, 0, 0, 0, 0, 0, 0, 0, 0, 0, 8, 0, 0, 0], [0, 0, 0, 8, 0, 8, 8, 0, 0, 8, 0, 0, 0, 0, 0, 0, 0], [0, 0, 8, 0, 0, 8, 8, 0, 0, 0, 0, 0, 0, 0, 8, 8, 0], [0, 0, 0, 8, 8, 0, 0, 0, 0, 0, 0, 0, 0, 0, 8, 8, 0]], "output": [[0, 0, 0, 0, 8, 0, 0, 0, 0, 0, 8, 8, 0, 8, 8, 0, 0], [0, 0, 0, 0, 0, 0, 0, 0, 0, 0, 0, 8, 0, 0, 0, 8, 0], [0, 0, 8, 0, 0, 0, 0, 8, 8, 0, 0, 8, 8, 8, 0, 8, 0], [0, 0, 0, 8, 0, 0, 8, 0, 0, 8, 8, 0, 0, 8, 0, 8, 0], [0, 0, 0, 0, 0, 0, 0, 8, 0, 8, 0, 8, 8, 8, 0, 0, 8], [0, 8, 8, 0, 0, 8, 0, 0, 0, 8, 0, 0, 0, 0, 0, 8, 0], [8, 8, 0, 8, 0, 8, 0, 8, 0, 0, 8, 0, 0, 0, 0, 8, 0], [8, 0, 8, 0, 0, 8, 8, 2, 2, 3, 3, 0, 8, 8, 8, 0, 0], [0, 0, 0, 0, 0, 8, 0, 0, 0, 0, 3, 0, 8, 8, 0, 0, 8], [0, 8, 0, 8, 8, 0, 0, 0, 0, 0, 3, 8, 0, 0, 8, 8, 8], [8, 0, 0, 0, 0, 0, 0, 0, 0, 0, 3, 0, 0, 0, 0, 0, 0], [0, 0, 0, 0, 0, 8, 0, 8, 0, 0, 3, 0, 0, 0, 0, 0, 0], [0, 8, 0, 0, 0, 0, 3, 3, 3, 3, 3, 8, 0, 8, 8, 0, 8], [0, 8, 0, 0, 0, 0, 0, 0, 0, 0, 0, 0, 0, 8, 0, 0, 0], [0, 0, 0, 8, 0, 8, 8, 0, 0, 8, 0, 0, 0, 0, 0, 0, 0], [0, 0, 8, 0, 0, 8, 8, 0, 0, 0, 0, 0, 0, 0, 8, 8, 0], [0, 0, 0, 8, 8, 0, 0, 0, 0, 0, 0, 0, 0, 0, 8, 8, 0]]}, {"input": [[0, 0, 8, 0, 0, 8, 0, 8, 8, 8, 0, 0, 0, 8], [0, 8, 0, 0, 0, 0, 0, 8, 0, 0, 8, 0, 8, 8], [0, 0, 0, 0, 0, 0, 0, 0, 0, 8, 0, 0, 0, 0], [0, 0, 8, 8, 8, 0, 8, 8, 0, 0, 0, 0, 8, 0], [0, 8, 8, 0, 0, 0, 8, 0, 8, 8, 0, 0, 0, 8], [0, 0, 8, 0, 0, 0, 0, 0, 0, 0, 8, 8, 8, 0], [8, 0, 0, 0, 0, 2, 0, 0, 8, 8, 0, 8, 8, 0], [0, 0, 8, 0, 0, 2, 0, 0, 0, 3, 0, 8, 0, 0], [0, 0, 0, 8, 0, 0, 0, 0, 0, 3, 0, 8, 8, 0], [8, 0, 0, 0, 0, 0, 8, 0, 8, 0, 8, 8, 0, 8], [0, 8, 0, 0, 0, 0, 0, 0, 8, 0, 8, 0, 8, 0], [8, 0, 0, 8, 8, 0, 0, 0, 0, 0, 8, 8, 8, 0], [0, 0, 8, 8, 8, 0, 0, 0, 0, 8, 0, 0, 0, 0], [0, 8, 0, 0, 0, 0, 0, 0, 0, 0, 0, 8, 0, 0]], "output": [[0, 0, 8, 0, 0, 8, 0, 8, 8, 8, 0, 0, 0, 8], [0, 8, 0, 0, 0, 0, 0, 8, 0, 0, 8, 0, 8, 8], [0, 0, 0, 0, 0, 0, 0, 0, 0, 8, 0, 0, 0, 0], [0, 0, 8, 8, 8, 0, 8, 8, 0, 0, 0, 0, 8, 0], [0, 8, 8, 0, 0, 0, 8, 0, 8, 8, 0, 0, 0, 8], [0, 0, 8, 0, 0, 0, 0, 0, 0, 0, 8, 8, 8, 0], [8, 0, 0, 0, 0, 2, 0, 0, 8, 8, 0, 8, 8, 0], [0, 0, 8, 0, 0, 2, 3, 3, 3, 3, 0, 8, 0, 0], [0, 0, 0, 8, 0, 0, 0, 0, 0, 3, 0, 8, 8, 0], [8, 0, 0, 0, 0, 0, 8, 0, 8, 0, 8, 8, 0, 8], [0, 8, 0, 0, 0, 0, 0, 0, 8, 0, 8, 0, 8, 0], [8, 0, 0, 8, 8, 0, 0, 0, 0, 0, 8, 8, 8, 0], [0, 0, 8, 8, 8, 0, 0, 0, 0, 8, 0, 0, 0, 0], [0, 8, 0, 0, 0, 0, 0, 0, 0, 0, 0, 8, 0, 0]]}, {"input": [[8, 8, 0, 8, 0, 8, 0, 0, 0, 8, 0, 0, 0, 0, 0, 0], [8, 8, 0, 8, 0, 0, 8, 8, 0, 0, 8, 0, 0, 0, 0, 0], [0, 8, 0, 8, 0, 8, 8, 8, 0, 0, 0, 0, 0, 0, 0, 0], [0, 0, 0, 0, 8, 8, 0, 8, 8, 8, 0, 8, 8, 0, 0, 0], [0, 0, 0, 0, 8, 8, 0, 0, 8, 0, 0, 8, 8, 8, 0, 0], [0, 8, 0, 0, 8, 8, 0, 0, 0, 0, 0, 8, 8, 0, 0, 0], [0, 0, 0, 8, 2, 2, 8, 0, 0, 0, 8, 0, 8, 0, 0, 0], [0, 8, 8, 0, 0, 0, 0, 3, 8, 0, 0, 0, 0, 0, 8, 0], [8, 0, 8, 0, 0, 8, 0, 3, 0, 0, 0, 0, 0, 0, 0, 0], [0, 8, 8, 0, 0, 0, 0, 0, 0, 0, 0, 0, 0, 0, 0, 8], [8, 0, 0, 0, 0, 0, 8, 0, 0, 0, 0, 0, 0, 0, 0, 0], [0, 8, 0, 0, 0, 0, 0, 0, 0, 0, 0, 0, 0, 8, 8, 8], [8, 8, 0, 0, 0, 8, 0, 8, 0, 0, 8, 8, 0, 8, 8, 0], [8, 8, 8, 0, 8, 0, 0, 0, 0, 0, 8, 0, 0, 0, 0, 0], [0, 0, 8, 0, 8, 0, 8, 0, 0, 8, 0, 0, 0, 0, 8, 8], [0, 8, 8, 0, 0, 0, 8, 0, 8, 0, 8, 0, 8, 0, 0, 0]], "output": [[8, 8, 0, 8, 0, 8, 0, 0, 0, 8, 0, 0, 0, 0, 0, 0], [8, 8, 0, 8, 0, 0, 8, 8, 0, 0, 8, 0, 0, 0, 0, 0], [0, 8, 0, 8, 0, 8, 8, 8, 0, 0, 0, 0, 0, 0, 0, 0], [0, 0, 0, 0, 8, 8, 0, 8, 8, 8, 0, 8, 8, 0, 0, 0], [0, 0, 0, 0, 8, 8, 0, 0, 8, 0, 0, 8, 8, 8, 0, 0], [0, 8, 0, 0, 8, 8, 0, 0, 0, 0, 0, 8, 8, 0, 0, 0], [0, 0, 0, 8, 2, 2, 8, 0, 0, 0, 8, 0, 8, 0, 0, 0], [0, 8, 8, 0, 3, 0, 0, 3, 8, 0, 0, 0, 0, 0, 8, 0], [8, 0, 8, 0, 3, 8, 0, 3, 0, 0, 0, 0, 0, 0, 0, 0], [0, 8, 8, 0, 3, 0, 0, 3, 0, 0, 0, 0, 0, 0, 0, 8], [8, 0, 0, 0, 3, 0, 8, 3, 0, 0, 0, 0, 0, 0, 0, 0], [0, 8, 3, 3, 3, 3, 3, 3, 0, 0, 0, 0, 0, 8, 8, 8], [8, 8, 3, 3, 3, 8, 0, 8, 0, 0, 8, 8, 0, 8, 8, 0], [8, 8, 8, 0, 8, 0, 0, 0, 0, 0, 8, 0, 0, 0, 0, 0], [0, 0, 8, 0, 8, 0, 8, 0, 0, 8, 0, 0, 0, 0, 8, 8], [0, 8, 8, 0, 0, 0, 8, 0, 8, 0, 8, 0, 8, 0, 0, 0]]}, {"input": [[0, 8, 0, 8, 0, 0, 0, 0, 8, 8, 0, 0, 0, 0, 8], [0, 0, 0, 0, 0, 0, 8, 0, 8, 8, 8, 0, 0, 0, 8], [8, 8, 0, 8, 0, 0, 0, 8, 0, 0, 0, 0, 0, 0, 8], [8, 0, 0, 0, 0, 8, 0, 0, 8, 0, 0, 8, 8, 0, 8], [8, 8, 0, 0, 8, 0, 0, 0, 0, 0, 0, 0, 8, 8, 0], [8, 0, 0, 0, 0, 0, 0, 0, 8, 0, 8, 0, 0, 0, 0], [8, 0, 2, 2, 0, 0, 0, 0, 0, 0, 0, 0, 0, 0, 0], [0, 0, 8, 0, 0, 0, 0, 0, 0, 0, 0, 0, 8, 8, 0], [0, 0, 0, 0, 0, 0, 0, 0, 0, 0, 0, 0, 8, 0, 8], [0, 0, 0, 8, 8, 0, 8, 8, 0, 0, 3, 0, 0, 0, 8], [0, 0, 0, 0, 0, 0, 0, 0, 0, 0, 3, 8, 0, 0, 0], [0, 8, 8, 8, 0, 0, 0, 8, 8, 0, 0, 8, 8, 0, 0], [0, 8, 0, 0, 0, 0, 0, 0, 0, 0, 0, 0, 0, 8, 0], [8, 0, 0, 0, 0, 0, 8, 0, 8, 0, 8, 8, 0, 0, 0], [0, 0, 0, 8, 0, 8, 0, 8, 8, 0, 0, 0, 0, 0, 8]], "output": [[0, 8, 0, 8, 0, 0, 0, 0, 8, 8, 0, 0, 0, 0, 8], [0, 0, 0, 0, 0, 0, 8, 0, 8, 8, 8, 0, 0, 0, 8], [8, 8, 0, 8, 0, 0, 0, 8, 0, 0, 0, 0, 0, 0, 8], [8, 0, 0, 0, 0, 8, 0, 0, 8, 0, 0, 8, 8, 0, 8], [8, 8, 0, 0, 8, 0, 0, 0, 0, 0, 0, 0, 8, 8, 0], [8, 0, 0, 0, 0, 0, 0, 0, 8, 0, 8, 0, 0, 0, 0], [8, 0, 2, 2, 3, 3, 3, 3, 3, 3, 3, 0, 0, 0, 0], [0, 0, 8, 0, 0, 0, 0, 0, 0, 0, 3, 0, 8, 8, 0], [0, 0, 0, 0, 0, 0, 0, 0, 0, 0, 3, 0, 8, 0, 8], [0, 0, 0, 8, 8, 0, 8, 8, 0, 0, 3, 0, 0, 0, 8], [0, 0, 0, 0, 0, 0, 0, 0, 0, 0, 3, 8, 0, 0, 0], [0, 8, 8, 8, 0, 0, 0, 8, 8, 0, 0, 8, 8, 0, 0], [0, 8, 0, 0, 0, 0, 0, 0, 0, 0, 0, 0, 0, 8, 0], [8, 0, 0, 0, 0, 0, 8, 0, 8, 0, 8, 8, 0, 0, 0], [0, 0, 0, 8, 0, 8, 0, 8, 8, 0, 0, 0, 0, 0, 8]]}, {"input": [[8, 0, 0, 8, 0, 8, 0, 0, 0, 0, 0, 0, 8, 0, 8, 8, 8], [8, 8, 0, 0, 0, 8, 0, 0, 8, 0, 0, 0, 0, 0, 8, 0, 0], [8, 0, 8, 0, 8, 0, 0, 0, 8, 8, 8, 0, 0, 8, 0, 0, 8], [8, 0, 0, 0, 8, 0, 0, 0, 0, 0, 8, 8, 0, 0, 0, 0, 8], [0, 0, 0, 0, 0, 0, 0, 8, 3, 3, 0, 0, 0, 0, 0, 0, 8], [0, 0, 0, 0, 0, 8, 8, 0, 0, 0, 8, 0, 0, 0, 8, 0, 0], [0, 8, 0, 8, 0, 0, 0, 8, 0, 0, 0, 0, 8, 0, 8, 0, 8], [0, 0, 0, 0, 8, 0, 0, 0, 0, 0, 0, 8, 0, 0, 0, 0, 0], [8, 0, 0, 0, 0, 8, 0, 0, 8, 0, 0, 8, 8, 0, 8, 0, 0], [8, 8, 0, 0, 8, 0, 0, 0, 0, 0, 0, 8, 8, 8, 0, 0, 0], [0, 0, 8, 0, 0, 8, 8, 0, 8, 0, 0, 0, 0, 0, 0, 0, 0], [0, 0, 0, 0, 8, 0, 0, 8, 0, 0, 8, 0, 0, 0, 0, 2, 0], [0, 0, 0, 0, 0, 0, 0, 8, 8, 0, 0, 0, 0, 0, 0, 2, 0], [8, 0, 0, 8, 0, 0, 0, 0, 0, 0, 0, 0, 0, 0, 0, 0, 0], [8, 8, 8, 0, 0, 0, 0, 8, 0, 0, 0, 0, 0, 8, 8, 8, 0], [0, 0, 0, 0, 0, 0, 0, 0, 0, 0, 0, 8, 8, 0, 0, 0, 0], [8, 0, 0, 8, 8, 0, 8, 8, 0, 0, 0, 8, 0, 0, 0, 0, 0]], "output": [[8, 0, 0, 8, 0, 8, 0, 0, 0, 0, 0, 0, 8, 0, 8, 8, 8], [8, 8, 0, 0, 0, 8, 0, 0, 8, 0, 0, 0, 0, 0, 8, 0, 0], [8, 0, 8, 0, 8, 0, 0, 0, 8, 8, 8, 0, 0, 8, 0, 0, 8], [8, 0, 0, 0, 8, 0, 0, 0, 0, 0, 8, 8, 0, 0, 0, 0, 8], [0, 0, 0, 0, 0, 0, 0, 8, 3, 3, 3, 3, 3, 3, 3, 3, 8], [0, 0, 0, 0, 0, 8, 8, 0, 0, 0, 8, 0, 0, 0, 8, 3, 0], [0, 8, 0, 8, 0, 0, 0, 8, 0, 0, 0, 0, 8, 0, 8, 3, 8], [0, 0, 0, 0, 8, 0, 0, 0, 0, 0, 0, 8, 0, 0, 0, 3, 0], [8, 0, 0, 0, 0, 8, 0, 0, 8, 0, 0, 8, 8, 0, 8, 3, 0], [8, 8, 0, 0, 8, 0, 0, 0, 0, 0, 0, 8, 8, 8, 0, 3, 0], [0, 0, 8, 0, 0, 8, 8, 0, 8, 0, 0, 0, 0, 0, 0, 3, 0], [0, 0, 0, 0, 8, 0, 0, 8, 0, 0, 8, 0, 0, 0, 0, 2, 0], [0, 0, 0, 0, 0, 0, 0, 8, 8, 0, 0, 0, 0, 0, 0, 2, 0], [8, 0, 0, 8, 0, 0, 0, 0, 0, 0, 0, 0, 0, 0, 0, 0, 0], [8, 8, 8, 0, 0, 0, 0, 8, 0, 0, 0, 0, 0, 8, 8, 8, 0], [0, 0, 0, 0, 0, 0, 0, 0, 0, 0, 0, 8, 8, 0, 0, 0, 0], [8, 0, 0, 8, 8, 0, 8, 8, 0, 0, 0, 8, 0, 0, 0, 0, 0]]}, {"input": [[0, 8, 0, 0, 0, 8, 0, 8, 0, 8, 0, 0, 8, 0, 0, 0, 8, 0, 0, 0], [0, 0, 0, 8, 0, 0, 0, 0, 0, 8, 8, 0, 0, 0, 0, 0, 0, 8, 0, 8], [8, 8, 0, 8, 0, 8, 0, 0, 0, 0, 0, 0, 0, 0, 0, 0, 0, 0, 8, 8], [0, 0, 0, 8, 0, 8, 0, 8, 0, 8, 8, 0, 8, 0, 0, 8, 0, 0, 8, 0], [0, 8, 0, 8, 8, 0, 0, 8, 0, 0, 8, 0, 0, 0, 0, 0, 0, 0, 0, 0], [8, 0, 0, 0, 0, 0, 8, 8, 8, 8, 0, 0, 8, 8, 8, 8, 0, 8, 8, 0], [8, 8, 0, 0, 0, 0, 8, 8, 8, 8, 0, 0, 0, 0, 8, 0, 8, 0, 0, 0], [8, 0, 0, 8, 0, 0, 0, 8, 8, 8, 0, 0, 0, 0, 0, 0, 0, 8, 0, 8], [0, 0, 0, 0, 0, 0, 8, 0, 0, 8, 2, 0, 8, 0, 0, 0, 8, 8, 0, 8], [0, 0, 8, 0, 0, 8, 0, 0, 0, 0, 2, 0, 8, 0, 0, 8, 0, 0, 0, 8], [0, 0, 0, 0, 0, 0, 0, 0, 0, 8, 0, 0, 0, 0, 0, 8, 0, 0, 0, 0], [0, 8, 0, 0, 0, 0, 0, 0, 8, 8, 0, 0, 0, 8, 0, 8, 8, 0, 0, 0], [8, 0, 0, 8, 0, 3, 3, 0, 0, 0, 0, 0, 0, 8, 8, 8, 0, 0, 0, 0], [0, 0, 0, 0, 8, 0, 0, 8, 0, 8, 0, 0, 0, 0, 8, 0, 8, 8, 0, 8], [0, 0, 8, 8, 0, 8, 8, 8, 0, 0, 0, 0, 8, 0, 8, 0, 0, 8, 0, 0], [0, 0, 0, 8, 0, 8, 0, 0, 8, 0, 0, 0, 0, 8, 0, 0, 0, 0, 0, 0], [0, 0, 8, 0, 0, 0, 0, 8, 0, 0, 8, 0, 0, 0, 0, 8, 0, 0, 8, 8], [0, 0, 0, 0, 0, 0, 8, 0, 0, 0, 8, 8, 8, 0, 0, 0, 8, 8, 8, 0], [0, 8, 8, 0, 8, 0, 0, 0, 0, 0, 8, 0, 0, 0, 8, 8, 8, 0, 0, 8], [8, 0, 0, 0, 0, 0, 0, 0, 0, 8, 8, 8, 0, 8, 0, 0, 8, 0, 8, 8]], "output": [[0, 8, 0, 0, 0, 8, 0, 8, 0, 8, 0, 0, 8, 0, 0, 0, 8, 0, 0, 0], [0, 0, 0, 8, 0, 0, 0, 0, 0, 8, 8, 0, 0, 0, 0, 0, 0, 8, 0, 8], [8, 8, 0, 8, 0, 8, 0, 0, 0, 0, 0, 0, 0, 0, 0, 0, 0, 0, 8, 8], [0, 0, 0, 8, 0, 8, 0, 8, 0, 8, 8, 0, 8, 0, 0, 8, 0, 0, 8, 0], [0, 8, 0, 8, 8, 0, 0, 8, 0, 0, 8, 0, 0, 0, 0, 0, 0, 0, 0, 0], [8, 0, 0, 0, 0, 0, 8, 8, 8, 8, 0, 0, 8, 8, 8, 8, 0, 8, 8, 0], [8, 8, 0, 0, 0, 0, 8, 8, 8, 8, 0, 0, 0, 0, 8, 0, 8, 0, 0, 0], [8, 0, 0, 8, 0, 0, 0, 8, 8, 8, 0, 0, 0, 0, 0, 0, 0, 8, 0, 8], [0, 0, 0, 0, 0, 0, 8, 0, 0, 8, 2, 0, 8, 0, 0, 0, 8, 8, 0, 8], [0, 0, 8, 0, 0, 8, 0, 0, 0, 0, 2, 0, 8, 0, 0, 8, 0, 0, 0, 8], [0, 0, 0, 0, 0, 0, 0, 0, 0, 8, 3, 3, 3, 0, 0, 8, 0, 0, 0, 0], [0, 8, 0, 0, 0, 0, 0, 0, 8, 8, 0, 0, 3, 8, 0, 8, 8, 0, 0, 0], [8, 0, 0, 8, 0, 3, 3, 3, 3, 3, 3, 3, 3, 8, 8, 8, 0, 0, 0, 0], [0, 0, 0, 0, 8, 0, 0, 8, 0, 8, 0, 0, 0, 0, 8, 0, 8, 8, 0, 8], [0, 0, 8, 8, 0, 8, 8, 8, 0, 0, 0, 0, 8, 0, 8, 0, 0, 8, 0, 0], [0, 0, 0, 8, 0, 8, 0, 0, 8, 0, 0, 0, 0, 8, 0, 0, 0, 0, 0, 0], [0, 0, 8, 0, 0, 0, 0, 8, 0, 0, 8, 0, 0, 0, 0, 8, 0, 0, 8, 8], [0, 0, 0, 0, 0, 0, 8, 0, 0, 0, 8, 8, 8, 0, 0, 0, 8, 8, 8, 0], [0, 8, 8, 0, 8, 0, 0, 0, 0, 0, 8, 0, 0, 0, 8, 8, 8, 0, 0, 8], [8, 0, 0, 0, 0, 0, 0, 0, 0, 8, 8, 8, 0, 8, 0, 0, 8, 0, 8, 8]]}, {"input": [[0, 0, 0, 0, 0, 0, 0, 8, 8, 0, 0, 8, 0, 0, 8, 8, 0], [8, 8, 0, 8, 0, 0, 2, 0, 8, 0, 0, 8, 8, 0, 0, 0, 0], [8, 8, 0, 8, 0, 0, 2, 8, 0, 8, 0, 0, 0, 0, 0, 0, 8], [8, 0, 8, 8, 0, 0, 0, 0, 0, 0, 0, 0, 8, 0, 0, 8, 0], [0, 0, 0, 8, 8, 8, 0, 8, 0, 8, 0, 0, 8, 0, 8, 0, 8], [0, 0, 0, 8, 0, 0, 0, 0, 8, 8, 0, 0, 0, 0, 0, 8, 8], [0, 0, 0, 0, 0, 0, 0, 0, 8, 0, 0, 0, 8, 8, 8, 8, 0], [0, 0, 8, 0, 8, 0, 0, 0, 8, 0, 0, 0, 0, 0, 0, 8, 8], [0, 0, 0, 0, 0, 0, 0, 0, 8, 0, 0, 0, 0, 0, 0, 0, 0], [0, 0, 0, 0, 8, 8, 0, 0, 0, 8, 0, 0, 0, 8, 8, 0, 0], [0, 8, 8, 0, 8, 0, 0, 0, 0, 0, 0, 0, 0, 8, 0, 8, 0], [8, 0, 0, 0, 3, 3, 0, 8, 0, 0, 0, 8, 0, 0, 0, 8, 0], [0, 0, 0, 0, 0, 0, 8, 8, 8, 0, 0, 0, 8, 0, 0, 0, 0], [0, 0, 0, 0, 0, 0, 0, 0, 8, 0, 8, 8, 8, 8, 0, 8, 0], [0, 0, 0, 0, 8, 0, 0, 0, 0, 0, 0, 0, 0, 0, 8, 0, 0], [8, 8, 0, 0, 0, 0, 0, 8, 0, 0, 0, 0, 0, 0, 0, 8, 0], [0, 0, 0, 8, 0, 0, 0, 0, 0, 0, 0, 0, 0, 0, 0, 0, 0]], "output": [[0, 0, 0, 0, 0, 0, 0, 8, 8, 0, 0, 8, 0, 0, 8, 8, 0], [8, 8, 0, 8, 0, 0, 2, 0, 8, 0, 0, 8, 8, 0, 0, 0, 0], [8, 8, 0, 8, 0, 0, 2, 8, 0, 8, 0, 0, 0, 0, 0, 0, 8], [8, 0, 8, 8, 0, 0, 3, 0, 0, 0, 0, 0, 8, 0, 0, 8, 0], [0, 0, 0, 8, 8, 8, 3, 8, 0, 8, 0, 0, 8, 0, 8, 0, 8], [0, 0, 0, 8, 0, 0, 3, 0, 8, 8, 0, 0, 0, 0, 0, 8, 8], [0, 0, 0, 0, 0, 0, 3, 0, 8, 0, 0, 0, 8, 8, 8, 8, 0], [0, 0, 8, 0, 8, 0, 3, 0, 8, 0, 0, 0, 0, 0, 0, 8, 8], [0, 0, 0, 0, 0, 0, 3, 0, 8, 0, 0, 0, 0, 0, 0, 0, 0], [0, 0, 0, 0, 8, 8, 3, 0, 0, 8, 0, 0, 0, 8, 8, 0, 0], [0, 8, 8, 0, 8, 0, 3, 0, 0, 0, 0, 0, 0, 8, 0, 8, 0], [8, 0, 0, 0, 3, 3, 3, 8, 0, 0, 0, 8, 0, 0, 0, 8, 0], [0, 0, 0, 0, 0, 0, 8, 8, 8, 0, 0, 0, 8, 0, 0, 0, 0], [0, 0, 0, 0, 0, 0, 0, 0, 8, 0, 8, 8, 8, 8, 0, 8, 0], [0, 0, 0, 0, 8, 0, 0, 0, 0, 0, 0, 0, 0, 0, 8, 0, 0], [8, 8, 0, 0, 0, 0, 0, 8, 0, 0, 0, 0, 0, 0, 0, 8, 0], [0, 0, 0, 8, 0, 0, 0, 0, 0, 0, 0, 0, 0, 0, 0, 0, 0]]}, {"input": [[8, 8, 8, 0, 0, 0, 0, 0, 8, 0, 8, 0, 0, 0, 0], [8, 0, 0, 0, 8, 8, 0, 8, 0, 0, 0, 0, 0, 0, 8], [8, 0, 0, 8, 0, 0, 8, 0, 0, 0, 0, 0, 8, 0, 8], [0, 8, 8, 0, 0, 8, 8, 0, 0, 0, 8, 8, 0, 0, 8], [0, 0, 0, 0, 0, 0, 0, 0, 3, 0, 0, 8, 0, 0, 0], [8, 0, 0, 0, 8, 0, 0, 0, 3, 0, 0, 8, 8, 0, 0], [0, 0, 0, 0, 0, 0, 0, 8, 0, 0, 8, 2, 2, 0, 0], [0, 8, 0, 0, 0, 0, 0, 0, 8, 0, 0, 0, 8, 0, 8], [0, 0, 8, 0, 0, 8, 8, 8, 0, 8, 8, 0, 0, 0, 0], [0, 8, 8, 8, 0, 0, 8, 0, 8, 0, 8, 0, 8, 8, 0], [0, 8, 0, 0, 8, 0, 0, 0, 8, 0, 8, 0, 8, 8, 0], [8, 0, 8, 8, 8, 0, 8, 8, 0, 0, 0, 0, 0, 0, 0], [0, 0, 8, 8, 8, 8, 8, 0, 8, 0, 0, 8, 0, 8, 0], [0, 0, 0, 0, 0, 0, 0, 8, 8, 8, 0, 8, 0, 8, 0], [0, 8, 8, 8, 0, 0, 8, 8, 8, 0, 8, 8, 8, 8, 8]], "output": [[8, 8, 8, 0, 0, 0, 0, 0, 8, 0, 8, 0, 0, 0, 0], [8, 0, 0, 0, 8, 8, 0, 8, 0, 0, 0, 0, 0, 0, 8], [8, 0, 0, 8, 0, 0, 8, 0, 0, 0, 0, 0, 8, 0, 8], [0, 8, 8, 0, 0, 8, 8, 0, 0, 0, 8, 8, 0, 0, 8], [0, 0, 0, 0, 0, 0, 0, 0, 3, 0, 0, 8, 0, 0, 0], [8, 0, 0, 0, 8, 0, 0, 0, 3, 0, 0, 8, 8, 0, 0], [0, 0, 0, 0, 0, 0, 0, 8, 3, 3, 8, 2, 2, 0, 0], [0, 8, 0, 0, 0, 0, 0, 0, 8, 3, 3, 3, 8, 0, 8], [0, 0, 8, 0, 0, 8, 8, 8, 0, 8, 8, 0, 0, 0, 0], [0, 8, 8, 8, 0, 0, 8, 0, 8, 0, 8, 0, 8, 8, 0], [0, 8, 0, 0, 8, 0, 0, 0, 8, 0, 8, 0, 8, 8, 0], [8, 0, 8, 8, 8, 0, 8, 8, 0, 0, 0, 0, 0, 0, 0], [0, 0, 8, 8, 8, 8, 8, 0, 8, 0, 0, 8, 0, 8, 0], [0, 0, 0, 0, 0, 0, 0, 8, 8, 8, 0, 8, 0, 8, 0], [0, 8, 8, 8, 0, 0, 8, 8, 8, 0, 8, 8, 8, 8, 8]]}, {"input": [[0, 0, 8, 0, 0, 0, 8, 8, 0, 0, 8, 0, 0, 0, 0, 8, 8, 0, 0], [0, 8, 0, 0, 8, 0, 0, 8, 8, 8, 0, 8, 8, 8, 8, 0, 0, 8, 0], [0, 0, 8, 0, 8, 0, 0, 0, 8, 0, 0, 0, 8, 8, 8, 0, 0, 8, 0], [0, 0, 0, 0, 0, 8, 0, 0, 8, 0, 8, 0, 0, 8, 8, 0, 0, 0, 0], [0, 0, 0, 0, 0, 8, 8, 8, 0, 0, 0, 8, 8, 0, 0, 0, 8, 0, 8], [8, 8, 8, 0, 0, 0, 0, 0, 8, 8, 0, 0, 8, 3, 8, 0, 0, 0, 0], [0, 8, 0, 0, 0, 0, 0, 8, 0, 0, 0, 0, 0, 3, 0, 0, 0, 8, 0], [0, 8, 0, 8, 0, 0, 0, 0, 0, 0, 0, 0, 8, 0, 0, 0, 0, 8, 0], [0, 8, 0, 8, 0, 0, 8, 0, 8, 8, 8, 8, 0, 0, 0, 8, 8, 0, 8], [0, 0, 8, 0, 0, 0, 0, 0, 0, 0, 0, 0, 8, 0, 8, 8, 8, 8, 0], [0, 0, 0, 0, 0, 8, 8, 0, 0, 8, 0, 8, 0, 0, 0, 2, 2, 0, 0], [0, 0, 0, 0, 8, 8, 0, 0, 0, 8, 0, 0, 0, 0, 0, 8, 0, 0, 0], [8, 0, 8, 0, 0, 0, 0, 0, 8, 0, 0, 0, 8, 0, 0, 8, 0, 0, 8], [0, 0, 0, 8, 0, 0, 8, 8, 0, 8, 0, 0, 8, 8, 0, 8, 8, 0, 8], [0, 8, 8, 0, 0, 8, 0, 0, 0, 8, 8, 0, 0, 0, 0, 8, 0, 0, 0], [0, 0, 0, 0, 8, 8, 0, 0, 0, 8, 0, 8, 8, 0, 8, 0, 8, 0, 8], [0, 0, 0, 0, 8, 0, 0, 8, 8, 0, 8, 8, 0, 8, 0, 0, 0, 0, 0], [0, 0, 0, 0, 0, 0, 0, 0, 0, 8, 0, 8, 8, 8, 0, 0, 0, 8, 0], [0, 0, 8, 0, 0, 8, 0, 0, 0, 0, 0, 0, 0, 0, 8, 0, 8, 0, 0]], "output": [[0, 0, 8, 0, 0, 0, 8, 8, 0, 0, 8, 0, 0, 0, 0, 8, 8, 0, 0], [0, 8, 0, 0, 8, 0, 0, 8, 8, 8, 0, 8, 8, 8, 8, 0, 0, 8, 0], [0, 0, 8, 0, 8, 0, 0, 0, 8, 0, 0, 0, 8, 8, 8, 0, 0, 8, 0], [0, 0, 0, 0, 0, 8, 0, 0, 8, 0, 8, 0, 0, 8, 8, 0, 0, 0, 0], [0, 0, 0, 0, 0, 8, 8, 8, 0, 0, 0, 8, 8, 0, 0, 0, 8, 0, 8], [8, 8, 8, 0, 0, 0, 0, 0, 8, 8, 0, 0, 8, 3, 8, 0, 0, 0, 0], [0, 8, 0, 0, 0, 0, 0, 8, 0, 0, 0, 0, 0, 3, 0, 0, 0, 8, 0], [0, 8, 0, 8, 0, 0, 0, 0, 0, 0, 0, 0, 8, 3, 0, 0, 0, 8, 0], [0, 8, 0, 8, 0, 0, 8, 0, 8, 8, 8, 8, 0, 3, 0, 8, 8, 0, 8], [0, 0, 8, 0, 0, 0, 0, 0, 0, 0, 0, 0, 8, 3, 8, 8, 8, 8, 0], [0, 0, 0, 0, 0, 8, 8, 0, 0, 8, 0, 8, 0, 3, 3, 2, 2, 0, 0], [0, 0, 0, 0, 8, 8, 0, 0, 0, 8, 0, 0, 0, 3, 3, 8, 0, 0, 0], [8, 0, 8, 0, 0, 0, 0, 0, 8, 0, 0, 0, 8, 3, 3, 8, 0, 0, 8], [0, 0, 0, 8, 0, 0, 8, 8, 0, 8, 0, 0, 8, 8, 0, 8, 8, 0, 8], [0, 8, 8, 0, 0, 8, 0, 0, 0, 8, 8, 0, 0, 0, 0, 8, 0, 0, 0], [0, 0, 0, 0, 8, 8, 0, 0, 0, 8, 0, 8, 8, 0, 8, 0, 8, 0, 8], [0, 0, 0, 0, 8, 0, 0, 8, 8, 0, 8, 8, 0, 8, 0, 0, 0, 0, 0], [0, 0, 0, 0, 0, 0, 0, 0, 0, 8, 0, 8, 8, 8, 0, 0, 0, 8, 0], [0, 0, 8, 0, 0, 8, 0, 0, 0, 0, 0, 0, 0, 0, 8, 0, 8, 0, 0]]}, {"input": [[0, 0, 0, 8, 0, 0, 8, 8, 8, 8, 0, 8, 8, 0, 0, 8, 0, 0, 0, 0], [0, 8, 0, 0, 0, 0, 0, 0, 8, 8, 0, 8, 2, 2, 0, 0, 8, 0, 0, 0], [8, 8, 0, 0, 0, 0, 0, 0, 0, 0, 0, 0, 0, 0, 0, 0, 8, 8, 0, 8], [0, 0, 0, 0, 0, 0, 0, 0, 8, 0, 0, 0, 0, 0, 0, 8, 8, 8, 0, 8], [0, 0, 8, 0, 0, 0, 8, 0, 0, 8, 8, 0, 0, 0, 8, 0, 8, 8, 0, 0], [0, 8, 0, 8, 0, 0, 0, 0, 0, 0, 0, 0, 0, 0, 8, 0, 0, 0, 8, 0], [8, 0, 0, 0, 0, 0, 3, 3, 0, 0, 0, 0, 0, 8, 0, 0, 8, 0, 0, 8], [0, 0, 0, 8, 0, 0, 0, 0, 0, 0, 0, 0, 0, 0, 0, 0, 0, 8, 8, 8], [8, 8, 0, 0, 0, 0, 0, 0, 0, 0, 0, 0, 0, 8, 0, 8, 0, 8, 0, 0], [0, 8, 8, 8, 0, 0, 0, 0, 8, 0, 0, 0, 0, 0, 0, 0, 0, 0, 8, 8], [0, 0, 8, 0, 0, 8, 0, 8, 0, 8, 0, 0, 8, 8, 0, 0, 8, 0, 0, 0], [0, 0, 0, 8, 8, 0, 8, 8, 0, 0, 8, 8, 0, 8, 0, 0, 0, 8, 0, 8], [0, 0, 0, 0, 8, 0, 0, 8, 0, 0, 0, 0, 0, 0, 8, 0, 0, 0, 0, 8], [8, 0, 8, 0, 8, 8, 0, 8, 8, 0, 0, 8, 0, 0, 0, 0, 0, 0, 0, 8], [0, 0, 8, 0, 0, 0, 0, 0, 0, 8, 8, 8, 0, 8, 0, 0, 0, 0, 0, 0], [8, 0, 0, 0, 8, 0, 0, 0, 0, 0, 0, 8, 0, 0, 0, 8, 0, 0, 0, 0], [0, 8, 8, 0, 0, 0, 0, 0, 8, 8, 0, 8, 0, 0, 0, 0, 0, 0, 0, 8], [0, 8, 8, 0, 0, 0, 0, 8, 0, 0, 8, 0, 0, 0, 8, 0, 0, 8, 0, 0], [8, 0, 0, 0, 0, 0, 0, 8, 0, 8, 0, 0, 0, 0, 0, 8, 8, 0, 8, 8], [0, 0, 8, 8, 8, 0, 0, 8, 8, 0, 8, 0, 0, 0, 0, 0, 0, 0, 0, 0]], "output": [[0, 0, 0, 8, 0, 0, 8, 8, 8, 8, 0, 8, 8, 0, 0, 8, 0, 0, 0, 0], [0, 8, 0, 0, 0, 0, 0, 0, 8, 8, 0, 8, 2, 2, 0, 0, 8, 0, 0, 0], [8, 8, 0, 0, 0, 0, 0, 0, 0, 0, 0, 0, 3, 0, 0, 0, 8, 8, 0, 8], [0, 0, 0, 0, 0, 0, 0, 0, 8, 0, 0, 0, 3, 0, 0, 8, 8, 8, 0, 8], [0, 0, 8, 0, 0, 0, 8, 0, 0, 8, 8, 0, 3, 0, 8, 0, 8, 8, 0, 0], [0, 8, 0, 8, 0, 0, 0, 0, 0, 0, 0, 0, 3, 0, 8, 0, 0, 0, 8, 0], [8, 0, 0, 0, 0, 0, 3, 3, 3, 3, 3, 3, 3, 8, 0, 0, 8, 0, 0, 8], [0, 0, 0, 8, 0, 0, 0, 0, 0, 0, 0, 0, 0, 0, 0, 0, 0, 8, 8, 8], [8, 8, 0, 0, 0, 0, 0, 0, 0, 0, 0, 0, 0, 8, 0, 8, 0, 8, 0, 0], [0, 8, 8, 8, 0, 0, 0, 0, 8, 0, 0, 0, 0, 0, 0, 0, 0, 0, 8, 8], [0, 0, 8, 0, 0, 8, 0, 8, 0, 8, 0, 0, 8, 8, 0, 0, 8, 0, 0, 0], [0, 0, 0, 8, 8, 0, 8, 8, 0, 0, 8, 8, 0, 8, 0, 0, 0, 8, 0, 8], [0, 0, 0, 0, 8, 0, 0, 8, 0, 0, 0, 0, 0, 0, 8, 0, 0, 0, 0, 8], [8, 0, 8, 0, 8, 8, 0, 8, 8, 0, 0, 8, 0, 0, 0, 0, 0, 0, 0, 8], [0, 0, 8, 0, 0, 0, 0, 0, 0, 8, 8, 8, 0, 8, 0, 0, 0, 0, 0, 0], [8, 0, 0, 0, 8, 0, 0, 0, 0, 0, 0, 8, 0, 0, 0, 8, 0, 0, 0, 0], [0, 8, 8, 0, 0, 0, 0, 0, 8, 8, 0, 8, 0, 0, 0, 0, 0, 0, 0, 8], [0, 8, 8, 0, 0, 0, 0, 8, 0, 0, 8, 0, 0, 0, 8, 0, 0, 8, 0, 0], [8, 0, 0, 0, 0, 0, 0, 8, 0, 8, 0, 0, 0, 0, 0, 8, 8, 0, 8, 8], [0, 0, 8, 8, 8, 0, 0, 8, 8, 0, 8, 0, 0, 0, 0, 0, 0, 0, 0, 0]]}, {"input": [[0, 8, 8, 8, 0, 0, 8, 8, 8, 0, 0, 0, 8, 8, 0, 0, 0, 0], [0, 0, 0, 8, 0, 0, 8, 0, 8, 8, 0, 0, 0, 8, 0, 8, 8, 8], [0, 0, 8, 0, 8, 0, 8, 0, 0, 0, 0, 8, 0, 0, 0, 0, 0, 8], [8, 8, 0, 0, 8, 0, 0, 8, 0, 8, 0, 0, 0, 0, 8, 8, 0, 8], [0, 0, 0, 8, 8, 8, 0, 0, 0, 8, 8, 0, 8, 0, 0, 0, 0, 0], [8, 8, 0, 0, 0, 0, 0, 0, 8, 0, 0, 0, 0, 8, 8, 8, 0, 0], [0, 8, 0, 0, 8, 0, 0, 8, 8, 0, 8, 8, 0, 0, 0, 8, 8, 0], [0, 0, 0, 8, 0, 0, 0, 0, 0, 0, 0, 0, 8, 8, 0, 0, 0, 0], [0, 0, 0, 0, 0, 0, 8, 8, 0, 0, 8, 8, 8, 8, 0, 8, 0, 8], [8, 0, 0, 0, 3, 0, 0, 8, 0, 0, 0, 0, 8, 0, 0, 0, 0, 8], [0, 0, 0, 0, 3, 0, 8, 0, 8, 8, 0, 0, 8, 0, 8, 8, 0, 0], [0, 0, 0, 8, 0, 8, 0, 8, 0, 0, 0, 0, 8, 0, 0, 0, 8, 8], [0, 8, 8, 8, 0, 0, 0, 0, 0, 0, 0, 0, 0, 0, 8, 0, 0, 0], [8, 0, 8, 0, 8, 0, 8, 0, 8, 0, 8, 8, 0, 0, 8, 0, 0, 0], [0, 0, 0, 8, 0, 0, 0, 8, 0, 0, 0, 0, 2, 2, 8, 8, 0, 0], [0, 0, 8, 8, 0, 8, 0, 0, 0, 8, 8, 0, 0, 8, 0, 8, 8, 0], [8, 0, 0, 0, 0, 8, 8, 8, 8, 0, 0, 0, 0, 0, 0, 0, 0, 0], [8, 0, 0, 0, 0, 0, 0, 0, 8, 0, 8, 0, 0, 8, 0, 0, 0, 0]], "output": [[0, 8, 8, 8, 0, 0, 8, 8, 8, 0, 0, 0, 8, 8, 0, 0, 0, 0], [0, 0, 0, 8, 0, 0, 8, 0, 8, 8, 0, 0, 0, 8, 0, 8, 8, 8], [0, 0, 8, 0, 8, 0, 8, 0, 0, 0, 0, 8, 0, 0, 0, 0, 0, 8], [8, 8, 0, 0, 8, 0, 0, 8, 0, 8, 0, 0, 0, 0, 8, 8, 0, 8], [0, 0, 0, 8, 8, 8, 0, 0, 0, 8, 8, 0, 8, 0, 0, 0, 0, 0], [8, 8, 0, 0, 0, 0, 0, 0, 8, 0, 0, 0, 0, 8, 8, 8, 0, 0], [0, 8, 0, 0, 8, 0, 0, 8, 8, 0, 8, 8, 0, 0, 0, 8, 8, 0], [0, 0, 0, 8, 0, 0, 0, 0, 0, 0, 0, 0, 8, 8, 0, 0, 0, 0], [0, 0, 0, 0, 0, 0, 8, 8, 0, 0, 8, 8, 8, 8, 0, 8, 0, 8], [8, 0, 0, 0, 3, 0, 0, 8, 0, 0, 0, 0, 8, 0, 0, 0, 0, 8], [0, 0, 0, 0, 3, 0, 8, 0, 8, 8, 0, 0, 8, 0, 8, 8, 0, 0], [0, 0, 0, 8, 3, 8, 0, 8, 0, 0, 0, 0, 8, 0, 0, 0, 8, 8], [0, 8, 8, 8, 3, 3, 3, 3, 3, 3, 3, 3, 3, 3, 8, 0, 0, 0], [8, 0, 8, 0, 8, 0, 8, 0, 8, 0, 8, 8, 0, 3, 8, 0, 0, 0], [0, 0, 0, 8, 0, 0, 0, 8, 0, 0, 0, 0, 2, 2, 8, 8, 0, 0], [0, 0, 8, 8, 0, 8, 0, 0, 0, 8, 8, 0, 0, 8, 0, 8, 8, 0], [8, 0, 0, 0, 0, 8, 8, 8, 8, 0, 0, 0, 0, 0, 0, 0, 0, 0], [8, 0, 0, 0, 0, 0, 0, 0, 8, 0, 8, 0, 0, 8, 0, 0, 0, 0]]}, {"input": [[0, 8, 0, 8, 8, 0, 0, 0, 8, 0, 0, 8, 0, 0, 0], [0, 8, 0, 0, 8, 8, 8, 0, 8, 2, 2, 0, 8, 0, 0], [8, 0, 0, 0, 0, 8, 8, 0, 0, 0, 0, 0, 8, 0, 0], [0, 0, 8, 0, 8, 0, 0, 0, 0, 0, 0, 0, 8, 0, 0], [0, 8, 8, 0, 0, 0, 0, 0, 0, 0, 0, 0, 8, 8, 8], [0, 0, 0, 0, 0, 0, 8, 0, 0, 0, 8, 0, 0, 0, 0], [0, 8, 0, 8, 3, 0, 0, 8, 0, 0, 0, 8, 0, 0, 8], [8, 0, 8, 8, 3, 0, 8, 0, 0, 0, 8, 0, 0, 0, 0], [0, 0, 8, 0, 0, 0, 8, 0, 0, 0, 0, 0, 8, 0, 0], [8, 0, 8, 0, 8, 0, 0, 8, 0, 8, 0, 0, 0, 0, 0], [8, 0, 0, 0, 0, 0, 0, 8, 0, 8, 8, 8, 8, 8, 0], [8, 0, 0, 8, 0, 0, 8, 0, 0, 0, 0, 0, 0, 0, 8], [0, 8, 8, 0, 8, 0, 0, 8, 8, 8, 0, 0, 0, 0, 0], [0, 0, 0, 0, 8, 0, 8, 0, 0, 0, 0, 0, 0, 0, 0], [8, 8, 0, 0, 0, 0, 0, 0, 0, 0, 0, 8, 0, 0, 0]], "output": [[0, 8, 0, 8, 8, 0, 0, 0, 8, 0, 0, 8, 0, 0, 0], [0, 8, 0, 0, 8, 8, 8, 0, 8, 2, 2, 3, 8, 0, 0], [8, 0, 0, 0, 0, 8, 8, 0, 0, 0, 0, 3, 8, 0, 0], [0, 0, 8, 0, 8, 0, 0, 0, 0, 0, 0, 3, 8, 0, 0], [0, 8, 8, 0, 3, 3, 3, 3, 3, 3, 3, 3, 8, 8, 8], [0, 0, 0, 0, 3, 0, 8, 0, 0, 0, 8, 0, 0, 0, 0], [0, 8, 0, 8, 3, 0, 0, 8, 0, 0, 0, 8, 0, 0, 8], [8, 0, 8, 8, 3, 0, 8, 0, 0, 0, 8, 0, 0, 0, 0], [0, 0, 8, 0, 0, 0, 8, 0, 0, 0, 0, 0, 8, 0, 0], [8, 0, 8, 0, 8, 0, 0, 8, 0, 8, 0, 0, 0, 0, 0], [8, 0, 0, 0, 0, 0, 0, 8, 0, 8, 8, 8, 8, 8, 0], [8, 0, 0, 8, 0, 0, 8, 0, 0, 0, 0, 0, 0, 0, 8], [0, 8, 8, 0, 8, 0, 0, 8, 8, 8, 0, 0, 0, 0, 0], [0, 0, 0, 0, 8, 0, 8, 0, 0, 0, 0, 0, 0, 0, 0], [8, 8, 0, 0, 0, 0, 0, 0, 0, 0, 0, 8, 0, 0, 0]]}]
