[{"input": [[0, 9, 0, 0, 9, 0], [0, 9, 4, 4, 9, 0], [9, 9, 9, 9, 9, 9], [9, 9, 9, 9, 9, 9], [0, 9, 4, 4, 9, 0], [0, 9, 0, 0, 9, 0], [0, 9, 0, 0, 9, 0], [0, 9, 4, 4, 9, 0], [9, 9, 9, 9, 9, 9], [9, 9, 9, 9, 9, 9], [0, 9, 4, 4, 9, 0], [0, 9, 0, 0, 9, 0], [0, 9, 0, 0, 9, 0], [0, 9, 4, 4, 9, 0], [9, 9, 9, 9, 9, 9], [9, 9, 9, 9, 9, 9], [0, 9, 4, 4, 9, 0], [0, 9, 0, 0, 9, 0]], "output": [[0, 9, 0, 0, 9, 0], [0, 9, 4, 4, 9, 0], [9, 9, 9, 9, 9, 9]]}, {"input": [[2, 0, 2], [2, 2, 2], [2, 0, 2], [2, 0, 2], [2, 2, 2], [2, 0, 2], [2, 0, 2], [2, 2, 2], [2, 0, 2]], "output": [[2, 0, 2], [2, 2, 2], [2, 0, 2]]}, {"input": [[5, 0, 5, 5], [5, 5, 5, 0], [0, 5, 5, 5], [5, 5, 0, 5], [5, 0, 5, 5], [5, 5, 5, 0], [0, 5, 5, 5], [5, 5, 0, 5], [5, 0, 5, 5], [5, 5, 5, 0], [0, 5, 5, 5], [5, 5, 0, 5]], "output": [[5, 0, 5, 5], [5, 5, 5, 0], [0, 5, 5, 5], [5, 5, 0, 5]]}, {"input": [[5, 5, 0, 0, 0, 5, 5], [5, 5, 9, 2, 9, 5, 5], [2, 2, 2, 2, 2, 2, 2], [2, 9, 2, 0, 2, 9, 2], [5, 9, 9, 0, 9, 9, 5], [5, 5, 9, 9, 9, 5, 5], [0, 9, 9, 0, 9, 9, 0], [5, 5, 0, 0, 0, 5, 5], [5, 5, 9, 2, 9, 5, 5], [2, 2, 2, 2, 2, 2, 2], [2, 9, 2, 0, 2, 9, 2], [5, 9, 9, 0, 9, 9, 5], [5, 5, 9, 9, 9, 5, 5], [0, 9, 9, 0, 9, 9, 0], [5, 5, 0, 0, 0, 5, 5], [5, 5, 9, 2, 9, 5, 5], [2, 2, 2, 2, 2, 2, 2], [2, 9, 2, 0, 2, 9, 2], [5, 9, 9, 0, 9, 9, 5], [5, 5, 9, 9, 9, 5, 5], [0, 9, 9, 0, 9, 9, 0]], "output": [[5, 5, 0, 0, 0, 5, 5], [5, 5, 9, 2, 9, 5, 5], [2, 2, 2, 2, 2, 2, 2], [2, 9, 2, 0, 2, 9, 2], [5, 9, 9, 0, 9, 9, 5], [5, 5, 9, 9, 9, 5, 5], [0, 9, 9, 0, 9, 9, 0]]}, {"input": [[5, 5, 5, 0, 0, 5], [0, 0, 9, 0, 0, 5], [0, 0, 9, 9, 9, 5], [5, 9, 9, 9, 0, 0], [5, 0, 0, 9, 0, 0], [5, 0, 0, 5, 5, 5], [5, 5, 5, 0, 0, 5], [0, 0, 9, 0, 0, 5], [0, 0, 9, 9, 9, 5], [5, 9, 9, 9, 0, 0], [5, 0, 0, 9, 0, 0], [5, 0, 0, 5, 5, 5], [5, 5, 5, 0, 0, 5], [0, 0, 9, 0, 0, 5], [0, 0, 9, 9, 9, 5], [5, 9, 9, 9, 0, 0], [5, 0, 0, 9, 0, 0], [5, 0, 0, 5, 5, 5]], "output": [[5, 5, 5, 0, 0, 5], [0, 0, 9, 0, 0, 5], [0, 0, 9, 9, 9, 5], [5, 9, 9, 9, 0, 0], [5, 0, 0, 9, 0, 0], [5, 0, 0, 5, 5, 5]]}, {"input": [[8, 8, 3, 3, 8], [8, 0, 8, 8, 8], [3, 8, 8, 8, 3], [3, 8, 8, 8, 8], [8, 8, 3, 8, 8], [8, 8, 3, 3, 8], [8, 0, 8, 8, 8], [3, 8, 8, 8, 3], [3, 8, 8, 8, 8], [8, 8, 3, 8, 8], [8, 8, 3, 3, 8], [8, 0, 8, 8, 8], [3, 8, 8, 8, 3], [3, 8, 8, 8, 8], [8, 8, 3, 8, 8]], "output": [[8, 8, 3, 3, 8], [8, 0, 8, 8, 8], [3, 8, 8, 8, 3], [3, 8, 8, 8, 8], [8, 8, 3, 8, 8]]}, {"input": [[7, 7, 7, 7], [7, 6, 1, 1], [7, 6, 1, 1], [7, 7, 7, 7], [7, 7, 7, 7], [7, 6, 1, 1], [7, 6, 1, 1], [7, 7, 7, 7], [7, 7, 7, 7], [7, 6, 1, 1], [7, 6, 1, 1], [7, 7, 7, 7]], "output": [[7, 7, 7, 7], [7, 6, 1, 1]]}, {"input": [[6, 6, 6, 5, 0], [0, 0, 5, 5, 5], [0, 0, 0, 5, 6], [0, 0, 0, 0, 6], [0, 0, 0, 0, 6], [6, 6, 6, 5, 0], [0, 0, 5, 5, 5], [0, 0, 0, 5, 6], [0, 0, 0, 0, 6], [0, 0, 0, 0, 6], [6, 6, 6, 5, 0], [0, 0, 5, 5, 5], [0, 0, 0, 5, 6], [0, 0, 0, 0, 6], [0, 0, 0, 0, 6]], "output": [[6, 6, 6, 5, 0], [0, 0, 5, 5, 5], [0, 0, 0, 5, 6], [0, 0, 0, 0, 6], [0, 0, 0, 0, 6]]}, {"input": [[9, 0, 9], [9, 8, 9], [9, 9, 9], [9, 0, 9], [9, 8, 9], [9, 9, 9], [9, 0, 9], [9, 8, 9], [9, 9, 9]], "output": [[9, 0, 9], [9, 8, 9], [9, 9, 9]]}, {"input": [[0, 0, 7, 7], [0, 0, 7, 7], [7, 7, 7, 7], [7, 7, 7, 7], [0, 0, 7, 7], [0, 0, 7, 7], [7, 7, 7, 7], [7, 7, 7, 7], [0, 0, 7, 7], [0, 0, 7, 7], [7, 7, 7, 7], [7, 7, 7, 7]], "output": [[0, 0, 7, 7], [0, 0, 7, 7], [7, 7, 7, 7], [7, 7, 7, 7]]}, {"input": [[0, 0, 7, 6, 6], [0, 1, 7, 7, 0], [7, 7, 1, 1, 6], [6, 7, 1, 0, 0], [6, 0, 6, 0, 0], [0, 0, 7, 6, 6], [0, 1, 7, 7, 0], [7, 7, 1, 1, 6], [6, 7, 1, 0, 0], [6, 0, 6, 0, 0], [0, 0, 7, 6, 6], [0, 1, 7, 7, 0], [7, 7, 1, 1, 6], [6, 7, 1, 0, 0], [6, 0, 6, 0, 0]], "output": [[0, 0, 7, 6, 6], [0, 1, 7, 7, 0], [7, 7, 1, 1, 6], [6, 7, 1, 0, 0], [6, 0, 6, 0, 0]]}, {"input": [[6, 9, 6, 0], [6, 6, 6, 6], [6, 6, 6, 6], [6, 9, 6, 0], [6, 9, 6, 0], [6, 6, 6, 6], [6, 6, 6, 6], [6, 9, 6, 0], [6, 9, 6, 0], [6, 6, 6, 6], [6, 6, 6, 6], [6, 9, 6, 0]], "output": [[6, 9, 6, 0], [6, 6, 6, 6]]}, {"input": [[0, 9, 0, 0, 0, 9, 0], [9, 5, 0, 0, 0, 5, 9], [5, 5, 0, 0, 0, 5, 5], [5, 9, 9, 7, 9, 9, 5], [7, 7, 7, 7, 7, 7, 7], [9, 7, 7, 5, 7, 7, 9], [9, 9, 9, 9, 9, 9, 9], [0, 9, 0, 0, 0, 9, 0], [9, 5, 0, 0, 0, 5, 9], [5, 5, 0, 0, 0, 5, 5], [5, 9, 9, 7, 9, 9, 5], [7, 7, 7, 7, 7, 7, 7], [9, 7, 7, 5, 7, 7, 9], [9, 9, 9, 9, 9, 9, 9], [0, 9, 0, 0, 0, 9, 0], [9, 5, 0, 0, 0, 5, 9], [5, 5, 0, 0, 0, 5, 5], [5, 9, 9, 7, 9, 9, 5], [7, 7, 7, 7, 7, 7, 7], [9, 7, 7, 5, 7, 7, 9], [9, 9, 9, 9, 9, 9, 9]], "output": [[0, 9, 0, 0, 0, 9, 0], [9, 5, 0, 0, 0, 5, 9], [5, 5, 0, 0, 0, 5, 5], [5, 9, 9, 7, 9, 9, 5], [7, 7, 7, 7, 7, 7, 7], [9, 7, 7, 5, 7, 7, 9], [9, 9, 9, 9, 9, 9, 9]]}, {"input": [[4, 4, 0, 0], [6, 6, 7, 0], [6, 4, 6, 4], [0, 6, 6, 4], [4, 4, 0, 0], [6, 6, 7, 0], [6, 4, 6, 4], [0, 6, 6, 4], [4, 4, 0, 0], [6, 6, 7, 0], [6, 4, 6, 4], [0, 6, 6, 4]], "output": [[4, 4, 0, 0], [6, 6, 7, 0], [6, 4, 6, 4], [0, 6, 6, 4]]}, {"input": [[0, 4, 9, 4, 4, 4, 0], [8, 8, 8, 4, 0, 0, 0], [9, 9, 8, 4, 4, 9, 0], [0, 9, 8, 8, 4, 4, 4], [0, 4, 8, 8, 0, 4, 9], [0, 9, 8, 8, 0, 0, 0], [0, 8, 8, 8, 0, 0, 0], [0, 4, 9, 4, 4, 4, 0], [8, 8, 8, 4, 0, 0, 0], [9, 9, 8, 4, 4, 9, 0], [0, 9, 8, 8, 4, 4, 4], [0, 4, 8, 8, 0, 4, 9], [0, 9, 8, 8, 0, 0, 0], [0, 8, 8, 8, 0, 0, 0], [0, 4, 9, 4, 4, 4, 0], [8, 8, 8, 4, 0, 0, 0], [9, 9, 8, 4, 4, 9, 0], [0, 9, 8, 8, 4, 4, 4], [0, 4, 8, 8, 0, 4, 9], [0, 9, 8, 8, 0, 0, 0], [0, 8, 8, 8, 0, 0, 0]], "output": [[0, 4, 9, 4, 4, 4, 0], [8, 8, 8, 4, 0, 0, 0], [9, 9, 8, 4, 4, 9, 0], [0, 9, 8, 8, 4, 4, 4], [0, 4, 8, 8, 0, 4, 9], [0, 9, 8, 8, 0, 0, 0], [0, 8, 8, 8, 0, 0, 0]]}, {"input": [[5, 5], [5, 5], [5, 5], [5, 5], [5, 5], [5, 5]], "output": [[5, 5]]}, {"input": [[5, 5, 0, 5], [0, 5, 5, 5], [5, 5, 5, 0], [5, 0, 5, 5], [5, 5, 0, 5], [0, 5, 5, 5], [5, 5, 5, 0], [5, 0, 5, 5], [5, 5, 0, 5], [0, 5, 5, 5], [5, 5, 5, 0], [5, 0, 5, 5]], "output": [[5, 5, 0, 5], [0, 5, 5, 5], [5, 5, 5, 0], [5, 0, 5, 5]]}, {"input": [[8, 8, 3, 4, 3], [4, 3, 3, 4, 4], [8, 8, 8, 3, 3], [8, 0, 8, 3, 8], [0, 8, 8, 4, 8], [8, 8, 3, 4, 3], [4, 3, 3, 4, 4], [8, 8, 8, 3, 3], [8, 0, 8, 3, 8], [0, 8, 8, 4, 8], [8, 8, 3, 4, 3], [4, 3, 3, 4, 4], [8, 8, 8, 3, 3], [8, 0, 8, 3, 8], [0, 8, 8, 4, 8]], "output": [[8, 8, 3, 4, 3], [4, 3, 3, 4, 4], [8, 8, 8, 3, 3], [8, 0, 8, 3, 8], [0, 8, 8, 4, 8]]}, {"input": [[3, 3, 3, 6, 3, 0, 0], [3, 3, 1, 1, 6, 0, 0], [1, 1, 1, 1, 6, 6, 3], [6, 6, 6, 6, 1, 1, 6], [1, 6, 6, 6, 1, 1, 3], [0, 0, 6, 6, 1, 3, 3], [0, 0, 1, 6, 1, 3, 3], [3, 3, 3, 6, 3, 0, 0], [3, 3, 1, 1, 6, 0, 0], [1, 1, 1, 1, 6, 6, 3], [6, 6, 6, 6, 1, 1, 6], [1, 6, 6, 6, 1, 1, 3], [0, 0, 6, 6, 1, 3, 3], [0, 0, 1, 6, 1, 3, 3], [3, 3, 3, 6, 3, 0, 0], [3, 3, 1, 1, 6, 0, 0], [1, 1, 1, 1, 6, 6, 3], [6, 6, 6, 6, 1, 1, 6], [1, 6, 6, 6, 1, 1, 3], [0, 0, 6, 6, 1, 3, 3], [0, 0, 1, 6, 1, 3, 3]], "output": [[3, 3, 3, 6, 3, 0, 0], [3, 3, 1, 1, 6, 0, 0], [1, 1, 1, 1, 6, 6, 3], [6, 6, 6, 6, 1, 1, 6], [1, 6, 6, 6, 1, 1, 3], [0, 0, 6, 6, 1, 3, 3], [0, 0, 1, 6, 1, 3, 3]]}, {"input": [[1, 0], [1, 1], [1, 0], [1, 1], [1, 0], [1, 1]], "output": [[1, 0], [1, 1]]}, {"input": [[9, 6, 6], [6, 0, 6], [6, 6, 0], [9, 6, 6], [6, 0, 6], [6, 6, 0], [9, 6, 6], [6, 0, 6], [6, 6, 0]], "output": [[9, 6, 6], [6, 0, 6], [6, 6, 0]]}, {"input": [[0, 2, 0, 2, 0], [2, 2, 0, 2, 2], [6, 6, 3, 6, 6], [3, 3, 3, 3, 3], [3, 3, 3, 3, 3], [0, 2, 0, 2, 0], [2, 2, 0, 2, 2], [6, 6, 3, 6, 6], [3, 3, 3, 3, 3], [3, 3, 3, 3, 3], [0, 2, 0, 2, 0], [2, 2, 0, 2, 2], [6, 6, 3, 6, 6], [3, 3, 3, 3, 3], [3, 3, 3, 3, 3]], "output": [[0, 2, 0, 2, 0], [2, 2, 0, 2, 2], [6, 6, 3, 6, 6], [3, 3, 3, 3, 3], [3, 3, 3, 3, 3]]}, {"input": [[7, 0, 7], [7, 0, 7], [3, 3, 3], [7, 0, 7], [7, 0, 7], [3, 3, 3], [7, 0, 7], [7, 0, 7], [3, 3, 3]], "output": [[7, 0, 7], [7, 0, 7], [3, 3, 3]]}, {"input": [[7, 9, 0], [9, 6, 9], [9, 9, 7], [7, 9, 0], [9, 6, 9], [9, 9, 7], [7, 9, 0], [9, 6, 9], [9, 9, 7]], "output": [[7, 9, 0], [9, 6, 9], [9, 9, 7]]}, {"input": [[5, 0, 5], [9, 9, 9], [9, 9, 9], [5, 0, 5], [9, 9, 9], [9, 9, 9], [5, 0, 5], [9, 9, 9], [9, 9, 9]], "output": [[5, 0, 5], [9, 9, 9], [9, 9, 9]]}]
