[{"input": [[0, 0, 0, 0, 0, 0, 0, 0, 0, 0, 0, 0, 0], [0, 0, 0, 0, 0, 0, 0, 0, 0, 0, 0, 0, 0], [0, 0, 0, 0, 0, 0, 0, 0, 0, 0, 0, 0, 0], [0, 0, 0, 0, 0, 0, 9, 9, 9, 9, 0, 0, 0], [0, 0, 0, 0, 0, 9, 9, 9, 9, 9, 0, 0, 0], [0, 0, 0, 9, 9, 9, 9, 9, 9, 9, 0, 0, 0], [0, 0, 0, 9, 9, 9, 9, 9, 9, 9, 0, 0, 0], [0, 0, 0, 0, 0, 9, 9, 9, 9, 9, 0, 0, 0], [0, 0, 0, 0, 0, 0, 9, 9, 9, 4, 4, 4, 0], [0, 0, 0, 0, 0, 0, 0, 0, 0, 4, 4, 4, 0], [0, 0, 0, 0, 0, 0, 0, 0, 0, 4, 4, 4, 0], [0, 0, 0, 0, 0, 0, 0, 0, 0, 4, 4, 4, 0], [0, 0, 0, 0, 0, 0, 0, 0, 0, 0, 0, 0, 0]], "output": [[0, 0, 0, 0, 0, 0, 0, 0, 0, 0, 0, 0, 0], [0, 0, 0, 0, 0, 0, 0, 0, 0, 0, 0, 0, 0], [0, 0, 0, 0, 0, 0, 0, 0, 0, 0, 0, 0, 0], [0, 0, 0, 0, 0, 0, 9, 9, 9, 9, 0, 0, 0], [0, 0, 0, 0, 0, 9, 9, 9, 9, 9, 0, 0, 0], [0, 0, 0, 9, 9, 9, 9, 9, 9, 9, 0, 0, 0], [0, 0, 0, 9, 9, 9, 9, 9, 9, 9, 0, 0, 0], [0, 0, 0, 0, 0, 9, 9, 9, 9, 9, 0, 0, 0], [0, 0, 0, 0, 0, 0, 9, 9, 9, 9, 0, 0, 0], [0, 0, 0, 0, 0, 0, 0, 0, 0, 0, 0, 0, 0], [0, 0, 0, 0, 0, 0, 0, 0, 0, 0, 0, 0, 0], [0, 0, 0, 0, 0, 0, 0, 0, 0, 0, 0, 0, 0], [0, 0, 0, 0, 0, 0, 0, 0, 0, 0, 0, 0, 0]]}, {"input": [[3, 3, 3, 3, 7, 7, 7, 0, 0, 0, 0, 0], [3, 3, 3, 3, 7, 7, 7, 0, 0, 0, 0, 0], [3, 3, 3, 3, 7, 7, 7, 0, 0, 0, 0, 0], [0, 0, 3, 3, 7, 7, 7, 0, 0, 0, 0, 0], [0, 0, 3, 3, 3, 0, 0, 0, 0, 0, 0, 0], [3, 3, 3, 3, 3, 0, 0, 0, 0, 0, 0, 0], [3, 3, 3, 3, 3, 0, 0, 0, 0, 0, 0, 0], [3, 3, 3, 3, 3, 0, 0, 0, 0, 0, 0, 0], [0, 0, 0, 0, 0, 0, 0, 0, 0, 0, 0, 0], [0, 0, 0, 0, 0, 0, 0, 0, 0, 0, 0, 0], [0, 0, 0, 0, 0, 0, 0, 0, 0, 0, 0, 0], [0, 0, 0, 0, 0, 0, 0, 0, 0, 0, 0, 0]], "output": [[3, 3, 3, 3, 3, 0, 0, 0, 0, 0, 0, 0], [3, 3, 3, 3, 3, 0, 0, 0, 0, 0, 0, 0], [3, 3, 3, 3, 3, 0, 0, 0, 0, 0, 0, 0], [0, 0, 3, 3, 3, 0, 0, 0, 0, 0, 0, 0], [0, 0, 3, 3, 3, 0, 0, 0, 0, 0, 0, 0], [3, 3, 3, 3, 3, 0, 0, 0, 0, 0, 0, 0], [3, 3, 3, 3, 3, 0, 0, 0, 0, 0, 0, 0], [3, 3, 3, 3, 3, 0, 0, 0, 0, 0, 0, 0], [0, 0, 0, 0, 0, 0, 0, 0, 0, 0, 0, 0], [0, 0, 0, 0, 0, 0, 0, 0, 0, 0, 0, 0], [0, 0, 0, 0, 0, 0, 0, 0, 0, 0, 0, 0], [0, 0, 0, 0, 0, 0, 0, 0, 0, 0, 0, 0]]}, {"input": [[0, 0, 0, 0, 0, 0, 0, 0, 0, 0, 0, 0, 0, 0], [0, 0, 0, 0, 0, 0, 0, 0, 0, 0, 0, 0, 0, 0], [0, 0, 0, 0, 0, 0, 0, 0, 0, 0, 0, 0, 0, 0], [0, 0, 0, 0, 0, 0, 0, 0, 0, 0, 0, 0, 0, 0], [0, 0, 0, 0, 0, 0, 0, 0, 0, 0, 0, 0, 0, 0], [0, 0, 0, 0, 0, 0, 0, 0, 0, 0, 0, 0, 0, 0], [0, 0, 0, 0, 0, 0, 5, 5, 5, 5, 5, 5, 5, 0], [0, 0, 0, 0, 0, 6, 6, 6, 5, 5, 5, 5, 5, 0], [0, 0, 0, 0, 0, 6, 6, 6, 5, 5, 5, 5, 0, 0], [0, 0, 0, 0, 0, 6, 6, 6, 5, 5, 5, 5, 5, 0], [0, 0, 0, 0, 0, 6, 6, 6, 5, 5, 5, 5, 5, 0], [0, 0, 0, 0, 0, 0, 0, 0, 0, 0, 0, 0, 0, 0]], "output": [[0, 0, 0, 0, 0, 0, 0, 0, 0, 0, 0, 0, 0, 0], [0, 0, 0, 0, 0, 0, 0, 0, 0, 0, 0, 0, 0, 0], [0, 0, 0, 0, 0, 0, 0, 0, 0, 0, 0, 0, 0, 0], [0, 0, 0, 0, 0, 0, 0, 0, 0, 0, 0, 0, 0, 0], [0, 0, 0, 0, 0, 0, 0, 0, 0, 0, 0, 0, 0, 0], [0, 0, 0, 0, 0, 0, 0, 0, 0, 0, 0, 0, 0, 0], [0, 0, 0, 0, 0, 0, 5, 5, 5, 5, 5, 5, 5, 0], [0, 0, 0, 0, 0, 0, 0, 0, 5, 5, 5, 5, 5, 0], [0, 0, 0, 0, 0, 0, 0, 0, 5, 5, 5, 5, 0, 0], [0, 0, 0, 0, 0, 0, 0, 0, 5, 5, 5, 5, 5, 0], [0, 0, 0, 0, 0, 0, 5, 5, 5, 5, 5, 5, 5, 0], [0, 0, 0, 0, 0, 0, 0, 0, 0, 0, 0, 0, 0, 0]]}, {"input": [[0, 0, 0, 0, 0, 0, 0, 0, 0, 0, 0, 0, 0, 0], [0, 0, 0, 0, 0, 0, 0, 0, 0, 0, 0, 0, 0, 0], [0, 0, 0, 0, 2, 2, 0, 2, 2, 2, 2, 2, 2, 0], [0, 0, 0, 2, 2, 2, 2, 2, 2, 0, 2, 2, 2, 0], [0, 0, 9, 9, 9, 2, 0, 0, 2, 2, 2, 2, 0, 0], [0, 0, 9, 9, 9, 0, 0, 0, 0, 0, 2, 2, 2, 0], [0, 0, 0, 2, 2, 2, 0, 0, 0, 0, 2, 2, 2, 0], [0, 0, 0, 2, 2, 2, 0, 0, 0, 0, 2, 2, 2, 0], [0, 0, 0, 2, 2, 0, 0, 0, 0, 0, 2, 2, 2, 0], [0, 0, 0, 2, 2, 2, 0, 0, 2, 2, 2, 2, 0, 0], [0, 0, 0, 2, 2, 2, 2, 2, 2, 0, 2, 2, 2, 0], [0, 0, 0, 0, 2, 2, 0, 2, 2, 2, 2, 2, 2, 0], [0, 0, 0, 0, 0, 0, 0, 0, 0, 0, 0, 0, 0, 0], [0, 0, 0, 0, 0, 0, 0, 0, 0, 0, 0, 0, 0, 0]], "output": [[0, 0, 0, 0, 0, 0, 0, 0, 0, 0, 0, 0, 0, 0], [0, 0, 0, 0, 0, 0, 0, 0, 0, 0, 0, 0, 0, 0], [0, 0, 0, 0, 2, 2, 0, 2, 2, 2, 2, 2, 2, 0], [0, 0, 0, 2, 2, 2, 2, 2, 2, 0, 2, 2, 2, 0], [0, 0, 0, 2, 2, 2, 0, 0, 2, 2, 2, 2, 0, 0], [0, 0, 0, 2, 2, 0, 0, 0, 0, 0, 2, 2, 2, 0], [0, 0, 0, 2, 2, 2, 0, 0, 0, 0, 2, 2, 2, 0], [0, 0, 0, 2, 2, 2, 0, 0, 0, 0, 2, 2, 2, 0], [0, 0, 0, 2, 2, 0, 0, 0, 0, 0, 2, 2, 2, 0], [0, 0, 0, 2, 2, 2, 0, 0, 2, 2, 2, 2, 0, 0], [0, 0, 0, 2, 2, 2, 2, 2, 2, 0, 2, 2, 2, 0], [0, 0, 0, 0, 2, 2, 0, 2, 2, 2, 2, 2, 2, 0], [0, 0, 0, 0, 0, 0, 0, 0, 0, 0, 0, 0, 0, 0], [0, 0, 0, 0, 0, 0, 0, 0, 0, 0, 0, 0, 0, 0]]}, {"input": [[0, 0, 0, 0, 0, 0, 0, 0, 0, 0, 0, 0, 0, 0], [0, 0, 0, 0, 0, 0, 0, 0, 0, 0, 0, 0, 0, 0], [0, 0, 0, 0, 0, 0, 0, 0, 0, 0, 0, 0, 0, 0], [0, 0, 0, 0, 0, 0, 0, 0, 0, 0, 0, 0, 0, 0], [0, 0, 0, 0, 0, 0, 0, 0, 0, 0, 0, 0, 0, 0], [0, 0, 0, 0, 0, 0, 0, 0, 5, 5, 5, 5, 5, 5], [0, 0, 0, 0, 0, 5, 5, 0, 0, 0, 5, 5, 5, 5], [0, 0, 0, 0, 0, 5, 5, 4, 4, 4, 4, 5, 5, 5], [0, 0, 0, 0, 0, 5, 5, 4, 4, 4, 4, 5, 5, 5], [0, 0, 0, 0, 0, 5, 5, 5, 5, 5, 5, 5, 5, 5], [0, 0, 0, 0, 0, 5, 5, 5, 0, 0, 0, 5, 5, 5], [0, 0, 0, 0, 0, 5, 5, 0, 0, 0, 5, 5, 5, 5], [0, 0, 0, 0, 0, 0, 0, 0, 5, 5, 5, 5, 5, 5]], "output": [[0, 0, 0, 0, 0, 0, 0, 0, 0, 0, 0, 0, 0, 0], [0, 0, 0, 0, 0, 0, 0, 0, 0, 0, 0, 0, 0, 0], [0, 0, 0, 0, 0, 0, 0, 0, 0, 0, 0, 0, 0, 0], [0, 0, 0, 0, 0, 0, 0, 0, 0, 0, 0, 0, 0, 0], [0, 0, 0, 0, 0, 0, 0, 0, 0, 0, 0, 0, 0, 0], [0, 0, 0, 0, 0, 0, 0, 0, 5, 5, 5, 5, 5, 5], [0, 0, 0, 0, 0, 5, 5, 0, 0, 0, 5, 5, 5, 5], [0, 0, 0, 0, 0, 5, 5, 5, 0, 0, 0, 5, 5, 5], [0, 0, 0, 0, 0, 5, 5, 5, 5, 5, 5, 5, 5, 5], [0, 0, 0, 0, 0, 5, 5, 5, 5, 5, 5, 5, 5, 5], [0, 0, 0, 0, 0, 5, 5, 5, 0, 0, 0, 5, 5, 5], [0, 0, 0, 0, 0, 5, 5, 0, 0, 0, 5, 5, 5, 5], [0, 0, 0, 0, 0, 0, 0, 0, 5, 5, 5, 5, 5, 5]]}, {"input": [[0, 0, 0, 0, 0, 0, 0, 0, 0, 0], [0, 0, 0, 0, 0, 0, 0, 0, 0, 0], [0, 0, 0, 0, 0, 7, 7, 2, 2, 0], [0, 0, 0, 0, 0, 7, 7, 2, 2, 0], [0, 0, 0, 7, 7, 7, 7, 2, 2, 0], [0, 0, 0, 7, 7, 7, 7, 7, 7, 0], [0, 0, 0, 7, 7, 7, 7, 7, 7, 0], [0, 0, 0, 0, 0, 7, 7, 7, 7, 0], [0, 0, 0, 0, 0, 7, 7, 7, 7, 0], [0, 0, 0, 0, 0, 0, 0, 0, 0, 0], [0, 0, 0, 0, 0, 0, 0, 0, 0, 0]], "output": [[0, 0, 0, 0, 0, 0, 0, 0, 0, 0], [0, 0, 0, 0, 0, 0, 0, 0, 0, 0], [0, 0, 0, 0, 0, 7, 7, 7, 7, 0], [0, 0, 0, 0, 0, 7, 7, 7, 7, 0], [0, 0, 0, 7, 7, 7, 7, 7, 7, 0], [0, 0, 0, 7, 7, 7, 7, 7, 7, 0], [0, 0, 0, 7, 7, 7, 7, 7, 7, 0], [0, 0, 0, 0, 0, 7, 7, 7, 7, 0], [0, 0, 0, 0, 0, 7, 7, 7, 7, 0], [0, 0, 0, 0, 0, 0, 0, 0, 0, 0], [0, 0, 0, 0, 0, 0, 0, 0, 0, 0]]}, {"input": [[0, 0, 0, 0, 0, 0, 0, 0, 0, 0], [0, 0, 0, 0, 0, 0, 0, 0, 0, 0], [0, 0, 0, 0, 0, 0, 0, 0, 0, 0], [0, 0, 0, 0, 1, 1, 0, 0, 0, 0], [0, 6, 6, 6, 1, 1, 6, 6, 0, 0], [0, 6, 6, 6, 6, 6, 0, 6, 0, 0], [0, 6, 6, 6, 6, 6, 0, 6, 0, 0], [0, 6, 6, 6, 0, 0, 0, 0, 0, 0], [0, 6, 6, 6, 6, 6, 0, 6, 0, 0], [0, 6, 6, 6, 6, 6, 0, 6, 0, 0], [0, 6, 6, 6, 6, 6, 6, 6, 0, 0]], "output": [[0, 0, 0, 0, 0, 0, 0, 0, 0, 0], [0, 0, 0, 0, 0, 0, 0, 0, 0, 0], [0, 0, 0, 0, 0, 0, 0, 0, 0, 0], [0, 0, 0, 0, 0, 0, 0, 0, 0, 0], [0, 6, 6, 6, 6, 6, 6, 6, 0, 0], [0, 6, 6, 6, 6, 6, 0, 6, 0, 0], [0, 6, 6, 6, 6, 6, 0, 6, 0, 0], [0, 6, 6, 6, 0, 0, 0, 0, 0, 0], [0, 6, 6, 6, 6, 6, 0, 6, 0, 0], [0, 6, 6, 6, 6, 6, 0, 6, 0, 0], [0, 6, 6, 6, 6, 6, 6, 6, 0, 0]]}, {"input": [[0, 0, 0, 0, 0, 0, 0, 0, 0, 0], [8, 8, 8, 8, 0, 0, 0, 0, 0, 0], [8, 8, 8, 8, 8, 0, 0, 0, 0, 0], [8, 8, 8, 8, 6, 6, 0, 0, 0, 0], [8, 8, 8, 8, 6, 6, 0, 0, 0, 0], [8, 8, 8, 8, 6, 6, 0, 0, 0, 0], [8, 8, 8, 8, 8, 0, 0, 0, 0, 0], [8, 8, 8, 8, 0, 0, 0, 0, 0, 0], [0, 0, 0, 0, 0, 0, 0, 0, 0, 0], [0, 0, 0, 0, 0, 0, 0, 0, 0, 0]], "output": [[0, 0, 0, 0, 0, 0, 0, 0, 0, 0], [8, 8, 8, 8, 0, 0, 0, 0, 0, 0], [8, 8, 8, 8, 8, 0, 0, 0, 0, 0], [8, 8, 8, 8, 0, 0, 0, 0, 0, 0], [8, 8, 8, 8, 0, 0, 0, 0, 0, 0], [8, 8, 8, 8, 0, 0, 0, 0, 0, 0], [8, 8, 8, 8, 8, 0, 0, 0, 0, 0], [8, 8, 8, 8, 0, 0, 0, 0, 0, 0], [0, 0, 0, 0, 0, 0, 0, 0, 0, 0], [0, 0, 0, 0, 0, 0, 0, 0, 0, 0]]}, {"input": [[0, 0, 0, 0, 0, 0, 0, 0, 0, 0, 0, 0], [0, 0, 0, 0, 0, 0, 0, 0, 0, 0, 0, 0], [0, 0, 0, 0, 0, 0, 0, 0, 0, 0, 0, 0], [4, 4, 4, 4, 0, 0, 0, 4, 0, 0, 0, 0], [4, 4, 4, 0, 4, 4, 4, 4, 4, 0, 0, 0], [4, 4, 4, 4, 4, 4, 4, 4, 4, 0, 0, 0], [4, 4, 4, 4, 4, 4, 4, 4, 4, 0, 0, 0], [4, 4, 4, 4, 4, 4, 4, 4, 4, 0, 0, 0], [4, 4, 4, 4, 4, 8, 8, 8, 4, 0, 0, 0], [4, 4, 4, 4, 4, 8, 8, 8, 4, 0, 0, 0], [4, 4, 4, 4, 4, 8, 8, 8, 4, 0, 0, 0], [4, 4, 4, 0, 4, 8, 8, 8, 4, 0, 0, 0], [4, 4, 4, 4, 0, 0, 0, 4, 0, 0, 0, 0]], "output": [[0, 0, 0, 0, 0, 0, 0, 0, 0, 0, 0, 0], [0, 0, 0, 0, 0, 0, 0, 0, 0, 0, 0, 0], [0, 0, 0, 0, 0, 0, 0, 0, 0, 0, 0, 0], [4, 4, 4, 4, 0, 0, 0, 4, 0, 0, 0, 0], [4, 4, 4, 0, 4, 4, 4, 4, 4, 0, 0, 0], [4, 4, 4, 4, 4, 4, 4, 4, 4, 0, 0, 0], [4, 4, 4, 4, 4, 4, 4, 4, 4, 0, 0, 0], [4, 4, 4, 4, 4, 4, 4, 4, 4, 0, 0, 0], [4, 4, 4, 4, 4, 4, 4, 4, 4, 0, 0, 0], [4, 4, 4, 4, 4, 4, 4, 4, 4, 0, 0, 0], [4, 4, 4, 4, 4, 4, 4, 4, 4, 0, 0, 0], [4, 4, 4, 0, 4, 4, 4, 4, 4, 0, 0, 0], [4, 4, 4, 4, 0, 0, 0, 4, 0, 0, 0, 0]]}, {"input": [[0, 0, 0, 0, 0, 0, 0, 0, 0, 0, 0], [0, 0, 0, 0, 0, 0, 0, 0, 0, 0, 0], [0, 0, 0, 0, 0, 0, 0, 0, 0, 0, 0], [0, 0, 0, 0, 0, 0, 0, 0, 0, 0, 0], [0, 0, 0, 5, 5, 5, 5, 5, 0, 0, 0], [0, 0, 0, 5, 5, 5, 5, 5, 5, 5, 0], [0, 0, 0, 5, 5, 5, 5, 5, 5, 5, 0], [0, 0, 7, 7, 7, 7, 5, 5, 5, 5, 0], [0, 0, 7, 7, 7, 7, 5, 5, 5, 5, 0], [0, 0, 7, 7, 7, 7, 5, 5, 0, 0, 0], [0, 0, 0, 0, 0, 0, 0, 0, 0, 0, 0], [0, 0, 0, 0, 0, 0, 0, 0, 0, 0, 0], [0, 0, 0, 0, 0, 0, 0, 0, 0, 0, 0], [0, 0, 0, 0, 0, 0, 0, 0, 0, 0, 0]], "output": [[0, 0, 0, 0, 0, 0, 0, 0, 0, 0, 0], [0, 0, 0, 0, 0, 0, 0, 0, 0, 0, 0], [0, 0, 0, 0, 0, 0, 0, 0, 0, 0, 0], [0, 0, 0, 0, 0, 0, 0, 0, 0, 0, 0], [0, 0, 0, 5, 5, 5, 5, 5, 0, 0, 0], [0, 0, 0, 5, 5, 5, 5, 5, 5, 5, 0], [0, 0, 0, 5, 5, 5, 5, 5, 5, 5, 0], [0, 0, 0, 5, 5, 5, 5, 5, 5, 5, 0], [0, 0, 0, 5, 5, 5, 5, 5, 5, 5, 0], [0, 0, 0, 5, 5, 5, 5, 5, 0, 0, 0], [0, 0, 0, 0, 0, 0, 0, 0, 0, 0, 0], [0, 0, 0, 0, 0, 0, 0, 0, 0, 0, 0], [0, 0, 0, 0, 0, 0, 0, 0, 0, 0, 0], [0, 0, 0, 0, 0, 0, 0, 0, 0, 0, 0]]}, {"input": [[0, 0, 0, 0, 0, 0, 0, 0, 0, 0, 0, 0, 0], [0, 0, 0, 0, 0, 0, 0, 0, 0, 0, 0, 0, 0], [0, 0, 0, 0, 0, 0, 0, 0, 0, 0, 0, 0, 0], [0, 0, 0, 0, 0, 0, 0, 0, 0, 0, 0, 0, 0], [0, 0, 0, 6, 6, 6, 6, 0, 0, 0, 0, 0, 0], [0, 0, 0, 6, 6, 6, 6, 7, 7, 0, 0, 0, 0], [0, 0, 0, 6, 6, 6, 6, 7, 7, 7, 7, 0, 7], [0, 0, 0, 7, 7, 0, 7, 7, 7, 7, 7, 7, 7], [0, 0, 0, 7, 7, 0, 7, 7, 7, 7, 7, 7, 7], [0, 0, 0, 7, 7, 7, 7, 7, 7, 7, 7, 0, 7], [0, 0, 0, 0, 0, 7, 7, 7, 7, 0, 0, 0, 0]], "output": [[0, 0, 0, 0, 0, 0, 0, 0, 0, 0, 0, 0, 0], [0, 0, 0, 0, 0, 0, 0, 0, 0, 0, 0, 0, 0], [0, 0, 0, 0, 0, 0, 0, 0, 0, 0, 0, 0, 0], [0, 0, 0, 0, 0, 0, 0, 0, 0, 0, 0, 0, 0], [0, 0, 0, 0, 0, 0, 0, 0, 0, 0, 0, 0, 0], [0, 0, 0, 0, 0, 7, 7, 7, 7, 0, 0, 0, 0], [0, 0, 0, 7, 7, 7, 7, 7, 7, 7, 7, 0, 7], [0, 0, 0, 7, 7, 0, 7, 7, 7, 7, 7, 7, 7], [0, 0, 0, 7, 7, 0, 7, 7, 7, 7, 7, 7, 7], [0, 0, 0, 7, 7, 7, 7, 7, 7, 7, 7, 0, 7], [0, 0, 0, 0, 0, 7, 7, 7, 7, 0, 0, 0, 0]]}, {"input": [[0, 0, 0, 0, 0, 0, 0, 0, 0, 0, 0], [0, 0, 0, 0, 6, 6, 6, 6, 6, 6, 6], [0, 0, 0, 0, 7, 7, 7, 6, 6, 6, 6], [0, 0, 0, 0, 7, 7, 7, 6, 6, 6, 6], [0, 0, 0, 0, 0, 0, 0, 0, 6, 6, 6], [0, 0, 0, 0, 0, 0, 0, 0, 6, 6, 6], [0, 0, 0, 0, 0, 0, 6, 6, 6, 6, 6], [0, 0, 0, 0, 6, 6, 6, 6, 6, 6, 6], [0, 0, 0, 0, 6, 6, 6, 6, 6, 6, 6], [0, 0, 0, 0, 0, 0, 0, 0, 0, 0, 0], [0, 0, 0, 0, 0, 0, 0, 0, 0, 0, 0]], "output": [[0, 0, 0, 0, 0, 0, 0, 0, 0, 0, 0], [0, 0, 0, 0, 6, 6, 6, 6, 6, 6, 6], [0, 0, 0, 0, 6, 6, 6, 6, 6, 6, 6], [0, 0, 0, 0, 0, 0, 6, 6, 6, 6, 6], [0, 0, 0, 0, 0, 0, 0, 0, 6, 6, 6], [0, 0, 0, 0, 0, 0, 0, 0, 6, 6, 6], [0, 0, 0, 0, 0, 0, 6, 6, 6, 6, 6], [0, 0, 0, 0, 6, 6, 6, 6, 6, 6, 6], [0, 0, 0, 0, 6, 6, 6, 6, 6, 6, 6], [0, 0, 0, 0, 0, 0, 0, 0, 0, 0, 0], [0, 0, 0, 0, 0, 0, 0, 0, 0, 0, 0]]}, {"input": [[0, 0, 0, 0, 5, 5, 0, 0, 0, 0, 0, 0], [0, 0, 0, 9, 5, 5, 9, 9, 9, 0, 0, 0], [0, 0, 0, 9, 9, 9, 9, 9, 9, 9, 0, 0], [0, 0, 0, 9, 9, 9, 9, 9, 9, 9, 9, 0], [0, 0, 0, 9, 9, 0, 0, 9, 9, 9, 9, 0], [0, 0, 0, 9, 9, 9, 9, 9, 9, 9, 9, 0], [0, 0, 0, 9, 9, 9, 9, 9, 9, 9, 0, 0], [0, 0, 0, 9, 0, 9, 9, 9, 9, 0, 0, 0], [0, 0, 0, 0, 0, 0, 0, 0, 0, 0, 0, 0], [0, 0, 0, 0, 0, 0, 0, 0, 0, 0, 0, 0]], "output": [[0, 0, 0, 0, 0, 0, 0, 0, 0, 0, 0, 0], [0, 0, 0, 9, 0, 9, 9, 9, 9, 0, 0, 0], [0, 0, 0, 9, 9, 9, 9, 9, 9, 9, 0, 0], [0, 0, 0, 9, 9, 9, 9, 9, 9, 9, 9, 0], [0, 0, 0, 9, 9, 0, 0, 9, 9, 9, 9, 0], [0, 0, 0, 9, 9, 9, 9, 9, 9, 9, 9, 0], [0, 0, 0, 9, 9, 9, 9, 9, 9, 9, 0, 0], [0, 0, 0, 9, 0, 9, 9, 9, 9, 0, 0, 0], [0, 0, 0, 0, 0, 0, 0, 0, 0, 0, 0, 0], [0, 0, 0, 0, 0, 0, 0, 0, 0, 0, 0, 0]]}, {"input": [[0, 0, 0, 0, 0, 0, 0, 0, 0, 0, 0], [0, 0, 0, 0, 0, 0, 0, 0, 0, 0, 0], [0, 0, 0, 0, 0, 0, 0, 0, 0, 0, 0], [0, 0, 0, 0, 0, 0, 0, 0, 0, 0, 0], [0, 0, 0, 6, 6, 6, 6, 6, 6, 6, 0], [0, 0, 0, 6, 6, 6, 6, 6, 6, 6, 6], [0, 0, 7, 7, 7, 7, 6, 6, 6, 6, 0], [0, 0, 7, 7, 7, 7, 6, 6, 6, 6, 6], [0, 0, 0, 0, 6, 6, 6, 6, 6, 6, 0], [0, 0, 0, 6, 6, 6, 6, 6, 6, 6, 6], [0, 0, 0, 6, 6, 6, 6, 6, 6, 6, 0]], "output": [[0, 0, 0, 0, 0, 0, 0, 0, 0, 0, 0], [0, 0, 0, 0, 0, 0, 0, 0, 0, 0, 0], [0, 0, 0, 0, 0, 0, 0, 0, 0, 0, 0], [0, 0, 0, 0, 0, 0, 0, 0, 0, 0, 0], [0, 0, 0, 6, 6, 6, 6, 6, 6, 6, 0], [0, 0, 0, 6, 6, 6, 6, 6, 6, 6, 6], [0, 0, 0, 0, 6, 6, 6, 6, 6, 6, 0], [0, 0, 0, 0, 0, 0, 6, 6, 6, 6, 6], [0, 0, 0, 0, 6, 6, 6, 6, 6, 6, 0], [0, 0, 0, 6, 6, 6, 6, 6, 6, 6, 6], [0, 0, 0, 6, 6, 6, 6, 6, 6, 6, 0]]}, {"input": [[0, 0, 0, 0, 0, 0, 0, 0, 0, 0, 0], [0, 0, 0, 0, 0, 0, 0, 0, 0, 0, 0], [0, 0, 0, 0, 0, 0, 0, 0, 0, 0, 0], [0, 0, 0, 0, 0, 0, 0, 0, 0, 0, 0], [0, 0, 0, 0, 0, 0, 0, 0, 0, 0, 0], [0, 0, 0, 0, 0, 9, 9, 9, 9, 9, 0], [0, 0, 0, 0, 0, 9, 9, 9, 9, 9, 0], [0, 0, 0, 0, 0, 9, 9, 4, 4, 4, 0], [0, 0, 0, 0, 0, 9, 9, 4, 4, 4, 0], [0, 0, 0, 0, 0, 9, 9, 9, 0, 0, 0], [0, 0, 0, 0, 0, 9, 9, 9, 9, 9, 0], [0, 0, 0, 0, 0, 9, 9, 9, 9, 9, 0], [0, 0, 0, 0, 0, 9, 9, 9, 9, 9, 0], [0, 0, 0, 0, 0, 0, 0, 0, 0, 0, 0]], "output": [[0, 0, 0, 0, 0, 0, 0, 0, 0, 0, 0], [0, 0, 0, 0, 0, 0, 0, 0, 0, 0, 0], [0, 0, 0, 0, 0, 0, 0, 0, 0, 0, 0], [0, 0, 0, 0, 0, 0, 0, 0, 0, 0, 0], [0, 0, 0, 0, 0, 0, 0, 0, 0, 0, 0], [0, 0, 0, 0, 0, 9, 9, 9, 9, 9, 0], [0, 0, 0, 0, 0, 9, 9, 9, 9, 9, 0], [0, 0, 0, 0, 0, 9, 9, 9, 9, 9, 0], [0, 0, 0, 0, 0, 9, 9, 9, 0, 0, 0], [0, 0, 0, 0, 0, 9, 9, 9, 0, 0, 0], [0, 0, 0, 0, 0, 9, 9, 9, 9, 9, 0], [0, 0, 0, 0, 0, 9, 9, 9, 9, 9, 0], [0, 0, 0, 0, 0, 9, 9, 9, 9, 9, 0], [0, 0, 0, 0, 0, 0, 0, 0, 0, 0, 0]]}, {"input": [[0, 0, 0, 0, 0, 0, 0, 0, 0, 0, 0], [0, 0, 0, 0, 0, 0, 0, 0, 0, 0, 0], [0, 0, 0, 0, 0, 0, 0, 0, 0, 0, 0], [0, 0, 0, 0, 0, 5, 5, 5, 0, 0, 0], [0, 0, 0, 0, 0, 5, 5, 5, 0, 0, 0], [0, 0, 0, 2, 2, 5, 5, 5, 0, 0, 0], [0, 0, 0, 2, 2, 2, 2, 2, 0, 0, 0], [0, 0, 0, 0, 0, 0, 0, 2, 0, 0, 0], [0, 0, 0, 2, 2, 2, 2, 2, 0, 0, 0], [0, 0, 0, 2, 2, 2, 2, 0, 0, 0, 0], [0, 0, 0, 0, 0, 0, 0, 0, 0, 0, 0], [0, 0, 0, 0, 0, 0, 0, 0, 0, 0, 0], [0, 0, 0, 0, 0, 0, 0, 0, 0, 0, 0], [0, 0, 0, 0, 0, 0, 0, 0, 0, 0, 0]], "output": [[0, 0, 0, 0, 0, 0, 0, 0, 0, 0, 0], [0, 0, 0, 0, 0, 0, 0, 0, 0, 0, 0], [0, 0, 0, 0, 0, 0, 0, 0, 0, 0, 0], [0, 0, 0, 0, 0, 0, 0, 0, 0, 0, 0], [0, 0, 0, 0, 0, 0, 0, 0, 0, 0, 0], [0, 0, 0, 2, 2, 2, 2, 0, 0, 0, 0], [0, 0, 0, 2, 2, 2, 2, 2, 0, 0, 0], [0, 0, 0, 0, 0, 0, 0, 2, 0, 0, 0], [0, 0, 0, 2, 2, 2, 2, 2, 0, 0, 0], [0, 0, 0, 2, 2, 2, 2, 0, 0, 0, 0], [0, 0, 0, 0, 0, 0, 0, 0, 0, 0, 0], [0, 0, 0, 0, 0, 0, 0, 0, 0, 0, 0], [0, 0, 0, 0, 0, 0, 0, 0, 0, 0, 0], [0, 0, 0, 0, 0, 0, 0, 0, 0, 0, 0]]}, {"input": [[0, 0, 0, 0, 0, 0, 0, 0, 0, 0, 0, 0], [0, 0, 0, 0, 0, 0, 0, 0, 0, 0, 0, 0], [0, 0, 0, 0, 0, 0, 0, 0, 0, 0, 0, 0], [0, 0, 6, 0, 0, 5, 5, 5, 6, 6, 6, 0], [0, 0, 6, 6, 6, 5, 5, 5, 6, 6, 0, 0], [0, 0, 0, 0, 6, 6, 6, 6, 6, 6, 0, 0], [0, 0, 0, 0, 0, 0, 0, 6, 6, 6, 6, 0], [0, 0, 0, 0, 6, 6, 6, 6, 6, 6, 0, 0], [0, 0, 6, 6, 6, 6, 6, 6, 6, 6, 0, 0], [0, 0, 6, 0, 0, 6, 6, 6, 6, 6, 6, 0]], "output": [[0, 0, 0, 0, 0, 0, 0, 0, 0, 0, 0, 0], [0, 0, 0, 0, 0, 0, 0, 0, 0, 0, 0, 0], [0, 0, 0, 0, 0, 0, 0, 0, 0, 0, 0, 0], [0, 0, 6, 0, 0, 6, 6, 6, 6, 6, 6, 0], [0, 0, 6, 6, 6, 6, 6, 6, 6, 6, 0, 0], [0, 0, 0, 0, 6, 6, 6, 6, 6, 6, 0, 0], [0, 0, 0, 0, 0, 0, 0, 6, 6, 6, 6, 0], [0, 0, 0, 0, 6, 6, 6, 6, 6, 6, 0, 0], [0, 0, 6, 6, 6, 6, 6, 6, 6, 6, 0, 0], [0, 0, 6, 0, 0, 6, 6, 6, 6, 6, 6, 0]]}, {"input": [[0, 0, 0, 0, 0, 0, 0, 0, 0, 0], [0, 0, 0, 0, 0, 0, 0, 0, 0, 0], [0, 0, 0, 0, 0, 0, 0, 0, 0, 0], [0, 0, 0, 7, 7, 0, 0, 0, 0, 0], [0, 0, 0, 7, 7, 0, 7, 7, 7, 7], [0, 0, 0, 7, 7, 7, 8, 8, 7, 0], [0, 0, 0, 7, 7, 7, 8, 8, 0, 0], [0, 0, 0, 7, 7, 7, 7, 7, 7, 0], [0, 0, 0, 7, 7, 0, 7, 7, 7, 7], [0, 0, 0, 7, 7, 0, 0, 0, 0, 0], [0, 0, 0, 0, 0, 0, 0, 0, 0, 0]], "output": [[0, 0, 0, 0, 0, 0, 0, 0, 0, 0], [0, 0, 0, 0, 0, 0, 0, 0, 0, 0], [0, 0, 0, 0, 0, 0, 0, 0, 0, 0], [0, 0, 0, 7, 7, 0, 0, 0, 0, 0], [0, 0, 0, 7, 7, 0, 7, 7, 7, 7], [0, 0, 0, 7, 7, 7, 7, 7, 7, 0], [0, 0, 0, 7, 7, 7, 0, 0, 0, 0], [0, 0, 0, 7, 7, 7, 7, 7, 7, 0], [0, 0, 0, 7, 7, 0, 7, 7, 7, 7], [0, 0, 0, 7, 7, 0, 0, 0, 0, 0], [0, 0, 0, 0, 0, 0, 0, 0, 0, 0]]}, {"input": [[0, 3, 3, 0, 0, 0, 0, 0, 0, 0, 0, 0, 0], [0, 3, 3, 0, 0, 0, 0, 0, 0, 0, 0, 0, 0], [0, 3, 3, 0, 0, 0, 0, 0, 0, 0, 0, 0, 0], [0, 3, 3, 1, 1, 1, 1, 1, 0, 0, 0, 0, 0], [0, 1, 1, 1, 1, 1, 1, 1, 0, 0, 0, 0, 0], [0, 1, 1, 1, 1, 1, 1, 1, 1, 0, 0, 0, 0], [0, 0, 0, 1, 1, 1, 1, 0, 0, 0, 0, 0, 0], [0, 0, 0, 0, 1, 1, 1, 0, 0, 0, 0, 0, 0], [0, 0, 0, 0, 1, 1, 1, 0, 0, 0, 0, 0, 0], [0, 0, 0, 1, 1, 1, 1, 0, 0, 0, 0, 0, 0], [0, 1, 1, 1, 1, 1, 1, 1, 1, 0, 0, 0, 0], [0, 1, 1, 1, 1, 1, 1, 1, 0, 0, 0, 0, 0], [0, 1, 1, 1, 1, 1, 1, 1, 0, 0, 0, 0, 0]], "output": [[0, 0, 0, 0, 0, 0, 0, 0, 0, 0, 0, 0, 0], [0, 0, 0, 0, 0, 0, 0, 0, 0, 0, 0, 0, 0], [0, 0, 0, 0, 0, 0, 0, 0, 0, 0, 0, 0, 0], [0, 1, 1, 1, 1, 1, 1, 1, 0, 0, 0, 0, 0], [0, 1, 1, 1, 1, 1, 1, 1, 0, 0, 0, 0, 0], [0, 1, 1, 1, 1, 1, 1, 1, 1, 0, 0, 0, 0], [0, 0, 0, 1, 1, 1, 1, 0, 0, 0, 0, 0, 0], [0, 0, 0, 0, 1, 1, 1, 0, 0, 0, 0, 0, 0], [0, 0, 0, 0, 1, 1, 1, 0, 0, 0, 0, 0, 0], [0, 0, 0, 1, 1, 1, 1, 0, 0, 0, 0, 0, 0], [0, 1, 1, 1, 1, 1, 1, 1, 1, 0, 0, 0, 0], [0, 1, 1, 1, 1, 1, 1, 1, 0, 0, 0, 0, 0], [0, 1, 1, 1, 1, 1, 1, 1, 0, 0, 0, 0, 0]]}, {"input": [[2, 2, 2, 2, 2, 2, 2, 0, 0, 0, 0, 0], [2, 2, 2, 2, 2, 2, 2, 0, 0, 0, 0, 0], [2, 2, 2, 2, 2, 2, 2, 0, 0, 0, 0, 0], [2, 2, 2, 2, 2, 2, 2, 0, 0, 0, 0, 0], [2, 2, 2, 2, 2, 2, 1, 1, 0, 0, 0, 0], [2, 2, 2, 2, 2, 2, 1, 1, 0, 0, 0, 0], [2, 2, 2, 2, 2, 2, 1, 1, 0, 0, 0, 0], [2, 2, 2, 2, 2, 2, 1, 1, 0, 0, 0, 0], [2, 2, 2, 2, 2, 2, 2, 0, 0, 0, 0, 0], [0, 0, 0, 0, 0, 0, 0, 0, 0, 0, 0, 0], [0, 0, 0, 0, 0, 0, 0, 0, 0, 0, 0, 0], [0, 0, 0, 0, 0, 0, 0, 0, 0, 0, 0, 0]], "output": [[2, 2, 2, 2, 2, 2, 2, 0, 0, 0, 0, 0], [2, 2, 2, 2, 2, 2, 2, 0, 0, 0, 0, 0], [2, 2, 2, 2, 2, 2, 2, 0, 0, 0, 0, 0], [2, 2, 2, 2, 2, 2, 2, 0, 0, 0, 0, 0], [2, 2, 2, 2, 2, 2, 0, 0, 0, 0, 0, 0], [2, 2, 2, 2, 2, 2, 2, 0, 0, 0, 0, 0], [2, 2, 2, 2, 2, 2, 2, 0, 0, 0, 0, 0], [2, 2, 2, 2, 2, 2, 2, 0, 0, 0, 0, 0], [2, 2, 2, 2, 2, 2, 2, 0, 0, 0, 0, 0], [0, 0, 0, 0, 0, 0, 0, 0, 0, 0, 0, 0], [0, 0, 0, 0, 0, 0, 0, 0, 0, 0, 0, 0], [0, 0, 0, 0, 0, 0, 0, 0, 0, 0, 0, 0]]}, {"input": [[0, 0, 0, 0, 0, 0, 0, 0, 0, 0], [0, 0, 0, 0, 0, 0, 0, 0, 0, 0], [0, 0, 0, 0, 0, 0, 0, 0, 0, 0], [0, 0, 0, 0, 0, 0, 0, 0, 0, 0], [0, 0, 0, 0, 3, 3, 3, 3, 3, 0], [0, 0, 0, 0, 3, 3, 3, 3, 3, 0], [0, 0, 0, 0, 3, 6, 6, 6, 3, 0], [0, 0, 0, 0, 3, 6, 6, 6, 3, 0], [0, 0, 0, 0, 3, 3, 3, 3, 3, 0], [0, 0, 0, 0, 3, 3, 3, 3, 3, 0], [0, 0, 0, 0, 0, 0, 0, 0, 0, 0]], "output": [[0, 0, 0, 0, 0, 0, 0, 0, 0, 0], [0, 0, 0, 0, 0, 0, 0, 0, 0, 0], [0, 0, 0, 0, 0, 0, 0, 0, 0, 0], [0, 0, 0, 0, 0, 0, 0, 0, 0, 0], [0, 0, 0, 0, 3, 3, 3, 3, 3, 0], [0, 0, 0, 0, 3, 3, 3, 3, 3, 0], [0, 0, 0, 0, 3, 0, 0, 0, 3, 0], [0, 0, 0, 0, 3, 0, 0, 0, 3, 0], [0, 0, 0, 0, 3, 3, 3, 3, 3, 0], [0, 0, 0, 0, 3, 3, 3, 3, 3, 0], [0, 0, 0, 0, 0, 0, 0, 0, 0, 0]]}, {"input": [[0, 0, 0, 8, 8, 8, 8, 8, 8, 0, 0], [0, 0, 0, 8, 0, 8, 8, 8, 8, 0, 0], [0, 0, 0, 8, 8, 8, 8, 8, 8, 0, 0], [0, 0, 0, 8, 8, 8, 8, 8, 8, 0, 0], [0, 0, 0, 8, 8, 8, 8, 8, 8, 0, 0], [0, 0, 0, 8, 8, 8, 8, 8, 8, 0, 0], [0, 0, 0, 8, 8, 8, 8, 8, 8, 0, 0], [0, 0, 0, 8, 8, 8, 8, 8, 8, 0, 0], [0, 0, 0, 8, 0, 6, 6, 8, 8, 0, 0], [0, 0, 0, 8, 8, 6, 6, 8, 8, 0, 0], [0, 0, 0, 0, 0, 0, 0, 0, 0, 0, 0], [0, 0, 0, 0, 0, 0, 0, 0, 0, 0, 0], [0, 0, 0, 0, 0, 0, 0, 0, 0, 0, 0]], "output": [[0, 0, 0, 8, 8, 8, 8, 8, 8, 0, 0], [0, 0, 0, 8, 0, 8, 8, 8, 8, 0, 0], [0, 0, 0, 8, 8, 8, 8, 8, 8, 0, 0], [0, 0, 0, 8, 8, 8, 8, 8, 8, 0, 0], [0, 0, 0, 8, 8, 8, 8, 8, 8, 0, 0], [0, 0, 0, 8, 8, 8, 8, 8, 8, 0, 0], [0, 0, 0, 8, 8, 8, 8, 8, 8, 0, 0], [0, 0, 0, 8, 8, 8, 8, 8, 8, 0, 0], [0, 0, 0, 8, 0, 8, 8, 8, 8, 0, 0], [0, 0, 0, 8, 8, 8, 8, 8, 8, 0, 0], [0, 0, 0, 0, 0, 0, 0, 0, 0, 0, 0], [0, 0, 0, 0, 0, 0, 0, 0, 0, 0, 0], [0, 0, 0, 0, 0, 0, 0, 0, 0, 0, 0]]}, {"input": [[0, 0, 0, 0, 0, 0, 0, 0, 0, 0, 0, 0], [0, 0, 0, 0, 0, 0, 3, 3, 3, 3, 3, 3], [0, 0, 0, 0, 0, 0, 3, 3, 3, 3, 3, 3], [0, 0, 0, 0, 0, 0, 3, 3, 3, 3, 0, 3], [0, 0, 0, 0, 0, 0, 0, 3, 3, 3, 3, 3], [0, 0, 0, 0, 0, 0, 0, 0, 3, 3, 3, 3], [0, 0, 0, 9, 9, 9, 9, 3, 3, 3, 3, 3], [0, 0, 0, 9, 9, 9, 9, 3, 3, 3, 0, 3], [0, 0, 0, 0, 0, 0, 3, 3, 3, 3, 3, 3], [0, 0, 0, 0, 0, 0, 3, 3, 3, 3, 3, 3], [0, 0, 0, 0, 0, 0, 0, 0, 0, 0, 0, 0], [0, 0, 0, 0, 0, 0, 0, 0, 0, 0, 0, 0]], "output": [[0, 0, 0, 0, 0, 0, 0, 0, 0, 0, 0, 0], [0, 0, 0, 0, 0, 0, 3, 3, 3, 3, 3, 3], [0, 0, 0, 0, 0, 0, 3, 3, 3, 3, 3, 3], [0, 0, 0, 0, 0, 0, 3, 3, 3, 3, 0, 3], [0, 0, 0, 0, 0, 0, 0, 3, 3, 3, 3, 3], [0, 0, 0, 0, 0, 0, 0, 0, 3, 3, 3, 3], [0, 0, 0, 0, 0, 0, 0, 3, 3, 3, 3, 3], [0, 0, 0, 0, 0, 0, 3, 3, 3, 3, 0, 3], [0, 0, 0, 0, 0, 0, 3, 3, 3, 3, 3, 3], [0, 0, 0, 0, 0, 0, 3, 3, 3, 3, 3, 3], [0, 0, 0, 0, 0, 0, 0, 0, 0, 0, 0, 0], [0, 0, 0, 0, 0, 0, 0, 0, 0, 0, 0, 0]]}, {"input": [[0, 0, 0, 0, 0, 0, 0, 0, 0, 0, 0, 0, 0, 0], [0, 0, 0, 0, 0, 0, 0, 6, 6, 6, 0, 0, 0, 0], [0, 0, 0, 4, 4, 4, 4, 6, 6, 6, 0, 0, 0, 0], [0, 0, 0, 4, 4, 4, 4, 6, 6, 6, 0, 0, 0, 0], [0, 0, 0, 4, 4, 4, 4, 6, 6, 6, 0, 0, 0, 0], [0, 0, 0, 4, 4, 4, 4, 4, 0, 0, 0, 0, 0, 0], [0, 0, 0, 4, 4, 4, 4, 4, 0, 0, 0, 0, 0, 0], [0, 0, 0, 4, 4, 4, 4, 4, 0, 0, 0, 0, 0, 0], [0, 0, 0, 4, 4, 4, 4, 4, 0, 0, 0, 0, 0, 0], [0, 0, 0, 4, 4, 4, 4, 0, 0, 0, 0, 0, 0, 0], [0, 0, 0, 0, 0, 0, 0, 0, 0, 0, 0, 0, 0, 0], [0, 0, 0, 0, 0, 0, 0, 0, 0, 0, 0, 0, 0, 0], [0, 0, 0, 0, 0, 0, 0, 0, 0, 0, 0, 0, 0, 0]], "output": [[0, 0, 0, 0, 0, 0, 0, 0, 0, 0, 0, 0, 0, 0], [0, 0, 0, 0, 0, 0, 0, 0, 0, 0, 0, 0, 0, 0], [0, 0, 0, 4, 4, 4, 4, 0, 0, 0, 0, 0, 0, 0], [0, 0, 0, 4, 4, 4, 4, 4, 0, 0, 0, 0, 0, 0], [0, 0, 0, 4, 4, 4, 4, 4, 0, 0, 0, 0, 0, 0], [0, 0, 0, 4, 4, 4, 4, 4, 0, 0, 0, 0, 0, 0], [0, 0, 0, 4, 4, 4, 4, 4, 0, 0, 0, 0, 0, 0], [0, 0, 0, 4, 4, 4, 4, 4, 0, 0, 0, 0, 0, 0], [0, 0, 0, 4, 4, 4, 4, 4, 0, 0, 0, 0, 0, 0], [0, 0, 0, 4, 4, 4, 4, 0, 0, 0, 0, 0, 0, 0], [0, 0, 0, 0, 0, 0, 0, 0, 0, 0, 0, 0, 0, 0], [0, 0, 0, 0, 0, 0, 0, 0, 0, 0, 0, 0, 0, 0], [0, 0, 0, 0, 0, 0, 0, 0, 0, 0, 0, 0, 0, 0]]}, {"input": [[0, 0, 0, 0, 0, 0, 0, 0, 0, 0, 0, 0, 0, 0], [0, 0, 0, 0, 0, 0, 0, 0, 0, 0, 0, 0, 0, 0], [0, 0, 0, 0, 0, 0, 0, 0, 0, 0, 0, 0, 0, 0], [0, 0, 0, 0, 0, 5, 5, 5, 0, 3, 3, 3, 0, 0], [0, 0, 0, 3, 3, 5, 5, 5, 3, 3, 3, 3, 0, 0], [0, 0, 0, 3, 3, 5, 5, 5, 3, 3, 3, 3, 0, 0], [0, 0, 0, 0, 0, 5, 5, 5, 3, 3, 3, 3, 0, 0], [0, 0, 0, 0, 0, 0, 3, 3, 3, 3, 3, 3, 0, 0], [0, 0, 0, 0, 0, 0, 3, 3, 3, 3, 3, 3, 0, 0], [0, 0, 0, 0, 0, 3, 3, 3, 3, 3, 3, 3, 0, 0], [0, 0, 0, 3, 3, 3, 0, 3, 3, 3, 3, 3, 0, 0], [0, 0, 0, 3, 3, 3, 0, 3, 3, 3, 3, 3, 0, 0], [0, 0, 0, 0, 0, 0, 0, 0, 0, 3, 3, 3, 0, 0], [0, 0, 0, 0, 0, 0, 0, 0, 0, 0, 0, 0, 0, 0]], "output": [[0, 0, 0, 0, 0, 0, 0, 0, 0, 0, 0, 0, 0, 0], [0, 0, 0, 0, 0, 0, 0, 0, 0, 0, 0, 0, 0, 0], [0, 0, 0, 0, 0, 0, 0, 0, 0, 0, 0, 0, 0, 0], [0, 0, 0, 0, 0, 0, 0, 0, 0, 3, 3, 3, 0, 0], [0, 0, 0, 3, 3, 3, 0, 3, 3, 3, 3, 3, 0, 0], [0, 0, 0, 3, 3, 3, 0, 3, 3, 3, 3, 3, 0, 0], [0, 0, 0, 0, 0, 3, 3, 3, 3, 3, 3, 3, 0, 0], [0, 0, 0, 0, 0, 0, 3, 3, 3, 3, 3, 3, 0, 0], [0, 0, 0, 0, 0, 0, 3, 3, 3, 3, 3, 3, 0, 0], [0, 0, 0, 0, 0, 3, 3, 3, 3, 3, 3, 3, 0, 0], [0, 0, 0, 3, 3, 3, 0, 3, 3, 3, 3, 3, 0, 0], [0, 0, 0, 3, 3, 3, 0, 3, 3, 3, 3, 3, 0, 0], [0, 0, 0, 0, 0, 0, 0, 0, 0, 3, 3, 3, 0, 0], [0, 0, 0, 0, 0, 0, 0, 0, 0, 0, 0, 0, 0, 0]]}]
