[{"input": [[2, 2, 2, 0, 2, 2, 4, 0, 0, 2, 0, 0, 0], [0, 2, 2, 2, 0, 0, 4, 2, 0, 0, 0, 0, 0], [0, 2, 2, 0, 0, 2, 4, 0, 0, 0, 0, 2, 2], [2, 0, 2, 2, 0, 2, 4, 2, 0, 2, 0, 2, 2], [2, 0, 0, 0, 0, 0, 4, 2, 2, 0, 0, 0, 0]], "output": [[3, 3, 0, 0, 3, 3], [3, 3, 3, 3, 0, 0], [0, 3, 3, 0, 3, 0], [0, 0, 0, 3, 3, 0], [0, 3, 0, 0, 0, 0]]}, {"input": [[0, 2, 0, 0, 2, 0, 4, 0, 2, 0, 2, 0, 0], [2, 0, 0, 2, 0, 2, 4, 2, 0, 2, 0, 0, 0], [0, 0, 0, 0, 0, 2, 4, 2, 2, 2, 0, 2, 0], [0, 0, 0, 2, 0, 0, 4, 2, 2, 0, 0, 0, 2], [0, 2, 2, 0, 2, 0, 4, 2, 2, 2, 0, 2, 0]], "output": [[0, 0, 0, 3, 3, 0], [0, 0, 3, 3, 0, 3], [3, 3, 3, 0, 3, 3], [3, 3, 0, 3, 0, 3], [3, 0, 0, 0, 0, 0]]}, {"input": [[0, 0, 0, 0, 2, 2, 4, 0, 2, 2, 2, 2, 0], [0, 0, 0, 2, 2, 2, 4, 0, 2, 2, 2, 0, 2], [2, 2, 0, 0, 0, 0, 4, 2, 0, 0, 2, 2, 0], [0, 0, 2, 0, 2, 2, 4, 2, 2, 2, 2, 2, 0], [2, 0, 0, 2, 2, 2, 4, 0, 2, 0, 2, 0, 0]], "output": [[0, 3, 3, 3, 0, 3], [0, 3, 3, 0, 3, 0], [0, 3, 0, 3, 3, 0], [3, 3, 0, 3, 0, 3], [3, 3, 0, 0, 3, 3]]}, {"input": [[0, 0, 2, 2, 0, 2, 4, 0, 2, 2, 0, 0, 2], [0, 0, 0, 2, 0, 2, 4, 0, 2, 0, 2, 0, 2], [2, 0, 2, 2, 2, 2, 4, 0, 0, 2, 2, 0, 0], [0, 2, 2, 2, 2, 0, 4, 2, 0, 2, 2, 2, 2], [0, 2, 2, 2, 0, 0, 4, 2, 2, 0, 0, 0, 0]], "output": [[0, 3, 0, 3, 0, 0], [0, 3, 0, 0, 0, 0], [3, 0, 0, 0, 3, 3], [3, 3, 0, 0, 0, 3], [3, 0, 3, 3, 0, 0]]}, {"input": [[2, 0, 2, 0, 2, 2, 4, 0, 2, 0, 2, 0, 2], [2, 2, 2, 2, 2, 2, 4, 2, 2, 0, 2, 0, 2], [0, 2, 2, 2, 0, 0, 4, 0, 0, 2, 2, 2, 2], [2, 0, 2, 2, 0, 0, 4, 2, 2, 2, 0, 0, 2], [0, 0, 2, 2, 2, 2, 4, 0, 0, 0, 0, 2, 0]], "output": [[3, 3, 3, 3, 3, 0], [0, 0, 3, 0, 3, 0], [0, 3, 0, 0, 3, 3], [0, 3, 0, 3, 0, 3], [0, 0, 3, 3, 0, 3]]}, {"input": [[2, 0, 2, 2, 0, 0, 4, 2, 2, 2, 2, 0, 0], [0, 0, 2, 2, 2, 0, 4, 0, 0, 2, 2, 0, 2], [0, 2, 2, 2, 2, 2, 4, 0, 2, 0, 2, 0, 0], [0, 0, 2, 2, 0, 2, 4, 0, 0, 2, 2, 0, 0], [2, 0, 2, 0, 0, 0, 4, 2, 2, 0, 2, 2, 0]], "output": [[0, 3, 0, 0, 0, 0], [0, 0, 0, 0, 3, 3], [0, 0, 3, 0, 3, 3], [0, 0, 0, 0, 0, 3], [0, 3, 3, 3, 3, 0]]}, {"input": [[2, 2, 0, 0, 0, 0, 4, 2, 0, 2, 0, 0, 2], [2, 0, 2, 2, 2, 2, 4, 0, 0, 2, 2, 0, 0], [0, 0, 0, 0, 2, 2, 4, 0, 0, 2, 0, 0, 0], [0, 0, 0, 0, 2, 2, 4, 2, 0, 0, 0, 0, 0], [0, 2, 0, 2, 2, 0, 4, 2, 0, 0, 2, 2, 2]], "output": [[0, 3, 3, 0, 0, 3], [3, 0, 0, 0, 3, 3], [0, 0, 3, 0, 3, 3], [3, 0, 0, 0, 3, 3], [3, 3, 0, 0, 0, 3]]}, {"input": [[0, 0, 2, 0, 2, 2, 4, 0, 2, 2, 2, 2, 2], [0, 2, 2, 0, 0, 0, 4, 0, 2, 0, 0, 2, 0], [0, 0, 0, 2, 0, 0, 4, 0, 0, 2, 0, 2, 2], [2, 2, 2, 2, 2, 2, 4, 2, 0, 2, 0, 2, 0], [0, 2, 0, 2, 2, 2, 4, 0, 0, 2, 0, 0, 0]], "output": [[0, 3, 0, 3, 0, 0], [0, 0, 3, 0, 3, 0], [0, 0, 3, 3, 3, 3], [0, 3, 0, 3, 0, 3], [0, 3, 3, 3, 3, 3]]}, {"input": [[2, 2, 0, 2, 2, 2, 4, 0, 0, 2, 0, 0, 2], [2, 2, 2, 0, 2, 0, 4, 2, 2, 2, 2, 2, 2], [2, 0, 0, 2, 2, 0, 4, 0, 2, 0, 2, 2, 2], [2, 2, 2, 2, 2, 0, 4, 2, 0, 2, 0, 0, 2], [0, 0, 2, 2, 2, 0, 4, 0, 2, 0, 2, 0, 0]], "output": [[3, 3, 3, 3, 3, 0], [0, 0, 0, 3, 0, 3], [3, 3, 0, 0, 0, 3], [0, 3, 0, 3, 3, 3], [0, 3, 3, 0, 3, 0]]}, {"input": [[0, 2, 2, 0, 2, 2, 4, 2, 0, 2, 2, 2, 2], [0, 0, 0, 2, 2, 0, 4, 0, 2, 2, 0, 2, 2], [0, 0, 2, 2, 2, 0, 4, 2, 2, 0, 0, 0, 2], [0, 0, 0, 0, 2, 2, 4, 0, 0, 2, 0, 0, 0], [2, 0, 2, 2, 0, 0, 4, 0, 0, 0, 2, 0, 2]], "output": [[3, 3, 0, 3, 0, 0], [0, 3, 3, 3, 0, 3], [3, 3, 3, 3, 3, 3], [0, 0, 3, 0, 3, 3], [3, 0, 3, 0, 0, 3]]}, {"input": [[2, 2, 2, 2, 2, 2, 4, 0, 0, 2, 0, 0, 2], [0, 0, 0, 0, 2, 2, 4, 2, 0, 0, 2, 0, 2], [0, 0, 2, 0, 0, 0, 4, 2, 0, 2, 2, 2, 0], [2, 0, 0, 0, 2, 0, 4, 2, 2, 0, 0, 0, 0], [2, 0, 2, 0, 2, 2, 4, 2, 2, 2, 0, 2, 2]], "output": [[3, 3, 0, 3, 3, 0], [3, 0, 0, 3, 3, 0], [3, 0, 0, 3, 3, 0], [0, 3, 0, 0, 3, 0], [0, 3, 0, 0, 0, 0]]}, {"input": [[2, 2, 2, 0, 2, 0, 4, 2, 0, 2, 0, 0, 2], [0, 0, 0, 0, 0, 0, 4, 0, 0, 2, 0, 0, 2], [2, 0, 2, 0, 2, 2, 4, 2, 2, 0, 2, 2, 0], [0, 2, 0, 0, 2, 2, 4, 0, 0, 2, 2, 2, 2], [2, 0, 0, 0, 0, 0, 4, 2, 0, 0, 2, 2, 2]], "output": [[0, 3, 0, 0, 3, 3], [0, 0, 3, 0, 0, 3], [0, 3, 3, 3, 0, 3], [0, 3, 3, 3, 0, 0], [0, 0, 0, 3, 3, 3]]}, {"input": [[0, 0, 0, 2, 0, 0, 4, 0, 0, 0, 2, 0, 0], [2, 0, 2, 2, 2, 0, 4, 0, 0, 2, 0, 2, 0], [0, 0, 2, 0, 2, 0, 4, 0, 0, 2, 2, 2, 0], [0, 0, 0, 2, 0, 0, 4, 0, 0, 0, 0, 0, 2], [2, 0, 0, 2, 2, 0, 4, 0, 0, 2, 2, 2, 2]], "output": [[0, 0, 0, 0, 0, 0], [3, 0, 0, 3, 0, 0], [0, 0, 0, 3, 0, 0], [0, 0, 0, 3, 0, 3], [3, 0, 3, 0, 0, 3]]}, {"input": [[2, 2, 0, 2, 0, 2, 4, 2, 0, 0, 2, 0, 2], [2, 2, 2, 0, 2, 2, 4, 2, 0, 0, 2, 2, 0], [2, 0, 0, 0, 0, 0, 4, 2, 0, 2, 0, 0, 0], [0, 2, 0, 0, 2, 0, 4, 0, 0, 0, 0, 0, 0], [0, 2, 2, 2, 0, 0, 4, 2, 2, 2, 2, 0, 0]], "output": [[0, 3, 0, 0, 0, 0], [0, 3, 3, 3, 0, 3], [0, 0, 3, 0, 0, 0], [0, 3, 0, 0, 3, 0], [3, 0, 0, 0, 0, 0]]}, {"input": [[0, 2, 2, 0, 0, 2, 4, 2, 2, 0, 2, 0, 2], [2, 0, 0, 2, 2, 2, 4, 0, 0, 0, 0, 2, 0], [0, 2, 2, 0, 0, 0, 4, 0, 2, 2, 0, 0, 0], [2, 0, 0, 0, 2, 0, 4, 2, 0, 2, 2, 0, 0], [2, 0, 2, 0, 2, 0, 4, 2, 0, 2, 2, 2, 0]], "output": [[3, 0, 3, 3, 0, 0], [3, 0, 0, 3, 0, 3], [0, 0, 0, 0, 0, 0], [0, 0, 3, 3, 3, 0], [0, 0, 0, 3, 0, 0]]}, {"input": [[2, 0, 2, 0, 0, 2, 4, 2, 2, 2, 2, 2, 0], [2, 0, 0, 2, 0, 0, 4, 2, 2, 2, 2, 2, 0], [2, 0, 2, 0, 2, 2, 4, 0, 2, 0, 0, 0, 0], [0, 0, 0, 2, 0, 2, 4, 0, 0, 0, 2, 0, 0], [2, 2, 0, 2, 2, 2, 4, 2, 0, 2, 2, 0, 0]], "output": [[0, 3, 0, 3, 3, 3], [0, 3, 3, 0, 3, 0], [3, 3, 3, 0, 3, 3], [0, 0, 0, 0, 0, 3], [0, 3, 3, 0, 3, 3]]}, {"input": [[0, 0, 0, 2, 0, 0, 4, 2, 0, 2, 2, 0, 2], [0, 0, 2, 2, 2, 2, 4, 0, 0, 2, 0, 0, 2], [0, 2, 2, 2, 0, 2, 4, 0, 2, 0, 0, 2, 2], [0, 2, 0, 2, 2, 0, 4, 2, 0, 0, 2, 2, 0], [0, 2, 2, 2, 2, 0, 4, 0, 0, 2, 0, 2, 0]], "output": [[3, 0, 3, 0, 0, 3], [0, 0, 0, 3, 3, 0], [0, 0, 3, 3, 3, 0], [3, 3, 0, 0, 0, 0], [0, 3, 0, 3, 0, 0]]}, {"input": [[2, 2, 0, 0, 0, 0, 4, 2, 0, 0, 0, 2, 2], [2, 0, 2, 0, 2, 2, 4, 0, 2, 0, 2, 2, 0], [0, 0, 2, 2, 0, 2, 4, 0, 2, 2, 0, 0, 0], [0, 2, 2, 2, 0, 2, 4, 0, 2, 0, 0, 0, 0], [2, 2, 0, 2, 2, 2, 4, 2, 2, 0, 2, 0, 2]], "output": [[0, 3, 0, 0, 3, 3], [3, 3, 3, 3, 0, 3], [0, 3, 0, 3, 0, 3], [0, 0, 3, 3, 0, 3], [0, 0, 0, 0, 3, 0]]}, {"input": [[2, 2, 2, 2, 2, 2, 4, 2, 0, 0, 0, 0, 0], [0, 2, 2, 2, 2, 0, 4, 2, 0, 0, 2, 2, 0], [2, 0, 0, 2, 2, 0, 4, 2, 2, 2, 2, 2, 0], [0, 0, 2, 0, 0, 0, 4, 0, 0, 0, 2, 0, 2], [2, 0, 2, 0, 2, 2, 4, 2, 0, 2, 0, 0, 0]], "output": [[0, 3, 3, 3, 3, 3], [3, 3, 3, 0, 0, 0], [0, 3, 3, 0, 0, 0], [0, 0, 3, 3, 0, 3], [0, 0, 0, 0, 3, 3]]}, {"input": [[0, 0, 0, 0, 2, 0, 4, 0, 0, 0, 2, 0, 2], [2, 0, 0, 2, 2, 0, 4, 0, 2, 0, 0, 0, 0], [0, 0, 2, 0, 0, 2, 4, 2, 0, 2, 0, 0, 2], [2, 2, 0, 0, 0, 2, 4, 0, 0, 0, 0, 0, 2], [2, 0, 2, 0, 0, 2, 4, 2, 0, 2, 0, 0, 0]], "output": [[0, 0, 0, 3, 3, 3], [3, 3, 0, 3, 3, 0], [3, 0, 0, 0, 0, 0], [3, 3, 0, 0, 0, 0], [0, 0, 0, 0, 0, 3]]}, {"input": [[0, 2, 0, 2, 0, 2, 4, 0, 2, 2, 2, 0, 2], [2, 0, 2, 0, 0, 0, 4, 0, 0, 2, 0, 0, 2], [0, 2, 0, 2, 0, 0, 4, 2, 2, 2, 2, 0, 0], [2, 2, 0, 2, 2, 0, 4, 0, 0, 0, 2, 0, 2], [2, 0, 2, 2, 0, 2, 4, 0, 0, 2, 2, 2, 0]], "output": [[0, 0, 3, 0, 0, 0], [3, 0, 0, 0, 0, 3], [3, 0, 3, 0, 0, 0], [3, 3, 0, 0, 3, 3], [3, 0, 0, 0, 3, 3]]}, {"input": [[0, 2, 0, 2, 2, 2, 4, 0, 2, 0, 2, 2, 2], [2, 0, 0, 2, 2, 0, 4, 2, 0, 2, 2, 0, 2], [0, 0, 0, 0, 0, 2, 4, 0, 0, 0, 2, 0, 0], [2, 0, 2, 2, 0, 2, 4, 2, 0, 0, 2, 0, 0], [0, 2, 0, 0, 2, 2, 4, 0, 2, 0, 0, 0, 0]], "output": [[0, 0, 0, 0, 0, 0], [0, 0, 3, 0, 3, 3], [0, 0, 0, 3, 0, 3], [0, 0, 3, 0, 0, 3], [0, 0, 0, 0, 3, 3]]}, {"input": [[0, 0, 0, 2, 2, 2, 4, 0, 2, 2, 0, 0, 0], [0, 0, 2, 2, 0, 2, 4, 0, 2, 2, 2, 0, 0], [0, 2, 0, 0, 0, 2, 4, 0, 2, 0, 0, 2, 2], [0, 2, 2, 0, 2, 2, 4, 2, 0, 2, 2, 2, 2], [0, 2, 0, 0, 2, 0, 4, 2, 2, 2, 2, 2, 0]], "output": [[0, 3, 3, 3, 3, 3], [0, 3, 0, 0, 0, 3], [0, 0, 0, 0, 3, 0], [3, 3, 0, 3, 0, 0], [3, 0, 3, 3, 0, 0]]}, {"input": [[2, 2, 0, 2, 2, 0, 4, 2, 2, 2, 0, 2, 0], [0, 2, 0, 0, 2, 2, 4, 0, 0, 0, 0, 0, 2], [0, 2, 2, 2, 2, 0, 4, 0, 0, 2, 0, 0, 0], [2, 0, 0, 0, 0, 2, 4, 0, 0, 2, 0, 0, 2], [0, 2, 0, 2, 0, 2, 4, 2, 0, 2, 0, 2, 0]], "output": [[0, 0, 3, 3, 0, 0], [0, 3, 0, 0, 3, 0], [0, 3, 0, 3, 3, 0], [3, 0, 3, 0, 0, 0], [3, 3, 3, 3, 3, 3]]}, {"input": [[0, 0, 2, 2, 2, 0, 4, 0, 2, 2, 2, 2, 2], [2, 2, 2, 2, 0, 0, 4, 0, 0, 0, 0, 0, 0], [2, 0, 0, 0, 2, 2, 4, 2, 0, 0, 0, 2, 0], [0, 2, 2, 2, 0, 0, 4, 0, 2, 2, 2, 2, 0], [2, 0, 0, 2, 2, 0, 4, 0, 0, 0, 0, 0, 0]], "output": [[0, 3, 0, 0, 0, 3], [3, 3, 3, 3, 0, 0], [0, 0, 0, 0, 0, 3], [0, 0, 0, 0, 3, 0], [3, 0, 0, 3, 3, 0]]}]
