[{"input": [[1, 1, 0, 1], [1, 0, 0, 0], [0, 0, 1, 0], [0, 0, 0, 0], [0, 1, 0, 0], [1, 1, 1, 0], [1, 1, 1, 0], [1, 0, 1, 0], [1, 1, 0, 0], [0, 0, 1, 0], [0, 1, 1, 0], [0, 1, 1, 0], [0, 0, 0, 1], [0, 1, 1, 0], [1, 1, 1, 0], [0, 0, 1, 0], [1, 1, 1, 0], [0, 1, 1, 1], [1, 0, 0, 1], [1, 1, 0, 1], [1, 1, 1, 1], [0, 0, 1, 0], [1, 1, 1, 1]], "output": [[1, 1, 0, 1], [1, 0, 0, 0], [0, 0, 1, 0], [0, 0, 6, 6], [0, 1, 6, 6], [1, 1, 1, 0], [1, 1, 1, 0], [1, 0, 1, 0], [1, 1, 0, 0], [0, 0, 1, 0], [0, 1, 1, 0], [0, 1, 1, 0], [0, 0, 0, 1], [0, 1, 1, 0], [1, 1, 1, 0], [0, 0, 1, 0], [1, 1, 1, 0], [0, 1, 1, 1], [1, 0, 0, 1], [1, 1, 0, 1], [1, 1, 1, 1], [0, 0, 1, 0], [1, 1, 1, 1]]}, {"input": [[1, 1, 1, 0], [0, 1, 1, 1], [0, 0, 1, 1], [0, 0, 1, 0], [1, 0, 0, 1], [0, 1, 1, 0], [1, 0, 1, 0], [1, 0, 1, 1], [0, 1, 1, 1], [0, 0, 0, 1], [1, 1, 1, 0], [1, 1, 1, 0], [0, 0, 1, 1], [0, 1, 1, 1], [1, 0, 1, 0], [1, 0, 1, 1], [0, 0, 0, 1], [0, 0, 0, 0], [0, 0, 0, 1], [0, 0, 0, 0], [0, 0, 0, 0], [0, 0, 0, 1]], "output": [[1, 1, 1, 0], [0, 1, 1, 1], [0, 0, 1, 1], [0, 0, 1, 0], [1, 0, 0, 1], [0, 1, 1, 0], [1, 0, 1, 0], [1, 0, 1, 1], [0, 1, 1, 1], [0, 0, 0, 1], [1, 1, 1, 0], [1, 1, 1, 0], [0, 0, 1, 1], [0, 1, 1, 1], [1, 0, 1, 0], [1, 0, 1, 1], [6, 6, 6, 1], [6, 6, 6, 0], [6, 6, 6, 1], [6, 6, 6, 0], [6, 6, 6, 0], [6, 6, 6, 1]]}, {"input": [[1, 1, 0], [0, 0, 0], [1, 1, 1], [1, 1, 1], [0, 1, 0], [0, 0, 1], [0, 0, 1], [1, 1, 0], [1, 1, 0], [0, 0, 1], [0, 0, 1], [0, 0, 0], [0, 0, 1], [0, 0, 1], [0, 0, 0], [0, 0, 0], [1, 0, 1], [1, 1, 1], [1, 0, 1], [1, 0, 1], [1, 1, 0], [1, 1, 1]], "output": [[1, 1, 0], [0, 0, 0], [1, 1, 1], [1, 1, 1], [0, 1, 0], [0, 0, 1], [0, 0, 1], [1, 1, 0], [1, 1, 0], [6, 6, 1], [6, 6, 1], [6, 6, 0], [6, 6, 1], [6, 6, 1], [6, 6, 0], [6, 6, 0], [1, 0, 1], [1, 1, 1], [1, 0, 1], [1, 0, 1], [1, 1, 0], [1, 1, 1]]}, {"input": [[0, 1, 1], [1, 0, 0], [1, 1, 0], [1, 1, 0], [0, 1, 1], [1, 1, 0], [1, 0, 1], [0, 0, 1], [0, 1, 0], [1, 1, 0], [1, 1, 1], [1, 0, 1], [1, 0, 1], [1, 1, 1], [0, 0, 0], [0, 0, 1], [0, 0, 0], [0, 0, 0], [0, 0, 1], [0, 0, 1], [0, 0, 1], [0, 0, 0], [0, 1, 0], [1, 0, 0]], "output": [[0, 1, 1], [1, 0, 0], [1, 1, 0], [1, 1, 0], [0, 1, 1], [1, 1, 0], [1, 0, 1], [0, 0, 1], [0, 1, 0], [1, 1, 0], [1, 1, 1], [1, 0, 1], [1, 0, 1], [1, 1, 1], [6, 6, 0], [6, 6, 1], [6, 6, 0], [6, 6, 0], [6, 6, 1], [6, 6, 1], [6, 6, 1], [6, 6, 0], [0, 1, 0], [1, 0, 0]]}, {"input": [[1, 1, 1], [1, 1, 0], [0, 0, 1], [0, 0, 0], [0, 1, 1], [1, 1, 0], [0, 1, 0], [0, 1, 1], [1, 0, 0], [0, 1, 1], [1, 0, 1], [1, 1, 1], [1, 1, 1], [0, 1, 0], [1, 0, 1], [1, 1, 0], [0, 1, 1], [0, 0, 1], [0, 0, 0], [0, 0, 1], [0, 0, 0], [0, 0, 1], [0, 0, 1], [0, 0, 0], [0, 0, 1], [0, 0, 1], [0, 0, 0]], "output": [[1, 1, 1], [1, 1, 0], [0, 0, 1], [0, 0, 0], [0, 1, 1], [1, 1, 0], [0, 1, 0], [0, 1, 1], [1, 0, 0], [0, 1, 1], [1, 0, 1], [1, 1, 1], [1, 1, 1], [0, 1, 0], [1, 0, 1], [1, 1, 0], [0, 1, 1], [6, 6, 1], [6, 6, 0], [6, 6, 1], [6, 6, 0], [6, 6, 1], [6, 6, 1], [6, 6, 0], [6, 6, 1], [6, 6, 1], [6, 6, 0]]}, {"input": [[0, 0, 1, 1], [0, 1, 0, 1], [1, 1, 0, 0], [1, 1, 1, 0], [1, 0, 0, 1], [1, 1, 1, 1], [0, 1, 1, 1], [0, 1, 1, 0], [0, 1, 1, 1], [1, 0, 1, 1], [1, 1, 0, 1], [0, 1, 1, 1], [0, 1, 0, 0], [0, 1, 0, 0], [1, 0, 0, 0], [1, 0, 0, 0], [0, 1, 0, 0], [0, 1, 0, 0], [1, 0, 0, 0], [1, 0, 0, 0], [1, 0, 0, 0], [0, 0, 0, 0], [0, 1, 0, 0], [1, 0, 0, 0], [1, 1, 1, 0], [1, 1, 1, 0], [0, 1, 1, 0], [1, 1, 0, 1], [1, 1, 1, 0]], "output": [[0, 0, 1, 1], [0, 1, 0, 1], [1, 1, 0, 0], [1, 1, 1, 0], [1, 0, 0, 1], [1, 1, 1, 1], [0, 1, 1, 1], [0, 1, 1, 0], [0, 1, 1, 1], [1, 0, 1, 1], [1, 1, 0, 1], [0, 1, 1, 1], [0, 1, 6, 6], [0, 1, 6, 6], [1, 0, 6, 6], [1, 0, 6, 6], [0, 1, 6, 6], [0, 1, 6, 6], [1, 0, 6, 6], [1, 0, 6, 6], [1, 0, 6, 6], [0, 0, 6, 6], [0, 1, 6, 6], [1, 0, 6, 6], [1, 1, 1, 0], [1, 1, 1, 0], [0, 1, 1, 0], [1, 1, 0, 1], [1, 1, 1, 0]]}, {"input": [[0, 0, 1, 0], [1, 1, 0, 1], [1, 1, 1, 0], [1, 1, 1, 0], [1, 0, 0, 1], [1, 1, 0, 1], [0, 1, 1, 1], [1, 0, 0, 1], [0, 1, 1, 0], [1, 1, 0, 1], [1, 1, 0, 0], [1, 1, 1, 0], [0, 1, 0, 0], [0, 0, 0, 0], [0, 0, 1, 1], [0, 0, 1, 1], [0, 0, 1, 0], [0, 0, 1, 0], [0, 0, 1, 1], [0, 0, 0, 0], [1, 0, 1, 1]], "output": [[0, 0, 1, 0], [1, 1, 0, 1], [1, 1, 1, 0], [1, 1, 1, 0], [1, 0, 0, 1], [1, 1, 0, 1], [0, 1, 1, 1], [1, 0, 0, 1], [0, 1, 1, 0], [1, 1, 0, 1], [1, 1, 0, 0], [1, 1, 1, 0], [0, 1, 0, 0], [6, 6, 0, 0], [6, 6, 1, 1], [6, 6, 1, 1], [6, 6, 1, 0], [6, 6, 1, 0], [6, 6, 1, 1], [6, 6, 0, 0], [1, 0, 1, 1]]}, {"input": [[1, 0, 0], [0, 1, 0], [1, 1, 0], [0, 1, 0], [1, 0, 0], [1, 1, 0], [1, 1, 0], [1, 0, 0], [1, 0, 0], [0, 1, 0], [0, 0, 0], [1, 0, 1], [1, 0, 1], [1, 1, 0], [1, 0, 1], [1, 1, 1], [1, 0, 1], [1, 1, 1], [1, 0, 1], [0, 1, 1], [0, 0, 1], [1, 1, 0], [1, 1, 0], [1, 0, 1], [0, 0, 1], [0, 0, 1], [1, 1, 1], [0, 0, 0]], "output": [[1, 0, 0], [0, 1, 0], [1, 1, 0], [0, 1, 0], [1, 0, 0], [1, 1, 0], [1, 1, 0], [1, 6, 6], [1, 6, 6], [0, 1, 0], [0, 0, 0], [1, 0, 1], [1, 0, 1], [1, 1, 0], [1, 0, 1], [1, 1, 1], [1, 0, 1], [1, 1, 1], [1, 0, 1], [0, 1, 1], [0, 0, 1], [1, 1, 0], [1, 1, 0], [1, 0, 1], [0, 0, 1], [0, 0, 1], [1, 1, 1], [0, 0, 0]]}, {"input": [[0, 1, 1, 1], [1, 0, 0, 1], [1, 1, 1, 0], [1, 1, 1, 1], [1, 1, 0, 1], [0, 1, 1, 1], [1, 0, 1, 1], [1, 0, 1, 1], [0, 1, 1, 0], [1, 1, 1, 1], [0, 1, 1, 1], [1, 0, 0, 0], [0, 1, 0, 1], [1, 0, 1, 1], [0, 0, 1, 1], [1, 0, 1, 0], [1, 0, 0, 0], [1, 0, 0, 0], [0, 0, 0, 0], [0, 0, 0, 0], [0, 0, 0, 0], [1, 0, 0, 0], [0, 0, 0, 0], [1, 0, 0, 0], [0, 1, 1, 0]], "output": [[0, 1, 1, 1], [1, 0, 0, 1], [1, 1, 1, 0], [1, 1, 1, 1], [1, 1, 0, 1], [0, 1, 1, 1], [1, 0, 1, 1], [1, 0, 1, 1], [0, 1, 1, 0], [1, 1, 1, 1], [0, 1, 1, 1], [1, 0, 0, 0], [0, 1, 0, 1], [1, 0, 1, 1], [0, 0, 1, 1], [1, 0, 1, 0], [1, 6, 6, 6], [1, 6, 6, 6], [0, 6, 6, 6], [0, 6, 6, 6], [0, 6, 6, 6], [1, 6, 6, 6], [0, 6, 6, 6], [1, 6, 6, 6], [0, 1, 1, 0]]}, {"input": [[1, 1, 1, 0], [1, 0, 0, 0], [1, 0, 0, 0], [1, 0, 0, 0], [1, 0, 0, 0], [1, 0, 0, 0], [0, 0, 0, 0], [0, 0, 0, 0], [0, 0, 0, 0], [1, 1, 1, 1], [1, 0, 1, 0], [1, 1, 1, 0], [0, 1, 1, 1], [1, 0, 0, 1], [1, 1, 1, 0], [1, 0, 0, 0], [0, 0, 1, 1], [0, 1, 0, 1], [1, 1, 1, 1], [0, 0, 1, 0], [1, 0, 0, 0], [0, 0, 1, 1], [1, 1, 0, 0], [1, 1, 0, 0]], "output": [[1, 1, 1, 0], [1, 6, 6, 6], [1, 6, 6, 6], [1, 6, 6, 6], [1, 6, 6, 6], [1, 6, 6, 6], [0, 6, 6, 6], [0, 6, 6, 6], [0, 6, 6, 6], [1, 1, 1, 1], [1, 0, 1, 0], [1, 1, 1, 0], [0, 1, 1, 1], [1, 0, 0, 1], [1, 1, 1, 0], [1, 0, 0, 0], [0, 0, 1, 1], [0, 1, 0, 1], [1, 1, 1, 1], [0, 0, 1, 0], [1, 0, 0, 0], [0, 0, 1, 1], [1, 1, 0, 0], [1, 1, 0, 0]]}, {"input": [[1, 0, 1, 1], [1, 0, 0, 0], [0, 1, 0, 1], [1, 0, 1, 1], [1, 0, 1, 0], [1, 1, 1, 0], [0, 0, 1, 1], [0, 1, 1, 1], [1, 0, 1, 1], [0, 0, 1, 1], [1, 1, 0, 0], [0, 1, 1, 1], [1, 1, 1, 1], [1, 1, 1, 0], [0, 0, 1, 1], [0, 1, 1, 0], [1, 1, 0, 1], [1, 1, 0, 0], [1, 0, 0, 0], [0, 1, 0, 0], [1, 0, 0, 0], [0, 0, 0, 0], [1, 0, 0, 0], [0, 1, 0, 0], [0, 1, 0, 0], [1, 0, 0, 0], [0, 1, 0, 0], [0, 1, 0, 0], [1, 1, 1, 0]], "output": [[1, 0, 1, 1], [1, 0, 0, 0], [0, 1, 0, 1], [1, 0, 1, 1], [1, 0, 1, 0], [1, 1, 1, 0], [0, 0, 1, 1], [0, 1, 1, 1], [1, 0, 1, 1], [0, 0, 1, 1], [1, 1, 0, 0], [0, 1, 1, 1], [1, 1, 1, 1], [1, 1, 1, 0], [0, 0, 1, 1], [0, 1, 1, 0], [1, 1, 0, 1], [1, 1, 6, 6], [1, 0, 6, 6], [0, 1, 6, 6], [1, 0, 6, 6], [0, 0, 6, 6], [1, 0, 6, 6], [0, 1, 6, 6], [0, 1, 6, 6], [1, 0, 6, 6], [0, 1, 6, 6], [0, 1, 6, 6], [1, 1, 1, 0]]}, {"input": [[1, 0, 0, 1], [1, 1, 1, 1], [1, 1, 0, 0], [0, 0, 1, 0], [1, 0, 1, 0], [1, 1, 1, 0], [1, 0, 1, 1], [1, 1, 0, 1], [0, 1, 0, 0], [0, 1, 1, 1], [0, 1, 1, 0], [1, 0, 1, 0], [0, 0, 0, 0], [1, 1, 0, 0], [0, 1, 0, 0], [0, 1, 0, 0], [0, 0, 0, 0], [1, 1, 0, 0], [1, 1, 0, 0], [1, 1, 0, 0], [1, 1, 1, 1]], "output": [[1, 0, 0, 1], [1, 1, 1, 1], [1, 1, 0, 0], [0, 0, 1, 0], [1, 0, 1, 0], [1, 1, 1, 0], [1, 0, 1, 1], [1, 1, 0, 1], [0, 1, 0, 0], [0, 1, 1, 1], [0, 1, 1, 0], [1, 0, 1, 0], [0, 0, 6, 6], [1, 1, 6, 6], [0, 1, 6, 6], [0, 1, 6, 6], [0, 0, 6, 6], [1, 1, 6, 6], [1, 1, 6, 6], [1, 1, 6, 6], [1, 1, 1, 1]]}, {"input": [[0, 1, 1], [0, 1, 1], [1, 0, 0], [0, 0, 0], [1, 1, 0], [0, 1, 0], [0, 1, 0], [1, 0, 0], [0, 0, 0], [1, 0, 0], [0, 1, 0], [1, 1, 0], [1, 0, 1], [1, 1, 0], [0, 1, 1], [0, 0, 1], [1, 1, 0], [0, 1, 0], [1, 1, 0], [1, 1, 0]], "output": [[0, 1, 1], [0, 1, 1], [1, 0, 0], [0, 0, 0], [1, 1, 0], [0, 1, 0], [0, 1, 0], [1, 6, 6], [0, 6, 6], [1, 6, 6], [0, 1, 0], [1, 1, 0], [1, 0, 1], [1, 1, 0], [0, 1, 1], [0, 0, 1], [1, 1, 0], [0, 1, 0], [1, 1, 0], [1, 1, 0]]}, {"input": [[1, 1, 1, 0], [1, 1, 1, 1], [0, 1, 1, 0], [0, 1, 0, 1], [1, 0, 0, 1], [1, 0, 0, 1], [1, 1, 1, 1], [0, 1, 1, 1], [1, 1, 1, 0], [0, 0, 1, 1], [0, 0, 0, 1], [1, 0, 0, 0], [1, 1, 1, 0], [1, 0, 0, 1], [1, 1, 0, 1], [1, 1, 0, 0], [0, 0, 0, 1], [1, 0, 0, 0], [1, 0, 0, 0], [0, 0, 0, 0], [1, 0, 0, 0], [0, 0, 0, 0], [0, 0, 0, 0], [0, 0, 0, 0], [1, 0, 0, 0], [1, 0, 0, 0], [0, 1, 1, 0], [1, 1, 0, 0], [1, 1, 1, 0]], "output": [[1, 1, 1, 0], [1, 1, 1, 1], [0, 1, 1, 0], [0, 1, 0, 1], [1, 0, 0, 1], [1, 0, 0, 1], [1, 1, 1, 1], [0, 1, 1, 1], [1, 1, 1, 0], [0, 0, 1, 1], [0, 0, 0, 1], [1, 0, 0, 0], [1, 1, 1, 0], [1, 0, 0, 1], [1, 1, 0, 1], [1, 1, 0, 0], [0, 0, 0, 1], [1, 6, 6, 6], [1, 6, 6, 6], [0, 6, 6, 6], [1, 6, 6, 6], [0, 6, 6, 6], [0, 6, 6, 6], [0, 6, 6, 6], [1, 6, 6, 6], [1, 6, 6, 6], [0, 1, 1, 0], [1, 1, 0, 0], [1, 1, 1, 0]]}, {"input": [[0, 0, 1, 1], [1, 1, 0, 1], [0, 1, 0, 0], [1, 1, 1, 0], [0, 0, 1, 1], [1, 0, 1, 1], [0, 1, 0, 0], [1, 1, 0, 0], [1, 0, 0, 0], [0, 1, 0, 0], [1, 0, 0, 0], [0, 0, 0, 0], [1, 1, 0, 0], [1, 0, 0, 0], [0, 0, 0, 0], [1, 1, 1, 0], [1, 0, 0, 0], [1, 0, 1, 0], [0, 0, 1, 0], [1, 1, 1, 1], [1, 1, 1, 1]], "output": [[0, 0, 1, 1], [1, 1, 0, 1], [0, 1, 0, 0], [1, 1, 1, 0], [0, 0, 1, 1], [1, 0, 1, 1], [0, 1, 6, 6], [1, 1, 6, 6], [1, 0, 6, 6], [0, 1, 6, 6], [1, 0, 6, 6], [0, 0, 6, 6], [1, 1, 6, 6], [1, 0, 6, 6], [0, 0, 6, 6], [1, 1, 1, 0], [1, 0, 0, 0], [1, 0, 1, 0], [0, 0, 1, 0], [1, 1, 1, 1], [1, 1, 1, 1]]}, {"input": [[0, 0, 0], [1, 1, 1], [0, 0, 1], [1, 0, 0], [0, 0, 0], [1, 0, 0], [1, 0, 0], [1, 0, 0], [1, 0, 0], [1, 0, 0], [1, 1, 1], [1, 1, 0], [1, 1, 1], [1, 0, 0], [1, 0, 1], [1, 1, 0], [0, 1, 1], [0, 0, 0], [0, 0, 0], [1, 0, 1], [1, 0, 1], [1, 1, 1], [1, 0, 1], [1, 1, 1], [1, 0, 1], [1, 0, 0], [1, 1, 0]], "output": [[0, 0, 0], [1, 1, 1], [0, 0, 1], [1, 6, 6], [0, 6, 6], [1, 6, 6], [1, 6, 6], [1, 6, 6], [1, 6, 6], [1, 6, 6], [1, 1, 1], [1, 1, 0], [1, 1, 1], [1, 0, 0], [1, 0, 1], [1, 1, 0], [0, 1, 1], [0, 0, 0], [0, 0, 0], [1, 0, 1], [1, 0, 1], [1, 1, 1], [1, 0, 1], [1, 1, 1], [1, 0, 1], [1, 0, 0], [1, 1, 0]]}, {"input": [[1, 1, 1, 0], [1, 1, 0, 1], [1, 1, 0, 1], [1, 1, 1, 1], [0, 1, 1, 0], [0, 0, 1, 0], [1, 1, 0, 1], [1, 0, 0, 1], [1, 1, 0, 1], [0, 0, 1, 0], [1, 1, 0, 1], [1, 0, 1, 0], [0, 0, 1, 1], [0, 1, 1, 0], [0, 0, 0, 1], [1, 0, 1, 0], [1, 1, 0, 0], [1, 0, 0, 0], [1, 0, 0, 0], [1, 0, 0, 0], [1, 0, 0, 0], [0, 1, 0, 0], [1, 0, 0, 0], [1, 1, 0, 0], [0, 0, 0, 0], [0, 1, 0, 0], [1, 0, 0, 1], [1, 1, 1, 1], [1, 0, 1, 1]], "output": [[1, 1, 1, 0], [1, 1, 0, 1], [1, 1, 0, 1], [1, 1, 1, 1], [0, 1, 1, 0], [0, 0, 1, 0], [1, 1, 0, 1], [1, 0, 0, 1], [1, 1, 0, 1], [0, 0, 1, 0], [1, 1, 0, 1], [1, 0, 1, 0], [0, 0, 1, 1], [0, 1, 1, 0], [0, 0, 0, 1], [1, 0, 1, 0], [1, 1, 6, 6], [1, 0, 6, 6], [1, 0, 6, 6], [1, 0, 6, 6], [1, 0, 6, 6], [0, 1, 6, 6], [1, 0, 6, 6], [1, 1, 6, 6], [0, 0, 6, 6], [0, 1, 6, 6], [1, 0, 0, 1], [1, 1, 1, 1], [1, 0, 1, 1]]}, {"input": [[0, 1, 1, 1], [0, 1, 1, 0], [0, 1, 0, 0], [0, 0, 0, 0], [1, 0, 0, 0], [0, 0, 0, 0], [1, 0, 0, 0], [1, 0, 0, 0], [1, 0, 0, 1], [0, 0, 0, 0], [0, 0, 0, 1], [1, 0, 0, 1], [1, 0, 0, 1], [0, 0, 0, 0], [1, 0, 0, 0], [0, 0, 0, 1], [0, 0, 1, 1], [0, 1, 0, 1], [1, 1, 1, 1], [0, 1, 1, 1], [0, 1, 0, 1], [1, 0, 1, 1], [0, 1, 1, 1], [1, 1, 1, 1], [0, 1, 1, 1], [1, 1, 0, 0], [1, 1, 0, 0]], "output": [[0, 1, 1, 1], [0, 1, 1, 0], [0, 1, 0, 0], [0, 6, 6, 0], [1, 6, 6, 0], [0, 6, 6, 0], [1, 6, 6, 0], [1, 6, 6, 0], [1, 6, 6, 1], [0, 6, 6, 0], [0, 6, 6, 1], [1, 6, 6, 1], [1, 6, 6, 1], [0, 6, 6, 0], [1, 6, 6, 0], [0, 6, 6, 1], [0, 0, 1, 1], [0, 1, 0, 1], [1, 1, 1, 1], [0, 1, 1, 1], [0, 1, 0, 1], [1, 0, 1, 1], [0, 1, 1, 1], [1, 1, 1, 1], [0, 1, 1, 1], [1, 1, 0, 0], [1, 1, 0, 0]]}, {"input": [[0, 0, 0, 1], [0, 0, 1, 1], [1, 1, 1, 1], [1, 0, 0, 1], [1, 0, 0, 0], [1, 0, 0, 1], [0, 1, 0, 1], [1, 1, 0, 1], [1, 0, 1, 1], [1, 1, 1, 0], [0, 1, 1, 0], [0, 1, 0, 0], [1, 0, 0, 0], [1, 1, 0, 0], [1, 1, 0, 0], [1, 1, 0, 0], [0, 1, 0, 0], [1, 0, 0, 0], [1, 0, 0, 0], [1, 1, 0, 1], [0, 1, 1, 1], [1, 1, 0, 1], [1, 1, 0, 1], [0, 1, 0, 0], [0, 1, 0, 0], [1, 1, 0, 0]], "output": [[0, 0, 0, 1], [0, 0, 1, 1], [1, 1, 1, 1], [1, 0, 0, 1], [1, 0, 0, 0], [1, 0, 0, 1], [0, 1, 0, 1], [1, 1, 0, 1], [1, 0, 1, 1], [1, 1, 1, 0], [0, 1, 1, 0], [0, 1, 6, 6], [1, 0, 6, 6], [1, 1, 6, 6], [1, 1, 6, 6], [1, 1, 6, 6], [0, 1, 6, 6], [1, 0, 6, 6], [1, 0, 6, 6], [1, 1, 0, 1], [0, 1, 1, 1], [1, 1, 0, 1], [1, 1, 0, 1], [0, 1, 0, 0], [0, 1, 0, 0], [1, 1, 0, 0]]}, {"input": [[1, 0, 0, 0], [1, 1, 0, 1], [1, 1, 1, 0], [1, 0, 1, 1], [1, 1, 0, 1], [0, 1, 1, 0], [1, 1, 0, 1], [1, 1, 1, 0], [1, 1, 1, 1], [1, 1, 0, 0], [1, 1, 0, 0], [1, 1, 0, 0], [0, 1, 1, 0], [1, 1, 1, 0], [0, 1, 1, 0], [0, 0, 0, 0], [0, 0, 0, 0], [0, 0, 0, 0], [0, 0, 0, 0], [0, 0, 0, 0], [0, 0, 0, 1], [0, 0, 0, 0], [0, 0, 0, 1], [0, 0, 0, 0], [0, 0, 0, 1], [1, 0, 1, 1]], "output": [[1, 0, 0, 0], [1, 1, 0, 1], [1, 1, 1, 0], [1, 0, 1, 1], [1, 1, 0, 1], [0, 1, 1, 0], [1, 1, 0, 1], [1, 1, 1, 0], [1, 1, 1, 1], [1, 1, 0, 0], [1, 1, 0, 0], [1, 1, 0, 0], [0, 1, 1, 0], [1, 1, 1, 0], [0, 1, 1, 0], [6, 6, 6, 0], [6, 6, 6, 0], [6, 6, 6, 0], [6, 6, 6, 0], [6, 6, 6, 0], [6, 6, 6, 1], [6, 6, 6, 0], [6, 6, 6, 1], [6, 6, 6, 0], [6, 6, 6, 1], [1, 0, 1, 1]]}, {"input": [[0, 1, 1, 1], [1, 0, 0, 0], [1, 0, 0, 1], [0, 0, 1, 1], [0, 1, 0, 0], [1, 1, 1, 0], [1, 0, 1, 0], [1, 1, 0, 1], [1, 1, 1, 1], [1, 1, 1, 1], [1, 1, 1, 1], [1, 0, 0, 1], [0, 1, 0, 0], [1, 0, 0, 0], [1, 1, 0, 0], [1, 0, 0, 0], [0, 1, 0, 0], [1, 0, 0, 0], [1, 0, 0, 0], [1, 1, 1, 0], [0, 0, 1, 0], [1, 0, 0, 0], [1, 1, 1, 1], [1, 1, 1, 0], [1, 0, 0, 0]], "output": [[0, 1, 1, 1], [1, 0, 0, 0], [1, 0, 0, 1], [0, 0, 1, 1], [0, 1, 0, 0], [1, 1, 1, 0], [1, 0, 1, 0], [1, 1, 0, 1], [1, 1, 1, 1], [1, 1, 1, 1], [1, 1, 1, 1], [1, 0, 0, 1], [0, 1, 6, 6], [1, 0, 6, 6], [1, 1, 6, 6], [1, 0, 6, 6], [0, 1, 6, 6], [1, 0, 6, 6], [1, 0, 6, 6], [1, 1, 1, 0], [0, 0, 1, 0], [1, 0, 0, 0], [1, 1, 1, 1], [1, 1, 1, 0], [1, 0, 0, 0]]}, {"input": [[0, 1, 1, 1], [0, 1, 0, 1], [1, 1, 1, 1], [1, 1, 0, 0], [1, 1, 1, 0], [0, 0, 1, 1], [0, 1, 0, 1], [1, 0, 1, 1], [0, 1, 1, 1], [1, 0, 0, 0], [1, 0, 0, 0], [0, 0, 0, 0], [1, 0, 0, 0], [0, 0, 0, 0], [1, 0, 0, 0], [1, 0, 0, 0], [0, 1, 0, 1], [1, 1, 1, 0], [0, 1, 1, 1], [1, 1, 1, 1], [1, 1, 0, 0], [0, 1, 0, 0], [1, 0, 0, 1], [0, 0, 1, 0]], "output": [[0, 1, 1, 1], [0, 1, 0, 1], [1, 1, 1, 1], [1, 1, 0, 0], [1, 1, 1, 0], [0, 0, 1, 1], [0, 1, 0, 1], [1, 0, 1, 1], [0, 1, 1, 1], [1, 6, 6, 6], [1, 6, 6, 6], [0, 6, 6, 6], [1, 6, 6, 6], [0, 6, 6, 6], [1, 6, 6, 6], [1, 6, 6, 6], [0, 1, 0, 1], [1, 1, 1, 0], [0, 1, 1, 1], [1, 1, 1, 1], [1, 1, 0, 0], [0, 1, 0, 0], [1, 0, 0, 1], [0, 0, 1, 0]]}, {"input": [[1, 0, 1], [0, 1, 1], [0, 1, 0], [1, 0, 1], [1, 1, 1], [1, 0, 1], [1, 1, 1], [0, 1, 1], [0, 0, 0], [1, 0, 1], [1, 0, 1], [0, 0, 1], [1, 1, 1], [0, 1, 1], [0, 0, 0], [0, 0, 0], [1, 0, 0], [0, 0, 0], [1, 0, 0], [0, 0, 0], [0, 0, 0]], "output": [[1, 0, 1], [0, 1, 1], [0, 1, 0], [1, 0, 1], [1, 1, 1], [1, 0, 1], [1, 1, 1], [0, 1, 1], [0, 0, 0], [1, 0, 1], [1, 0, 1], [0, 0, 1], [1, 1, 1], [0, 1, 1], [0, 6, 6], [0, 6, 6], [1, 6, 6], [0, 6, 6], [1, 6, 6], [0, 6, 6], [0, 6, 6]]}, {"input": [[0, 1, 1, 1], [0, 1, 0, 1], [1, 0, 0, 1], [0, 1, 1, 1], [1, 1, 1, 1], [1, 0, 1, 1], [0, 1, 0, 1], [0, 1, 1, 0], [1, 0, 1, 0], [1, 0, 1, 0], [1, 0, 0, 1], [1, 1, 1, 1], [0, 0, 0, 1], [0, 0, 0, 0], [0, 0, 0, 1], [0, 0, 0, 0], [0, 0, 0, 1], [0, 0, 0, 0], [0, 0, 0, 0], [1, 1, 1, 0], [0, 1, 0, 0], [0, 0, 1, 0]], "output": [[0, 1, 1, 1], [0, 1, 0, 1], [1, 0, 0, 1], [0, 1, 1, 1], [1, 1, 1, 1], [1, 0, 1, 1], [0, 1, 0, 1], [0, 1, 1, 0], [1, 0, 1, 0], [1, 0, 1, 0], [1, 0, 0, 1], [1, 1, 1, 1], [6, 6, 6, 1], [6, 6, 6, 0], [6, 6, 6, 1], [6, 6, 6, 0], [6, 6, 6, 1], [6, 6, 6, 0], [6, 6, 6, 0], [1, 1, 1, 0], [0, 1, 0, 0], [0, 0, 1, 0]]}, {"input": [[0, 1, 0, 0], [0, 1, 1, 1], [1, 1, 1, 0], [1, 0, 1, 1], [0, 0, 0, 1], [0, 0, 0, 1], [0, 0, 0, 1], [0, 0, 0, 1], [0, 0, 0, 1], [0, 0, 0, 1], [0, 0, 0, 1], [0, 0, 0, 0], [0, 0, 0, 1], [0, 1, 1, 0], [1, 1, 0, 0], [0, 0, 1, 0], [1, 0, 0, 0], [1, 0, 0, 1], [1, 1, 1, 1], [1, 0, 0, 1], [0, 1, 1, 1], [1, 0, 1, 0], [1, 1, 0, 1]], "output": [[0, 1, 0, 0], [0, 1, 1, 1], [1, 1, 1, 0], [1, 0, 1, 1], [6, 6, 6, 1], [6, 6, 6, 1], [6, 6, 6, 1], [6, 6, 6, 1], [6, 6, 6, 1], [6, 6, 6, 1], [6, 6, 6, 1], [6, 6, 6, 0], [6, 6, 6, 1], [0, 1, 1, 0], [1, 1, 0, 0], [0, 0, 1, 0], [1, 0, 0, 0], [1, 0, 0, 1], [1, 1, 1, 1], [1, 0, 0, 1], [0, 1, 1, 1], [1, 0, 1, 0], [1, 1, 0, 1]]}]
