[{"input": [[0, 0, 0, 0, 0, 8, 0, 8, 0, 0, 0, 0], [0, 0, 0, 0, 0, 0, 0, 0, 0, 8, 0, 0], [0, 0, 8, 0, 0, 0, 8, 0, 0, 0, 8, 0], [0, 0, 0, 0, 0, 0, 0, 0, 0, 8, 0, 0], [8, 5, 5, 5, 5, 5, 5, 5, 5, 8, 0, 0], [0, 0, 0, 8, 0, 0, 0, 0, 0, 0, 8, 0], [0, 0, 0, 8, 0, 0, 8, 8, 0, 8, 8, 0], [0, 0, 0, 8, 8, 0, 8, 0, 0, 0, 0, 0], [0, 0, 8, 0, 0, 0, 8, 0, 0, 8, 0, 8], [0, 0, 0, 0, 0, 0, 0, 0, 0, 0, 8, 0], [0, 0, 0, 0, 8, 8, 8, 0, 0, 0, 0, 0], [0, 0, 0, 0, 0, 0, 8, 0, 0, 0, 0, 0], [0, 0, 8, 8, 0, 0, 8, 8, 0, 0, 0, 0], [8, 5, 5, 5, 5, 5, 5, 5, 5, 8, 8, 0]], "output": [[8, 5, 5, 5, 5, 5, 5, 5, 5, 8], [0, 0, 0, 8, 0, 0, 0, 0, 0, 0], [0, 0, 0, 8, 0, 0, 8, 8, 0, 8], [0, 0, 0, 8, 8, 0, 8, 0, 0, 0], [0, 0, 8, 0, 0, 0, 8, 0, 0, 8], [0, 0, 0, 0, 0, 0, 0, 0, 0, 0], [0, 0, 0, 0, 8, 8, 8, 0, 0, 0], [0, 0, 0, 0, 0, 0, 8, 0, 0, 0], [0, 0, 8, 8, 0, 0, 8, 8, 0, 0], [8, 5, 5, 5, 5, 5, 5, 5, 5, 8]]}, {"input": [[0, 0, 8, 0, 8, 0, 0, 8, 0, 0, 0, 0, 0, 0], [0, 0, 0, 0, 0, 8, 5, 5, 5, 5, 5, 5, 5, 8], [0, 0, 8, 0, 0, 8, 0, 0, 0, 0, 0, 0, 0, 0], [8, 0, 0, 0, 0, 0, 8, 0, 0, 0, 0, 0, 8, 0], [0, 0, 0, 0, 0, 0, 0, 0, 0, 0, 0, 0, 0, 8], [0, 0, 0, 0, 0, 0, 0, 0, 0, 0, 8, 8, 0, 0], [8, 0, 0, 0, 0, 0, 0, 0, 8, 8, 8, 8, 0, 0], [0, 0, 0, 0, 0, 8, 0, 8, 0, 0, 0, 0, 8, 0], [0, 0, 0, 0, 8, 8, 0, 0, 0, 0, 8, 8, 0, 8], [8, 0, 0, 8, 0, 8, 5, 5, 5, 5, 5, 5, 5, 8], [0, 8, 0, 0, 0, 0, 0, 0, 0, 0, 8, 0, 0, 0]], "output": [[8, 5, 5, 5, 5, 5, 5, 5, 8], [8, 0, 0, 0, 0, 0, 0, 0, 0], [0, 8, 0, 0, 0, 0, 0, 8, 0], [0, 0, 0, 0, 0, 0, 0, 0, 8], [0, 0, 0, 0, 0, 8, 8, 0, 0], [0, 0, 0, 8, 8, 8, 8, 0, 0], [8, 0, 8, 0, 0, 0, 0, 8, 0], [8, 0, 0, 0, 0, 8, 8, 0, 8], [8, 5, 5, 5, 5, 5, 5, 5, 8]]}, {"input": [[8, 0, 0, 0, 8, 0, 0, 8, 0, 0, 0, 0, 8], [0, 0, 0, 0, 0, 0, 0, 0, 8, 8, 0, 0, 0], [8, 0, 0, 0, 8, 0, 0, 0, 0, 0, 0, 0, 0], [0, 0, 0, 0, 0, 8, 8, 0, 8, 0, 8, 0, 0], [0, 8, 0, 0, 8, 5, 5, 5, 5, 5, 8, 0, 0], [0, 0, 0, 0, 0, 0, 8, 8, 0, 0, 8, 0, 0], [0, 0, 0, 0, 8, 0, 0, 8, 0, 0, 0, 8, 0], [0, 0, 0, 0, 0, 0, 0, 0, 0, 8, 0, 8, 0], [0, 0, 8, 8, 0, 0, 0, 0, 0, 0, 0, 0, 0], [8, 0, 0, 0, 0, 0, 0, 0, 8, 8, 0, 0, 0], [0, 0, 8, 0, 8, 5, 5, 5, 5, 5, 8, 0, 0]], "output": [[8, 5, 5, 5, 5, 5, 8], [0, 0, 8, 8, 0, 0, 8], [8, 0, 0, 8, 0, 0, 0], [0, 0, 0, 0, 0, 8, 0], [0, 0, 0, 0, 0, 0, 0], [0, 0, 0, 0, 8, 8, 0], [8, 5, 5, 5, 5, 5, 8]]}, {"input": [[8, 5, 5, 5, 5, 5, 5, 5, 5, 8, 0, 0, 0], [0, 0, 0, 0, 0, 8, 0, 8, 0, 0, 0, 0, 8], [0, 0, 0, 0, 0, 8, 0, 0, 0, 0, 0, 0, 0], [0, 0, 0, 0, 0, 0, 0, 0, 0, 0, 0, 0, 0], [8, 5, 5, 5, 5, 5, 5, 5, 5, 8, 0, 0, 0], [0, 0, 0, 0, 8, 8, 0, 0, 8, 8, 0, 0, 8], [8, 0, 0, 8, 0, 8, 0, 8, 0, 0, 0, 0, 0], [0, 0, 8, 8, 0, 0, 0, 8, 8, 0, 0, 0, 0], [8, 0, 0, 8, 8, 0, 8, 0, 0, 0, 8, 0, 0], [0, 8, 0, 0, 8, 0, 0, 0, 8, 0, 0, 8, 0], [0, 0, 0, 8, 0, 0, 0, 0, 0, 0, 0, 0, 0], [0, 0, 0, 0, 0, 0, 0, 0, 8, 0, 8, 0, 0], [0, 0, 8, 0, 0, 0, 0, 0, 0, 0, 0, 0, 0]], "output": [[8, 5, 5, 5, 5, 5, 5, 5, 5, 8], [0, 0, 0, 0, 0, 8, 0, 8, 0, 0], [0, 0, 0, 0, 0, 8, 0, 0, 0, 0], [0, 0, 0, 0, 0, 0, 0, 0, 0, 0], [8, 5, 5, 5, 5, 5, 5, 5, 5, 8]]}, {"input": [[0, 0, 0, 0, 0, 0, 0, 0, 0, 0, 0, 0, 0], [0, 0, 0, 0, 0, 0, 0, 0, 0, 0, 0, 8, 0], [0, 0, 0, 8, 5, 5, 5, 5, 8, 0, 8, 8, 0], [0, 0, 0, 0, 8, 0, 0, 0, 0, 0, 0, 8, 0], [0, 8, 8, 0, 0, 8, 0, 0, 0, 0, 8, 0, 0], [0, 8, 8, 0, 8, 0, 0, 0, 0, 8, 0, 8, 8], [0, 0, 0, 0, 0, 0, 0, 8, 0, 0, 0, 0, 0], [8, 0, 0, 0, 8, 0, 0, 8, 0, 0, 0, 8, 0], [0, 0, 0, 8, 0, 0, 0, 0, 0, 0, 0, 0, 0], [8, 0, 0, 8, 5, 5, 5, 5, 8, 8, 0, 0, 0], [8, 0, 0, 8, 8, 0, 0, 8, 0, 0, 0, 0, 8], [0, 0, 8, 0, 8, 0, 8, 0, 0, 0, 0, 0, 0]], "output": [[8, 5, 5, 5, 5, 8], [0, 8, 0, 0, 0, 0], [0, 0, 8, 0, 0, 0], [0, 8, 0, 0, 0, 0], [0, 0, 0, 0, 8, 0], [0, 8, 0, 0, 8, 0], [8, 0, 0, 0, 0, 0], [8, 5, 5, 5, 5, 8]]}, {"input": [[0, 0, 8, 8, 0, 0, 0, 0, 0, 0, 8, 0, 8, 0], [0, 0, 0, 0, 0, 0, 0, 8, 5, 5, 5, 5, 8, 0], [0, 0, 0, 8, 0, 0, 0, 0, 0, 0, 0, 8, 0, 0], [0, 8, 0, 0, 0, 0, 0, 0, 0, 0, 0, 0, 0, 0], [0, 0, 8, 0, 8, 0, 0, 0, 0, 0, 0, 0, 8, 0], [0, 0, 0, 8, 0, 0, 0, 8, 5, 5, 5, 5, 8, 8], [0, 8, 0, 0, 0, 0, 0, 8, 0, 0, 0, 0, 0, 8], [0, 0, 0, 0, 0, 0, 0, 0, 0, 0, 8, 0, 8, 0], [0, 0, 0, 0, 0, 0, 0, 8, 8, 0, 8, 8, 8, 0], [0, 0, 0, 8, 0, 0, 0, 0, 0, 0, 0, 0, 8, 0]], "output": [[8, 5, 5, 5, 5, 8], [0, 0, 0, 0, 8, 0], [0, 0, 0, 0, 0, 0], [0, 0, 0, 0, 0, 8], [8, 5, 5, 5, 5, 8]]}, {"input": [[0, 8, 8, 5, 5, 5, 5, 5, 8], [0, 0, 8, 0, 8, 0, 8, 0, 0], [8, 0, 0, 0, 8, 0, 0, 0, 0], [0, 0, 0, 0, 0, 0, 0, 0, 0], [0, 0, 0, 8, 0, 0, 8, 0, 0], [0, 0, 8, 5, 5, 5, 5, 5, 8], [0, 8, 0, 0, 0, 0, 0, 0, 0], [0, 0, 8, 8, 0, 0, 0, 0, 0], [0, 8, 0, 0, 0, 0, 0, 0, 0], [8, 0, 0, 0, 0, 0, 0, 0, 0]], "output": [[8, 5, 5, 5, 5, 5, 8], [8, 0, 8, 0, 8, 0, 0], [0, 0, 8, 0, 0, 0, 0], [0, 0, 0, 0, 0, 0, 0], [0, 8, 0, 0, 8, 0, 0], [8, 5, 5, 5, 5, 5, 8]]}, {"input": [[0, 0, 8, 0, 0, 0, 8, 0, 0], [8, 0, 0, 8, 5, 5, 5, 8, 0], [0, 0, 8, 0, 0, 8, 0, 0, 0], [0, 8, 8, 0, 0, 8, 0, 0, 0], [0, 0, 8, 0, 0, 0, 0, 0, 8], [0, 0, 0, 0, 0, 0, 0, 0, 0], [0, 0, 0, 0, 0, 0, 0, 0, 0], [0, 0, 0, 8, 5, 5, 5, 8, 0], [8, 8, 0, 0, 0, 0, 8, 0, 0]], "output": [[8, 5, 5, 5, 8], [0, 0, 8, 0, 0], [0, 0, 8, 0, 0], [0, 0, 0, 0, 0], [0, 0, 0, 0, 0], [0, 0, 0, 0, 0], [8, 5, 5, 5, 8]]}, {"input": [[0, 0, 0, 0, 0, 0, 0, 0, 0, 0, 0, 0], [8, 0, 0, 0, 0, 0, 0, 0, 8, 0, 0, 0], [0, 0, 0, 0, 0, 0, 0, 8, 0, 8, 8, 0], [0, 0, 0, 0, 0, 0, 0, 0, 0, 0, 0, 0], [0, 0, 0, 0, 0, 8, 0, 8, 0, 0, 0, 0], [0, 0, 0, 8, 0, 0, 0, 8, 8, 0, 8, 0], [0, 0, 0, 0, 8, 0, 0, 0, 8, 0, 0, 0], [0, 0, 0, 8, 0, 0, 8, 5, 5, 5, 8, 0], [0, 8, 0, 8, 0, 0, 0, 0, 0, 0, 8, 0], [0, 8, 0, 0, 0, 8, 0, 0, 0, 8, 0, 0], [0, 0, 8, 0, 0, 8, 8, 8, 0, 8, 0, 0], [0, 8, 0, 0, 0, 0, 0, 0, 0, 8, 0, 0], [0, 0, 8, 8, 0, 0, 0, 0, 0, 8, 0, 0], [0, 0, 0, 0, 0, 8, 8, 5, 5, 5, 8, 8]], "output": [[8, 5, 5, 5, 8], [0, 0, 0, 0, 8], [0, 0, 0, 8, 0], [8, 8, 0, 8, 0], [0, 0, 0, 8, 0], [0, 0, 0, 8, 0], [8, 5, 5, 5, 8]]}, {"input": [[0, 0, 0, 8, 0, 8, 0, 0, 0, 0], [0, 8, 0, 0, 8, 0, 0, 0, 0, 8], [8, 8, 5, 5, 5, 5, 8, 0, 0, 0], [0, 0, 0, 8, 0, 0, 0, 0, 0, 0], [0, 0, 0, 0, 0, 0, 0, 8, 0, 0], [0, 0, 8, 0, 0, 0, 0, 0, 0, 0], [8, 8, 5, 5, 5, 5, 8, 0, 0, 8], [8, 0, 0, 0, 0, 8, 0, 0, 8, 0], [0, 0, 0, 8, 8, 0, 8, 0, 0, 0], [0, 0, 0, 0, 0, 0, 0, 8, 8, 0], [0, 0, 8, 0, 0, 0, 0, 0, 0, 0], [8, 0, 8, 0, 0, 0, 0, 0, 0, 0], [0, 0, 0, 0, 0, 0, 0, 8, 8, 0]], "output": [[8, 5, 5, 5, 5, 8], [0, 0, 8, 0, 0, 0], [0, 0, 0, 0, 0, 0], [0, 8, 0, 0, 0, 0], [8, 5, 5, 5, 5, 8]]}, {"input": [[0, 0, 0, 0, 0, 0, 0, 0, 0, 0, 8, 0, 0, 0], [8, 8, 0, 0, 0, 0, 0, 0, 0, 0, 8, 0, 8, 8], [0, 0, 8, 0, 8, 5, 5, 5, 5, 5, 5, 5, 5, 8], [8, 0, 0, 0, 8, 0, 0, 8, 0, 0, 0, 8, 0, 0], [0, 0, 0, 0, 8, 0, 0, 0, 0, 0, 0, 0, 0, 0], [0, 0, 8, 0, 8, 0, 0, 8, 0, 0, 0, 8, 0, 0], [0, 0, 0, 0, 0, 0, 0, 8, 8, 0, 0, 0, 0, 0], [0, 0, 0, 0, 0, 8, 0, 8, 0, 0, 8, 0, 0, 0], [0, 0, 0, 0, 8, 5, 5, 5, 5, 5, 5, 5, 5, 8], [0, 0, 0, 0, 0, 0, 8, 8, 8, 0, 0, 0, 8, 0]], "output": [[8, 5, 5, 5, 5, 5, 5, 5, 5, 8], [8, 0, 0, 8, 0, 0, 0, 8, 0, 0], [8, 0, 0, 0, 0, 0, 0, 0, 0, 0], [8, 0, 0, 8, 0, 0, 0, 8, 0, 0], [0, 0, 0, 8, 8, 0, 0, 0, 0, 0], [0, 8, 0, 8, 0, 0, 8, 0, 0, 0], [8, 5, 5, 5, 5, 5, 5, 5, 5, 8]]}, {"input": [[0, 0, 0, 0, 0, 0, 0, 8, 0, 0], [8, 8, 5, 5, 5, 5, 5, 5, 5, 8], [0, 8, 0, 0, 8, 8, 0, 8, 0, 0], [0, 0, 0, 0, 0, 0, 0, 0, 0, 0], [0, 0, 0, 0, 0, 8, 0, 0, 0, 0], [0, 8, 0, 0, 8, 0, 0, 0, 0, 0], [0, 0, 0, 0, 0, 8, 0, 0, 0, 8], [8, 8, 5, 5, 5, 5, 5, 5, 5, 8], [0, 8, 8, 8, 0, 0, 0, 0, 0, 0], [8, 0, 0, 0, 0, 0, 0, 0, 0, 0]], "output": [[8, 5, 5, 5, 5, 5, 5, 5, 8], [8, 0, 0, 8, 8, 0, 8, 0, 0], [0, 0, 0, 0, 0, 0, 0, 0, 0], [0, 0, 0, 0, 8, 0, 0, 0, 0], [8, 0, 0, 8, 0, 0, 0, 0, 0], [0, 0, 0, 0, 8, 0, 0, 0, 8], [8, 5, 5, 5, 5, 5, 5, 5, 8]]}, {"input": [[0, 8, 0, 8, 0, 0, 0, 0, 0, 0, 0], [8, 5, 5, 5, 5, 5, 8, 0, 0, 0, 0], [0, 0, 0, 8, 8, 0, 0, 0, 8, 8, 0], [8, 0, 0, 0, 0, 8, 0, 0, 0, 0, 0], [8, 0, 8, 0, 0, 0, 0, 0, 0, 0, 0], [0, 0, 8, 0, 0, 0, 0, 0, 0, 0, 0], [0, 8, 0, 0, 0, 0, 0, 0, 8, 0, 8], [0, 0, 0, 0, 0, 0, 0, 8, 0, 0, 8], [8, 5, 5, 5, 5, 5, 8, 0, 0, 0, 0]], "output": [[8, 5, 5, 5, 5, 5, 8], [0, 0, 0, 8, 8, 0, 0], [8, 0, 0, 0, 0, 8, 0], [8, 0, 8, 0, 0, 0, 0], [0, 0, 8, 0, 0, 0, 0], [0, 8, 0, 0, 0, 0, 0], [0, 0, 0, 0, 0, 0, 0], [8, 5, 5, 5, 5, 5, 8]]}, {"input": [[8, 0, 8, 5, 5, 5, 8, 0, 0, 0], [0, 0, 0, 0, 0, 8, 8, 0, 0, 0], [8, 8, 0, 0, 8, 8, 8, 0, 0, 0], [0, 0, 0, 0, 8, 8, 0, 8, 0, 0], [0, 0, 0, 0, 0, 0, 0, 0, 0, 8], [0, 0, 0, 8, 0, 0, 0, 0, 0, 0], [0, 0, 0, 0, 0, 0, 8, 8, 0, 0], [0, 0, 8, 5, 5, 5, 8, 0, 0, 8], [0, 0, 0, 0, 8, 0, 0, 0, 8, 8], [0, 0, 0, 0, 0, 0, 8, 0, 0, 0]], "output": [[8, 5, 5, 5, 8], [0, 0, 0, 8, 8], [0, 0, 8, 8, 8], [0, 0, 8, 8, 0], [0, 0, 0, 0, 0], [0, 8, 0, 0, 0], [0, 0, 0, 0, 8], [8, 5, 5, 5, 8]]}, {"input": [[8, 5, 5, 5, 5, 5, 5, 8, 0, 8], [0, 0, 0, 0, 0, 0, 0, 0, 0, 0], [0, 0, 0, 0, 0, 8, 0, 0, 0, 0], [0, 0, 0, 0, 0, 0, 0, 0, 0, 0], [0, 0, 8, 8, 0, 0, 0, 0, 0, 8], [8, 0, 0, 0, 8, 0, 0, 0, 0, 0], [0, 0, 0, 8, 0, 8, 8, 8, 0, 0], [0, 8, 0, 0, 0, 0, 8, 8, 8, 0], [0, 0, 0, 0, 0, 0, 8, 8, 0, 8], [0, 0, 0, 8, 0, 0, 0, 0, 0, 0], [0, 0, 0, 8, 0, 0, 0, 0, 0, 0], [8, 5, 5, 5, 5, 5, 5, 8, 8, 0], [0, 8, 0, 0, 0, 8, 0, 0, 0, 0]], "output": [[8, 5, 5, 5, 5, 5, 5, 8], [0, 0, 0, 0, 0, 0, 0, 0], [0, 0, 0, 0, 0, 8, 0, 0], [0, 0, 0, 0, 0, 0, 0, 0], [0, 0, 8, 8, 0, 0, 0, 0], [8, 0, 0, 0, 8, 0, 0, 0], [0, 0, 0, 8, 0, 8, 8, 8], [0, 8, 0, 0, 0, 0, 8, 8], [0, 0, 0, 0, 0, 0, 8, 8], [0, 0, 0, 8, 0, 0, 0, 0], [0, 0, 0, 8, 0, 0, 0, 0], [8, 5, 5, 5, 5, 5, 5, 8]]}, {"input": [[0, 0, 0, 0, 0, 8, 0, 0, 0, 0], [0, 0, 0, 8, 0, 0, 0, 0, 0, 8], [0, 0, 0, 0, 0, 0, 0, 0, 0, 8], [8, 5, 5, 5, 5, 5, 5, 5, 8, 0], [8, 0, 0, 0, 0, 8, 8, 0, 0, 0], [0, 8, 0, 0, 0, 0, 0, 0, 0, 0], [0, 0, 0, 0, 8, 8, 0, 0, 0, 0], [0, 0, 0, 0, 0, 0, 0, 0, 8, 0], [8, 0, 0, 8, 0, 0, 0, 0, 0, 0], [0, 8, 0, 0, 0, 8, 8, 0, 0, 0], [8, 5, 5, 5, 5, 5, 5, 5, 8, 0], [0, 8, 0, 8, 0, 0, 0, 8, 0, 0], [8, 0, 0, 0, 0, 0, 8, 0, 0, 0]], "output": [[8, 5, 5, 5, 5, 5, 5, 5, 8], [8, 0, 0, 0, 0, 8, 8, 0, 0], [0, 8, 0, 0, 0, 0, 0, 0, 0], [0, 0, 0, 0, 8, 8, 0, 0, 0], [0, 0, 0, 0, 0, 0, 0, 0, 8], [8, 0, 0, 8, 0, 0, 0, 0, 0], [0, 8, 0, 0, 0, 8, 8, 0, 0], [8, 5, 5, 5, 5, 5, 5, 5, 8]]}, {"input": [[8, 0, 0, 8, 0, 0, 0, 0, 0, 0, 0], [8, 5, 5, 5, 8, 0, 8, 0, 0, 0, 0], [0, 0, 0, 0, 0, 0, 0, 0, 8, 8, 0], [8, 8, 0, 0, 0, 0, 0, 0, 0, 0, 0], [0, 0, 0, 8, 8, 0, 0, 8, 0, 0, 0], [0, 0, 8, 0, 8, 8, 0, 8, 8, 0, 8], [0, 0, 0, 0, 0, 0, 8, 8, 0, 0, 0], [0, 8, 0, 0, 0, 0, 0, 0, 0, 0, 0], [8, 5, 5, 5, 8, 0, 0, 8, 0, 0, 0]], "output": [[8, 5, 5, 5, 8], [0, 0, 0, 0, 0], [8, 8, 0, 0, 0], [0, 0, 0, 8, 8], [0, 0, 8, 0, 8], [0, 0, 0, 0, 0], [0, 8, 0, 0, 0], [8, 5, 5, 5, 8]]}, {"input": [[0, 0, 0, 8, 0, 0, 8, 0, 0], [0, 0, 0, 0, 0, 8, 0, 0, 0], [0, 0, 8, 0, 0, 0, 0, 0, 0], [8, 0, 0, 0, 0, 0, 0, 0, 8], [8, 8, 5, 5, 5, 5, 5, 5, 8], [0, 0, 0, 0, 0, 0, 8, 0, 0], [8, 8, 0, 0, 0, 0, 0, 0, 0], [0, 0, 0, 0, 0, 0, 0, 0, 0], [0, 0, 0, 8, 8, 8, 0, 0, 8], [8, 8, 5, 5, 5, 5, 5, 5, 8]], "output": [[8, 5, 5, 5, 5, 5, 5, 8], [0, 0, 0, 0, 0, 8, 0, 0], [8, 0, 0, 0, 0, 0, 0, 0], [0, 0, 0, 0, 0, 0, 0, 0], [0, 0, 8, 8, 8, 0, 0, 8], [8, 5, 5, 5, 5, 5, 5, 8]]}, {"input": [[0, 8, 5, 5, 5, 5, 5, 5, 5, 5, 5, 5, 5, 8], [0, 0, 8, 0, 0, 8, 8, 0, 0, 0, 8, 0, 0, 8], [8, 0, 0, 0, 0, 8, 0, 0, 0, 0, 0, 0, 8, 8], [0, 0, 0, 8, 0, 0, 0, 0, 0, 0, 0, 0, 8, 0], [0, 0, 0, 0, 0, 0, 0, 0, 8, 0, 0, 0, 0, 0], [0, 0, 0, 0, 0, 8, 8, 0, 0, 8, 0, 8, 0, 0], [0, 8, 8, 0, 0, 8, 0, 8, 0, 0, 0, 0, 0, 0], [0, 0, 0, 0, 0, 0, 0, 0, 8, 0, 0, 0, 0, 8], [0, 0, 0, 8, 0, 0, 0, 0, 8, 8, 8, 0, 0, 8], [0, 0, 0, 0, 0, 8, 0, 0, 0, 0, 0, 0, 0, 8], [0, 8, 5, 5, 5, 5, 5, 5, 5, 5, 5, 5, 5, 8], [0, 8, 0, 0, 0, 0, 8, 0, 0, 8, 0, 0, 0, 8], [8, 8, 0, 0, 0, 0, 0, 0, 0, 0, 0, 0, 8, 0], [0, 0, 0, 0, 0, 0, 8, 0, 0, 0, 0, 0, 0, 0]], "output": [[8, 5, 5, 5, 5, 5, 5, 5, 5, 5, 5, 5, 8], [0, 8, 0, 0, 8, 8, 0, 0, 0, 8, 0, 0, 8], [0, 0, 0, 0, 8, 0, 0, 0, 0, 0, 0, 8, 8], [0, 0, 8, 0, 0, 0, 0, 0, 0, 0, 0, 8, 0], [0, 0, 0, 0, 0, 0, 0, 8, 0, 0, 0, 0, 0], [0, 0, 0, 0, 8, 8, 0, 0, 8, 0, 8, 0, 0], [8, 8, 0, 0, 8, 0, 8, 0, 0, 0, 0, 0, 0], [0, 0, 0, 0, 0, 0, 0, 8, 0, 0, 0, 0, 8], [0, 0, 8, 0, 0, 0, 0, 8, 8, 8, 0, 0, 8], [0, 0, 0, 0, 8, 0, 0, 0, 0, 0, 0, 0, 8], [8, 5, 5, 5, 5, 5, 5, 5, 5, 5, 5, 5, 8]]}, {"input": [[0, 0, 0, 0, 0, 0, 8, 0, 0, 0, 0], [8, 0, 0, 0, 0, 0, 0, 0, 8, 0, 0], [0, 0, 8, 5, 5, 5, 8, 0, 0, 0, 0], [0, 8, 0, 0, 0, 8, 0, 0, 8, 0, 0], [0, 0, 0, 0, 8, 0, 8, 0, 0, 0, 8], [0, 0, 0, 8, 8, 0, 0, 0, 0, 0, 8], [0, 0, 0, 0, 8, 8, 0, 0, 0, 8, 8], [0, 0, 0, 0, 0, 0, 0, 0, 0, 0, 8], [0, 0, 0, 0, 0, 8, 0, 0, 8, 0, 0], [8, 0, 8, 5, 5, 5, 8, 0, 0, 0, 0], [0, 0, 0, 0, 8, 0, 0, 0, 8, 8, 0]], "output": [[8, 5, 5, 5, 8], [0, 0, 0, 8, 0], [0, 0, 8, 0, 8], [0, 8, 8, 0, 0], [0, 0, 8, 8, 0], [0, 0, 0, 0, 0], [0, 0, 0, 8, 0], [8, 5, 5, 5, 8]]}, {"input": [[0, 0, 0, 8, 0, 0, 0, 0, 0, 0], [0, 0, 0, 0, 0, 0, 8, 0, 0, 0], [0, 0, 0, 0, 0, 0, 0, 0, 0, 0], [0, 0, 0, 0, 8, 8, 0, 0, 0, 8], [0, 0, 0, 0, 8, 0, 0, 0, 8, 0], [0, 8, 8, 0, 0, 0, 0, 0, 8, 0], [8, 8, 5, 5, 5, 5, 5, 8, 0, 8], [0, 0, 8, 0, 0, 8, 0, 0, 0, 0], [0, 0, 0, 0, 0, 0, 0, 0, 8, 0], [0, 0, 8, 0, 0, 0, 8, 0, 0, 0], [8, 8, 0, 0, 8, 8, 0, 8, 0, 0], [0, 8, 0, 0, 8, 0, 0, 0, 0, 0], [0, 8, 5, 5, 5, 5, 5, 8, 0, 0], [0, 0, 8, 0, 0, 0, 0, 0, 8, 0]], "output": [[8, 5, 5, 5, 5, 5, 8], [0, 8, 0, 0, 8, 0, 0], [0, 0, 0, 0, 0, 0, 0], [0, 8, 0, 0, 0, 8, 0], [8, 0, 0, 8, 8, 0, 8], [8, 0, 0, 8, 0, 0, 0], [8, 5, 5, 5, 5, 5, 8]]}, {"input": [[8, 5, 5, 5, 5, 5, 5, 8, 0, 0], [8, 0, 0, 0, 8, 0, 0, 0, 0, 8], [0, 0, 0, 0, 0, 8, 8, 0, 0, 0], [0, 8, 0, 0, 8, 0, 0, 0, 8, 0], [0, 0, 0, 8, 0, 0, 0, 0, 0, 8], [8, 0, 0, 8, 0, 0, 0, 0, 0, 0], [0, 0, 0, 0, 0, 0, 0, 8, 0, 0], [8, 5, 5, 5, 5, 5, 5, 8, 0, 0], [0, 0, 8, 0, 0, 8, 0, 8, 8, 0], [8, 0, 0, 0, 0, 0, 0, 0, 0, 0], [0, 0, 0, 0, 8, 0, 8, 0, 8, 0], [0, 0, 0, 0, 0, 0, 0, 0, 0, 8]], "output": [[8, 5, 5, 5, 5, 5, 5, 8], [8, 0, 0, 0, 8, 0, 0, 0], [0, 0, 0, 0, 0, 8, 8, 0], [0, 8, 0, 0, 8, 0, 0, 0], [0, 0, 0, 8, 0, 0, 0, 0], [8, 0, 0, 8, 0, 0, 0, 0], [0, 0, 0, 0, 0, 0, 0, 8], [8, 5, 5, 5, 5, 5, 5, 8]]}, {"input": [[8, 8, 0, 8, 0, 0, 8, 0, 0, 0, 0], [8, 5, 5, 5, 5, 5, 8, 0, 0, 0, 0], [0, 0, 0, 8, 8, 8, 0, 0, 8, 0, 0], [0, 0, 0, 0, 0, 0, 8, 0, 0, 8, 0], [0, 8, 0, 0, 0, 8, 0, 8, 0, 0, 0], [8, 8, 0, 0, 0, 8, 0, 0, 0, 0, 0], [0, 0, 0, 0, 0, 0, 0, 0, 0, 0, 8], [0, 0, 0, 0, 0, 0, 8, 0, 0, 8, 0], [8, 5, 5, 5, 5, 5, 8, 0, 0, 0, 0], [0, 8, 8, 0, 8, 0, 8, 0, 0, 0, 0], [0, 0, 0, 0, 0, 0, 0, 0, 0, 8, 0]], "output": [[8, 5, 5, 5, 5, 5, 8], [0, 0, 0, 8, 8, 8, 0], [0, 0, 0, 0, 0, 0, 8], [0, 8, 0, 0, 0, 8, 0], [8, 8, 0, 0, 0, 8, 0], [0, 0, 0, 0, 0, 0, 0], [0, 0, 0, 0, 0, 0, 8], [8, 5, 5, 5, 5, 5, 8]]}, {"input": [[8, 0, 0, 8, 5, 5, 5, 5, 5, 5, 8, 0], [8, 0, 0, 8, 0, 0, 0, 8, 8, 8, 0, 0], [0, 0, 0, 0, 0, 8, 0, 8, 0, 0, 8, 0], [8, 0, 0, 8, 0, 0, 8, 0, 0, 0, 0, 0], [0, 0, 0, 0, 0, 0, 0, 0, 0, 0, 0, 0], [0, 0, 0, 0, 0, 0, 0, 0, 0, 0, 0, 0], [0, 0, 0, 0, 0, 0, 8, 0, 0, 0, 0, 0], [0, 0, 0, 0, 8, 0, 0, 8, 0, 0, 8, 0], [0, 0, 0, 0, 8, 8, 0, 0, 0, 0, 0, 8], [8, 0, 0, 0, 0, 0, 0, 0, 0, 0, 0, 0], [8, 8, 0, 0, 0, 8, 8, 8, 0, 0, 0, 0], [0, 0, 0, 8, 5, 5, 5, 5, 5, 5, 8, 0], [0, 0, 0, 0, 0, 0, 0, 8, 0, 0, 8, 0], [0, 0, 0, 0, 0, 8, 0, 0, 0, 8, 8, 0]], "output": [[8, 5, 5, 5, 5, 5, 5, 8], [8, 0, 0, 0, 8, 8, 8, 0], [0, 0, 8, 0, 8, 0, 0, 8], [8, 0, 0, 8, 0, 0, 0, 0], [0, 0, 0, 0, 0, 0, 0, 0], [0, 0, 0, 0, 0, 0, 0, 0], [0, 0, 0, 8, 0, 0, 0, 0], [0, 8, 0, 0, 8, 0, 0, 8], [0, 8, 8, 0, 0, 0, 0, 0], [0, 0, 0, 0, 0, 0, 0, 0], [0, 0, 8, 8, 8, 0, 0, 0], [8, 5, 5, 5, 5, 5, 5, 8]]}, {"input": [[0, 0, 8, 0, 0, 0, 0, 0, 0, 0, 0, 0, 8], [0, 8, 5, 5, 5, 8, 0, 0, 0, 0, 8, 8, 0], [0, 0, 0, 8, 0, 0, 0, 8, 8, 0, 0, 0, 0], [0, 0, 0, 0, 0, 8, 0, 0, 0, 0, 8, 0, 0], [0, 0, 8, 0, 8, 8, 0, 0, 0, 0, 8, 0, 0], [8, 0, 0, 0, 0, 0, 0, 8, 8, 0, 0, 0, 0], [0, 0, 0, 0, 0, 0, 0, 0, 0, 0, 0, 0, 0], [0, 8, 5, 5, 5, 8, 8, 0, 8, 0, 0, 0, 0], [0, 0, 8, 0, 0, 0, 0, 0, 0, 8, 0, 0, 8], [0, 0, 0, 0, 8, 0, 8, 0, 0, 0, 0, 0, 0], [0, 0, 0, 8, 0, 0, 8, 0, 0, 0, 8, 8, 8], [8, 0, 0, 8, 0, 0, 0, 0, 0, 0, 0, 0, 0], [0, 8, 0, 0, 0, 0, 8, 0, 0, 0, 0, 8, 0]], "output": [[8, 5, 5, 5, 8], [0, 0, 8, 0, 0], [0, 0, 0, 0, 8], [0, 8, 0, 8, 8], [0, 0, 0, 0, 0], [0, 0, 0, 0, 0], [8, 5, 5, 5, 8]]}]
