[{"input": [[0, 0, 0, 0, 4], [6, 6, 0, 0, 4], [6, 6, 0, 0, 4], [0, 0, 0, 0, 4], [4, 4, 4, 4, 2]], "output": [[0, 0, 0, 0, 0, 0, 0, 0, 2, 0, 0, 0, 4, 4, 4], [0, 0, 0, 0, 0, 0, 0, 2, 0, 0, 0, 0, 4, 4, 4], [0, 0, 0, 0, 0, 0, 2, 0, 0, 0, 0, 0, 4, 4, 4], [6, 6, 6, 6, 6, 6, 0, 0, 0, 0, 0, 0, 4, 4, 4], [6, 6, 6, 6, 6, 6, 0, 0, 0, 0, 0, 0, 4, 4, 4], [6, 6, 6, 6, 6, 6, 0, 0, 0, 0, 0, 0, 4, 4, 4], [6, 6, 6, 6, 6, 6, 0, 0, 0, 0, 0, 0, 4, 4, 4], [6, 6, 6, 6, 6, 6, 0, 0, 0, 0, 0, 0, 4, 4, 4], [6, 6, 6, 6, 6, 6, 0, 0, 0, 0, 0, 0, 4, 4, 4], [0, 0, 0, 0, 0, 0, 2, 0, 0, 0, 0, 0, 4, 4, 4], [0, 0, 0, 0, 0, 0, 0, 2, 0, 0, 0, 0, 4, 4, 4], [0, 0, 0, 0, 0, 0, 0, 0, 2, 0, 0, 0, 4, 4, 4], [4, 4, 4, 4, 4, 4, 4, 4, 4, 4, 4, 4, 2, 2, 2], [4, 4, 4, 4, 4, 4, 4, 4, 4, 4, 4, 4, 2, 2, 2], [4, 4, 4, 4, 4, 4, 4, 4, 4, 4, 4, 4, 2, 2, 2]]}, {"input": [[0, 0, 0, 0, 3], [2, 2, 0, 0, 3], [2, 2, 0, 0, 3], [0, 0, 0, 0, 5], [3, 3, 3, 5, 6]], "output": [[0, 0, 0, 0, 0, 0, 0, 0, 0, 0, 0, 2, 0, 0, 0, 0, 3, 3, 3, 3], [0, 0, 0, 0, 0, 0, 0, 0, 0, 0, 2, 0, 0, 0, 0, 0, 3, 3, 3, 3], [0, 0, 0, 0, 0, 0, 0, 0, 0, 2, 0, 0, 0, 0, 0, 0, 3, 3, 3, 3], [0, 0, 0, 0, 0, 0, 0, 0, 2, 0, 0, 0, 0, 0, 0, 0, 3, 3, 3, 3], [2, 2, 2, 2, 2, 2, 2, 2, 0, 0, 0, 0, 0, 0, 0, 0, 3, 3, 3, 3], [2, 2, 2, 2, 2, 2, 2, 2, 0, 0, 0, 0, 0, 0, 0, 0, 3, 3, 3, 3], [2, 2, 2, 2, 2, 2, 2, 2, 0, 0, 0, 0, 0, 0, 0, 0, 3, 3, 3, 3], [2, 2, 2, 2, 2, 2, 2, 2, 0, 0, 0, 0, 0, 0, 0, 0, 3, 3, 3, 3], [2, 2, 2, 2, 2, 2, 2, 2, 0, 0, 0, 0, 0, 0, 0, 0, 3, 3, 3, 3], [2, 2, 2, 2, 2, 2, 2, 2, 0, 0, 0, 0, 0, 0, 0, 0, 3, 3, 3, 3], [2, 2, 2, 2, 2, 2, 2, 2, 0, 0, 0, 0, 0, 0, 0, 0, 3, 3, 3, 3], [2, 2, 2, 2, 2, 2, 2, 2, 0, 0, 0, 0, 0, 0, 0, 0, 3, 3, 3, 3], [0, 0, 0, 0, 0, 0, 0, 0, 2, 0, 0, 0, 0, 0, 0, 0, 5, 5, 5, 5], [0, 0, 0, 0, 0, 0, 0, 0, 0, 2, 0, 0, 0, 0, 0, 0, 5, 5, 5, 5], [0, 0, 0, 0, 0, 0, 0, 0, 0, 0, 2, 0, 0, 0, 0, 0, 5, 5, 5, 5], [0, 0, 0, 0, 0, 0, 0, 0, 0, 0, 0, 2, 0, 0, 0, 0, 5, 5, 5, 5], [3, 3, 3, 3, 3, 3, 3, 3, 3, 3, 3, 3, 5, 5, 5, 5, 6, 6, 6, 6], [3, 3, 3, 3, 3, 3, 3, 3, 3, 3, 3, 3, 5, 5, 5, 5, 6, 6, 6, 6], [3, 3, 3, 3, 3, 3, 3, 3, 3, 3, 3, 3, 5, 5, 5, 5, 6, 6, 6, 6], [3, 3, 3, 3, 3, 3, 3, 3, 3, 3, 3, 3, 5, 5, 5, 5, 6, 6, 6, 6]]}, {"input": [[0, 0, 0, 0, 3], [9, 9, 0, 0, 3], [9, 9, 0, 0, 3], [0, 0, 0, 0, 3], [3, 3, 3, 3, 3]], "output": [[0, 0, 0, 0, 0, 2, 0, 0, 3, 3], [0, 0, 0, 0, 2, 0, 0, 0, 3, 3], [9, 9, 9, 9, 0, 0, 0, 0, 3, 3], [9, 9, 9, 9, 0, 0, 0, 0, 3, 3], [9, 9, 9, 9, 0, 0, 0, 0, 3, 3], [9, 9, 9, 9, 0, 0, 0, 0, 3, 3], [0, 0, 0, 0, 2, 0, 0, 0, 3, 3], [0, 0, 0, 0, 0, 2, 0, 0, 3, 3], [3, 3, 3, 3, 3, 3, 3, 3, 3, 3], [3, 3, 3, 3, 3, 3, 3, 3, 3, 3]]}, {"input": [[0, 6, 6, 0, 5], [0, 6, 6, 0, 5], [0, 0, 0, 0, 5], [0, 0, 0, 0, 5], [5, 5, 5, 5, 5]], "output": [[0, 0, 6, 6, 6, 6, 0, 0, 5, 5], [0, 0, 6, 6, 6, 6, 0, 0, 5, 5], [0, 0, 6, 6, 6, 6, 0, 0, 5, 5], [0, 0, 6, 6, 6, 6, 0, 0, 5, 5], [0, 2, 0, 0, 0, 0, 2, 0, 5, 5], [2, 0, 0, 0, 0, 0, 0, 2, 5, 5], [0, 0, 0, 0, 0, 0, 0, 0, 5, 5], [0, 0, 0, 0, 0, 0, 0, 0, 5, 5], [5, 5, 5, 5, 5, 5, 5, 5, 5, 5], [5, 5, 5, 5, 5, 5, 5, 5, 5, 5]]}, {"input": [[0, 0, 0, 0, 8], [0, 4, 4, 0, 8], [0, 4, 4, 0, 8], [0, 0, 0, 0, 8], [8, 8, 8, 8, 8]], "output": [[2, 0, 0, 0, 0, 0, 0, 2, 8, 8], [0, 2, 0, 0, 0, 0, 2, 0, 8, 8], [0, 0, 4, 4, 4, 4, 0, 0, 8, 8], [0, 0, 4, 4, 4, 4, 0, 0, 8, 8], [0, 0, 4, 4, 4, 4, 0, 0, 8, 8], [0, 0, 4, 4, 4, 4, 0, 0, 8, 8], [0, 2, 0, 0, 0, 0, 2, 0, 8, 8], [2, 0, 0, 0, 0, 0, 0, 2, 8, 8], [8, 8, 8, 8, 8, 8, 8, 8, 8, 8], [8, 8, 8, 8, 8, 8, 8, 8, 8, 8]]}, {"input": [[0, 0, 0, 0, 6], [0, 4, 4, 0, 3], [0, 4, 4, 0, 3], [0, 0, 0, 0, 3], [6, 3, 3, 3, 3]], "output": [[2, 0, 0, 0, 0, 0, 0, 0, 0, 0, 0, 2, 6, 6, 6], [0, 2, 0, 0, 0, 0, 0, 0, 0, 0, 2, 0, 6, 6, 6], [0, 0, 2, 0, 0, 0, 0, 0, 0, 2, 0, 0, 6, 6, 6], [0, 0, 0, 4, 4, 4, 4, 4, 4, 0, 0, 0, 3, 3, 3], [0, 0, 0, 4, 4, 4, 4, 4, 4, 0, 0, 0, 3, 3, 3], [0, 0, 0, 4, 4, 4, 4, 4, 4, 0, 0, 0, 3, 3, 3], [0, 0, 0, 4, 4, 4, 4, 4, 4, 0, 0, 0, 3, 3, 3], [0, 0, 0, 4, 4, 4, 4, 4, 4, 0, 0, 0, 3, 3, 3], [0, 0, 0, 4, 4, 4, 4, 4, 4, 0, 0, 0, 3, 3, 3], [0, 0, 2, 0, 0, 0, 0, 0, 0, 2, 0, 0, 3, 3, 3], [0, 2, 0, 0, 0, 0, 0, 0, 0, 0, 2, 0, 3, 3, 3], [2, 0, 0, 0, 0, 0, 0, 0, 0, 0, 0, 2, 3, 3, 3], [6, 6, 6, 3, 3, 3, 3, 3, 3, 3, 3, 3, 3, 3, 3], [6, 6, 6, 3, 3, 3, 3, 3, 3, 3, 3, 3, 3, 3, 3], [6, 6, 6, 3, 3, 3, 3, 3, 3, 3, 3, 3, 3, 3, 3]]}, {"input": [[0, 0, 0, 0, 2], [0, 1, 1, 0, 4], [0, 1, 1, 0, 4], [0, 0, 0, 0, 4], [2, 4, 4, 4, 1]], "output": [[2, 0, 0, 0, 0, 0, 0, 0, 0, 0, 0, 2, 2, 2, 2], [0, 2, 0, 0, 0, 0, 0, 0, 0, 0, 2, 0, 2, 2, 2], [0, 0, 2, 0, 0, 0, 0, 0, 0, 2, 0, 0, 2, 2, 2], [0, 0, 0, 1, 1, 1, 1, 1, 1, 0, 0, 0, 4, 4, 4], [0, 0, 0, 1, 1, 1, 1, 1, 1, 0, 0, 0, 4, 4, 4], [0, 0, 0, 1, 1, 1, 1, 1, 1, 0, 0, 0, 4, 4, 4], [0, 0, 0, 1, 1, 1, 1, 1, 1, 0, 0, 0, 4, 4, 4], [0, 0, 0, 1, 1, 1, 1, 1, 1, 0, 0, 0, 4, 4, 4], [0, 0, 0, 1, 1, 1, 1, 1, 1, 0, 0, 0, 4, 4, 4], [0, 0, 2, 0, 0, 0, 0, 0, 0, 2, 0, 0, 4, 4, 4], [0, 2, 0, 0, 0, 0, 0, 0, 0, 0, 2, 0, 4, 4, 4], [2, 0, 0, 0, 0, 0, 0, 0, 0, 0, 0, 2, 4, 4, 4], [2, 2, 2, 4, 4, 4, 4, 4, 4, 4, 4, 4, 1, 1, 1], [2, 2, 2, 4, 4, 4, 4, 4, 4, 4, 4, 4, 1, 1, 1], [2, 2, 2, 4, 4, 4, 4, 4, 4, 4, 4, 4, 1, 1, 1]]}, {"input": [[0, 8, 8, 0, 9], [0, 8, 8, 0, 4], [0, 0, 0, 0, 4], [0, 0, 0, 0, 4], [9, 4, 4, 4, 2]], "output": [[0, 0, 0, 0, 8, 8, 8, 8, 8, 8, 8, 8, 0, 0, 0, 0, 9, 9, 9, 9], [0, 0, 0, 0, 8, 8, 8, 8, 8, 8, 8, 8, 0, 0, 0, 0, 9, 9, 9, 9], [0, 0, 0, 0, 8, 8, 8, 8, 8, 8, 8, 8, 0, 0, 0, 0, 9, 9, 9, 9], [0, 0, 0, 0, 8, 8, 8, 8, 8, 8, 8, 8, 0, 0, 0, 0, 9, 9, 9, 9], [0, 0, 0, 0, 8, 8, 8, 8, 8, 8, 8, 8, 0, 0, 0, 0, 4, 4, 4, 4], [0, 0, 0, 0, 8, 8, 8, 8, 8, 8, 8, 8, 0, 0, 0, 0, 4, 4, 4, 4], [0, 0, 0, 0, 8, 8, 8, 8, 8, 8, 8, 8, 0, 0, 0, 0, 4, 4, 4, 4], [0, 0, 0, 0, 8, 8, 8, 8, 8, 8, 8, 8, 0, 0, 0, 0, 4, 4, 4, 4], [0, 0, 0, 2, 0, 0, 0, 0, 0, 0, 0, 0, 2, 0, 0, 0, 4, 4, 4, 4], [0, 0, 2, 0, 0, 0, 0, 0, 0, 0, 0, 0, 0, 2, 0, 0, 4, 4, 4, 4], [0, 2, 0, 0, 0, 0, 0, 0, 0, 0, 0, 0, 0, 0, 2, 0, 4, 4, 4, 4], [2, 0, 0, 0, 0, 0, 0, 0, 0, 0, 0, 0, 0, 0, 0, 2, 4, 4, 4, 4], [0, 0, 0, 0, 0, 0, 0, 0, 0, 0, 0, 0, 0, 0, 0, 0, 4, 4, 4, 4], [0, 0, 0, 0, 0, 0, 0, 0, 0, 0, 0, 0, 0, 0, 0, 0, 4, 4, 4, 4], [0, 0, 0, 0, 0, 0, 0, 0, 0, 0, 0, 0, 0, 0, 0, 0, 4, 4, 4, 4], [0, 0, 0, 0, 0, 0, 0, 0, 0, 0, 0, 0, 0, 0, 0, 0, 4, 4, 4, 4], [9, 9, 9, 9, 4, 4, 4, 4, 4, 4, 4, 4, 4, 4, 4, 4, 2, 2, 2, 2], [9, 9, 9, 9, 4, 4, 4, 4, 4, 4, 4, 4, 4, 4, 4, 4, 2, 2, 2, 2], [9, 9, 9, 9, 4, 4, 4, 4, 4, 4, 4, 4, 4, 4, 4, 4, 2, 2, 2, 2], [9, 9, 9, 9, 4, 4, 4, 4, 4, 4, 4, 4, 4, 4, 4, 4, 2, 2, 2, 2]]}, {"input": [[0, 0, 0, 0, 6], [0, 6, 6, 0, 6], [0, 6, 6, 0, 6], [0, 0, 0, 0, 6], [6, 6, 6, 6, 3]], "output": [[2, 0, 0, 0, 0, 0, 0, 2, 6, 6], [0, 2, 0, 0, 0, 0, 2, 0, 6, 6], [0, 0, 6, 6, 6, 6, 0, 0, 6, 6], [0, 0, 6, 6, 6, 6, 0, 0, 6, 6], [0, 0, 6, 6, 6, 6, 0, 0, 6, 6], [0, 0, 6, 6, 6, 6, 0, 0, 6, 6], [0, 2, 0, 0, 0, 0, 2, 0, 6, 6], [2, 0, 0, 0, 0, 0, 0, 2, 6, 6], [6, 6, 6, 6, 6, 6, 6, 6, 3, 3], [6, 6, 6, 6, 6, 6, 6, 6, 3, 3]]}, {"input": [[0, 0, 0, 0, 5], [0, 8, 8, 0, 5], [0, 8, 8, 0, 2], [0, 0, 0, 0, 2], [5, 5, 2, 2, 2]], "output": [[2, 0, 0, 0, 0, 0, 0, 0, 0, 0, 0, 2, 5, 5, 5], [0, 2, 0, 0, 0, 0, 0, 0, 0, 0, 2, 0, 5, 5, 5], [0, 0, 2, 0, 0, 0, 0, 0, 0, 2, 0, 0, 5, 5, 5], [0, 0, 0, 8, 8, 8, 8, 8, 8, 0, 0, 0, 5, 5, 5], [0, 0, 0, 8, 8, 8, 8, 8, 8, 0, 0, 0, 5, 5, 5], [0, 0, 0, 8, 8, 8, 8, 8, 8, 0, 0, 0, 5, 5, 5], [0, 0, 0, 8, 8, 8, 8, 8, 8, 0, 0, 0, 2, 2, 2], [0, 0, 0, 8, 8, 8, 8, 8, 8, 0, 0, 0, 2, 2, 2], [0, 0, 0, 8, 8, 8, 8, 8, 8, 0, 0, 0, 2, 2, 2], [0, 0, 2, 0, 0, 0, 0, 0, 0, 2, 0, 0, 2, 2, 2], [0, 2, 0, 0, 0, 0, 0, 0, 0, 0, 2, 0, 2, 2, 2], [2, 0, 0, 0, 0, 0, 0, 0, 0, 0, 0, 2, 2, 2, 2], [5, 5, 5, 5, 5, 5, 2, 2, 2, 2, 2, 2, 2, 2, 2], [5, 5, 5, 5, 5, 5, 2, 2, 2, 2, 2, 2, 2, 2, 2], [5, 5, 5, 5, 5, 5, 2, 2, 2, 2, 2, 2, 2, 2, 2]]}, {"input": [[0, 0, 0, 0, 2], [0, 5, 5, 0, 2], [0, 5, 5, 0, 2], [0, 0, 0, 0, 4], [2, 2, 2, 4, 4]], "output": [[2, 0, 0, 0, 0, 0, 0, 0, 0, 0, 0, 2, 2, 2, 2], [0, 2, 0, 0, 0, 0, 0, 0, 0, 0, 2, 0, 2, 2, 2], [0, 0, 2, 0, 0, 0, 0, 0, 0, 2, 0, 0, 2, 2, 2], [0, 0, 0, 5, 5, 5, 5, 5, 5, 0, 0, 0, 2, 2, 2], [0, 0, 0, 5, 5, 5, 5, 5, 5, 0, 0, 0, 2, 2, 2], [0, 0, 0, 5, 5, 5, 5, 5, 5, 0, 0, 0, 2, 2, 2], [0, 0, 0, 5, 5, 5, 5, 5, 5, 0, 0, 0, 2, 2, 2], [0, 0, 0, 5, 5, 5, 5, 5, 5, 0, 0, 0, 2, 2, 2], [0, 0, 0, 5, 5, 5, 5, 5, 5, 0, 0, 0, 2, 2, 2], [0, 0, 2, 0, 0, 0, 0, 0, 0, 2, 0, 0, 4, 4, 4], [0, 2, 0, 0, 0, 0, 0, 0, 0, 0, 2, 0, 4, 4, 4], [2, 0, 0, 0, 0, 0, 0, 0, 0, 0, 0, 2, 4, 4, 4], [2, 2, 2, 2, 2, 2, 2, 2, 2, 4, 4, 4, 4, 4, 4], [2, 2, 2, 2, 2, 2, 2, 2, 2, 4, 4, 4, 4, 4, 4], [2, 2, 2, 2, 2, 2, 2, 2, 2, 4, 4, 4, 4, 4, 4]]}, {"input": [[0, 0, 0, 0, 2], [8, 8, 0, 0, 2], [8, 8, 0, 0, 5], [0, 0, 0, 0, 5], [2, 2, 5, 5, 5]], "output": [[0, 0, 0, 0, 0, 0, 0, 0, 2, 0, 0, 0, 2, 2, 2], [0, 0, 0, 0, 0, 0, 0, 2, 0, 0, 0, 0, 2, 2, 2], [0, 0, 0, 0, 0, 0, 2, 0, 0, 0, 0, 0, 2, 2, 2], [8, 8, 8, 8, 8, 8, 0, 0, 0, 0, 0, 0, 2, 2, 2], [8, 8, 8, 8, 8, 8, 0, 0, 0, 0, 0, 0, 2, 2, 2], [8, 8, 8, 8, 8, 8, 0, 0, 0, 0, 0, 0, 2, 2, 2], [8, 8, 8, 8, 8, 8, 0, 0, 0, 0, 0, 0, 5, 5, 5], [8, 8, 8, 8, 8, 8, 0, 0, 0, 0, 0, 0, 5, 5, 5], [8, 8, 8, 8, 8, 8, 0, 0, 0, 0, 0, 0, 5, 5, 5], [0, 0, 0, 0, 0, 0, 2, 0, 0, 0, 0, 0, 5, 5, 5], [0, 0, 0, 0, 0, 0, 0, 2, 0, 0, 0, 0, 5, 5, 5], [0, 0, 0, 0, 0, 0, 0, 0, 2, 0, 0, 0, 5, 5, 5], [2, 2, 2, 2, 2, 2, 5, 5, 5, 5, 5, 5, 5, 5, 5], [2, 2, 2, 2, 2, 2, 5, 5, 5, 5, 5, 5, 5, 5, 5], [2, 2, 2, 2, 2, 2, 5, 5, 5, 5, 5, 5, 5, 5, 5]]}, {"input": [[0, 0, 0, 0, 1], [5, 5, 0, 0, 1], [5, 5, 0, 0, 1], [0, 0, 0, 0, 4], [1, 1, 1, 4, 4]], "output": [[0, 0, 0, 0, 0, 0, 0, 0, 2, 0, 0, 0, 1, 1, 1], [0, 0, 0, 0, 0, 0, 0, 2, 0, 0, 0, 0, 1, 1, 1], [0, 0, 0, 0, 0, 0, 2, 0, 0, 0, 0, 0, 1, 1, 1], [5, 5, 5, 5, 5, 5, 0, 0, 0, 0, 0, 0, 1, 1, 1], [5, 5, 5, 5, 5, 5, 0, 0, 0, 0, 0, 0, 1, 1, 1], [5, 5, 5, 5, 5, 5, 0, 0, 0, 0, 0, 0, 1, 1, 1], [5, 5, 5, 5, 5, 5, 0, 0, 0, 0, 0, 0, 1, 1, 1], [5, 5, 5, 5, 5, 5, 0, 0, 0, 0, 0, 0, 1, 1, 1], [5, 5, 5, 5, 5, 5, 0, 0, 0, 0, 0, 0, 1, 1, 1], [0, 0, 0, 0, 0, 0, 2, 0, 0, 0, 0, 0, 4, 4, 4], [0, 0, 0, 0, 0, 0, 0, 2, 0, 0, 0, 0, 4, 4, 4], [0, 0, 0, 0, 0, 0, 0, 0, 2, 0, 0, 0, 4, 4, 4], [1, 1, 1, 1, 1, 1, 1, 1, 1, 4, 4, 4, 4, 4, 4], [1, 1, 1, 1, 1, 1, 1, 1, 1, 4, 4, 4, 4, 4, 4], [1, 1, 1, 1, 1, 1, 1, 1, 1, 4, 4, 4, 4, 4, 4]]}, {"input": [[4, 4, 0, 0, 2], [4, 4, 0, 0, 2], [0, 0, 0, 0, 2], [0, 0, 0, 0, 2], [2, 2, 2, 2, 6]], "output": [[4, 4, 4, 4, 4, 4, 0, 0, 0, 0, 0, 0, 2, 2, 2], [4, 4, 4, 4, 4, 4, 0, 0, 0, 0, 0, 0, 2, 2, 2], [4, 4, 4, 4, 4, 4, 0, 0, 0, 0, 0, 0, 2, 2, 2], [4, 4, 4, 4, 4, 4, 0, 0, 0, 0, 0, 0, 2, 2, 2], [4, 4, 4, 4, 4, 4, 0, 0, 0, 0, 0, 0, 2, 2, 2], [4, 4, 4, 4, 4, 4, 0, 0, 0, 0, 0, 0, 2, 2, 2], [0, 0, 0, 0, 0, 0, 2, 0, 0, 0, 0, 0, 2, 2, 2], [0, 0, 0, 0, 0, 0, 0, 2, 0, 0, 0, 0, 2, 2, 2], [0, 0, 0, 0, 0, 0, 0, 0, 2, 0, 0, 0, 2, 2, 2], [0, 0, 0, 0, 0, 0, 0, 0, 0, 2, 0, 0, 2, 2, 2], [0, 0, 0, 0, 0, 0, 0, 0, 0, 0, 2, 0, 2, 2, 2], [0, 0, 0, 0, 0, 0, 0, 0, 0, 0, 0, 2, 2, 2, 2], [2, 2, 2, 2, 2, 2, 2, 2, 2, 2, 2, 2, 6, 6, 6], [2, 2, 2, 2, 2, 2, 2, 2, 2, 2, 2, 2, 6, 6, 6], [2, 2, 2, 2, 2, 2, 2, 2, 2, 2, 2, 2, 6, 6, 6]]}, {"input": [[0, 0, 0, 0, 2], [5, 5, 0, 0, 2], [5, 5, 0, 0, 2], [0, 0, 0, 0, 2], [2, 2, 2, 2, 1]], "output": [[0, 0, 0, 0, 0, 0, 0, 0, 2, 0, 0, 0, 2, 2, 2], [0, 0, 0, 0, 0, 0, 0, 2, 0, 0, 0, 0, 2, 2, 2], [0, 0, 0, 0, 0, 0, 2, 0, 0, 0, 0, 0, 2, 2, 2], [5, 5, 5, 5, 5, 5, 0, 0, 0, 0, 0, 0, 2, 2, 2], [5, 5, 5, 5, 5, 5, 0, 0, 0, 0, 0, 0, 2, 2, 2], [5, 5, 5, 5, 5, 5, 0, 0, 0, 0, 0, 0, 2, 2, 2], [5, 5, 5, 5, 5, 5, 0, 0, 0, 0, 0, 0, 2, 2, 2], [5, 5, 5, 5, 5, 5, 0, 0, 0, 0, 0, 0, 2, 2, 2], [5, 5, 5, 5, 5, 5, 0, 0, 0, 0, 0, 0, 2, 2, 2], [0, 0, 0, 0, 0, 0, 2, 0, 0, 0, 0, 0, 2, 2, 2], [0, 0, 0, 0, 0, 0, 0, 2, 0, 0, 0, 0, 2, 2, 2], [0, 0, 0, 0, 0, 0, 0, 0, 2, 0, 0, 0, 2, 2, 2], [2, 2, 2, 2, 2, 2, 2, 2, 2, 2, 2, 2, 1, 1, 1], [2, 2, 2, 2, 2, 2, 2, 2, 2, 2, 2, 2, 1, 1, 1], [2, 2, 2, 2, 2, 2, 2, 2, 2, 2, 2, 2, 1, 1, 1]]}, {"input": [[2, 2, 0, 0, 8], [2, 2, 0, 0, 8], [0, 0, 0, 0, 8], [0, 0, 0, 0, 8], [8, 8, 8, 8, 8]], "output": [[2, 2, 2, 2, 0, 0, 0, 0, 8, 8], [2, 2, 2, 2, 0, 0, 0, 0, 8, 8], [2, 2, 2, 2, 0, 0, 0, 0, 8, 8], [2, 2, 2, 2, 0, 0, 0, 0, 8, 8], [0, 0, 0, 0, 2, 0, 0, 0, 8, 8], [0, 0, 0, 0, 0, 2, 0, 0, 8, 8], [0, 0, 0, 0, 0, 0, 2, 0, 8, 8], [0, 0, 0, 0, 0, 0, 0, 2, 8, 8], [8, 8, 8, 8, 8, 8, 8, 8, 8, 8], [8, 8, 8, 8, 8, 8, 8, 8, 8, 8]]}, {"input": [[0, 5, 5, 0, 1], [0, 5, 5, 0, 1], [0, 0, 0, 0, 1], [0, 0, 0, 0, 8], [1, 1, 1, 8, 8]], "output": [[0, 0, 0, 5, 5, 5, 5, 5, 5, 0, 0, 0, 1, 1, 1], [0, 0, 0, 5, 5, 5, 5, 5, 5, 0, 0, 0, 1, 1, 1], [0, 0, 0, 5, 5, 5, 5, 5, 5, 0, 0, 0, 1, 1, 1], [0, 0, 0, 5, 5, 5, 5, 5, 5, 0, 0, 0, 1, 1, 1], [0, 0, 0, 5, 5, 5, 5, 5, 5, 0, 0, 0, 1, 1, 1], [0, 0, 0, 5, 5, 5, 5, 5, 5, 0, 0, 0, 1, 1, 1], [0, 0, 2, 0, 0, 0, 0, 0, 0, 2, 0, 0, 1, 1, 1], [0, 2, 0, 0, 0, 0, 0, 0, 0, 0, 2, 0, 1, 1, 1], [2, 0, 0, 0, 0, 0, 0, 0, 0, 0, 0, 2, 1, 1, 1], [0, 0, 0, 0, 0, 0, 0, 0, 0, 0, 0, 0, 8, 8, 8], [0, 0, 0, 0, 0, 0, 0, 0, 0, 0, 0, 0, 8, 8, 8], [0, 0, 0, 0, 0, 0, 0, 0, 0, 0, 0, 0, 8, 8, 8], [1, 1, 1, 1, 1, 1, 1, 1, 1, 8, 8, 8, 8, 8, 8], [1, 1, 1, 1, 1, 1, 1, 1, 1, 8, 8, 8, 8, 8, 8], [1, 1, 1, 1, 1, 1, 1, 1, 1, 8, 8, 8, 8, 8, 8]]}, {"input": [[0, 0, 0, 0, 1], [6, 6, 0, 0, 1], [6, 6, 0, 0, 1], [0, 0, 0, 0, 8], [1, 1, 1, 8, 2]], "output": [[0, 0, 0, 0, 0, 0, 0, 0, 0, 0, 0, 2, 0, 0, 0, 0, 1, 1, 1, 1], [0, 0, 0, 0, 0, 0, 0, 0, 0, 0, 2, 0, 0, 0, 0, 0, 1, 1, 1, 1], [0, 0, 0, 0, 0, 0, 0, 0, 0, 2, 0, 0, 0, 0, 0, 0, 1, 1, 1, 1], [0, 0, 0, 0, 0, 0, 0, 0, 2, 0, 0, 0, 0, 0, 0, 0, 1, 1, 1, 1], [6, 6, 6, 6, 6, 6, 6, 6, 0, 0, 0, 0, 0, 0, 0, 0, 1, 1, 1, 1], [6, 6, 6, 6, 6, 6, 6, 6, 0, 0, 0, 0, 0, 0, 0, 0, 1, 1, 1, 1], [6, 6, 6, 6, 6, 6, 6, 6, 0, 0, 0, 0, 0, 0, 0, 0, 1, 1, 1, 1], [6, 6, 6, 6, 6, 6, 6, 6, 0, 0, 0, 0, 0, 0, 0, 0, 1, 1, 1, 1], [6, 6, 6, 6, 6, 6, 6, 6, 0, 0, 0, 0, 0, 0, 0, 0, 1, 1, 1, 1], [6, 6, 6, 6, 6, 6, 6, 6, 0, 0, 0, 0, 0, 0, 0, 0, 1, 1, 1, 1], [6, 6, 6, 6, 6, 6, 6, 6, 0, 0, 0, 0, 0, 0, 0, 0, 1, 1, 1, 1], [6, 6, 6, 6, 6, 6, 6, 6, 0, 0, 0, 0, 0, 0, 0, 0, 1, 1, 1, 1], [0, 0, 0, 0, 0, 0, 0, 0, 2, 0, 0, 0, 0, 0, 0, 0, 8, 8, 8, 8], [0, 0, 0, 0, 0, 0, 0, 0, 0, 2, 0, 0, 0, 0, 0, 0, 8, 8, 8, 8], [0, 0, 0, 0, 0, 0, 0, 0, 0, 0, 2, 0, 0, 0, 0, 0, 8, 8, 8, 8], [0, 0, 0, 0, 0, 0, 0, 0, 0, 0, 0, 2, 0, 0, 0, 0, 8, 8, 8, 8], [1, 1, 1, 1, 1, 1, 1, 1, 1, 1, 1, 1, 8, 8, 8, 8, 2, 2, 2, 2], [1, 1, 1, 1, 1, 1, 1, 1, 1, 1, 1, 1, 8, 8, 8, 8, 2, 2, 2, 2], [1, 1, 1, 1, 1, 1, 1, 1, 1, 1, 1, 1, 8, 8, 8, 8, 2, 2, 2, 2], [1, 1, 1, 1, 1, 1, 1, 1, 1, 1, 1, 1, 8, 8, 8, 8, 2, 2, 2, 2]]}, {"input": [[0, 0, 0, 0, 8], [6, 6, 0, 0, 8], [6, 6, 0, 0, 8], [0, 0, 0, 0, 8], [8, 8, 8, 8, 4]], "output": [[0, 0, 0, 0, 0, 0, 0, 0, 2, 0, 0, 0, 8, 8, 8], [0, 0, 0, 0, 0, 0, 0, 2, 0, 0, 0, 0, 8, 8, 8], [0, 0, 0, 0, 0, 0, 2, 0, 0, 0, 0, 0, 8, 8, 8], [6, 6, 6, 6, 6, 6, 0, 0, 0, 0, 0, 0, 8, 8, 8], [6, 6, 6, 6, 6, 6, 0, 0, 0, 0, 0, 0, 8, 8, 8], [6, 6, 6, 6, 6, 6, 0, 0, 0, 0, 0, 0, 8, 8, 8], [6, 6, 6, 6, 6, 6, 0, 0, 0, 0, 0, 0, 8, 8, 8], [6, 6, 6, 6, 6, 6, 0, 0, 0, 0, 0, 0, 8, 8, 8], [6, 6, 6, 6, 6, 6, 0, 0, 0, 0, 0, 0, 8, 8, 8], [0, 0, 0, 0, 0, 0, 2, 0, 0, 0, 0, 0, 8, 8, 8], [0, 0, 0, 0, 0, 0, 0, 2, 0, 0, 0, 0, 8, 8, 8], [0, 0, 0, 0, 0, 0, 0, 0, 2, 0, 0, 0, 8, 8, 8], [8, 8, 8, 8, 8, 8, 8, 8, 8, 8, 8, 8, 4, 4, 4], [8, 8, 8, 8, 8, 8, 8, 8, 8, 8, 8, 8, 4, 4, 4], [8, 8, 8, 8, 8, 8, 8, 8, 8, 8, 8, 8, 4, 4, 4]]}, {"input": [[5, 5, 0, 0, 3], [5, 5, 0, 0, 3], [0, 0, 0, 0, 3], [0, 0, 0, 0, 3], [3, 3, 3, 3, 3]], "output": [[5, 5, 5, 5, 0, 0, 0, 0, 3, 3], [5, 5, 5, 5, 0, 0, 0, 0, 3, 3], [5, 5, 5, 5, 0, 0, 0, 0, 3, 3], [5, 5, 5, 5, 0, 0, 0, 0, 3, 3], [0, 0, 0, 0, 2, 0, 0, 0, 3, 3], [0, 0, 0, 0, 0, 2, 0, 0, 3, 3], [0, 0, 0, 0, 0, 0, 2, 0, 3, 3], [0, 0, 0, 0, 0, 0, 0, 2, 3, 3], [3, 3, 3, 3, 3, 3, 3, 3, 3, 3], [3, 3, 3, 3, 3, 3, 3, 3, 3, 3]]}, {"input": [[1, 1, 0, 0, 7], [1, 1, 0, 0, 7], [0, 0, 0, 0, 1], [0, 0, 0, 0, 1], [7, 7, 1, 1, 2]], "output": [[1, 1, 1, 1, 1, 1, 0, 0, 0, 0, 0, 0, 7, 7, 7], [1, 1, 1, 1, 1, 1, 0, 0, 0, 0, 0, 0, 7, 7, 7], [1, 1, 1, 1, 1, 1, 0, 0, 0, 0, 0, 0, 7, 7, 7], [1, 1, 1, 1, 1, 1, 0, 0, 0, 0, 0, 0, 7, 7, 7], [1, 1, 1, 1, 1, 1, 0, 0, 0, 0, 0, 0, 7, 7, 7], [1, 1, 1, 1, 1, 1, 0, 0, 0, 0, 0, 0, 7, 7, 7], [0, 0, 0, 0, 0, 0, 2, 0, 0, 0, 0, 0, 1, 1, 1], [0, 0, 0, 0, 0, 0, 0, 2, 0, 0, 0, 0, 1, 1, 1], [0, 0, 0, 0, 0, 0, 0, 0, 2, 0, 0, 0, 1, 1, 1], [0, 0, 0, 0, 0, 0, 0, 0, 0, 2, 0, 0, 1, 1, 1], [0, 0, 0, 0, 0, 0, 0, 0, 0, 0, 2, 0, 1, 1, 1], [0, 0, 0, 0, 0, 0, 0, 0, 0, 0, 0, 2, 1, 1, 1], [7, 7, 7, 7, 7, 7, 1, 1, 1, 1, 1, 1, 2, 2, 2], [7, 7, 7, 7, 7, 7, 1, 1, 1, 1, 1, 1, 2, 2, 2], [7, 7, 7, 7, 7, 7, 1, 1, 1, 1, 1, 1, 2, 2, 2]]}, {"input": [[1, 1, 0, 0, 7], [1, 1, 0, 0, 7], [0, 0, 0, 0, 6], [0, 0, 0, 0, 6], [7, 7, 6, 6, 4]], "output": [[1, 1, 1, 1, 1, 1, 1, 1, 0, 0, 0, 0, 0, 0, 0, 0, 7, 7, 7, 7], [1, 1, 1, 1, 1, 1, 1, 1, 0, 0, 0, 0, 0, 0, 0, 0, 7, 7, 7, 7], [1, 1, 1, 1, 1, 1, 1, 1, 0, 0, 0, 0, 0, 0, 0, 0, 7, 7, 7, 7], [1, 1, 1, 1, 1, 1, 1, 1, 0, 0, 0, 0, 0, 0, 0, 0, 7, 7, 7, 7], [1, 1, 1, 1, 1, 1, 1, 1, 0, 0, 0, 0, 0, 0, 0, 0, 7, 7, 7, 7], [1, 1, 1, 1, 1, 1, 1, 1, 0, 0, 0, 0, 0, 0, 0, 0, 7, 7, 7, 7], [1, 1, 1, 1, 1, 1, 1, 1, 0, 0, 0, 0, 0, 0, 0, 0, 7, 7, 7, 7], [1, 1, 1, 1, 1, 1, 1, 1, 0, 0, 0, 0, 0, 0, 0, 0, 7, 7, 7, 7], [0, 0, 0, 0, 0, 0, 0, 0, 2, 0, 0, 0, 0, 0, 0, 0, 6, 6, 6, 6], [0, 0, 0, 0, 0, 0, 0, 0, 0, 2, 0, 0, 0, 0, 0, 0, 6, 6, 6, 6], [0, 0, 0, 0, 0, 0, 0, 0, 0, 0, 2, 0, 0, 0, 0, 0, 6, 6, 6, 6], [0, 0, 0, 0, 0, 0, 0, 0, 0, 0, 0, 2, 0, 0, 0, 0, 6, 6, 6, 6], [0, 0, 0, 0, 0, 0, 0, 0, 0, 0, 0, 0, 2, 0, 0, 0, 6, 6, 6, 6], [0, 0, 0, 0, 0, 0, 0, 0, 0, 0, 0, 0, 0, 2, 0, 0, 6, 6, 6, 6], [0, 0, 0, 0, 0, 0, 0, 0, 0, 0, 0, 0, 0, 0, 2, 0, 6, 6, 6, 6], [0, 0, 0, 0, 0, 0, 0, 0, 0, 0, 0, 0, 0, 0, 0, 2, 6, 6, 6, 6], [7, 7, 7, 7, 7, 7, 7, 7, 6, 6, 6, 6, 6, 6, 6, 6, 4, 4, 4, 4], [7, 7, 7, 7, 7, 7, 7, 7, 6, 6, 6, 6, 6, 6, 6, 6, 4, 4, 4, 4], [7, 7, 7, 7, 7, 7, 7, 7, 6, 6, 6, 6, 6, 6, 6, 6, 4, 4, 4, 4], [7, 7, 7, 7, 7, 7, 7, 7, 6, 6, 6, 6, 6, 6, 6, 6, 4, 4, 4, 4]]}, {"input": [[0, 0, 0, 0, 3], [6, 6, 0, 0, 3], [6, 6, 0, 0, 3], [0, 0, 0, 0, 6], [3, 3, 3, 6, 6]], "output": [[0, 0, 0, 0, 0, 2, 0, 0, 3, 3], [0, 0, 0, 0, 2, 0, 0, 0, 3, 3], [6, 6, 6, 6, 0, 0, 0, 0, 3, 3], [6, 6, 6, 6, 0, 0, 0, 0, 3, 3], [6, 6, 6, 6, 0, 0, 0, 0, 3, 3], [6, 6, 6, 6, 0, 0, 0, 0, 3, 3], [0, 0, 0, 0, 2, 0, 0, 0, 6, 6], [0, 0, 0, 0, 0, 2, 0, 0, 6, 6], [3, 3, 3, 3, 3, 3, 6, 6, 6, 6], [3, 3, 3, 3, 3, 3, 6, 6, 6, 6]]}, {"input": [[8, 8, 0, 0, 6], [8, 8, 0, 0, 6], [0, 0, 0, 0, 6], [0, 0, 0, 0, 6], [6, 6, 6, 6, 5]], "output": [[8, 8, 8, 8, 8, 8, 0, 0, 0, 0, 0, 0, 6, 6, 6], [8, 8, 8, 8, 8, 8, 0, 0, 0, 0, 0, 0, 6, 6, 6], [8, 8, 8, 8, 8, 8, 0, 0, 0, 0, 0, 0, 6, 6, 6], [8, 8, 8, 8, 8, 8, 0, 0, 0, 0, 0, 0, 6, 6, 6], [8, 8, 8, 8, 8, 8, 0, 0, 0, 0, 0, 0, 6, 6, 6], [8, 8, 8, 8, 8, 8, 0, 0, 0, 0, 0, 0, 6, 6, 6], [0, 0, 0, 0, 0, 0, 2, 0, 0, 0, 0, 0, 6, 6, 6], [0, 0, 0, 0, 0, 0, 0, 2, 0, 0, 0, 0, 6, 6, 6], [0, 0, 0, 0, 0, 0, 0, 0, 2, 0, 0, 0, 6, 6, 6], [0, 0, 0, 0, 0, 0, 0, 0, 0, 2, 0, 0, 6, 6, 6], [0, 0, 0, 0, 0, 0, 0, 0, 0, 0, 2, 0, 6, 6, 6], [0, 0, 0, 0, 0, 0, 0, 0, 0, 0, 0, 2, 6, 6, 6], [6, 6, 6, 6, 6, 6, 6, 6, 6, 6, 6, 6, 5, 5, 5], [6, 6, 6, 6, 6, 6, 6, 6, 6, 6, 6, 6, 5, 5, 5], [6, 6, 6, 6, 6, 6, 6, 6, 6, 6, 6, 6, 5, 5, 5]]}, {"input": [[4, 4, 0, 0, 5], [4, 4, 0, 0, 5], [0, 0, 0, 0, 5], [0, 0, 0, 0, 5], [5, 5, 5, 5, 5]], "output": [[4, 4, 4, 4, 0, 0, 0, 0, 5, 5], [4, 4, 4, 4, 0, 0, 0, 0, 5, 5], [4, 4, 4, 4, 0, 0, 0, 0, 5, 5], [4, 4, 4, 4, 0, 0, 0, 0, 5, 5], [0, 0, 0, 0, 2, 0, 0, 0, 5, 5], [0, 0, 0, 0, 0, 2, 0, 0, 5, 5], [0, 0, 0, 0, 0, 0, 2, 0, 5, 5], [0, 0, 0, 0, 0, 0, 0, 2, 5, 5], [5, 5, 5, 5, 5, 5, 5, 5, 5, 5], [5, 5, 5, 5, 5, 5, 5, 5, 5, 5]]}]
