[{"input": [[9, 0, 0, 0, 0, 4, 4, 1, 9, 0, 0, 0, 4, 9, 9], [0, 0, 0, 0, 0, 0, 0, 4, 9, 4, 4, 0, 0, 0, 4], [0, 0, 9, 4, 0, 0, 4, 0, 4, 9, 9, 4, 4, 0, 0], [0, 0, 0, 0, 0, 9, 0, 9, 4, 9, 4, 0, 0, 4, 0], [0, 0, 0, 4, 4, 9, 4, 4, 9, 0, 0, 0, 0, 0, 0], [0, 9, 0, 0, 0, 0, 0, 9, 0, 4, 9, 0, 0, 0, 0], [0, 0, 0, 9, 9, 9, 9, 9, 0, 0, 0, 0, 0, 4, 9], [9, 9, 9, 0, 4, 0, 0, 0, 9, 4, 0, 9, 4, 0, 9], [0, 0, 0, 0, 0, 4, 0, 0, 0, 0, 0, 4, 0, 0, 4], [4, 0, 9, 4, 0, 0, 9, 0, 0, 0, 9, 0, 4, 0, 0], [0, 0, 0, 0, 4, 0, 4, 4, 0, 9, 9, 0, 4, 0, 9], [0, 4, 4, 0, 0, 0, 9, 0, 0, 0, 0, 4, 4, 9, 0], [1, 0, 0, 9, 0, 0, 0, 0, 0, 9, 9, 4, 0, 0, 1], [0, 9, 4, 0, 0, 0, 9, 0, 0, 9, 9, 0, 4, 0, 4], [0, 4, 9, 0, 9, 9, 0, 4, 0, 4, 9, 0, 0, 0, 4], [4, 0, 0, 4, 4, 4, 0, 9, 0, 0, 0, 0, 0, 0, 9], [9, 0, 4, 0, 4, 9, 0, 1, 0, 0, 9, 0, 0, 0, 0]], "output": [[0, 0, 0, 0, 0, 0, 0, 1, 0, 0, 0, 0, 0, 0, 0], [0, 0, 0, 0, 0, 0, 0, 1, 0, 0, 0, 0, 0, 0, 0], [0, 0, 0, 0, 0, 0, 0, 1, 0, 0, 0, 0, 0, 0, 0], [0, 0, 0, 0, 0, 0, 0, 1, 0, 0, 0, 0, 0, 0, 0], [0, 0, 0, 0, 0, 0, 0, 1, 0, 0, 0, 0, 0, 0, 0], [0, 0, 0, 0, 0, 0, 0, 1, 0, 0, 0, 0, 0, 0, 0], [0, 0, 0, 0, 0, 0, 0, 1, 0, 0, 0, 0, 0, 0, 0], [0, 0, 0, 0, 0, 0, 0, 1, 0, 0, 0, 0, 0, 0, 0], [0, 0, 0, 0, 0, 0, 0, 1, 0, 0, 0, 0, 0, 0, 0], [0, 0, 0, 0, 0, 0, 0, 1, 0, 0, 0, 0, 0, 0, 0], [0, 0, 0, 0, 0, 0, 0, 1, 0, 0, 0, 0, 0, 0, 0], [0, 0, 0, 0, 0, 0, 0, 1, 0, 0, 0, 0, 0, 0, 0], [1, 1, 1, 1, 1, 1, 1, 1, 1, 1, 1, 1, 1, 1, 1], [0, 0, 0, 0, 0, 0, 0, 1, 0, 0, 0, 0, 0, 0, 0], [0, 0, 0, 0, 0, 0, 0, 1, 0, 0, 0, 0, 0, 0, 0], [0, 0, 0, 0, 0, 0, 0, 1, 0, 0, 0, 0, 0, 0, 0], [0, 0, 0, 0, 0, 0, 0, 1, 0, 0, 0, 0, 0, 0, 0]]}, {"input": [[3, 0, 0, 0, 7, 0, 0, 3, 0, 7, 3, 0, 0, 0, 0, 8, 3], [0, 0, 3, 0, 0, 7, 7, 0, 0, 0, 0, 7, 0, 7, 0, 0, 0], [0, 3, 3, 3, 0, 0, 0, 7, 7, 7, 0, 0, 0, 0, 7, 7, 0], [7, 7, 0, 0, 3, 7, 3, 0, 0, 3, 7, 0, 7, 3, 0, 0, 0], [0, 3, 0, 0, 0, 0, 0, 0, 7, 0, 7, 0, 0, 0, 0, 3, 0], [7, 3, 7, 0, 0, 0, 3, 0, 7, 0, 0, 0, 3, 0, 3, 7, 3], [0, 3, 7, 7, 0, 3, 0, 7, 7, 0, 0, 3, 0, 0, 0, 3, 3], [0, 3, 0, 0, 0, 3, 3, 3, 3, 0, 7, 3, 0, 0, 7, 0, 7], [3, 0, 0, 0, 3, 0, 0, 0, 0, 0, 3, 0, 0, 0, 7, 7, 0], [0, 0, 0, 0, 0, 0, 0, 0, 0, 0, 0, 0, 0, 7, 0, 3, 0], [7, 7, 0, 0, 0, 0, 7, 0, 3, 0, 3, 3, 0, 0, 0, 7, 0], [3, 7, 7, 7, 7, 0, 0, 3, 0, 7, 3, 0, 7, 0, 0, 3, 0], [8, 0, 0, 7, 3, 0, 0, 3, 3, 7, 7, 0, 0, 3, 7, 0, 8], [0, 0, 0, 0, 0, 0, 0, 0, 7, 7, 0, 0, 3, 0, 0, 8, 0]], "output": [[0, 0, 0, 0, 0, 0, 0, 0, 0, 0, 0, 0, 0, 0, 0, 8, 0], [0, 0, 0, 0, 0, 0, 0, 0, 0, 0, 0, 0, 0, 0, 0, 8, 0], [0, 0, 0, 0, 0, 0, 0, 0, 0, 0, 0, 0, 0, 0, 0, 8, 0], [0, 0, 0, 0, 0, 0, 0, 0, 0, 0, 0, 0, 0, 0, 0, 8, 0], [0, 0, 0, 0, 0, 0, 0, 0, 0, 0, 0, 0, 0, 0, 0, 8, 0], [0, 0, 0, 0, 0, 0, 0, 0, 0, 0, 0, 0, 0, 0, 0, 8, 0], [0, 0, 0, 0, 0, 0, 0, 0, 0, 0, 0, 0, 0, 0, 0, 8, 0], [0, 0, 0, 0, 0, 0, 0, 0, 0, 0, 0, 0, 0, 0, 0, 8, 0], [0, 0, 0, 0, 0, 0, 0, 0, 0, 0, 0, 0, 0, 0, 0, 8, 0], [0, 0, 0, 0, 0, 0, 0, 0, 0, 0, 0, 0, 0, 0, 0, 8, 0], [0, 0, 0, 0, 0, 0, 0, 0, 0, 0, 0, 0, 0, 0, 0, 8, 0], [0, 0, 0, 0, 0, 0, 0, 0, 0, 0, 0, 0, 0, 0, 0, 8, 0], [8, 8, 8, 8, 8, 8, 8, 8, 8, 8, 8, 8, 8, 8, 8, 8, 8], [0, 0, 0, 0, 0, 0, 0, 0, 0, 0, 0, 0, 0, 0, 0, 8, 0]]}, {"input": [[0, 0, 5, 6, 6, 5, 5, 0, 0, 0, 5, 5, 5, 5, 3, 0, 0, 6], [0, 0, 0, 0, 6, 6, 0, 0, 6, 0, 6, 0, 0, 0, 0, 0, 0, 0], [5, 6, 0, 0, 5, 0, 0, 0, 0, 0, 0, 0, 5, 0, 0, 5, 5, 6], [0, 6, 6, 5, 0, 0, 0, 5, 5, 6, 0, 6, 0, 0, 0, 5, 0, 0], [5, 0, 0, 0, 6, 5, 0, 0, 5, 0, 0, 0, 0, 5, 0, 0, 0, 0], [6, 0, 5, 0, 0, 5, 6, 5, 0, 0, 0, 0, 0, 0, 0, 0, 0, 0], [5, 0, 0, 0, 5, 0, 5, 6, 0, 6, 0, 0, 0, 0, 0, 6, 0, 5], [6, 6, 6, 6, 0, 0, 5, 6, 0, 0, 0, 0, 6, 5, 0, 5, 0, 5], [0, 0, 5, 0, 0, 0, 0, 6, 0, 6, 5, 5, 0, 0, 0, 0, 0, 0], [0, 6, 0, 5, 0, 0, 0, 0, 0, 5, 0, 0, 6, 6, 5, 6, 6, 0], [6, 0, 5, 0, 5, 6, 0, 5, 0, 0, 0, 0, 0, 0, 0, 6, 0, 5], [6, 0, 0, 0, 0, 0, 6, 6, 0, 0, 0, 0, 0, 0, 6, 6, 6, 0], [3, 6, 6, 5, 0, 0, 0, 0, 5, 5, 0, 0, 0, 0, 6, 0, 5, 3], [6, 0, 0, 5, 5, 6, 0, 0, 0, 5, 6, 5, 5, 6, 3, 6, 0, 6]], "output": [[0, 0, 0, 0, 0, 0, 0, 0, 0, 0, 0, 0, 0, 0, 3, 0, 0, 0], [0, 0, 0, 0, 0, 0, 0, 0, 0, 0, 0, 0, 0, 0, 3, 0, 0, 0], [0, 0, 0, 0, 0, 0, 0, 0, 0, 0, 0, 0, 0, 0, 3, 0, 0, 0], [0, 0, 0, 0, 0, 0, 0, 0, 0, 0, 0, 0, 0, 0, 3, 0, 0, 0], [0, 0, 0, 0, 0, 0, 0, 0, 0, 0, 0, 0, 0, 0, 3, 0, 0, 0], [0, 0, 0, 0, 0, 0, 0, 0, 0, 0, 0, 0, 0, 0, 3, 0, 0, 0], [0, 0, 0, 0, 0, 0, 0, 0, 0, 0, 0, 0, 0, 0, 3, 0, 0, 0], [0, 0, 0, 0, 0, 0, 0, 0, 0, 0, 0, 0, 0, 0, 3, 0, 0, 0], [0, 0, 0, 0, 0, 0, 0, 0, 0, 0, 0, 0, 0, 0, 3, 0, 0, 0], [0, 0, 0, 0, 0, 0, 0, 0, 0, 0, 0, 0, 0, 0, 3, 0, 0, 0], [0, 0, 0, 0, 0, 0, 0, 0, 0, 0, 0, 0, 0, 0, 3, 0, 0, 0], [0, 0, 0, 0, 0, 0, 0, 0, 0, 0, 0, 0, 0, 0, 3, 0, 0, 0], [3, 3, 3, 3, 3, 3, 3, 3, 3, 3, 3, 3, 3, 3, 3, 3, 3, 3], [0, 0, 0, 0, 0, 0, 0, 0, 0, 0, 0, 0, 0, 0, 3, 0, 0, 0]]}, {"input": [[0, 2, 2, 0, 9, 0, 0, 0, 0, 0, 5, 0, 0, 5, 0, 0], [0, 0, 0, 0, 9, 0, 0, 0, 9, 0, 2, 0, 2, 0, 0, 0], [0, 9, 0, 9, 2, 0, 0, 9, 2, 9, 0, 0, 2, 9, 9, 0], [2, 0, 0, 0, 9, 0, 0, 0, 0, 9, 0, 0, 9, 0, 0, 9], [2, 0, 2, 0, 2, 2, 9, 0, 0, 0, 9, 0, 9, 9, 9, 0], [0, 9, 9, 0, 2, 2, 0, 0, 0, 2, 0, 9, 2, 0, 0, 2], [2, 2, 9, 2, 0, 0, 2, 2, 2, 9, 2, 0, 0, 0, 0, 9], [0, 0, 0, 2, 0, 0, 0, 2, 2, 0, 0, 0, 0, 0, 2, 0], [2, 2, 0, 0, 2, 0, 9, 0, 0, 0, 0, 2, 9, 0, 0, 2], [0, 2, 0, 2, 9, 9, 0, 2, 9, 2, 9, 2, 0, 0, 9, 0], [9, 0, 0, 2, 0, 9, 0, 0, 0, 9, 0, 9, 9, 0, 0, 0], [2, 0, 0, 0, 0, 0, 9, 9, 9, 0, 2, 0, 9, 0, 0, 2], [0, 9, 0, 2, 9, 9, 0, 0, 0, 2, 0, 0, 0, 9, 2, 0], [0, 0, 0, 0, 0, 2, 2, 0, 9, 0, 0, 9, 0, 2, 0, 0], [0, 9, 9, 0, 9, 0, 9, 0, 0, 0, 0, 0, 0, 0, 0, 0], [2, 0, 0, 0, 0, 2, 0, 2, 0, 9, 5, 9, 0, 5, 0, 0]], "output": [[0, 0, 0, 0, 0, 0, 0, 0, 0, 0, 5, 0, 0, 5, 0, 0], [0, 0, 0, 0, 0, 0, 0, 0, 0, 0, 5, 0, 0, 5, 0, 0], [0, 0, 0, 0, 0, 0, 0, 0, 0, 0, 5, 0, 0, 5, 0, 0], [0, 0, 0, 0, 0, 0, 0, 0, 0, 0, 5, 0, 0, 5, 0, 0], [0, 0, 0, 0, 0, 0, 0, 0, 0, 0, 5, 0, 0, 5, 0, 0], [0, 0, 0, 0, 0, 0, 0, 0, 0, 0, 5, 0, 0, 5, 0, 0], [0, 0, 0, 0, 0, 0, 0, 0, 0, 0, 5, 0, 0, 5, 0, 0], [0, 0, 0, 0, 0, 0, 0, 0, 0, 0, 5, 0, 0, 5, 0, 0], [0, 0, 0, 0, 0, 0, 0, 0, 0, 0, 5, 0, 0, 5, 0, 0], [0, 0, 0, 0, 0, 0, 0, 0, 0, 0, 5, 0, 0, 5, 0, 0], [0, 0, 0, 0, 0, 0, 0, 0, 0, 0, 5, 0, 0, 5, 0, 0], [0, 0, 0, 0, 0, 0, 0, 0, 0, 0, 5, 0, 0, 5, 0, 0], [0, 0, 0, 0, 0, 0, 0, 0, 0, 0, 5, 0, 0, 5, 0, 0], [0, 0, 0, 0, 0, 0, 0, 0, 0, 0, 5, 0, 0, 5, 0, 0], [0, 0, 0, 0, 0, 0, 0, 0, 0, 0, 5, 0, 0, 5, 0, 0], [0, 0, 0, 0, 0, 0, 0, 0, 0, 0, 5, 0, 0, 5, 0, 0]]}, {"input": [[4, 0, 0, 5, 4, 0, 4, 5, 4, 0, 4, 0, 9, 5, 0, 5, 0, 5], [9, 4, 0, 4, 0, 0, 0, 0, 0, 5, 4, 5, 0, 0, 0, 4, 4, 9], [5, 0, 0, 4, 5, 4, 0, 0, 5, 4, 4, 0, 5, 0, 4, 5, 0, 0], [0, 4, 0, 4, 0, 0, 0, 4, 4, 4, 4, 5, 5, 0, 0, 5, 0, 0], [5, 5, 0, 0, 4, 0, 0, 0, 0, 4, 5, 5, 0, 0, 0, 0, 0, 0], [0, 5, 0, 0, 0, 5, 4, 0, 0, 5, 0, 0, 4, 5, 4, 0, 0, 0], [0, 0, 5, 0, 0, 0, 0, 0, 0, 0, 5, 5, 0, 0, 0, 4, 5, 0], [4, 0, 0, 0, 5, 4, 0, 0, 4, 4, 0, 0, 4, 0, 0, 5, 0, 5], [0, 0, 0, 4, 0, 5, 0, 0, 0, 5, 0, 4, 0, 5, 0, 0, 0, 0], [0, 5, 0, 4, 4, 5, 0, 0, 0, 5, 4, 0, 0, 0, 5, 0, 4, 0], [0, 0, 0, 0, 0, 0, 5, 5, 4, 0, 5, 4, 5, 0, 5, 0, 0, 4], [5, 0, 5, 0, 4, 5, 0, 4, 0, 0, 0, 5, 5, 0, 0, 0, 0, 4], [0, 0, 0, 0, 5, 0, 0, 0, 4, 0, 5, 5, 0, 0, 0, 0, 4, 4], [0, 4, 0, 0, 0, 0, 0, 5, 0, 0, 0, 0, 0, 4, 0, 5, 0, 0], [5, 0, 4, 4, 0, 0, 0, 0, 0, 0, 0, 4, 9, 0, 0, 4, 5, 0]], "output": [[0, 0, 0, 0, 0, 0, 0, 0, 0, 0, 0, 0, 9, 0, 0, 0, 0, 0], [9, 9, 9, 9, 9, 9, 9, 9, 9, 9, 9, 9, 9, 9, 9, 9, 9, 9], [0, 0, 0, 0, 0, 0, 0, 0, 0, 0, 0, 0, 9, 0, 0, 0, 0, 0], [0, 0, 0, 0, 0, 0, 0, 0, 0, 0, 0, 0, 9, 0, 0, 0, 0, 0], [0, 0, 0, 0, 0, 0, 0, 0, 0, 0, 0, 0, 9, 0, 0, 0, 0, 0], [0, 0, 0, 0, 0, 0, 0, 0, 0, 0, 0, 0, 9, 0, 0, 0, 0, 0], [0, 0, 0, 0, 0, 0, 0, 0, 0, 0, 0, 0, 9, 0, 0, 0, 0, 0], [0, 0, 0, 0, 0, 0, 0, 0, 0, 0, 0, 0, 9, 0, 0, 0, 0, 0], [0, 0, 0, 0, 0, 0, 0, 0, 0, 0, 0, 0, 9, 0, 0, 0, 0, 0], [0, 0, 0, 0, 0, 0, 0, 0, 0, 0, 0, 0, 9, 0, 0, 0, 0, 0], [0, 0, 0, 0, 0, 0, 0, 0, 0, 0, 0, 0, 9, 0, 0, 0, 0, 0], [0, 0, 0, 0, 0, 0, 0, 0, 0, 0, 0, 0, 9, 0, 0, 0, 0, 0], [0, 0, 0, 0, 0, 0, 0, 0, 0, 0, 0, 0, 9, 0, 0, 0, 0, 0], [0, 0, 0, 0, 0, 0, 0, 0, 0, 0, 0, 0, 9, 0, 0, 0, 0, 0], [0, 0, 0, 0, 0, 0, 0, 0, 0, 0, 0, 0, 9, 0, 0, 0, 0, 0]]}, {"input": [[7, 7, 0, 0, 0, 0, 0, 4, 0, 7, 2, 0, 0, 0, 7, 2, 0, 0], [2, 0, 0, 2, 0, 0, 0, 0, 0, 0, 7, 0, 2, 2, 0, 7, 0, 0], [0, 7, 2, 2, 0, 2, 0, 2, 7, 0, 0, 0, 0, 0, 0, 2, 0, 0], [4, 7, 2, 0, 0, 0, 2, 2, 7, 0, 2, 0, 0, 7, 2, 7, 0, 4], [0, 0, 0, 2, 2, 0, 0, 0, 0, 0, 0, 0, 0, 0, 0, 0, 2, 2], [0, 0, 0, 0, 2, 7, 0, 0, 2, 0, 0, 0, 2, 2, 0, 0, 2, 2], [0, 0, 0, 0, 2, 7, 7, 2, 0, 7, 0, 7, 7, 7, 2, 2, 0, 0], [2, 2, 2, 2, 0, 7, 2, 2, 0, 2, 0, 0, 0, 0, 2, 2, 0, 2], [0, 0, 0, 7, 7, 7, 0, 2, 7, 0, 0, 0, 7, 0, 2, 7, 0, 0], [0, 0, 0, 7, 0, 0, 7, 0, 0, 0, 7, 0, 0, 0, 7, 7, 7, 0], [7, 0, 2, 0, 0, 7, 7, 2, 0, 0, 0, 7, 0, 0, 0, 7, 2, 0], [0, 2, 7, 0, 2, 7, 0, 0, 7, 7, 0, 0, 0, 0, 2, 0, 0, 7], [0, 0, 0, 0, 0, 7, 0, 0, 0, 0, 0, 0, 0, 0, 2, 7, 0, 0], [0, 2, 2, 0, 2, 0, 0, 0, 0, 0, 0, 0, 0, 7, 2, 0, 0, 7], [0, 0, 7, 2, 7, 2, 7, 0, 0, 0, 7, 0, 0, 0, 2, 0, 0, 0], [0, 0, 0, 0, 0, 0, 0, 7, 0, 7, 7, 7, 2, 0, 0, 0, 0, 0], [0, 7, 7, 0, 7, 7, 2, 2, 0, 2, 0, 0, 0, 0, 0, 2, 0, 0], [7, 0, 7, 0, 0, 7, 0, 0, 2, 0, 2, 0, 0, 0, 2, 0, 7, 0], [0, 2, 7, 7, 2, 0, 7, 4, 0, 7, 7, 0, 0, 2, 0, 0, 7, 0]], "output": [[0, 0, 0, 0, 0, 0, 0, 4, 0, 0, 0, 0, 0, 0, 0, 0, 0, 0], [0, 0, 0, 0, 0, 0, 0, 4, 0, 0, 0, 0, 0, 0, 0, 0, 0, 0], [0, 0, 0, 0, 0, 0, 0, 4, 0, 0, 0, 0, 0, 0, 0, 0, 0, 0], [4, 4, 4, 4, 4, 4, 4, 4, 4, 4, 4, 4, 4, 4, 4, 4, 4, 4], [0, 0, 0, 0, 0, 0, 0, 4, 0, 0, 0, 0, 0, 0, 0, 0, 0, 0], [0, 0, 0, 0, 0, 0, 0, 4, 0, 0, 0, 0, 0, 0, 0, 0, 0, 0], [0, 0, 0, 0, 0, 0, 0, 4, 0, 0, 0, 0, 0, 0, 0, 0, 0, 0], [0, 0, 0, 0, 0, 0, 0, 4, 0, 0, 0, 0, 0, 0, 0, 0, 0, 0], [0, 0, 0, 0, 0, 0, 0, 4, 0, 0, 0, 0, 0, 0, 0, 0, 0, 0], [0, 0, 0, 0, 0, 0, 0, 4, 0, 0, 0, 0, 0, 0, 0, 0, 0, 0], [0, 0, 0, 0, 0, 0, 0, 4, 0, 0, 0, 0, 0, 0, 0, 0, 0, 0], [0, 0, 0, 0, 0, 0, 0, 4, 0, 0, 0, 0, 0, 0, 0, 0, 0, 0], [0, 0, 0, 0, 0, 0, 0, 4, 0, 0, 0, 0, 0, 0, 0, 0, 0, 0], [0, 0, 0, 0, 0, 0, 0, 4, 0, 0, 0, 0, 0, 0, 0, 0, 0, 0], [0, 0, 0, 0, 0, 0, 0, 4, 0, 0, 0, 0, 0, 0, 0, 0, 0, 0], [0, 0, 0, 0, 0, 0, 0, 4, 0, 0, 0, 0, 0, 0, 0, 0, 0, 0], [0, 0, 0, 0, 0, 0, 0, 4, 0, 0, 0, 0, 0, 0, 0, 0, 0, 0], [0, 0, 0, 0, 0, 0, 0, 4, 0, 0, 0, 0, 0, 0, 0, 0, 0, 0], [0, 0, 0, 0, 0, 0, 0, 4, 0, 0, 0, 0, 0, 0, 0, 0, 0, 0]]}, {"input": [[0, 6, 6, 0, 0, 0, 0, 0, 0, 6, 6, 0, 0, 0, 1, 6, 1, 6, 0], [6, 6, 0, 0, 0, 0, 6, 6, 0, 0, 0, 0, 6, 0, 6, 0, 0, 0, 6], [6, 1, 1, 1, 6, 1, 0, 0, 0, 0, 0, 0, 0, 0, 6, 0, 0, 0, 0], [1, 6, 1, 6, 1, 1, 6, 0, 1, 1, 0, 1, 6, 0, 1, 0, 0, 0, 1], [0, 6, 6, 0, 0, 0, 0, 0, 1, 0, 6, 6, 0, 0, 1, 6, 6, 0, 0], [0, 0, 6, 0, 0, 0, 0, 6, 1, 0, 0, 1, 1, 1, 0, 0, 1, 1, 1], [0, 6, 6, 0, 0, 1, 0, 0, 6, 0, 0, 0, 1, 0, 0, 0, 0, 1, 0], [1, 0, 0, 6, 0, 0, 0, 6, 0, 0, 6, 0, 1, 0, 0, 0, 0, 0, 6], [4, 0, 0, 6, 1, 0, 1, 1, 0, 0, 0, 0, 1, 0, 0, 0, 1, 0, 4], [0, 0, 6, 6, 1, 6, 0, 0, 0, 0, 0, 1, 0, 0, 1, 0, 1, 0, 0], [0, 0, 6, 0, 1, 0, 6, 0, 1, 1, 1, 0, 0, 0, 1, 1, 0, 0, 0], [4, 1, 0, 0, 0, 6, 0, 0, 6, 6, 0, 0, 0, 0, 0, 1, 0, 1, 4], [0, 0, 6, 0, 6, 0, 0, 1, 1, 6, 6, 0, 0, 0, 0, 0, 0, 1, 6]], "output": [[0, 0, 0, 0, 0, 0, 0, 0, 0, 0, 0, 0, 0, 0, 0, 0, 0, 0, 0], [0, 0, 0, 0, 0, 0, 0, 0, 0, 0, 0, 0, 0, 0, 0, 0, 0, 0, 0], [0, 0, 0, 0, 0, 0, 0, 0, 0, 0, 0, 0, 0, 0, 0, 0, 0, 0, 0], [0, 0, 0, 0, 0, 0, 0, 0, 0, 0, 0, 0, 0, 0, 0, 0, 0, 0, 0], [0, 0, 0, 0, 0, 0, 0, 0, 0, 0, 0, 0, 0, 0, 0, 0, 0, 0, 0], [0, 0, 0, 0, 0, 0, 0, 0, 0, 0, 0, 0, 0, 0, 0, 0, 0, 0, 0], [0, 0, 0, 0, 0, 0, 0, 0, 0, 0, 0, 0, 0, 0, 0, 0, 0, 0, 0], [0, 0, 0, 0, 0, 0, 0, 0, 0, 0, 0, 0, 0, 0, 0, 0, 0, 0, 0], [4, 4, 4, 4, 4, 4, 4, 4, 4, 4, 4, 4, 4, 4, 4, 4, 4, 4, 4], [0, 0, 0, 0, 0, 0, 0, 0, 0, 0, 0, 0, 0, 0, 0, 0, 0, 0, 0], [0, 0, 0, 0, 0, 0, 0, 0, 0, 0, 0, 0, 0, 0, 0, 0, 0, 0, 0], [4, 4, 4, 4, 4, 4, 4, 4, 4, 4, 4, 4, 4, 4, 4, 4, 4, 4, 4], [0, 0, 0, 0, 0, 0, 0, 0, 0, 0, 0, 0, 0, 0, 0, 0, 0, 0, 0]]}, {"input": [[0, 0, 0, 8, 1, 0, 1, 0, 6, 0, 6, 0], [8, 8, 0, 0, 6, 6, 0, 0, 0, 6, 0, 6], [8, 6, 8, 0, 8, 6, 0, 6, 8, 0, 0, 8], [8, 0, 8, 0, 0, 8, 6, 0, 0, 8, 0, 0], [6, 0, 0, 0, 0, 0, 6, 6, 0, 6, 0, 0], [6, 6, 6, 0, 0, 6, 6, 0, 8, 6, 8, 0], [0, 6, 6, 0, 8, 8, 0, 6, 0, 0, 0, 0], [0, 0, 6, 8, 8, 8, 0, 0, 0, 0, 6, 8], [0, 6, 0, 0, 0, 8, 8, 0, 0, 8, 0, 0], [0, 0, 0, 0, 0, 0, 0, 0, 0, 8, 0, 0], [6, 0, 0, 0, 0, 0, 0, 0, 8, 6, 6, 0], [0, 0, 0, 0, 1, 0, 1, 0, 8, 8, 8, 8]], "output": [[0, 0, 0, 0, 1, 0, 1, 0, 0, 0, 0, 0], [0, 0, 0, 0, 1, 0, 1, 0, 0, 0, 0, 0], [0, 0, 0, 0, 1, 0, 1, 0, 0, 0, 0, 0], [0, 0, 0, 0, 1, 0, 1, 0, 0, 0, 0, 0], [0, 0, 0, 0, 1, 0, 1, 0, 0, 0, 0, 0], [0, 0, 0, 0, 1, 0, 1, 0, 0, 0, 0, 0], [0, 0, 0, 0, 1, 0, 1, 0, 0, 0, 0, 0], [0, 0, 0, 0, 1, 0, 1, 0, 0, 0, 0, 0], [0, 0, 0, 0, 1, 0, 1, 0, 0, 0, 0, 0], [0, 0, 0, 0, 1, 0, 1, 0, 0, 0, 0, 0], [0, 0, 0, 0, 1, 0, 1, 0, 0, 0, 0, 0], [0, 0, 0, 0, 1, 0, 1, 0, 0, 0, 0, 0]]}, {"input": [[8, 8, 8, 8, 0, 8, 0, 5, 0, 0, 4, 4, 0, 4, 8], [0, 0, 0, 0, 8, 8, 0, 0, 8, 0, 0, 4, 4, 0, 0], [0, 8, 0, 0, 0, 8, 0, 0, 0, 4, 0, 0, 8, 4, 0], [8, 4, 0, 0, 4, 4, 0, 0, 0, 8, 0, 0, 0, 0, 4], [0, 4, 0, 8, 0, 4, 0, 0, 4, 4, 0, 4, 0, 0, 0], [5, 0, 8, 8, 0, 0, 4, 4, 8, 4, 0, 0, 8, 4, 5], [8, 0, 4, 0, 8, 8, 4, 0, 0, 4, 0, 8, 8, 0, 8], [0, 0, 0, 0, 0, 0, 4, 4, 4, 0, 0, 0, 0, 0, 8], [8, 0, 4, 8, 0, 8, 8, 0, 0, 0, 0, 0, 0, 4, 8], [8, 4, 0, 4, 0, 4, 4, 8, 0, 0, 4, 4, 4, 0, 0], [8, 0, 4, 0, 0, 0, 8, 4, 0, 4, 0, 0, 0, 0, 0], [8, 0, 0, 0, 0, 4, 0, 8, 0, 8, 4, 0, 4, 0, 0], [0, 8, 0, 4, 8, 0, 0, 0, 0, 0, 0, 0, 0, 0, 0], [8, 0, 8, 0, 0, 4, 4, 0, 0, 8, 0, 4, 4, 8, 8], [0, 0, 0, 0, 8, 0, 0, 0, 0, 8, 8, 0, 0, 0, 4], [0, 0, 0, 0, 4, 0, 8, 0, 0, 0, 0, 0, 4, 0, 8], [0, 0, 0, 0, 0, 0, 0, 5, 8, 0, 0, 4, 0, 8, 0]], "output": [[0, 0, 0, 0, 0, 0, 0, 5, 0, 0, 0, 0, 0, 0, 0], [0, 0, 0, 0, 0, 0, 0, 5, 0, 0, 0, 0, 0, 0, 0], [0, 0, 0, 0, 0, 0, 0, 5, 0, 0, 0, 0, 0, 0, 0], [0, 0, 0, 0, 0, 0, 0, 5, 0, 0, 0, 0, 0, 0, 0], [0, 0, 0, 0, 0, 0, 0, 5, 0, 0, 0, 0, 0, 0, 0], [5, 5, 5, 5, 5, 5, 5, 5, 5, 5, 5, 5, 5, 5, 5], [0, 0, 0, 0, 0, 0, 0, 5, 0, 0, 0, 0, 0, 0, 0], [0, 0, 0, 0, 0, 0, 0, 5, 0, 0, 0, 0, 0, 0, 0], [0, 0, 0, 0, 0, 0, 0, 5, 0, 0, 0, 0, 0, 0, 0], [0, 0, 0, 0, 0, 0, 0, 5, 0, 0, 0, 0, 0, 0, 0], [0, 0, 0, 0, 0, 0, 0, 5, 0, 0, 0, 0, 0, 0, 0], [0, 0, 0, 0, 0, 0, 0, 5, 0, 0, 0, 0, 0, 0, 0], [0, 0, 0, 0, 0, 0, 0, 5, 0, 0, 0, 0, 0, 0, 0], [0, 0, 0, 0, 0, 0, 0, 5, 0, 0, 0, 0, 0, 0, 0], [0, 0, 0, 0, 0, 0, 0, 5, 0, 0, 0, 0, 0, 0, 0], [0, 0, 0, 0, 0, 0, 0, 5, 0, 0, 0, 0, 0, 0, 0], [0, 0, 0, 0, 0, 0, 0, 5, 0, 0, 0, 0, 0, 0, 0]]}, {"input": [[0, 7, 5, 7, 0, 0, 7, 0, 6, 0, 0, 0, 0], [7, 0, 0, 7, 7, 7, 0, 7, 7, 0, 5, 0, 0], [5, 0, 0, 0, 0, 0, 0, 7, 0, 5, 0, 5, 7], [0, 0, 0, 0, 5, 0, 0, 7, 5, 0, 0, 7, 0], [5, 0, 0, 0, 0, 5, 0, 7, 0, 0, 0, 7, 0], [0, 5, 5, 0, 7, 0, 0, 5, 7, 5, 5, 0, 7], [5, 0, 5, 0, 0, 0, 0, 0, 0, 7, 5, 7, 5], [0, 5, 0, 0, 0, 7, 7, 0, 0, 0, 5, 0, 0], [6, 5, 0, 0, 5, 7, 5, 0, 0, 0, 0, 0, 6], [0, 0, 0, 5, 5, 7, 0, 5, 0, 0, 0, 0, 5], [7, 0, 7, 0, 0, 0, 5, 7, 0, 0, 0, 0, 7], [0, 0, 0, 7, 0, 7, 7, 0, 7, 0, 0, 0, 5], [0, 0, 7, 7, 7, 0, 0, 5, 5, 0, 0, 0, 7], [5, 5, 0, 0, 0, 0, 0, 0, 0, 0, 0, 0, 5], [0, 7, 7, 0, 5, 5, 0, 0, 7, 0, 5, 0, 0], [7, 0, 5, 5, 0, 7, 5, 0, 6, 0, 0, 0, 7]], "output": [[0, 0, 0, 0, 0, 0, 0, 0, 6, 0, 0, 0, 0], [0, 0, 0, 0, 0, 0, 0, 0, 6, 0, 0, 0, 0], [0, 0, 0, 0, 0, 0, 0, 0, 6, 0, 0, 0, 0], [0, 0, 0, 0, 0, 0, 0, 0, 6, 0, 0, 0, 0], [0, 0, 0, 0, 0, 0, 0, 0, 6, 0, 0, 0, 0], [0, 0, 0, 0, 0, 0, 0, 0, 6, 0, 0, 0, 0], [0, 0, 0, 0, 0, 0, 0, 0, 6, 0, 0, 0, 0], [0, 0, 0, 0, 0, 0, 0, 0, 6, 0, 0, 0, 0], [6, 6, 6, 6, 6, 6, 6, 6, 6, 6, 6, 6, 6], [0, 0, 0, 0, 0, 0, 0, 0, 6, 0, 0, 0, 0], [0, 0, 0, 0, 0, 0, 0, 0, 6, 0, 0, 0, 0], [0, 0, 0, 0, 0, 0, 0, 0, 6, 0, 0, 0, 0], [0, 0, 0, 0, 0, 0, 0, 0, 6, 0, 0, 0, 0], [0, 0, 0, 0, 0, 0, 0, 0, 6, 0, 0, 0, 0], [0, 0, 0, 0, 0, 0, 0, 0, 6, 0, 0, 0, 0], [0, 0, 0, 0, 0, 0, 0, 0, 6, 0, 0, 0, 0]]}, {"input": [[7, 0, 6, 0, 5, 0, 6, 0, 0, 0, 0, 0, 0], [7, 0, 0, 6, 0, 0, 0, 6, 0, 0, 6, 0, 6], [0, 7, 0, 0, 0, 6, 6, 0, 0, 0, 7, 7, 0], [7, 0, 0, 6, 0, 0, 0, 6, 6, 0, 0, 6, 0], [7, 0, 7, 0, 0, 0, 0, 6, 7, 0, 0, 0, 0], [0, 0, 0, 7, 7, 6, 0, 0, 0, 6, 6, 0, 0], [0, 0, 0, 0, 0, 7, 0, 6, 0, 0, 7, 6, 0], [0, 6, 6, 6, 6, 6, 7, 0, 6, 0, 7, 0, 7], [0, 0, 6, 6, 0, 0, 0, 0, 0, 0, 0, 0, 6], [0, 0, 7, 7, 6, 0, 7, 7, 7, 0, 0, 0, 0], [0, 0, 0, 6, 7, 7, 0, 0, 6, 7, 6, 0, 6], [0, 7, 0, 0, 0, 0, 7, 6, 0, 0, 6, 0, 0], [6, 0, 7, 0, 7, 6, 7, 0, 0, 7, 6, 0, 0], [7, 7, 0, 0, 0, 0, 0, 0, 6, 0, 0, 7, 7], [6, 0, 7, 0, 0, 7, 7, 0, 7, 0, 6, 6, 7], [5, 6, 0, 0, 7, 7, 0, 0, 0, 7, 7, 0, 5], [6, 0, 0, 6, 0, 0, 0, 0, 6, 0, 0, 0, 0], [0, 7, 0, 0, 0, 0, 6, 6, 0, 0, 0, 0, 7], [6, 0, 7, 7, 5, 0, 0, 0, 0, 6, 7, 0, 7]], "output": [[0, 0, 0, 0, 5, 0, 0, 0, 0, 0, 0, 0, 0], [0, 0, 0, 0, 5, 0, 0, 0, 0, 0, 0, 0, 0], [0, 0, 0, 0, 5, 0, 0, 0, 0, 0, 0, 0, 0], [0, 0, 0, 0, 5, 0, 0, 0, 0, 0, 0, 0, 0], [0, 0, 0, 0, 5, 0, 0, 0, 0, 0, 0, 0, 0], [0, 0, 0, 0, 5, 0, 0, 0, 0, 0, 0, 0, 0], [0, 0, 0, 0, 5, 0, 0, 0, 0, 0, 0, 0, 0], [0, 0, 0, 0, 5, 0, 0, 0, 0, 0, 0, 0, 0], [0, 0, 0, 0, 5, 0, 0, 0, 0, 0, 0, 0, 0], [0, 0, 0, 0, 5, 0, 0, 0, 0, 0, 0, 0, 0], [0, 0, 0, 0, 5, 0, 0, 0, 0, 0, 0, 0, 0], [0, 0, 0, 0, 5, 0, 0, 0, 0, 0, 0, 0, 0], [0, 0, 0, 0, 5, 0, 0, 0, 0, 0, 0, 0, 0], [0, 0, 0, 0, 5, 0, 0, 0, 0, 0, 0, 0, 0], [0, 0, 0, 0, 5, 0, 0, 0, 0, 0, 0, 0, 0], [5, 5, 5, 5, 5, 5, 5, 5, 5, 5, 5, 5, 5], [0, 0, 0, 0, 5, 0, 0, 0, 0, 0, 0, 0, 0], [0, 0, 0, 0, 5, 0, 0, 0, 0, 0, 0, 0, 0], [0, 0, 0, 0, 5, 0, 0, 0, 0, 0, 0, 0, 0]]}, {"input": [[0, 0, 0, 0, 7, 0, 0, 6, 4, 7, 6, 6, 0], [6, 0, 6, 7, 6, 7, 0, 0, 6, 0, 6, 0, 0], [7, 6, 7, 0, 7, 0, 0, 6, 6, 0, 0, 6, 6], [0, 0, 6, 0, 7, 6, 0, 0, 0, 7, 0, 0, 0], [0, 0, 0, 0, 0, 6, 7, 0, 7, 0, 7, 6, 0], [0, 6, 0, 0, 7, 0, 7, 0, 7, 7, 0, 6, 0], [4, 0, 0, 0, 0, 6, 0, 7, 0, 0, 7, 6, 4], [6, 0, 0, 7, 0, 7, 0, 0, 0, 7, 0, 0, 0], [0, 6, 0, 0, 7, 0, 0, 0, 0, 7, 7, 0, 0], [0, 0, 6, 7, 7, 0, 7, 0, 0, 0, 6, 6, 0], [7, 6, 6, 0, 0, 0, 7, 0, 0, 7, 7, 0, 6], [0, 0, 0, 0, 0, 0, 0, 0, 0, 0, 6, 0, 6], [0, 0, 6, 7, 6, 0, 7, 0, 4, 0, 0, 0, 6]], "output": [[0, 0, 0, 0, 0, 0, 0, 0, 4, 0, 0, 0, 0], [0, 0, 0, 0, 0, 0, 0, 0, 4, 0, 0, 0, 0], [0, 0, 0, 0, 0, 0, 0, 0, 4, 0, 0, 0, 0], [0, 0, 0, 0, 0, 0, 0, 0, 4, 0, 0, 0, 0], [0, 0, 0, 0, 0, 0, 0, 0, 4, 0, 0, 0, 0], [0, 0, 0, 0, 0, 0, 0, 0, 4, 0, 0, 0, 0], [4, 4, 4, 4, 4, 4, 4, 4, 4, 4, 4, 4, 4], [0, 0, 0, 0, 0, 0, 0, 0, 4, 0, 0, 0, 0], [0, 0, 0, 0, 0, 0, 0, 0, 4, 0, 0, 0, 0], [0, 0, 0, 0, 0, 0, 0, 0, 4, 0, 0, 0, 0], [0, 0, 0, 0, 0, 0, 0, 0, 4, 0, 0, 0, 0], [0, 0, 0, 0, 0, 0, 0, 0, 4, 0, 0, 0, 0], [0, 0, 0, 0, 0, 0, 0, 0, 4, 0, 0, 0, 0]]}, {"input": [[0, 9, 0, 0, 9, 7, 9, 9, 0, 0, 0, 0, 9, 0], [0, 0, 0, 0, 9, 9, 9, 0, 0, 5, 0, 0, 0, 0], [0, 0, 9, 9, 9, 9, 5, 0, 9, 9, 0, 0, 9, 0], [5, 0, 0, 0, 5, 9, 5, 0, 5, 0, 0, 0, 5, 5], [0, 5, 5, 9, 0, 0, 0, 0, 0, 0, 0, 0, 9, 0], [0, 0, 0, 9, 0, 0, 0, 9, 0, 0, 5, 5, 0, 5], [9, 9, 5, 5, 0, 0, 0, 5, 0, 5, 9, 0, 5, 0], [0, 0, 0, 0, 0, 0, 0, 9, 5, 0, 9, 5, 0, 5], [0, 0, 9, 0, 0, 0, 9, 0, 0, 0, 0, 0, 0, 0], [7, 0, 0, 5, 0, 0, 0, 0, 5, 0, 0, 5, 0, 7], [5, 5, 5, 9, 0, 0, 5, 0, 5, 0, 9, 5, 0, 0], [0, 5, 5, 0, 0, 7, 5, 0, 9, 0, 9, 9, 0, 0]], "output": [[0, 0, 0, 0, 0, 7, 0, 0, 0, 0, 0, 0, 0, 0], [0, 0, 0, 0, 0, 7, 0, 0, 0, 0, 0, 0, 0, 0], [0, 0, 0, 0, 0, 7, 0, 0, 0, 0, 0, 0, 0, 0], [0, 0, 0, 0, 0, 7, 0, 0, 0, 0, 0, 0, 0, 0], [0, 0, 0, 0, 0, 7, 0, 0, 0, 0, 0, 0, 0, 0], [0, 0, 0, 0, 0, 7, 0, 0, 0, 0, 0, 0, 0, 0], [0, 0, 0, 0, 0, 7, 0, 0, 0, 0, 0, 0, 0, 0], [0, 0, 0, 0, 0, 7, 0, 0, 0, 0, 0, 0, 0, 0], [0, 0, 0, 0, 0, 7, 0, 0, 0, 0, 0, 0, 0, 0], [7, 7, 7, 7, 7, 7, 7, 7, 7, 7, 7, 7, 7, 7], [0, 0, 0, 0, 0, 7, 0, 0, 0, 0, 0, 0, 0, 0], [0, 0, 0, 0, 0, 7, 0, 0, 0, 0, 0, 0, 0, 0]]}, {"input": [[6, 0, 0, 0, 0, 0, 0, 0, 7, 6, 0, 0, 7], [0, 0, 6, 0, 0, 7, 0, 0, 7, 0, 0, 0, 6], [0, 0, 6, 0, 6, 6, 0, 7, 7, 6, 6, 0, 7], [0, 0, 0, 7, 6, 6, 0, 6, 0, 0, 0, 7, 0], [0, 0, 0, 7, 6, 0, 0, 0, 0, 6, 0, 0, 6], [0, 7, 0, 6, 0, 0, 0, 0, 7, 0, 0, 6, 7], [0, 6, 6, 0, 7, 7, 6, 6, 6, 0, 0, 0, 0], [5, 0, 0, 7, 0, 0, 0, 0, 0, 0, 7, 7, 5], [6, 6, 6, 7, 6, 0, 7, 0, 6, 7, 0, 0, 6], [7, 7, 0, 0, 0, 0, 0, 7, 7, 0, 0, 6, 0], [0, 7, 7, 0, 0, 7, 0, 0, 7, 6, 0, 7, 0], [5, 0, 6, 0, 7, 0, 0, 0, 0, 0, 0, 0, 5], [6, 0, 6, 7, 0, 0, 0, 0, 7, 0, 0, 0, 0]], "output": [[0, 0, 0, 0, 0, 0, 0, 0, 0, 0, 0, 0, 0], [0, 0, 0, 0, 0, 0, 0, 0, 0, 0, 0, 0, 0], [0, 0, 0, 0, 0, 0, 0, 0, 0, 0, 0, 0, 0], [0, 0, 0, 0, 0, 0, 0, 0, 0, 0, 0, 0, 0], [0, 0, 0, 0, 0, 0, 0, 0, 0, 0, 0, 0, 0], [0, 0, 0, 0, 0, 0, 0, 0, 0, 0, 0, 0, 0], [0, 0, 0, 0, 0, 0, 0, 0, 0, 0, 0, 0, 0], [5, 5, 5, 5, 5, 5, 5, 5, 5, 5, 5, 5, 5], [0, 0, 0, 0, 0, 0, 0, 0, 0, 0, 0, 0, 0], [0, 0, 0, 0, 0, 0, 0, 0, 0, 0, 0, 0, 0], [0, 0, 0, 0, 0, 0, 0, 0, 0, 0, 0, 0, 0], [5, 5, 5, 5, 5, 5, 5, 5, 5, 5, 5, 5, 5], [0, 0, 0, 0, 0, 0, 0, 0, 0, 0, 0, 0, 0]]}, {"input": [[0, 9, 0, 4, 0, 9, 0, 4, 0, 9, 0, 4, 4], [0, 0, 9, 0, 4, 0, 0, 0, 9, 0, 0, 0, 4], [0, 0, 0, 4, 0, 0, 0, 0, 0, 0, 0, 0, 0], [0, 0, 0, 4, 4, 9, 9, 9, 0, 0, 0, 0, 0], [0, 4, 9, 0, 4, 0, 0, 0, 9, 9, 0, 9, 0], [4, 0, 0, 0, 0, 9, 0, 9, 4, 4, 0, 9, 4], [8, 0, 0, 0, 4, 0, 9, 9, 4, 0, 4, 9, 8], [4, 0, 0, 0, 9, 0, 0, 9, 0, 0, 9, 4, 0], [4, 4, 4, 0, 4, 0, 4, 9, 0, 9, 0, 9, 9], [0, 4, 0, 9, 0, 0, 0, 9, 0, 4, 0, 0, 0], [0, 0, 0, 4, 9, 9, 9, 4, 4, 0, 0, 0, 0], [9, 0, 0, 0, 0, 0, 4, 4, 9, 0, 0, 0, 0], [0, 9, 0, 4, 0, 0, 0, 0, 0, 0, 0, 0, 0], [9, 9, 4, 0, 0, 4, 0, 9, 0, 0, 9, 0, 0], [8, 0, 0, 0, 0, 9, 0, 0, 0, 4, 4, 0, 8], [0, 0, 4, 4, 0, 0, 0, 9, 9, 4, 4, 0, 9]], "output": [[0, 0, 0, 0, 0, 0, 0, 0, 0, 0, 0, 0, 0], [0, 0, 0, 0, 0, 0, 0, 0, 0, 0, 0, 0, 0], [0, 0, 0, 0, 0, 0, 0, 0, 0, 0, 0, 0, 0], [0, 0, 0, 0, 0, 0, 0, 0, 0, 0, 0, 0, 0], [0, 0, 0, 0, 0, 0, 0, 0, 0, 0, 0, 0, 0], [0, 0, 0, 0, 0, 0, 0, 0, 0, 0, 0, 0, 0], [8, 8, 8, 8, 8, 8, 8, 8, 8, 8, 8, 8, 8], [0, 0, 0, 0, 0, 0, 0, 0, 0, 0, 0, 0, 0], [0, 0, 0, 0, 0, 0, 0, 0, 0, 0, 0, 0, 0], [0, 0, 0, 0, 0, 0, 0, 0, 0, 0, 0, 0, 0], [0, 0, 0, 0, 0, 0, 0, 0, 0, 0, 0, 0, 0], [0, 0, 0, 0, 0, 0, 0, 0, 0, 0, 0, 0, 0], [0, 0, 0, 0, 0, 0, 0, 0, 0, 0, 0, 0, 0], [0, 0, 0, 0, 0, 0, 0, 0, 0, 0, 0, 0, 0], [8, 8, 8, 8, 8, 8, 8, 8, 8, 8, 8, 8, 8], [0, 0, 0, 0, 0, 0, 0, 0, 0, 0, 0, 0, 0]]}, {"input": [[5, 9, 0, 5, 2, 0, 0, 0, 0, 0, 0, 0, 0, 0, 0, 0], [0, 0, 0, 2, 2, 2, 5, 5, 2, 5, 0, 2, 5, 0, 0, 0], [0, 0, 5, 0, 0, 2, 0, 0, 5, 2, 0, 2, 2, 0, 5, 0], [2, 5, 0, 2, 2, 0, 2, 0, 0, 0, 2, 0, 0, 5, 0, 0], [0, 0, 5, 2, 5, 5, 0, 0, 0, 0, 2, 0, 5, 0, 0, 5], [0, 2, 2, 2, 0, 0, 0, 2, 0, 0, 0, 0, 2, 0, 0, 2], [0, 0, 0, 0, 2, 2, 5, 5, 0, 0, 0, 5, 0, 2, 5, 0], [0, 5, 0, 2, 0, 5, 0, 5, 0, 0, 0, 2, 0, 5, 0, 2], [0, 2, 0, 2, 0, 0, 2, 5, 0, 2, 5, 5, 0, 5, 0, 0], [9, 0, 0, 0, 0, 5, 2, 5, 0, 5, 0, 5, 0, 0, 0, 9], [0, 0, 2, 0, 0, 0, 0, 0, 0, 0, 0, 0, 2, 0, 0, 0], [5, 2, 0, 0, 0, 0, 0, 5, 5, 0, 0, 5, 2, 5, 5, 0], [0, 5, 0, 2, 2, 0, 2, 2, 0, 0, 0, 0, 2, 2, 2, 2], [2, 2, 0, 2, 5, 0, 0, 5, 0, 0, 0, 0, 0, 0, 5, 0], [0, 0, 0, 0, 0, 0, 0, 2, 5, 0, 0, 0, 2, 0, 2, 5], [0, 5, 0, 5, 2, 5, 0, 0, 5, 2, 0, 0, 5, 5, 0, 0], [0, 0, 0, 2, 0, 5, 2, 0, 0, 2, 2, 5, 0, 0, 5, 0], [0, 0, 0, 5, 0, 0, 0, 0, 5, 0, 5, 0, 2, 0, 5, 0], [0, 9, 5, 0, 5, 0, 0, 0, 2, 2, 5, 0, 0, 0, 5, 0]], "output": [[0, 9, 0, 0, 0, 0, 0, 0, 0, 0, 0, 0, 0, 0, 0, 0], [0, 9, 0, 0, 0, 0, 0, 0, 0, 0, 0, 0, 0, 0, 0, 0], [0, 9, 0, 0, 0, 0, 0, 0, 0, 0, 0, 0, 0, 0, 0, 0], [0, 9, 0, 0, 0, 0, 0, 0, 0, 0, 0, 0, 0, 0, 0, 0], [0, 9, 0, 0, 0, 0, 0, 0, 0, 0, 0, 0, 0, 0, 0, 0], [0, 9, 0, 0, 0, 0, 0, 0, 0, 0, 0, 0, 0, 0, 0, 0], [0, 9, 0, 0, 0, 0, 0, 0, 0, 0, 0, 0, 0, 0, 0, 0], [0, 9, 0, 0, 0, 0, 0, 0, 0, 0, 0, 0, 0, 0, 0, 0], [0, 9, 0, 0, 0, 0, 0, 0, 0, 0, 0, 0, 0, 0, 0, 0], [9, 9, 9, 9, 9, 9, 9, 9, 9, 9, 9, 9, 9, 9, 9, 9], [0, 9, 0, 0, 0, 0, 0, 0, 0, 0, 0, 0, 0, 0, 0, 0], [0, 9, 0, 0, 0, 0, 0, 0, 0, 0, 0, 0, 0, 0, 0, 0], [0, 9, 0, 0, 0, 0, 0, 0, 0, 0, 0, 0, 0, 0, 0, 0], [0, 9, 0, 0, 0, 0, 0, 0, 0, 0, 0, 0, 0, 0, 0, 0], [0, 9, 0, 0, 0, 0, 0, 0, 0, 0, 0, 0, 0, 0, 0, 0], [0, 9, 0, 0, 0, 0, 0, 0, 0, 0, 0, 0, 0, 0, 0, 0], [0, 9, 0, 0, 0, 0, 0, 0, 0, 0, 0, 0, 0, 0, 0, 0], [0, 9, 0, 0, 0, 0, 0, 0, 0, 0, 0, 0, 0, 0, 0, 0], [0, 9, 0, 0, 0, 0, 0, 0, 0, 0, 0, 0, 0, 0, 0, 0]]}, {"input": [[0, 5, 0, 6, 0, 5, 6, 0, 0, 0, 0, 6, 0, 0], [5, 0, 0, 0, 5, 6, 5, 6, 0, 0, 0, 5, 5, 0], [0, 6, 0, 0, 0, 0, 0, 0, 0, 6, 0, 5, 5, 5], [6, 0, 0, 6, 0, 5, 0, 6, 0, 5, 0, 0, 5, 5], [5, 0, 5, 0, 6, 0, 0, 0, 5, 0, 0, 0, 0, 0], [6, 5, 0, 0, 6, 5, 0, 6, 6, 5, 0, 6, 0, 6], [0, 5, 6, 0, 0, 6, 6, 6, 0, 5, 5, 0, 0, 0], [7, 6, 0, 5, 0, 6, 0, 0, 0, 5, 5, 0, 0, 7], [7, 0, 0, 0, 6, 0, 0, 0, 0, 0, 5, 0, 0, 7], [5, 0, 0, 5, 0, 0, 0, 0, 0, 0, 0, 6, 0, 5], [0, 0, 0, 6, 6, 6, 0, 6, 5, 0, 0, 6, 0, 0], [0, 0, 0, 0, 6, 5, 0, 0, 0, 0, 0, 5, 6, 5]], "output": [[0, 0, 0, 0, 0, 0, 0, 0, 0, 0, 0, 0, 0, 0], [0, 0, 0, 0, 0, 0, 0, 0, 0, 0, 0, 0, 0, 0], [0, 0, 0, 0, 0, 0, 0, 0, 0, 0, 0, 0, 0, 0], [0, 0, 0, 0, 0, 0, 0, 0, 0, 0, 0, 0, 0, 0], [0, 0, 0, 0, 0, 0, 0, 0, 0, 0, 0, 0, 0, 0], [0, 0, 0, 0, 0, 0, 0, 0, 0, 0, 0, 0, 0, 0], [0, 0, 0, 0, 0, 0, 0, 0, 0, 0, 0, 0, 0, 0], [7, 7, 7, 7, 7, 7, 7, 7, 7, 7, 7, 7, 7, 7], [7, 7, 7, 7, 7, 7, 7, 7, 7, 7, 7, 7, 7, 7], [0, 0, 0, 0, 0, 0, 0, 0, 0, 0, 0, 0, 0, 0], [0, 0, 0, 0, 0, 0, 0, 0, 0, 0, 0, 0, 0, 0], [0, 0, 0, 0, 0, 0, 0, 0, 0, 0, 0, 0, 0, 0]]}, {"input": [[7, 0, 0, 0, 5, 0, 0, 0, 0, 7, 7, 0, 8, 0, 0, 0, 0, 0, 0], [8, 7, 0, 7, 0, 0, 0, 0, 8, 0, 0, 7, 7, 7, 0, 8, 0, 8, 7], [8, 0, 7, 0, 0, 8, 8, 0, 7, 0, 0, 0, 0, 0, 7, 7, 0, 0, 0], [7, 8, 0, 0, 8, 0, 8, 8, 7, 0, 0, 0, 0, 8, 0, 8, 7, 0, 8], [0, 7, 7, 7, 0, 8, 7, 0, 7, 0, 7, 7, 0, 8, 0, 0, 0, 0, 8], [0, 0, 8, 0, 8, 0, 7, 0, 0, 0, 0, 7, 0, 0, 8, 0, 0, 0, 8], [7, 0, 0, 8, 0, 8, 0, 8, 0, 0, 7, 0, 0, 0, 0, 0, 7, 7, 8], [5, 0, 8, 7, 0, 0, 0, 8, 0, 0, 0, 0, 8, 7, 8, 0, 0, 0, 5], [0, 8, 0, 8, 7, 7, 8, 0, 7, 0, 0, 7, 8, 7, 8, 7, 0, 7, 0], [0, 8, 0, 0, 0, 0, 0, 7, 0, 7, 0, 7, 0, 0, 0, 8, 7, 0, 0], [8, 7, 8, 7, 0, 0, 0, 0, 0, 0, 8, 8, 7, 0, 8, 0, 0, 0, 8], [0, 0, 0, 7, 0, 0, 0, 8, 0, 0, 8, 0, 0, 0, 8, 7, 0, 0, 0], [0, 0, 8, 0, 5, 0, 0, 0, 0, 8, 7, 8, 8, 0, 0, 0, 0, 7, 0]], "output": [[0, 0, 0, 0, 5, 0, 0, 0, 0, 0, 0, 0, 0, 0, 0, 0, 0, 0, 0], [0, 0, 0, 0, 5, 0, 0, 0, 0, 0, 0, 0, 0, 0, 0, 0, 0, 0, 0], [0, 0, 0, 0, 5, 0, 0, 0, 0, 0, 0, 0, 0, 0, 0, 0, 0, 0, 0], [0, 0, 0, 0, 5, 0, 0, 0, 0, 0, 0, 0, 0, 0, 0, 0, 0, 0, 0], [0, 0, 0, 0, 5, 0, 0, 0, 0, 0, 0, 0, 0, 0, 0, 0, 0, 0, 0], [0, 0, 0, 0, 5, 0, 0, 0, 0, 0, 0, 0, 0, 0, 0, 0, 0, 0, 0], [0, 0, 0, 0, 5, 0, 0, 0, 0, 0, 0, 0, 0, 0, 0, 0, 0, 0, 0], [5, 5, 5, 5, 5, 5, 5, 5, 5, 5, 5, 5, 5, 5, 5, 5, 5, 5, 5], [0, 0, 0, 0, 5, 0, 0, 0, 0, 0, 0, 0, 0, 0, 0, 0, 0, 0, 0], [0, 0, 0, 0, 5, 0, 0, 0, 0, 0, 0, 0, 0, 0, 0, 0, 0, 0, 0], [0, 0, 0, 0, 5, 0, 0, 0, 0, 0, 0, 0, 0, 0, 0, 0, 0, 0, 0], [0, 0, 0, 0, 5, 0, 0, 0, 0, 0, 0, 0, 0, 0, 0, 0, 0, 0, 0], [0, 0, 0, 0, 5, 0, 0, 0, 0, 0, 0, 0, 0, 0, 0, 0, 0, 0, 0]]}, {"input": [[0, 0, 0, 0, 0, 0, 1, 0, 0, 1, 3, 3, 0, 0, 0, 1, 6, 0, 0], [3, 0, 0, 0, 0, 1, 1, 0, 0, 3, 1, 0, 0, 0, 0, 0, 3, 3, 3], [3, 0, 1, 0, 0, 0, 3, 0, 1, 1, 0, 3, 1, 0, 0, 0, 0, 0, 3], [3, 0, 3, 3, 0, 3, 1, 1, 0, 0, 0, 0, 0, 3, 0, 3, 0, 0, 3], [0, 0, 0, 3, 3, 0, 0, 0, 0, 0, 0, 3, 0, 0, 0, 0, 3, 0, 0], [0, 1, 3, 1, 0, 0, 1, 1, 0, 0, 3, 3, 1, 1, 0, 0, 0, 1, 1], [1, 3, 0, 0, 0, 3, 1, 3, 0, 0, 1, 3, 0, 3, 3, 0, 1, 1, 0], [0, 0, 0, 0, 3, 0, 1, 0, 0, 0, 0, 1, 1, 3, 3, 0, 0, 3, 0], [3, 0, 1, 3, 0, 0, 0, 1, 1, 0, 3, 3, 0, 3, 0, 0, 0, 0, 0], [1, 0, 0, 0, 0, 0, 0, 1, 0, 0, 0, 3, 0, 0, 0, 0, 0, 3, 0], [1, 0, 3, 0, 0, 0, 0, 1, 1, 0, 1, 0, 0, 0, 0, 1, 0, 3, 1], [3, 0, 0, 1, 0, 3, 1, 0, 0, 1, 0, 1, 0, 0, 1, 0, 0, 3, 0], [0, 0, 0, 0, 3, 0, 1, 1, 3, 1, 0, 0, 3, 0, 1, 0, 1, 1, 0], [0, 0, 0, 0, 0, 3, 3, 0, 0, 3, 0, 3, 0, 0, 0, 0, 0, 3, 0], [6, 3, 1, 3, 0, 1, 0, 1, 0, 3, 0, 0, 0, 0, 0, 3, 0, 3, 6], [1, 1, 0, 0, 3, 0, 0, 0, 1, 3, 0, 0, 0, 0, 1, 1, 1, 3, 1], [0, 0, 0, 0, 1, 3, 0, 0, 0, 1, 3, 1, 0, 0, 1, 0, 6, 0, 0]], "output": [[0, 0, 0, 0, 0, 0, 0, 0, 0, 0, 0, 0, 0, 0, 0, 0, 6, 0, 0], [0, 0, 0, 0, 0, 0, 0, 0, 0, 0, 0, 0, 0, 0, 0, 0, 6, 0, 0], [0, 0, 0, 0, 0, 0, 0, 0, 0, 0, 0, 0, 0, 0, 0, 0, 6, 0, 0], [0, 0, 0, 0, 0, 0, 0, 0, 0, 0, 0, 0, 0, 0, 0, 0, 6, 0, 0], [0, 0, 0, 0, 0, 0, 0, 0, 0, 0, 0, 0, 0, 0, 0, 0, 6, 0, 0], [0, 0, 0, 0, 0, 0, 0, 0, 0, 0, 0, 0, 0, 0, 0, 0, 6, 0, 0], [0, 0, 0, 0, 0, 0, 0, 0, 0, 0, 0, 0, 0, 0, 0, 0, 6, 0, 0], [0, 0, 0, 0, 0, 0, 0, 0, 0, 0, 0, 0, 0, 0, 0, 0, 6, 0, 0], [0, 0, 0, 0, 0, 0, 0, 0, 0, 0, 0, 0, 0, 0, 0, 0, 6, 0, 0], [0, 0, 0, 0, 0, 0, 0, 0, 0, 0, 0, 0, 0, 0, 0, 0, 6, 0, 0], [0, 0, 0, 0, 0, 0, 0, 0, 0, 0, 0, 0, 0, 0, 0, 0, 6, 0, 0], [0, 0, 0, 0, 0, 0, 0, 0, 0, 0, 0, 0, 0, 0, 0, 0, 6, 0, 0], [0, 0, 0, 0, 0, 0, 0, 0, 0, 0, 0, 0, 0, 0, 0, 0, 6, 0, 0], [0, 0, 0, 0, 0, 0, 0, 0, 0, 0, 0, 0, 0, 0, 0, 0, 6, 0, 0], [6, 6, 6, 6, 6, 6, 6, 6, 6, 6, 6, 6, 6, 6, 6, 6, 6, 6, 6], [0, 0, 0, 0, 0, 0, 0, 0, 0, 0, 0, 0, 0, 0, 0, 0, 6, 0, 0], [0, 0, 0, 0, 0, 0, 0, 0, 0, 0, 0, 0, 0, 0, 0, 0, 6, 0, 0]]}, {"input": [[0, 0, 2, 0, 0, 0, 0, 0, 0, 0, 9, 2, 2, 0], [2, 0, 0, 0, 0, 0, 0, 0, 0, 0, 0, 0, 2, 2], [1, 0, 2, 2, 0, 0, 1, 0, 0, 1, 0, 0, 0, 0], [0, 2, 0, 0, 2, 0, 0, 0, 2, 0, 0, 0, 0, 1], [1, 0, 0, 2, 1, 1, 1, 0, 1, 2, 2, 0, 2, 2], [0, 0, 0, 0, 2, 0, 1, 1, 1, 0, 1, 2, 2, 2], [0, 0, 0, 2, 0, 0, 0, 1, 0, 1, 0, 0, 2, 2], [0, 0, 0, 0, 2, 0, 0, 0, 1, 1, 2, 0, 0, 0], [0, 0, 0, 0, 1, 2, 0, 0, 1, 2, 0, 0, 2, 1], [0, 1, 0, 0, 2, 2, 1, 1, 1, 1, 0, 0, 0, 0], [1, 1, 0, 0, 2, 0, 1, 0, 2, 0, 2, 0, 0, 0], [0, 1, 1, 0, 1, 0, 0, 2, 2, 0, 0, 1, 1, 2], [1, 2, 0, 1, 1, 0, 2, 0, 0, 1, 2, 1, 0, 0], [0, 0, 1, 0, 0, 0, 0, 0, 2, 0, 9, 0, 1, 0]], "output": [[0, 0, 0, 0, 0, 0, 0, 0, 0, 0, 9, 0, 0, 0], [0, 0, 0, 0, 0, 0, 0, 0, 0, 0, 9, 0, 0, 0], [0, 0, 0, 0, 0, 0, 0, 0, 0, 0, 9, 0, 0, 0], [0, 0, 0, 0, 0, 0, 0, 0, 0, 0, 9, 0, 0, 0], [0, 0, 0, 0, 0, 0, 0, 0, 0, 0, 9, 0, 0, 0], [0, 0, 0, 0, 0, 0, 0, 0, 0, 0, 9, 0, 0, 0], [0, 0, 0, 0, 0, 0, 0, 0, 0, 0, 9, 0, 0, 0], [0, 0, 0, 0, 0, 0, 0, 0, 0, 0, 9, 0, 0, 0], [0, 0, 0, 0, 0, 0, 0, 0, 0, 0, 9, 0, 0, 0], [0, 0, 0, 0, 0, 0, 0, 0, 0, 0, 9, 0, 0, 0], [0, 0, 0, 0, 0, 0, 0, 0, 0, 0, 9, 0, 0, 0], [0, 0, 0, 0, 0, 0, 0, 0, 0, 0, 9, 0, 0, 0], [0, 0, 0, 0, 0, 0, 0, 0, 0, 0, 9, 0, 0, 0], [0, 0, 0, 0, 0, 0, 0, 0, 0, 0, 9, 0, 0, 0]]}, {"input": [[6, 0, 0, 0, 0, 0, 6, 0, 3, 0, 0, 0, 0, 0, 0, 3, 0], [0, 0, 3, 6, 0, 0, 0, 3, 3, 6, 6, 3, 3, 0, 0, 0, 6], [4, 0, 0, 0, 0, 0, 0, 3, 6, 0, 3, 3, 0, 3, 0, 3, 4], [0, 6, 0, 0, 6, 3, 0, 0, 0, 3, 3, 6, 0, 6, 6, 6, 3], [0, 0, 0, 0, 0, 0, 0, 0, 6, 6, 0, 6, 3, 0, 0, 3, 6], [6, 0, 6, 3, 0, 0, 0, 6, 0, 6, 0, 0, 0, 6, 6, 3, 6], [0, 3, 6, 0, 0, 3, 0, 3, 3, 3, 0, 0, 0, 3, 3, 0, 0], [0, 6, 3, 0, 0, 0, 0, 0, 6, 0, 3, 6, 6, 0, 6, 3, 0], [0, 0, 0, 0, 3, 0, 3, 0, 0, 0, 3, 3, 0, 0, 6, 6, 3], [0, 0, 3, 6, 0, 0, 6, 0, 0, 3, 6, 0, 0, 6, 3, 0, 0], [0, 3, 0, 6, 0, 0, 0, 3, 3, 6, 3, 0, 0, 0, 3, 0, 0], [6, 0, 0, 0, 6, 0, 3, 6, 3, 0, 0, 0, 0, 0, 3, 0, 6], [0, 0, 6, 6, 0, 0, 0, 6, 6, 3, 3, 3, 0, 0, 0, 0, 6], [0, 6, 6, 0, 0, 0, 0, 0, 0, 0, 6, 0, 3, 0, 6, 0, 0], [4, 0, 0, 0, 0, 0, 6, 3, 6, 3, 6, 3, 0, 0, 0, 0, 4], [3, 0, 0, 0, 6, 6, 0, 0, 6, 0, 0, 3, 3, 0, 6, 0, 6], [0, 0, 3, 0, 0, 0, 0, 0, 3, 0, 0, 0, 6, 0, 0, 0, 0], [0, 0, 3, 0, 0, 0, 0, 0, 0, 0, 0, 0, 0, 3, 3, 0, 0]], "output": [[0, 0, 0, 0, 0, 0, 0, 0, 0, 0, 0, 0, 0, 0, 0, 0, 0], [0, 0, 0, 0, 0, 0, 0, 0, 0, 0, 0, 0, 0, 0, 0, 0, 0], [4, 4, 4, 4, 4, 4, 4, 4, 4, 4, 4, 4, 4, 4, 4, 4, 4], [0, 0, 0, 0, 0, 0, 0, 0, 0, 0, 0, 0, 0, 0, 0, 0, 0], [0, 0, 0, 0, 0, 0, 0, 0, 0, 0, 0, 0, 0, 0, 0, 0, 0], [0, 0, 0, 0, 0, 0, 0, 0, 0, 0, 0, 0, 0, 0, 0, 0, 0], [0, 0, 0, 0, 0, 0, 0, 0, 0, 0, 0, 0, 0, 0, 0, 0, 0], [0, 0, 0, 0, 0, 0, 0, 0, 0, 0, 0, 0, 0, 0, 0, 0, 0], [0, 0, 0, 0, 0, 0, 0, 0, 0, 0, 0, 0, 0, 0, 0, 0, 0], [0, 0, 0, 0, 0, 0, 0, 0, 0, 0, 0, 0, 0, 0, 0, 0, 0], [0, 0, 0, 0, 0, 0, 0, 0, 0, 0, 0, 0, 0, 0, 0, 0, 0], [0, 0, 0, 0, 0, 0, 0, 0, 0, 0, 0, 0, 0, 0, 0, 0, 0], [0, 0, 0, 0, 0, 0, 0, 0, 0, 0, 0, 0, 0, 0, 0, 0, 0], [0, 0, 0, 0, 0, 0, 0, 0, 0, 0, 0, 0, 0, 0, 0, 0, 0], [4, 4, 4, 4, 4, 4, 4, 4, 4, 4, 4, 4, 4, 4, 4, 4, 4], [0, 0, 0, 0, 0, 0, 0, 0, 0, 0, 0, 0, 0, 0, 0, 0, 0], [0, 0, 0, 0, 0, 0, 0, 0, 0, 0, 0, 0, 0, 0, 0, 0, 0], [0, 0, 0, 0, 0, 0, 0, 0, 0, 0, 0, 0, 0, 0, 0, 0, 0]]}, {"input": [[0, 8, 0, 5, 0, 0, 0, 0, 6, 6, 0, 6, 8, 0, 0], [0, 6, 0, 0, 0, 0, 0, 6, 8, 6, 0, 6, 8, 0, 0], [0, 0, 0, 0, 0, 8, 8, 0, 0, 0, 0, 0, 8, 0, 0], [0, 0, 8, 8, 6, 0, 0, 0, 8, 0, 0, 8, 8, 0, 8], [6, 0, 0, 0, 0, 6, 0, 6, 0, 8, 0, 0, 6, 8, 8], [0, 6, 0, 0, 0, 6, 0, 6, 0, 8, 6, 0, 0, 6, 0], [0, 6, 6, 0, 8, 0, 0, 6, 8, 8, 8, 6, 0, 0, 6], [8, 0, 8, 0, 8, 0, 0, 0, 8, 0, 6, 0, 8, 8, 0], [0, 8, 8, 0, 0, 0, 0, 8, 0, 6, 8, 8, 8, 0, 0], [0, 8, 6, 8, 0, 0, 6, 0, 6, 0, 6, 6, 0, 8, 0], [0, 0, 6, 0, 8, 6, 8, 6, 8, 0, 0, 0, 0, 8, 0], [8, 8, 0, 0, 6, 0, 6, 0, 6, 0, 0, 0, 0, 0, 0], [5, 8, 8, 6, 0, 6, 6, 6, 6, 0, 0, 0, 6, 0, 5], [8, 0, 6, 6, 0, 6, 6, 0, 0, 0, 0, 8, 0, 6, 0], [0, 8, 0, 0, 0, 0, 0, 0, 0, 0, 0, 6, 0, 6, 0], [0, 0, 0, 0, 0, 0, 0, 0, 0, 0, 0, 6, 0, 0, 6], [0, 0, 0, 0, 0, 0, 0, 6, 0, 6, 6, 0, 0, 0, 0], [0, 0, 0, 5, 8, 0, 0, 8, 8, 0, 0, 6, 8, 8, 0]], "output": [[0, 0, 0, 5, 0, 0, 0, 0, 0, 0, 0, 0, 0, 0, 0], [0, 0, 0, 5, 0, 0, 0, 0, 0, 0, 0, 0, 0, 0, 0], [0, 0, 0, 5, 0, 0, 0, 0, 0, 0, 0, 0, 0, 0, 0], [0, 0, 0, 5, 0, 0, 0, 0, 0, 0, 0, 0, 0, 0, 0], [0, 0, 0, 5, 0, 0, 0, 0, 0, 0, 0, 0, 0, 0, 0], [0, 0, 0, 5, 0, 0, 0, 0, 0, 0, 0, 0, 0, 0, 0], [0, 0, 0, 5, 0, 0, 0, 0, 0, 0, 0, 0, 0, 0, 0], [0, 0, 0, 5, 0, 0, 0, 0, 0, 0, 0, 0, 0, 0, 0], [0, 0, 0, 5, 0, 0, 0, 0, 0, 0, 0, 0, 0, 0, 0], [0, 0, 0, 5, 0, 0, 0, 0, 0, 0, 0, 0, 0, 0, 0], [0, 0, 0, 5, 0, 0, 0, 0, 0, 0, 0, 0, 0, 0, 0], [0, 0, 0, 5, 0, 0, 0, 0, 0, 0, 0, 0, 0, 0, 0], [5, 5, 5, 5, 5, 5, 5, 5, 5, 5, 5, 5, 5, 5, 5], [0, 0, 0, 5, 0, 0, 0, 0, 0, 0, 0, 0, 0, 0, 0], [0, 0, 0, 5, 0, 0, 0, 0, 0, 0, 0, 0, 0, 0, 0], [0, 0, 0, 5, 0, 0, 0, 0, 0, 0, 0, 0, 0, 0, 0], [0, 0, 0, 5, 0, 0, 0, 0, 0, 0, 0, 0, 0, 0, 0], [0, 0, 0, 5, 0, 0, 0, 0, 0, 0, 0, 0, 0, 0, 0]]}, {"input": [[0, 9, 9, 3, 3, 0, 0, 3, 0, 0, 0, 0, 5, 3], [3, 0, 0, 0, 0, 0, 0, 0, 0, 0, 0, 9, 0, 0], [5, 3, 0, 3, 3, 0, 0, 9, 9, 9, 0, 0, 3, 5], [9, 9, 3, 0, 0, 0, 3, 0, 0, 3, 0, 9, 0, 0], [0, 3, 0, 0, 0, 3, 9, 0, 0, 0, 9, 3, 0, 0], [3, 3, 0, 0, 9, 0, 0, 0, 9, 3, 3, 3, 9, 0], [0, 0, 0, 0, 0, 0, 9, 0, 0, 0, 9, 3, 0, 0], [9, 0, 3, 0, 0, 0, 0, 9, 0, 3, 0, 3, 9, 0], [0, 9, 9, 0, 9, 0, 9, 0, 0, 0, 9, 0, 0, 0], [9, 3, 3, 0, 3, 0, 3, 0, 0, 0, 0, 0, 0, 9], [0, 3, 9, 0, 0, 0, 9, 0, 9, 3, 9, 3, 9, 0], [3, 0, 0, 0, 3, 0, 3, 0, 0, 0, 0, 0, 9, 9], [0, 0, 9, 0, 9, 0, 0, 9, 3, 9, 0, 0, 3, 0], [9, 3, 0, 0, 0, 3, 3, 0, 0, 9, 0, 3, 5, 0]], "output": [[0, 0, 0, 0, 0, 0, 0, 0, 0, 0, 0, 0, 5, 0], [0, 0, 0, 0, 0, 0, 0, 0, 0, 0, 0, 0, 5, 0], [5, 5, 5, 5, 5, 5, 5, 5, 5, 5, 5, 5, 5, 5], [0, 0, 0, 0, 0, 0, 0, 0, 0, 0, 0, 0, 5, 0], [0, 0, 0, 0, 0, 0, 0, 0, 0, 0, 0, 0, 5, 0], [0, 0, 0, 0, 0, 0, 0, 0, 0, 0, 0, 0, 5, 0], [0, 0, 0, 0, 0, 0, 0, 0, 0, 0, 0, 0, 5, 0], [0, 0, 0, 0, 0, 0, 0, 0, 0, 0, 0, 0, 5, 0], [0, 0, 0, 0, 0, 0, 0, 0, 0, 0, 0, 0, 5, 0], [0, 0, 0, 0, 0, 0, 0, 0, 0, 0, 0, 0, 5, 0], [0, 0, 0, 0, 0, 0, 0, 0, 0, 0, 0, 0, 5, 0], [0, 0, 0, 0, 0, 0, 0, 0, 0, 0, 0, 0, 5, 0], [0, 0, 0, 0, 0, 0, 0, 0, 0, 0, 0, 0, 5, 0], [0, 0, 0, 0, 0, 0, 0, 0, 0, 0, 0, 0, 5, 0]]}, {"input": [[6, 4, 0, 4, 6, 0, 4, 4, 0, 8, 0, 0, 6, 0, 6], [4, 0, 0, 0, 0, 6, 0, 0, 4, 4, 0, 0, 6, 0, 0], [0, 0, 0, 0, 0, 6, 0, 0, 4, 0, 0, 4, 6, 6, 0], [4, 6, 4, 6, 0, 0, 0, 0, 0, 0, 0, 0, 0, 0, 0], [6, 6, 6, 6, 6, 0, 0, 0, 0, 4, 0, 0, 6, 0, 0], [6, 0, 6, 0, 0, 6, 0, 0, 0, 0, 4, 0, 0, 6, 6], [6, 6, 0, 0, 6, 6, 4, 0, 0, 0, 0, 6, 0, 0, 0], [0, 0, 0, 0, 4, 0, 4, 6, 4, 0, 4, 4, 0, 4, 6], [0, 0, 6, 0, 4, 4, 6, 0, 0, 4, 0, 4, 0, 0, 6], [0, 6, 0, 0, 0, 0, 0, 6, 0, 0, 6, 0, 4, 4, 4], [4, 0, 0, 0, 0, 4, 4, 0, 6, 0, 4, 6, 4, 0, 0], [0, 0, 0, 6, 0, 6, 0, 0, 4, 0, 0, 0, 4, 0, 0], [8, 6, 0, 4, 6, 0, 6, 4, 0, 0, 4, 0, 0, 0, 8], [0, 0, 0, 6, 0, 0, 6, 6, 0, 0, 0, 6, 4, 0, 0], [4, 4, 0, 6, 0, 0, 4, 0, 4, 6, 4, 0, 4, 6, 0], [0, 0, 0, 4, 4, 0, 0, 0, 0, 0, 6, 0, 6, 4, 4], [0, 0, 0, 0, 6, 0, 0, 0, 0, 8, 4, 0, 0, 4, 0]], "output": [[0, 0, 0, 0, 0, 0, 0, 0, 0, 8, 0, 0, 0, 0, 0], [0, 0, 0, 0, 0, 0, 0, 0, 0, 8, 0, 0, 0, 0, 0], [0, 0, 0, 0, 0, 0, 0, 0, 0, 8, 0, 0, 0, 0, 0], [0, 0, 0, 0, 0, 0, 0, 0, 0, 8, 0, 0, 0, 0, 0], [0, 0, 0, 0, 0, 0, 0, 0, 0, 8, 0, 0, 0, 0, 0], [0, 0, 0, 0, 0, 0, 0, 0, 0, 8, 0, 0, 0, 0, 0], [0, 0, 0, 0, 0, 0, 0, 0, 0, 8, 0, 0, 0, 0, 0], [0, 0, 0, 0, 0, 0, 0, 0, 0, 8, 0, 0, 0, 0, 0], [0, 0, 0, 0, 0, 0, 0, 0, 0, 8, 0, 0, 0, 0, 0], [0, 0, 0, 0, 0, 0, 0, 0, 0, 8, 0, 0, 0, 0, 0], [0, 0, 0, 0, 0, 0, 0, 0, 0, 8, 0, 0, 0, 0, 0], [0, 0, 0, 0, 0, 0, 0, 0, 0, 8, 0, 0, 0, 0, 0], [8, 8, 8, 8, 8, 8, 8, 8, 8, 8, 8, 8, 8, 8, 8], [0, 0, 0, 0, 0, 0, 0, 0, 0, 8, 0, 0, 0, 0, 0], [0, 0, 0, 0, 0, 0, 0, 0, 0, 8, 0, 0, 0, 0, 0], [0, 0, 0, 0, 0, 0, 0, 0, 0, 8, 0, 0, 0, 0, 0], [0, 0, 0, 0, 0, 0, 0, 0, 0, 8, 0, 0, 0, 0, 0]]}, {"input": [[0, 0, 5, 0, 0, 0, 5, 0, 0, 0, 0, 5, 0, 9, 3, 0], [0, 3, 3, 3, 0, 0, 0, 5, 0, 0, 5, 0, 0, 5, 0, 0], [0, 0, 0, 3, 0, 3, 5, 5, 5, 5, 0, 5, 5, 0, 3, 0], [0, 0, 0, 0, 3, 3, 5, 0, 0, 0, 3, 3, 0, 3, 5, 0], [5, 0, 3, 0, 3, 3, 3, 0, 5, 0, 0, 0, 0, 0, 0, 0], [3, 0, 0, 0, 0, 0, 0, 0, 3, 5, 0, 0, 5, 5, 0, 0], [5, 0, 0, 0, 0, 0, 0, 0, 0, 3, 0, 5, 0, 0, 0, 3], [0, 0, 5, 0, 0, 0, 3, 0, 5, 0, 0, 0, 3, 0, 0, 0], [0, 0, 5, 5, 0, 5, 0, 5, 0, 3, 3, 5, 3, 0, 0, 0], [0, 0, 0, 0, 3, 0, 0, 0, 0, 3, 5, 0, 0, 5, 0, 3], [9, 0, 3, 5, 0, 0, 5, 3, 0, 3, 0, 3, 0, 5, 3, 9], [3, 3, 0, 0, 5, 0, 0, 5, 3, 0, 3, 0, 0, 0, 0, 0], [0, 3, 3, 5, 5, 0, 0, 5, 0, 0, 5, 0, 0, 0, 0, 0], [0, 0, 0, 5, 3, 5, 3, 0, 0, 5, 3, 5, 5, 5, 0, 0], [3, 5, 0, 3, 5, 0, 0, 5, 3, 0, 3, 0, 0, 0, 0, 5], [0, 3, 5, 0, 3, 3, 3, 0, 5, 0, 0, 0, 0, 9, 5, 0]], "output": [[0, 0, 0, 0, 0, 0, 0, 0, 0, 0, 0, 0, 0, 9, 0, 0], [0, 0, 0, 0, 0, 0, 0, 0, 0, 0, 0, 0, 0, 9, 0, 0], [0, 0, 0, 0, 0, 0, 0, 0, 0, 0, 0, 0, 0, 9, 0, 0], [0, 0, 0, 0, 0, 0, 0, 0, 0, 0, 0, 0, 0, 9, 0, 0], [0, 0, 0, 0, 0, 0, 0, 0, 0, 0, 0, 0, 0, 9, 0, 0], [0, 0, 0, 0, 0, 0, 0, 0, 0, 0, 0, 0, 0, 9, 0, 0], [0, 0, 0, 0, 0, 0, 0, 0, 0, 0, 0, 0, 0, 9, 0, 0], [0, 0, 0, 0, 0, 0, 0, 0, 0, 0, 0, 0, 0, 9, 0, 0], [0, 0, 0, 0, 0, 0, 0, 0, 0, 0, 0, 0, 0, 9, 0, 0], [0, 0, 0, 0, 0, 0, 0, 0, 0, 0, 0, 0, 0, 9, 0, 0], [9, 9, 9, 9, 9, 9, 9, 9, 9, 9, 9, 9, 9, 9, 9, 9], [0, 0, 0, 0, 0, 0, 0, 0, 0, 0, 0, 0, 0, 9, 0, 0], [0, 0, 0, 0, 0, 0, 0, 0, 0, 0, 0, 0, 0, 9, 0, 0], [0, 0, 0, 0, 0, 0, 0, 0, 0, 0, 0, 0, 0, 9, 0, 0], [0, 0, 0, 0, 0, 0, 0, 0, 0, 0, 0, 0, 0, 9, 0, 0], [0, 0, 0, 0, 0, 0, 0, 0, 0, 0, 0, 0, 0, 9, 0, 0]]}]
