[{"input": [[7, 7, 0, 7, 0, 7, 7, 7, 7, 7, 7, 0, 7, 7, 7, 0, 0, 7, 7, 0], [0, 0, 7, 0, 7, 7, 0, 7, 7, 7, 7, 7, 7, 7, 7, 0, 7, 7, 7, 0], [7, 7, 7, 7, 0, 7, 7, 7, 7, 7, 7, 7, 0, 7, 0, 7, 0, 7, 7, 7], [0, 7, 0, 7, 7, 7, 7, 0, 7, 0, 7, 0, 0, 0, 7, 7, 7, 7, 0, 0], [7, 7, 0, 7, 0, 7, 7, 0, 7, 0, 7, 7, 0, 0, 7, 7, 0, 7, 7, 7], [0, 7, 7, 0, 7, 7, 7, 0, 7, 7, 7, 0, 7, 0, 0, 0, 7, 7, 7, 0], [7, 7, 7, 7, 7, 7, 7, 7, 0, 7, 7, 7, 7, 0, 7, 0, 7, 7, 0, 7], [7, 0, 0, 0, 7, 0, 7, 0, 7, 7, 0, 7, 7, 7, 7, 7, 7, 7, 7, 7], [0, 0, 7, 7, 7, 7, 0, 7, 0, 0, 7, 7, 7, 7, 7, 0, 0, 7, 7, 7], [7, 0, 0, 0, 0, 7, 7, 0, 7, 7, 7, 0, 7, 7, 7, 7, 7, 0, 7, 0], [0, 0, 0, 0, 7, 7, 7, 7, 0, 0, 7, 0, 7, 7, 7, 7, 7, 0, 7, 0], [0, 0, 0, 0, 7, 0, 7, 7, 0, 7, 7, 0, 7, 0, 7, 7, 7, 0, 0, 7], [7, 7, 0, 0, 0, 7, 7, 0, 0, 7, 0, 7, 0, 0, 0, 0, 0, 7, 7, 7], [7, 0, 0, 0, 0, 0, 7, 7, 0, 7, 7, 7, 0, 0, 0, 0, 7, 7, 7, 0], [0, 7, 0, 0, 0, 7, 7, 0, 7, 0, 7, 7, 7, 0, 0, 0, 0, 7, 7, 7], [0, 7, 7, 0, 7, 7, 7, 0, 7, 7, 7, 0, 7, 7, 0, 7, 7, 7, 7, 7], [0, 7, 0, 0, 7, 7, 0, 7, 7, 0, 7, 7, 7, 7, 7, 7, 7, 0, 7, 7], [7, 7, 0, 7, 7, 0, 7, 7, 7, 7, 7, 0, 7, 7, 7, 7, 0, 0, 7, 7], [0, 7, 7, 7, 0, 7, 7, 0, 0, 7, 0, 0, 7, 7, 0, 7, 7, 7, 7, 0], [7, 0, 7, 7, 7, 0, 7, 0, 0, 7, 7, 0, 7, 0, 7, 0, 7, 7, 7, 7]], "output": [[7, 7, 0, 7, 0, 7, 7, 7, 7, 7, 7, 0, 7, 7, 7, 0, 0, 7, 7, 0], [0, 0, 7, 0, 7, 7, 0, 7, 7, 7, 7, 7, 7, 7, 7, 0, 7, 7, 7, 0], [7, 7, 7, 7, 0, 7, 7, 7, 7, 7, 7, 7, 0, 7, 0, 7, 0, 7, 7, 7], [0, 7, 0, 7, 7, 7, 7, 0, 7, 0, 7, 0, 0, 0, 7, 7, 7, 7, 0, 0], [7, 7, 0, 7, 0, 7, 7, 0, 7, 0, 7, 7, 0, 0, 7, 7, 0, 7, 7, 7], [0, 7, 7, 0, 7, 7, 7, 0, 7, 7, 7, 0, 7, 0, 0, 0, 7, 7, 7, 0], [7, 7, 7, 7, 7, 7, 7, 7, 0, 7, 7, 7, 7, 0, 7, 0, 7, 7, 0, 7], [7, 0, 0, 0, 7, 0, 7, 0, 7, 7, 0, 7, 7, 7, 7, 7, 7, 7, 7, 7], [0, 0, 7, 7, 7, 7, 0, 7, 0, 0, 7, 7, 7, 7, 7, 0, 0, 7, 7, 7], [7, 1, 1, 1, 0, 7, 7, 0, 7, 7, 7, 0, 7, 7, 7, 7, 7, 0, 7, 0], [0, 1, 1, 1, 7, 7, 7, 7, 0, 0, 7, 0, 7, 7, 7, 7, 7, 0, 7, 0], [0, 1, 1, 1, 7, 0, 7, 7, 0, 7, 7, 0, 7, 0, 7, 7, 7, 0, 0, 7], [7, 7, 1, 1, 1, 7, 7, 0, 0, 7, 0, 7, 0, 1, 1, 1, 0, 7, 7, 7], [7, 0, 1, 1, 1, 0, 7, 7, 0, 7, 7, 7, 0, 1, 1, 1, 7, 7, 7, 0], [0, 7, 1, 1, 1, 7, 7, 0, 7, 0, 7, 7, 7, 1, 1, 1, 0, 7, 7, 7], [0, 7, 7, 0, 7, 7, 7, 0, 7, 7, 7, 0, 7, 7, 0, 7, 7, 7, 7, 7], [0, 7, 0, 0, 7, 7, 0, 7, 7, 0, 7, 7, 7, 7, 7, 7, 7, 0, 7, 7], [7, 7, 0, 7, 7, 0, 7, 7, 7, 7, 7, 0, 7, 7, 7, 7, 0, 0, 7, 7], [0, 7, 7, 7, 0, 7, 7, 0, 0, 7, 0, 0, 7, 7, 0, 7, 7, 7, 7, 0], [7, 0, 7, 7, 7, 0, 7, 0, 0, 7, 7, 0, 7, 0, 7, 0, 7, 7, 7, 7]]}, {"input": [[4, 0, 0, 0, 0, 4, 4, 0, 4, 4, 0, 0, 4, 4, 4, 0, 4, 0, 4, 0], [0, 0, 4, 4, 0, 4, 4, 4, 0, 4, 0, 0, 4, 4, 4, 0, 0, 4, 0, 4], [4, 0, 0, 4, 4, 4, 0, 4, 0, 4, 4, 4, 4, 4, 4, 0, 4, 4, 4, 0], [4, 4, 4, 0, 0, 4, 0, 0, 0, 0, 0, 0, 0, 4, 4, 4, 0, 0, 4, 4], [0, 0, 4, 4, 4, 4, 4, 0, 4, 0, 0, 0, 0, 4, 4, 4, 0, 4, 4, 0], [4, 4, 4, 0, 4, 4, 4, 4, 4, 0, 0, 0, 4, 0, 4, 4, 0, 4, 4, 4], [4, 4, 4, 4, 4, 4, 0, 0, 4, 4, 4, 4, 4, 4, 4, 4, 0, 4, 4, 4], [4, 4, 4, 4, 4, 4, 4, 4, 4, 4, 4, 0, 4, 4, 4, 4, 0, 0, 4, 4], [4, 4, 4, 0, 4, 4, 0, 0, 4, 4, 0, 4, 4, 4, 4, 4, 0, 4, 4, 4], [0, 4, 4, 0, 4, 4, 4, 4, 4, 4, 0, 4, 4, 4, 0, 4, 0, 4, 0, 0], [4, 4, 0, 4, 4, 4, 0, 0, 4, 4, 0, 4, 0, 0, 4, 4, 0, 4, 4, 0], [4, 4, 0, 0, 4, 0, 4, 0, 4, 4, 4, 4, 4, 0, 4, 0, 0, 4, 4, 0], [4, 4, 4, 0, 4, 4, 4, 0, 4, 4, 4, 4, 4, 0, 4, 4, 4, 4, 4, 4], [4, 4, 0, 4, 0, 0, 4, 0, 4, 4, 4, 4, 0, 4, 0, 4, 0, 0, 4, 4], [4, 4, 4, 4, 4, 0, 0, 4, 4, 0, 4, 4, 4, 0, 4, 0, 4, 4, 0, 0], [0, 0, 4, 0, 4, 0, 4, 4, 4, 0, 4, 4, 4, 4, 0, 0, 4, 4, 4, 4], [4, 4, 4, 4, 4, 4, 0, 4, 4, 0, 4, 4, 0, 4, 4, 0, 4, 4, 4, 0], [4, 4, 4, 0, 0, 4, 4, 4, 4, 4, 4, 0, 4, 0, 0, 4, 4, 0, 4, 4], [4, 4, 0, 4, 4, 4, 4, 4, 4, 4, 4, 4, 4, 0, 4, 4, 4, 4, 0, 4], [4, 4, 4, 4, 4, 4, 4, 0, 4, 4, 0, 0, 4, 4, 4, 4, 0, 0, 4, 4]], "output": [[4, 0, 0, 0, 0, 4, 4, 0, 4, 4, 0, 0, 4, 4, 4, 0, 4, 0, 4, 0], [0, 0, 4, 4, 0, 4, 4, 4, 0, 4, 0, 0, 4, 4, 4, 0, 0, 4, 0, 4], [4, 0, 0, 4, 4, 4, 0, 4, 0, 4, 4, 4, 4, 4, 4, 0, 4, 4, 4, 0], [4, 4, 4, 0, 0, 4, 0, 0, 0, 1, 1, 1, 0, 4, 4, 4, 0, 0, 4, 4], [0, 0, 4, 4, 4, 4, 4, 0, 4, 1, 1, 1, 0, 4, 4, 4, 0, 4, 4, 0], [4, 4, 4, 0, 4, 4, 4, 4, 4, 1, 1, 1, 4, 0, 4, 4, 0, 4, 4, 4], [4, 4, 4, 4, 4, 4, 0, 0, 4, 4, 4, 4, 4, 4, 4, 4, 0, 4, 4, 4], [4, 4, 4, 4, 4, 4, 4, 4, 4, 4, 4, 0, 4, 4, 4, 4, 0, 0, 4, 4], [4, 4, 4, 0, 4, 4, 0, 0, 4, 4, 0, 4, 4, 4, 4, 4, 0, 4, 4, 4], [0, 4, 4, 0, 4, 4, 4, 4, 4, 4, 0, 4, 4, 4, 0, 4, 0, 4, 0, 0], [4, 4, 0, 4, 4, 4, 0, 0, 4, 4, 0, 4, 0, 0, 4, 4, 0, 4, 4, 0], [4, 4, 0, 0, 4, 0, 4, 0, 4, 4, 4, 4, 4, 0, 4, 0, 0, 4, 4, 0], [4, 4, 4, 0, 4, 4, 4, 0, 4, 4, 4, 4, 4, 0, 4, 4, 4, 4, 4, 4], [4, 4, 0, 4, 0, 0, 4, 0, 4, 4, 4, 4, 0, 4, 0, 4, 0, 0, 4, 4], [4, 4, 4, 4, 4, 0, 0, 4, 4, 0, 4, 4, 4, 0, 4, 0, 4, 4, 0, 0], [0, 0, 4, 0, 4, 0, 4, 4, 4, 0, 4, 4, 4, 4, 0, 0, 4, 4, 4, 4], [4, 4, 4, 4, 4, 4, 0, 4, 4, 0, 4, 4, 0, 4, 4, 0, 4, 4, 4, 0], [4, 4, 4, 0, 0, 4, 4, 4, 4, 4, 4, 0, 4, 0, 0, 4, 4, 0, 4, 4], [4, 4, 0, 4, 4, 4, 4, 4, 4, 4, 4, 4, 4, 0, 4, 4, 4, 4, 0, 4], [4, 4, 4, 4, 4, 4, 4, 0, 4, 4, 0, 0, 4, 4, 4, 4, 0, 0, 4, 4]]}, {"input": [[4, 4, 4, 4, 4, 4, 4, 4, 0, 4, 0, 4, 4, 4, 4, 4, 4, 4, 4, 4], [4, 4, 0, 4, 4, 4, 0, 4, 4, 4, 4, 4, 4, 0, 0, 0, 4, 4, 4, 4], [4, 4, 0, 4, 4, 4, 4, 0, 0, 4, 0, 4, 4, 4, 4, 4, 4, 4, 4, 4], [4, 4, 0, 0, 0, 4, 4, 0, 4, 4, 0, 4, 4, 0, 4, 0, 0, 0, 4, 0], [0, 0, 0, 0, 0, 0, 4, 4, 0, 0, 0, 4, 0, 4, 4, 4, 4, 0, 4, 0], [4, 4, 0, 0, 0, 4, 4, 4, 0, 0, 0, 4, 4, 4, 4, 0, 0, 4, 4, 0], [4, 0, 4, 0, 4, 0, 0, 4, 0, 0, 0, 0, 4, 4, 4, 0, 0, 0, 4, 0], [4, 4, 4, 4, 4, 4, 0, 4, 4, 0, 0, 4, 0, 4, 0, 4, 4, 4, 0, 4], [4, 4, 0, 0, 4, 4, 4, 4, 0, 0, 0, 0, 4, 4, 0, 0, 0, 0, 0, 0], [0, 0, 4, 4, 4, 4, 4, 0, 4, 0, 4, 4, 4, 4, 0, 0, 0, 0, 0, 4], [4, 0, 4, 4, 4, 4, 0, 0, 4, 4, 4, 4, 0, 4, 0, 4, 0, 0, 0, 0], [4, 4, 0, 0, 0, 0, 4, 0, 4, 4, 0, 0, 4, 0, 4, 4, 4, 0, 0, 4], [4, 4, 4, 4, 0, 4, 4, 4, 0, 4, 4, 4, 4, 0, 4, 4, 4, 0, 4, 4], [4, 4, 4, 4, 4, 4, 4, 0, 0, 0, 4, 4, 4, 4, 4, 0, 0, 4, 4, 0], [4, 0, 0, 4, 4, 4, 4, 4, 4, 0, 0, 4, 4, 0, 4, 4, 4, 0, 4, 4], [4, 4, 0, 0, 4, 4, 4, 4, 4, 4, 4, 4, 4, 4, 4, 4, 4, 4, 0, 4], [4, 4, 4, 0, 4, 4, 4, 4, 0, 4, 0, 4, 0, 4, 4, 4, 4, 4, 4, 0], [4, 0, 4, 4, 0, 0, 4, 0, 4, 4, 4, 4, 0, 4, 0, 4, 4, 0, 4, 0], [4, 4, 4, 4, 4, 4, 0, 4, 0, 4, 4, 4, 4, 4, 4, 0, 0, 0, 4, 0], [0, 0, 4, 4, 4, 4, 0, 4, 0, 4, 0, 4, 4, 4, 0, 4, 4, 0, 0, 0]], "output": [[4, 4, 4, 4, 4, 4, 4, 4, 0, 4, 0, 4, 4, 4, 4, 4, 4, 4, 4, 4], [4, 4, 0, 4, 4, 4, 0, 4, 4, 4, 4, 4, 4, 0, 0, 0, 4, 4, 4, 4], [4, 4, 0, 4, 4, 4, 4, 0, 0, 4, 0, 4, 4, 4, 4, 4, 4, 4, 4, 4], [4, 4, 1, 1, 1, 4, 4, 0, 4, 4, 0, 4, 4, 0, 4, 0, 0, 0, 4, 0], [0, 0, 1, 1, 1, 0, 4, 4, 1, 1, 1, 4, 0, 4, 4, 4, 4, 0, 4, 0], [4, 4, 1, 1, 1, 4, 4, 4, 1, 1, 1, 4, 4, 4, 4, 0, 0, 4, 4, 0], [4, 0, 4, 0, 4, 0, 0, 4, 1, 1, 1, 0, 4, 4, 4, 0, 0, 0, 4, 0], [4, 4, 4, 4, 4, 4, 0, 4, 4, 0, 0, 4, 0, 4, 0, 4, 4, 4, 0, 4], [4, 4, 0, 0, 4, 4, 4, 4, 0, 0, 0, 0, 4, 4, 0, 0, 1, 1, 1, 0], [0, 0, 4, 4, 4, 4, 4, 0, 4, 0, 4, 4, 4, 4, 0, 0, 1, 1, 1, 4], [4, 0, 4, 4, 4, 4, 0, 0, 4, 4, 4, 4, 0, 4, 0, 4, 1, 1, 1, 0], [4, 4, 0, 0, 0, 0, 4, 0, 4, 4, 0, 0, 4, 0, 4, 4, 4, 0, 0, 4], [4, 4, 4, 4, 0, 4, 4, 4, 0, 4, 4, 4, 4, 0, 4, 4, 4, 0, 4, 4], [4, 4, 4, 4, 4, 4, 4, 0, 0, 0, 4, 4, 4, 4, 4, 0, 0, 4, 4, 0], [4, 0, 0, 4, 4, 4, 4, 4, 4, 0, 0, 4, 4, 0, 4, 4, 4, 0, 4, 4], [4, 4, 0, 0, 4, 4, 4, 4, 4, 4, 4, 4, 4, 4, 4, 4, 4, 4, 0, 4], [4, 4, 4, 0, 4, 4, 4, 4, 0, 4, 0, 4, 0, 4, 4, 4, 4, 4, 4, 0], [4, 0, 4, 4, 0, 0, 4, 0, 4, 4, 4, 4, 0, 4, 0, 4, 4, 0, 4, 0], [4, 4, 4, 4, 4, 4, 0, 4, 0, 4, 4, 4, 4, 4, 4, 0, 0, 0, 4, 0], [0, 0, 4, 4, 4, 4, 0, 4, 0, 4, 0, 4, 4, 4, 0, 4, 4, 0, 0, 0]]}, {"input": [[0, 6, 6, 0, 6, 6, 6, 0, 6, 6, 6, 6, 6, 6, 6, 0, 0, 6, 6, 0], [6, 0, 0, 6, 0, 6, 6, 6, 6, 0, 6, 0, 6, 6, 0, 6, 6, 6, 6, 6], [6, 6, 6, 6, 6, 0, 0, 6, 0, 0, 6, 6, 6, 6, 6, 6, 0, 6, 0, 0], [6, 6, 6, 6, 6, 0, 0, 0, 6, 6, 6, 6, 0, 0, 0, 6, 6, 0, 0, 0], [6, 6, 0, 0, 6, 6, 6, 6, 0, 0, 0, 6, 6, 6, 0, 0, 6, 6, 6, 0], [6, 6, 0, 6, 6, 0, 6, 0, 6, 6, 6, 0, 6, 6, 6, 6, 6, 0, 6, 6], [6, 0, 0, 6, 6, 6, 0, 6, 0, 6, 6, 6, 6, 6, 6, 0, 6, 6, 6, 0], [0, 6, 6, 0, 6, 6, 6, 6, 6, 6, 6, 6, 6, 6, 6, 6, 6, 6, 6, 6], [0, 6, 6, 6, 0, 0, 6, 0, 6, 6, 6, 6, 6, 0, 0, 6, 6, 6, 0, 6], [6, 6, 6, 6, 6, 6, 0, 0, 6, 6, 6, 6, 6, 0, 6, 6, 6, 6, 6, 6], [6, 6, 6, 6, 0, 6, 6, 0, 6, 6, 0, 0, 6, 6, 6, 6, 6, 0, 6, 6], [6, 0, 6, 0, 6, 0, 6, 6, 0, 6, 6, 6, 6, 6, 6, 0, 6, 0, 6, 0], [6, 6, 6, 0, 6, 6, 0, 0, 0, 0, 0, 0, 0, 0, 6, 0, 6, 0, 6, 6], [0, 6, 0, 0, 6, 6, 6, 6, 6, 0, 6, 0, 6, 6, 0, 0, 0, 6, 0, 6], [6, 6, 6, 6, 6, 6, 6, 6, 0, 6, 6, 6, 6, 6, 6, 0, 0, 6, 6, 0], [6, 6, 6, 6, 6, 6, 0, 0, 0, 6, 6, 6, 0, 6, 6, 6, 6, 6, 0, 6], [0, 6, 6, 0, 6, 6, 6, 6, 6, 6, 0, 0, 0, 0, 6, 6, 6, 6, 6, 6], [6, 0, 0, 0, 6, 0, 0, 6, 0, 6, 0, 0, 0, 6, 0, 0, 0, 0, 6, 6], [6, 6, 6, 0, 0, 6, 6, 6, 0, 6, 0, 0, 0, 0, 6, 0, 0, 0, 0, 0], [0, 0, 6, 0, 6, 6, 6, 6, 6, 6, 6, 0, 6, 6, 6, 0, 0, 0, 6, 6]], "output": [[0, 6, 6, 0, 6, 6, 6, 0, 6, 6, 6, 6, 6, 6, 6, 0, 0, 6, 6, 0], [6, 0, 0, 6, 0, 6, 6, 6, 6, 0, 6, 0, 6, 6, 0, 6, 6, 6, 6, 6], [6, 6, 6, 6, 6, 0, 0, 6, 0, 0, 6, 6, 6, 6, 6, 6, 0, 6, 0, 0], [6, 6, 6, 6, 6, 0, 0, 0, 6, 6, 6, 6, 0, 0, 0, 6, 6, 0, 0, 0], [6, 6, 0, 0, 6, 6, 6, 6, 0, 0, 0, 6, 6, 6, 0, 0, 6, 6, 6, 0], [6, 6, 0, 6, 6, 0, 6, 0, 6, 6, 6, 0, 6, 6, 6, 6, 6, 0, 6, 6], [6, 0, 0, 6, 6, 6, 0, 6, 0, 6, 6, 6, 6, 6, 6, 0, 6, 6, 6, 0], [0, 6, 6, 0, 6, 6, 6, 6, 6, 6, 6, 6, 6, 6, 6, 6, 6, 6, 6, 6], [0, 6, 6, 6, 0, 0, 6, 0, 6, 6, 6, 6, 6, 0, 0, 6, 6, 6, 0, 6], [6, 6, 6, 6, 6, 6, 0, 0, 6, 6, 6, 6, 6, 0, 6, 6, 6, 6, 6, 6], [6, 6, 6, 6, 0, 6, 6, 0, 6, 6, 0, 0, 6, 6, 6, 6, 6, 0, 6, 6], [6, 0, 6, 0, 6, 0, 6, 6, 0, 6, 6, 6, 6, 6, 6, 0, 6, 0, 6, 0], [6, 6, 6, 0, 6, 6, 0, 0, 0, 0, 0, 0, 0, 0, 6, 0, 6, 0, 6, 6], [0, 6, 0, 0, 6, 6, 6, 6, 6, 0, 6, 0, 6, 6, 0, 0, 0, 6, 0, 6], [6, 6, 6, 6, 6, 6, 6, 6, 0, 6, 6, 6, 6, 6, 6, 0, 0, 6, 6, 0], [6, 6, 6, 6, 6, 6, 0, 0, 0, 6, 6, 6, 0, 6, 6, 6, 6, 6, 0, 6], [0, 6, 6, 0, 6, 6, 6, 6, 6, 6, 1, 1, 1, 0, 6, 6, 6, 6, 6, 6], [6, 0, 0, 0, 6, 0, 0, 6, 0, 6, 1, 1, 1, 6, 0, 1, 1, 1, 6, 6], [6, 6, 6, 0, 0, 6, 6, 6, 0, 6, 1, 1, 1, 0, 6, 1, 1, 1, 0, 0], [0, 0, 6, 0, 6, 6, 6, 6, 6, 6, 6, 0, 6, 6, 6, 1, 1, 1, 6, 6]]}, {"input": [[5, 5, 0, 5, 0, 5, 0, 5, 0, 0, 5, 5, 0, 5, 5, 5, 5, 0, 5, 0], [5, 0, 5, 5, 0, 5, 0, 5, 5, 5, 5, 5, 5, 5, 0, 5, 5, 5, 0, 5], [0, 5, 5, 5, 5, 5, 0, 0, 5, 5, 0, 5, 5, 5, 5, 5, 5, 5, 5, 0], [5, 0, 5, 5, 0, 5, 5, 5, 5, 5, 5, 5, 5, 0, 0, 5, 5, 5, 5, 0], [5, 0, 5, 5, 5, 5, 0, 5, 5, 5, 5, 5, 5, 5, 0, 5, 5, 5, 5, 5], [5, 5, 5, 0, 5, 5, 5, 5, 5, 5, 0, 5, 5, 5, 5, 5, 5, 5, 0, 5], [5, 5, 5, 0, 5, 5, 5, 0, 0, 5, 0, 5, 5, 5, 0, 5, 5, 0, 5, 0], [5, 0, 5, 0, 0, 0, 0, 5, 0, 5, 5, 0, 5, 5, 5, 5, 5, 5, 5, 5], [5, 5, 0, 5, 5, 5, 0, 0, 5, 5, 5, 5, 5, 0, 0, 5, 5, 5, 5, 0], [5, 5, 5, 5, 0, 0, 5, 5, 5, 5, 5, 5, 5, 5, 0, 5, 0, 0, 5, 0], [0, 5, 0, 5, 0, 0, 5, 5, 0, 5, 5, 5, 5, 0, 5, 0, 0, 5, 0, 5], [5, 5, 5, 5, 5, 5, 5, 5, 0, 5, 0, 5, 0, 0, 5, 5, 5, 0, 5, 5], [0, 5, 0, 5, 5, 0, 0, 5, 0, 0, 5, 5, 5, 5, 5, 5, 5, 5, 0, 0], [5, 5, 5, 0, 5, 0, 5, 5, 5, 0, 0, 0, 5, 0, 5, 5, 0, 5, 5, 0], [5, 5, 0, 5, 5, 0, 5, 0, 5, 0, 0, 0, 0, 0, 5, 0, 0, 5, 5, 5], [5, 0, 5, 5, 0, 5, 5, 5, 5, 0, 0, 0, 5, 0, 5, 0, 0, 5, 5, 5], [5, 0, 0, 0, 5, 5, 5, 5, 5, 0, 5, 5, 5, 5, 0, 0, 0, 5, 5, 5], [5, 0, 5, 5, 5, 5, 0, 5, 5, 5, 5, 0, 5, 5, 5, 5, 5, 5, 5, 5], [0, 0, 5, 5, 5, 0, 5, 0, 5, 5, 0, 0, 5, 5, 5, 5, 0, 0, 5, 5], [5, 5, 0, 5, 5, 0, 5, 0, 5, 5, 5, 0, 5, 5, 0, 5, 0, 0, 5, 0]], "output": [[5, 5, 0, 5, 0, 5, 0, 5, 0, 0, 5, 5, 0, 5, 5, 5, 5, 0, 5, 0], [5, 0, 5, 5, 0, 5, 0, 5, 5, 5, 5, 5, 5, 5, 0, 5, 5, 5, 0, 5], [0, 5, 5, 5, 5, 5, 0, 0, 5, 5, 0, 5, 5, 5, 5, 5, 5, 5, 5, 0], [5, 0, 5, 5, 0, 5, 5, 5, 5, 5, 5, 5, 5, 0, 0, 5, 5, 5, 5, 0], [5, 0, 5, 5, 5, 5, 0, 5, 5, 5, 5, 5, 5, 5, 0, 5, 5, 5, 5, 5], [5, 5, 5, 0, 5, 5, 5, 5, 5, 5, 0, 5, 5, 5, 5, 5, 5, 5, 0, 5], [5, 5, 5, 0, 5, 5, 5, 0, 0, 5, 0, 5, 5, 5, 0, 5, 5, 0, 5, 0], [5, 0, 5, 0, 0, 0, 0, 5, 0, 5, 5, 0, 5, 5, 5, 5, 5, 5, 5, 5], [5, 5, 0, 5, 5, 5, 0, 0, 5, 5, 5, 5, 5, 0, 0, 5, 5, 5, 5, 0], [5, 5, 5, 5, 0, 0, 5, 5, 5, 5, 5, 5, 5, 5, 0, 5, 0, 0, 5, 0], [0, 5, 0, 5, 0, 0, 5, 5, 0, 5, 5, 5, 5, 0, 5, 0, 0, 5, 0, 5], [5, 5, 5, 5, 5, 5, 5, 5, 0, 5, 0, 5, 0, 0, 5, 5, 5, 0, 5, 5], [0, 5, 0, 5, 5, 0, 0, 5, 0, 0, 5, 5, 5, 5, 5, 5, 5, 5, 0, 0], [5, 5, 5, 0, 5, 0, 5, 5, 5, 1, 1, 1, 5, 0, 5, 5, 0, 5, 5, 0], [5, 5, 0, 5, 5, 0, 5, 0, 5, 1, 1, 1, 0, 0, 5, 0, 0, 5, 5, 5], [5, 0, 5, 5, 0, 5, 5, 5, 5, 1, 1, 1, 5, 0, 5, 0, 0, 5, 5, 5], [5, 0, 0, 0, 5, 5, 5, 5, 5, 0, 5, 5, 5, 5, 0, 0, 0, 5, 5, 5], [5, 0, 5, 5, 5, 5, 0, 5, 5, 5, 5, 0, 5, 5, 5, 5, 5, 5, 5, 5], [0, 0, 5, 5, 5, 0, 5, 0, 5, 5, 0, 0, 5, 5, 5, 5, 0, 0, 5, 5], [5, 5, 0, 5, 5, 0, 5, 0, 5, 5, 5, 0, 5, 5, 0, 5, 0, 0, 5, 0]]}, {"input": [[9, 9, 0, 0, 9, 0, 0, 0, 9, 9, 9, 9, 9, 0, 0, 9, 9, 9, 0, 0], [0, 0, 0, 9, 0, 9, 9, 0, 9, 9, 9, 0, 0, 9, 9, 0, 0, 9, 0, 9], [9, 9, 0, 9, 9, 9, 9, 0, 9, 0, 9, 9, 9, 9, 0, 9, 0, 0, 0, 9], [0, 9, 0, 0, 0, 9, 9, 9, 9, 0, 0, 9, 9, 9, 9, 9, 0, 0, 0, 9], [0, 9, 9, 9, 0, 9, 9, 9, 0, 9, 9, 9, 9, 9, 0, 9, 0, 0, 0, 9], [0, 9, 9, 0, 9, 9, 9, 9, 9, 9, 0, 9, 9, 9, 0, 0, 9, 9, 0, 9], [9, 9, 9, 9, 9, 9, 0, 9, 9, 9, 0, 9, 9, 9, 9, 9, 9, 0, 9, 9], [9, 9, 0, 9, 9, 9, 0, 9, 0, 9, 9, 9, 0, 9, 9, 9, 9, 9, 9, 0], [0, 9, 0, 9, 9, 9, 0, 9, 9, 9, 9, 0, 0, 9, 9, 0, 0, 0, 9, 9], [0, 0, 0, 0, 0, 0, 9, 9, 0, 9, 9, 0, 0, 0, 0, 0, 0, 9, 9, 9], [9, 0, 9, 9, 9, 9, 9, 9, 0, 9, 9, 9, 9, 9, 0, 0, 0, 0, 0, 9], [9, 9, 9, 9, 9, 9, 9, 9, 9, 9, 9, 9, 0, 9, 0, 0, 0, 9, 0, 9], [9, 0, 0, 0, 9, 9, 9, 9, 0, 9, 9, 9, 0, 9, 0, 0, 0, 0, 0, 0], [0, 9, 9, 9, 9, 9, 0, 9, 9, 9, 0, 0, 0, 9, 0, 9, 9, 9, 9, 9], [9, 0, 9, 9, 9, 9, 9, 9, 9, 9, 9, 9, 9, 9, 0, 0, 9, 0, 9, 0], [9, 9, 9, 9, 9, 9, 9, 9, 0, 9, 9, 9, 9, 9, 0, 0, 9, 9, 9, 9], [0, 9, 9, 9, 9, 0, 9, 9, 9, 9, 9, 9, 9, 9, 9, 0, 9, 0, 0, 9], [0, 0, 9, 0, 0, 9, 9, 0, 9, 9, 9, 0, 9, 9, 9, 9, 9, 9, 0, 0], [9, 9, 9, 9, 9, 9, 9, 9, 9, 9, 9, 9, 9, 0, 0, 9, 9, 0, 9, 0], [9, 0, 9, 9, 0, 9, 0, 0, 0, 9, 9, 0, 9, 9, 9, 9, 9, 9, 9, 0]], "output": [[9, 9, 0, 0, 9, 0, 0, 0, 9, 9, 9, 9, 9, 0, 0, 9, 9, 9, 0, 0], [0, 0, 0, 9, 0, 9, 9, 0, 9, 9, 9, 0, 0, 9, 9, 0, 0, 9, 0, 9], [9, 9, 0, 9, 9, 9, 9, 0, 9, 0, 9, 9, 9, 9, 0, 9, 1, 1, 1, 9], [0, 9, 0, 0, 0, 9, 9, 9, 9, 0, 0, 9, 9, 9, 9, 9, 1, 1, 1, 9], [0, 9, 9, 9, 0, 9, 9, 9, 0, 9, 9, 9, 9, 9, 0, 9, 1, 1, 1, 9], [0, 9, 9, 0, 9, 9, 9, 9, 9, 9, 0, 9, 9, 9, 0, 0, 9, 9, 0, 9], [9, 9, 9, 9, 9, 9, 0, 9, 9, 9, 0, 9, 9, 9, 9, 9, 9, 0, 9, 9], [9, 9, 0, 9, 9, 9, 0, 9, 0, 9, 9, 9, 0, 9, 9, 9, 9, 9, 9, 0], [0, 9, 0, 9, 9, 9, 0, 9, 9, 9, 9, 0, 0, 9, 9, 0, 0, 0, 9, 9], [0, 0, 0, 0, 0, 0, 9, 9, 0, 9, 9, 0, 0, 0, 1, 1, 1, 9, 9, 9], [9, 0, 9, 9, 9, 9, 9, 9, 0, 9, 9, 9, 9, 9, 1, 1, 1, 0, 0, 9], [9, 9, 9, 9, 9, 9, 9, 9, 9, 9, 9, 9, 0, 9, 1, 1, 1, 9, 0, 9], [9, 0, 0, 0, 9, 9, 9, 9, 0, 9, 9, 9, 0, 9, 0, 0, 0, 0, 0, 0], [0, 9, 9, 9, 9, 9, 0, 9, 9, 9, 0, 0, 0, 9, 0, 9, 9, 9, 9, 9], [9, 0, 9, 9, 9, 9, 9, 9, 9, 9, 9, 9, 9, 9, 0, 0, 9, 0, 9, 0], [9, 9, 9, 9, 9, 9, 9, 9, 0, 9, 9, 9, 9, 9, 0, 0, 9, 9, 9, 9], [0, 9, 9, 9, 9, 0, 9, 9, 9, 9, 9, 9, 9, 9, 9, 0, 9, 0, 0, 9], [0, 0, 9, 0, 0, 9, 9, 0, 9, 9, 9, 0, 9, 9, 9, 9, 9, 9, 0, 0], [9, 9, 9, 9, 9, 9, 9, 9, 9, 9, 9, 9, 9, 0, 0, 9, 9, 0, 9, 0], [9, 0, 9, 9, 0, 9, 0, 0, 0, 9, 9, 0, 9, 9, 9, 9, 9, 9, 9, 0]]}, {"input": [[0, 3, 3, 3, 3, 3, 3, 0, 3, 3, 3, 3, 3, 3, 3, 3, 0, 3, 0, 0], [0, 3, 3, 3, 0, 3, 3, 0, 3, 0, 3, 3, 3, 0, 3, 0, 3, 0, 3, 0], [3, 3, 3, 3, 0, 0, 0, 0, 0, 3, 3, 3, 0, 3, 3, 0, 3, 0, 0, 3], [3, 3, 3, 3, 3, 0, 0, 0, 3, 0, 0, 3, 3, 0, 0, 3, 3, 3, 3, 3], [0, 3, 0, 0, 3, 0, 0, 0, 0, 3, 3, 3, 3, 3, 3, 3, 3, 0, 3, 3], [0, 3, 3, 3, 3, 0, 3, 3, 3, 3, 3, 3, 3, 3, 3, 3, 3, 0, 3, 3], [0, 3, 0, 0, 3, 3, 0, 3, 3, 0, 0, 0, 0, 3, 3, 3, 3, 3, 3, 3], [3, 0, 3, 3, 3, 3, 3, 3, 3, 3, 3, 3, 3, 0, 0, 3, 0, 3, 0, 3], [3, 3, 0, 0, 3, 0, 3, 0, 0, 0, 3, 0, 3, 0, 3, 3, 0, 3, 0, 3], [3, 3, 3, 3, 3, 3, 0, 3, 3, 3, 0, 3, 3, 0, 3, 0, 3, 3, 3, 0], [0, 3, 3, 0, 3, 0, 0, 0, 0, 3, 0, 0, 3, 3, 3, 3, 0, 3, 3, 0], [0, 3, 3, 3, 0, 3, 3, 0, 3, 3, 0, 3, 0, 3, 3, 3, 3, 3, 0, 3], [3, 3, 3, 3, 3, 0, 3, 3, 3, 0, 3, 3, 3, 3, 3, 0, 3, 3, 3, 3], [3, 0, 3, 0, 3, 3, 3, 0, 3, 3, 3, 0, 3, 0, 0, 3, 3, 3, 3, 0], [0, 3, 3, 3, 3, 3, 0, 3, 0, 3, 3, 3, 3, 0, 3, 0, 0, 3, 3, 3], [3, 0, 3, 3, 0, 3, 3, 0, 3, 3, 3, 3, 3, 3, 3, 0, 0, 3, 0, 3], [3, 0, 3, 3, 3, 3, 3, 3, 3, 3, 3, 0, 3, 0, 3, 3, 0, 3, 3, 0], [0, 3, 3, 3, 0, 3, 0, 3, 0, 3, 3, 0, 3, 3, 3, 3, 0, 3, 3, 3], [3, 3, 3, 3, 3, 0, 0, 3, 3, 3, 0, 3, 3, 0, 3, 0, 3, 3, 3, 3], [3, 3, 3, 3, 3, 3, 0, 0, 3, 3, 0, 3, 0, 3, 3, 0, 0, 0, 3, 3]], "output": [[0, 3, 3, 3, 3, 3, 3, 0, 3, 3, 3, 3, 3, 3, 3, 3, 0, 3, 0, 0], [0, 3, 3, 3, 0, 3, 3, 0, 3, 0, 3, 3, 3, 0, 3, 0, 3, 0, 3, 0], [3, 3, 3, 3, 0, 1, 1, 1, 0, 3, 3, 3, 0, 3, 3, 0, 3, 0, 0, 3], [3, 3, 3, 3, 3, 1, 1, 1, 3, 0, 0, 3, 3, 0, 0, 3, 3, 3, 3, 3], [0, 3, 0, 0, 3, 1, 1, 1, 0, 3, 3, 3, 3, 3, 3, 3, 3, 0, 3, 3], [0, 3, 3, 3, 3, 0, 3, 3, 3, 3, 3, 3, 3, 3, 3, 3, 3, 0, 3, 3], [0, 3, 0, 0, 3, 3, 0, 3, 3, 0, 0, 0, 0, 3, 3, 3, 3, 3, 3, 3], [3, 0, 3, 3, 3, 3, 3, 3, 3, 3, 3, 3, 3, 0, 0, 3, 0, 3, 0, 3], [3, 3, 0, 0, 3, 0, 3, 0, 0, 0, 3, 0, 3, 0, 3, 3, 0, 3, 0, 3], [3, 3, 3, 3, 3, 3, 0, 3, 3, 3, 0, 3, 3, 0, 3, 0, 3, 3, 3, 0], [0, 3, 3, 0, 3, 0, 0, 0, 0, 3, 0, 0, 3, 3, 3, 3, 0, 3, 3, 0], [0, 3, 3, 3, 0, 3, 3, 0, 3, 3, 0, 3, 0, 3, 3, 3, 3, 3, 0, 3], [3, 3, 3, 3, 3, 0, 3, 3, 3, 0, 3, 3, 3, 3, 3, 0, 3, 3, 3, 3], [3, 0, 3, 0, 3, 3, 3, 0, 3, 3, 3, 0, 3, 0, 0, 3, 3, 3, 3, 0], [0, 3, 3, 3, 3, 3, 0, 3, 0, 3, 3, 3, 3, 0, 3, 0, 0, 3, 3, 3], [3, 0, 3, 3, 0, 3, 3, 0, 3, 3, 3, 3, 3, 3, 3, 0, 0, 3, 0, 3], [3, 0, 3, 3, 3, 3, 3, 3, 3, 3, 3, 0, 3, 0, 3, 3, 0, 3, 3, 0], [0, 3, 3, 3, 0, 3, 0, 3, 0, 3, 3, 0, 3, 3, 3, 3, 0, 3, 3, 3], [3, 3, 3, 3, 3, 0, 0, 3, 3, 3, 0, 3, 3, 0, 3, 0, 3, 3, 3, 3], [3, 3, 3, 3, 3, 3, 0, 0, 3, 3, 0, 3, 0, 3, 3, 0, 0, 0, 3, 3]]}, {"input": [[0, 2, 2, 2, 2, 2, 0, 2, 0, 2, 0, 2, 2, 2, 2, 2, 0, 0, 2, 0], [2, 0, 0, 0, 2, 2, 0, 2, 2, 2, 2, 0, 2, 2, 2, 2, 0, 2, 0, 0], [2, 2, 2, 2, 0, 2, 0, 2, 2, 0, 0, 2, 2, 0, 2, 2, 0, 0, 0, 0], [0, 0, 2, 0, 2, 0, 2, 0, 0, 2, 0, 0, 2, 0, 2, 2, 2, 2, 2, 0], [2, 2, 2, 0, 2, 2, 2, 0, 2, 2, 0, 0, 2, 2, 2, 2, 0, 2, 2, 2], [0, 2, 2, 2, 2, 2, 2, 2, 2, 2, 2, 2, 0, 0, 2, 2, 2, 2, 0, 2], [2, 0, 0, 2, 2, 2, 2, 2, 0, 0, 2, 2, 0, 2, 0, 2, 0, 2, 2, 2], [2, 2, 2, 0, 2, 2, 2, 2, 2, 0, 0, 2, 2, 2, 2, 0, 2, 2, 2, 2], [2, 2, 0, 0, 0, 2, 0, 2, 2, 2, 0, 2, 2, 0, 2, 2, 0, 2, 0, 0], [2, 2, 2, 2, 2, 0, 0, 2, 2, 2, 2, 0, 2, 0, 2, 2, 2, 0, 2, 2], [2, 2, 2, 2, 2, 0, 2, 0, 2, 2, 0, 0, 2, 2, 2, 2, 2, 2, 2, 0], [2, 0, 2, 0, 2, 0, 2, 2, 2, 0, 2, 2, 2, 2, 0, 2, 2, 0, 2, 2], [0, 2, 2, 0, 2, 2, 0, 2, 2, 2, 0, 0, 2, 2, 2, 2, 2, 0, 2, 2], [0, 2, 2, 2, 2, 0, 2, 0, 2, 0, 2, 2, 0, 2, 0, 2, 2, 2, 0, 2], [2, 2, 2, 2, 2, 0, 2, 0, 2, 0, 2, 2, 2, 0, 0, 2, 2, 0, 2, 0], [2, 0, 0, 0, 2, 0, 2, 2, 2, 2, 2, 0, 2, 0, 2, 2, 0, 0, 2, 2], [2, 2, 2, 2, 2, 0, 2, 2, 2, 0, 2, 2, 2, 2, 2, 2, 0, 0, 0, 2], [2, 0, 0, 0, 0, 0, 2, 2, 0, 0, 0, 0, 2, 0, 2, 2, 0, 0, 0, 2], [0, 0, 0, 0, 2, 0, 0, 0, 2, 0, 0, 0, 2, 2, 2, 2, 0, 0, 0, 2], [2, 0, 0, 0, 2, 2, 2, 2, 2, 0, 0, 0, 0, 2, 0, 2, 2, 2, 2, 0]], "output": [[0, 2, 2, 2, 2, 2, 0, 2, 0, 2, 0, 2, 2, 2, 2, 2, 0, 0, 2, 0], [2, 0, 0, 0, 2, 2, 0, 2, 2, 2, 2, 0, 2, 2, 2, 2, 0, 2, 0, 0], [2, 2, 2, 2, 0, 2, 0, 2, 2, 0, 0, 2, 2, 0, 2, 2, 0, 0, 0, 0], [0, 0, 2, 0, 2, 0, 2, 0, 0, 2, 0, 0, 2, 0, 2, 2, 2, 2, 2, 0], [2, 2, 2, 0, 2, 2, 2, 0, 2, 2, 0, 0, 2, 2, 2, 2, 0, 2, 2, 2], [0, 2, 2, 2, 2, 2, 2, 2, 2, 2, 2, 2, 0, 0, 2, 2, 2, 2, 0, 2], [2, 0, 0, 2, 2, 2, 2, 2, 0, 0, 2, 2, 0, 2, 0, 2, 0, 2, 2, 2], [2, 2, 2, 0, 2, 2, 2, 2, 2, 0, 0, 2, 2, 2, 2, 0, 2, 2, 2, 2], [2, 2, 0, 0, 0, 2, 0, 2, 2, 2, 0, 2, 2, 0, 2, 2, 0, 2, 0, 0], [2, 2, 2, 2, 2, 0, 0, 2, 2, 2, 2, 0, 2, 0, 2, 2, 2, 0, 2, 2], [2, 2, 2, 2, 2, 0, 2, 0, 2, 2, 0, 0, 2, 2, 2, 2, 2, 2, 2, 0], [2, 0, 2, 0, 2, 0, 2, 2, 2, 0, 2, 2, 2, 2, 0, 2, 2, 0, 2, 2], [0, 2, 2, 0, 2, 2, 0, 2, 2, 2, 0, 0, 2, 2, 2, 2, 2, 0, 2, 2], [0, 2, 2, 2, 2, 0, 2, 0, 2, 0, 2, 2, 0, 2, 0, 2, 2, 2, 0, 2], [2, 2, 2, 2, 2, 0, 2, 0, 2, 0, 2, 2, 2, 0, 0, 2, 2, 0, 2, 0], [2, 0, 0, 0, 2, 0, 2, 2, 2, 2, 2, 0, 2, 0, 2, 2, 0, 0, 2, 2], [2, 2, 2, 2, 2, 0, 2, 2, 2, 0, 2, 2, 2, 2, 2, 2, 1, 1, 1, 2], [2, 1, 1, 1, 0, 0, 2, 2, 0, 1, 1, 1, 2, 0, 2, 2, 1, 1, 1, 2], [0, 1, 1, 1, 2, 0, 0, 0, 2, 1, 1, 1, 2, 2, 2, 2, 1, 1, 1, 2], [2, 1, 1, 1, 2, 2, 2, 2, 2, 1, 1, 1, 0, 2, 0, 2, 2, 2, 2, 0]]}, {"input": [[7, 7, 7, 7, 7, 7, 0, 0, 7, 0, 7, 7, 0, 7, 7, 0, 7, 7, 0, 7], [7, 7, 7, 7, 7, 7, 0, 0, 7, 7, 0, 7, 7, 7, 0, 0, 7, 7, 7, 0], [7, 7, 7, 7, 0, 7, 0, 7, 7, 7, 0, 0, 7, 7, 0, 7, 0, 7, 7, 0], [7, 7, 7, 7, 7, 0, 7, 7, 0, 7, 7, 7, 0, 7, 7, 7, 7, 7, 0, 7], [7, 7, 0, 0, 7, 7, 0, 0, 0, 7, 0, 7, 7, 7, 0, 0, 0, 7, 7, 7], [0, 7, 0, 7, 7, 7, 7, 7, 0, 0, 0, 7, 0, 7, 0, 0, 0, 7, 7, 7], [7, 7, 7, 0, 7, 7, 7, 0, 7, 7, 7, 7, 7, 7, 7, 7, 7, 7, 7, 7], [7, 7, 7, 7, 7, 0, 7, 7, 0, 0, 7, 7, 0, 0, 0, 0, 7, 0, 0, 7], [0, 0, 0, 7, 0, 7, 0, 7, 7, 0, 7, 0, 0, 0, 0, 7, 7, 7, 0, 0], [7, 0, 7, 0, 7, 7, 0, 0, 7, 7, 7, 7, 0, 0, 0, 7, 7, 7, 7, 0], [7, 7, 7, 0, 7, 7, 7, 7, 7, 7, 0, 7, 7, 0, 0, 7, 7, 7, 7, 0], [7, 7, 7, 7, 7, 7, 7, 7, 7, 7, 7, 7, 7, 0, 7, 7, 7, 7, 7, 7], [7, 7, 7, 7, 7, 7, 7, 0, 7, 0, 7, 7, 0, 0, 7, 7, 7, 0, 7, 7], [7, 0, 7, 7, 7, 7, 7, 7, 0, 7, 0, 7, 7, 0, 7, 7, 0, 7, 7, 7], [7, 0, 0, 7, 7, 7, 0, 7, 0, 7, 0, 7, 0, 0, 7, 7, 0, 7, 7, 7], [0, 7, 0, 7, 7, 7, 7, 7, 0, 0, 0, 0, 7, 7, 7, 0, 7, 7, 0, 7], [7, 0, 7, 7, 0, 0, 7, 7, 7, 7, 7, 0, 0, 7, 0, 0, 7, 7, 0, 0], [7, 0, 0, 7, 7, 7, 7, 7, 7, 7, 7, 7, 0, 7, 7, 0, 0, 7, 7, 7], [0, 0, 7, 0, 7, 7, 7, 7, 0, 7, 7, 7, 7, 7, 7, 0, 7, 7, 0, 0], [7, 7, 0, 0, 0, 7, 7, 7, 7, 7, 7, 7, 7, 7, 7, 7, 7, 7, 7, 0]], "output": [[7, 7, 7, 7, 7, 7, 0, 0, 7, 0, 7, 7, 0, 7, 7, 0, 7, 7, 0, 7], [7, 7, 7, 7, 7, 7, 0, 0, 7, 7, 0, 7, 7, 7, 0, 0, 7, 7, 7, 0], [7, 7, 7, 7, 0, 7, 0, 7, 7, 7, 0, 0, 7, 7, 0, 7, 0, 7, 7, 0], [7, 7, 7, 7, 7, 0, 7, 7, 0, 7, 7, 7, 0, 7, 7, 7, 7, 7, 0, 7], [7, 7, 0, 0, 7, 7, 0, 0, 0, 7, 0, 7, 7, 7, 0, 0, 0, 7, 7, 7], [0, 7, 0, 7, 7, 7, 7, 7, 0, 0, 0, 7, 0, 7, 0, 0, 0, 7, 7, 7], [7, 7, 7, 0, 7, 7, 7, 0, 7, 7, 7, 7, 7, 7, 7, 7, 7, 7, 7, 7], [7, 7, 7, 7, 7, 0, 7, 7, 0, 0, 7, 7, 1, 1, 1, 0, 7, 0, 0, 7], [0, 0, 0, 7, 0, 7, 0, 7, 7, 0, 7, 0, 1, 1, 1, 7, 7, 7, 0, 0], [7, 0, 7, 0, 7, 7, 0, 0, 7, 7, 7, 7, 1, 1, 1, 7, 7, 7, 7, 0], [7, 7, 7, 0, 7, 7, 7, 7, 7, 7, 0, 7, 7, 0, 0, 7, 7, 7, 7, 0], [7, 7, 7, 7, 7, 7, 7, 7, 7, 7, 7, 7, 7, 0, 7, 7, 7, 7, 7, 7], [7, 7, 7, 7, 7, 7, 7, 0, 7, 0, 7, 7, 0, 0, 7, 7, 7, 0, 7, 7], [7, 0, 7, 7, 7, 7, 7, 7, 0, 7, 0, 7, 7, 0, 7, 7, 0, 7, 7, 7], [7, 0, 0, 7, 7, 7, 0, 7, 0, 7, 0, 7, 0, 0, 7, 7, 0, 7, 7, 7], [0, 7, 0, 7, 7, 7, 7, 7, 0, 0, 0, 0, 7, 7, 7, 0, 7, 7, 0, 7], [7, 0, 7, 7, 0, 0, 7, 7, 7, 7, 7, 0, 0, 7, 0, 0, 7, 7, 0, 0], [7, 0, 0, 7, 7, 7, 7, 7, 7, 7, 7, 7, 0, 7, 7, 0, 0, 7, 7, 7], [0, 0, 7, 0, 7, 7, 7, 7, 0, 7, 7, 7, 7, 7, 7, 0, 7, 7, 0, 0], [7, 7, 0, 0, 0, 7, 7, 7, 7, 7, 7, 7, 7, 7, 7, 7, 7, 7, 7, 0]]}, {"input": [[0, 6, 6, 6, 6, 0, 6, 6, 6, 6, 0, 0, 6, 0, 6, 6, 6, 0, 6, 0], [6, 0, 0, 6, 6, 0, 6, 6, 6, 6, 6, 6, 0, 6, 6, 6, 6, 6, 6, 6], [6, 6, 6, 6, 0, 0, 0, 6, 6, 6, 6, 6, 6, 6, 6, 6, 0, 6, 6, 0], [6, 6, 0, 6, 6, 0, 0, 6, 0, 6, 6, 6, 0, 6, 6, 0, 6, 6, 0, 6], [6, 6, 6, 6, 6, 6, 0, 6, 0, 0, 0, 6, 6, 6, 0, 0, 6, 0, 6, 6], [6, 0, 6, 6, 6, 6, 6, 6, 0, 6, 6, 6, 6, 6, 6, 0, 0, 6, 6, 0], [6, 6, 6, 0, 6, 0, 0, 0, 6, 6, 6, 6, 6, 6, 0, 0, 0, 0, 6, 6], [0, 6, 6, 0, 0, 6, 6, 6, 6, 0, 6, 6, 0, 0, 0, 6, 6, 6, 6, 6], [6, 6, 6, 0, 6, 0, 6, 6, 6, 6, 6, 6, 0, 6, 6, 6, 6, 6, 6, 6], [6, 0, 6, 6, 6, 6, 6, 0, 6, 6, 6, 0, 6, 6, 0, 6, 6, 0, 0, 0], [6, 0, 0, 0, 6, 0, 0, 0, 6, 6, 0, 6, 0, 0, 6, 6, 6, 6, 6, 6], [0, 0, 0, 0, 6, 0, 6, 6, 6, 0, 6, 6, 6, 6, 0, 6, 6, 6, 0, 6], [6, 0, 0, 0, 0, 6, 0, 6, 6, 6, 6, 6, 6, 6, 6, 0, 6, 6, 0, 6], [6, 6, 6, 0, 6, 6, 6, 0, 6, 0, 6, 6, 6, 6, 6, 6, 0, 0, 6, 6], [6, 6, 0, 0, 6, 6, 0, 6, 6, 6, 0, 0, 0, 6, 0, 6, 6, 0, 0, 6], [0, 6, 6, 0, 6, 6, 0, 0, 6, 6, 6, 6, 6, 6, 6, 6, 6, 6, 6, 6], [0, 0, 6, 6, 6, 0, 6, 6, 6, 6, 0, 0, 6, 6, 6, 0, 0, 6, 6, 6], [6, 6, 6, 0, 0, 6, 6, 0, 6, 6, 6, 6, 6, 6, 0, 6, 0, 6, 6, 6], [6, 6, 0, 6, 6, 0, 0, 0, 6, 6, 6, 6, 0, 0, 6, 6, 6, 0, 6, 6], [6, 6, 6, 0, 0, 0, 6, 6, 0, 0, 0, 0, 6, 0, 6, 6, 6, 6, 6, 6]], "output": [[0, 6, 6, 6, 6, 0, 6, 6, 6, 6, 0, 0, 6, 0, 6, 6, 6, 0, 6, 0], [6, 0, 0, 6, 6, 0, 6, 6, 6, 6, 6, 6, 0, 6, 6, 6, 6, 6, 6, 6], [6, 6, 6, 6, 0, 0, 0, 6, 6, 6, 6, 6, 6, 6, 6, 6, 0, 6, 6, 0], [6, 6, 0, 6, 6, 0, 0, 6, 0, 6, 6, 6, 0, 6, 6, 0, 6, 6, 0, 6], [6, 6, 6, 6, 6, 6, 0, 6, 0, 0, 0, 6, 6, 6, 0, 0, 6, 0, 6, 6], [6, 0, 6, 6, 6, 6, 6, 6, 0, 6, 6, 6, 6, 6, 6, 0, 0, 6, 6, 0], [6, 6, 6, 0, 6, 0, 0, 0, 6, 6, 6, 6, 6, 6, 0, 0, 0, 0, 6, 6], [0, 6, 6, 0, 0, 6, 6, 6, 6, 0, 6, 6, 0, 0, 0, 6, 6, 6, 6, 6], [6, 6, 6, 0, 6, 0, 6, 6, 6, 6, 6, 6, 0, 6, 6, 6, 6, 6, 6, 6], [6, 0, 6, 6, 6, 6, 6, 0, 6, 6, 6, 0, 6, 6, 0, 6, 6, 0, 0, 0], [6, 1, 1, 1, 6, 0, 0, 0, 6, 6, 0, 6, 0, 0, 6, 6, 6, 6, 6, 6], [0, 1, 1, 1, 6, 0, 6, 6, 6, 0, 6, 6, 6, 6, 0, 6, 6, 6, 0, 6], [6, 1, 1, 1, 0, 6, 0, 6, 6, 6, 6, 6, 6, 6, 6, 0, 6, 6, 0, 6], [6, 6, 6, 0, 6, 6, 6, 0, 6, 0, 6, 6, 6, 6, 6, 6, 0, 0, 6, 6], [6, 6, 0, 0, 6, 6, 0, 6, 6, 6, 0, 0, 0, 6, 0, 6, 6, 0, 0, 6], [0, 6, 6, 0, 6, 6, 0, 0, 6, 6, 6, 6, 6, 6, 6, 6, 6, 6, 6, 6], [0, 0, 6, 6, 6, 0, 6, 6, 6, 6, 0, 0, 6, 6, 6, 0, 0, 6, 6, 6], [6, 6, 6, 0, 0, 6, 6, 0, 6, 6, 6, 6, 6, 6, 0, 6, 0, 6, 6, 6], [6, 6, 0, 6, 6, 0, 0, 0, 6, 6, 6, 6, 0, 0, 6, 6, 6, 0, 6, 6], [6, 6, 6, 0, 0, 0, 6, 6, 0, 0, 0, 0, 6, 0, 6, 6, 6, 6, 6, 6]]}, {"input": [[9, 0, 9, 0, 9, 9, 0, 0, 9, 0, 9, 9, 9, 9, 9, 0, 9, 9, 9, 0], [9, 0, 0, 9, 9, 9, 0, 9, 0, 0, 9, 9, 9, 9, 0, 9, 0, 0, 9, 9], [0, 9, 9, 9, 9, 9, 0, 9, 0, 9, 9, 0, 9, 0, 9, 9, 0, 0, 9, 9], [0, 9, 9, 0, 9, 9, 9, 0, 9, 9, 9, 0, 9, 9, 9, 9, 9, 9, 9, 0], [9, 0, 9, 9, 9, 9, 0, 9, 0, 9, 0, 9, 9, 9, 9, 9, 9, 9, 9, 9], [9, 9, 9, 9, 0, 9, 9, 9, 9, 0, 9, 9, 9, 0, 9, 0, 0, 9, 0, 9], [9, 9, 9, 9, 0, 0, 9, 0, 9, 9, 0, 9, 9, 9, 9, 9, 0, 9, 9, 9], [9, 9, 9, 9, 9, 0, 0, 9, 9, 9, 9, 0, 9, 9, 9, 9, 9, 0, 9, 0], [9, 9, 9, 9, 9, 9, 0, 9, 0, 9, 0, 9, 9, 9, 9, 0, 0, 0, 9, 0], [0, 9, 9, 9, 9, 9, 9, 9, 9, 9, 9, 0, 0, 0, 9, 9, 9, 0, 0, 0], [9, 0, 9, 9, 9, 9, 0, 9, 0, 9, 9, 0, 0, 0, 9, 0, 0, 9, 9, 9], [0, 9, 0, 9, 0, 0, 9, 0, 9, 0, 9, 0, 0, 0, 9, 9, 9, 9, 0, 0], [9, 9, 9, 9, 0, 0, 9, 0, 0, 0, 0, 0, 9, 0, 0, 9, 9, 9, 9, 9], [0, 0, 9, 9, 9, 0, 9, 0, 0, 0, 0, 0, 9, 0, 9, 9, 9, 9, 0, 9], [9, 0, 0, 0, 9, 9, 0, 9, 9, 0, 0, 0, 9, 0, 0, 0, 0, 9, 9, 0], [9, 9, 9, 0, 9, 9, 9, 9, 9, 0, 9, 9, 9, 9, 0, 0, 0, 9, 0, 9], [9, 0, 9, 9, 0, 9, 9, 9, 9, 0, 9, 0, 9, 0, 0, 0, 0, 0, 9, 0], [9, 9, 9, 9, 9, 9, 9, 9, 0, 0, 0, 9, 9, 0, 0, 0, 0, 0, 9, 9], [9, 9, 9, 9, 9, 0, 9, 0, 9, 9, 9, 9, 9, 9, 9, 9, 0, 0, 9, 0], [0, 0, 9, 9, 9, 9, 9, 9, 0, 9, 9, 9, 0, 0, 0, 9, 9, 0, 9, 9]], "output": [[9, 0, 9, 0, 9, 9, 0, 0, 9, 0, 9, 9, 9, 9, 9, 0, 9, 9, 9, 0], [9, 0, 0, 9, 9, 9, 0, 9, 0, 0, 9, 9, 9, 9, 0, 9, 0, 0, 9, 9], [0, 9, 9, 9, 9, 9, 0, 9, 0, 9, 9, 0, 9, 0, 9, 9, 0, 0, 9, 9], [0, 9, 9, 0, 9, 9, 9, 0, 9, 9, 9, 0, 9, 9, 9, 9, 9, 9, 9, 0], [9, 0, 9, 9, 9, 9, 0, 9, 0, 9, 0, 9, 9, 9, 9, 9, 9, 9, 9, 9], [9, 9, 9, 9, 0, 9, 9, 9, 9, 0, 9, 9, 9, 0, 9, 0, 0, 9, 0, 9], [9, 9, 9, 9, 0, 0, 9, 0, 9, 9, 0, 9, 9, 9, 9, 9, 0, 9, 9, 9], [9, 9, 9, 9, 9, 0, 0, 9, 9, 9, 9, 0, 9, 9, 9, 9, 9, 0, 9, 0], [9, 9, 9, 9, 9, 9, 0, 9, 0, 9, 0, 9, 9, 9, 9, 0, 0, 0, 9, 0], [0, 9, 9, 9, 9, 9, 9, 9, 9, 9, 9, 1, 1, 1, 9, 9, 9, 0, 0, 0], [9, 0, 9, 9, 9, 9, 0, 9, 0, 9, 9, 1, 1, 1, 9, 0, 0, 9, 9, 9], [0, 9, 0, 9, 0, 0, 9, 0, 9, 0, 9, 1, 1, 1, 9, 9, 9, 9, 0, 0], [9, 9, 9, 9, 0, 0, 9, 0, 0, 1, 1, 1, 9, 0, 0, 9, 9, 9, 9, 9], [0, 0, 9, 9, 9, 0, 9, 0, 0, 1, 1, 1, 9, 0, 9, 9, 9, 9, 0, 9], [9, 0, 0, 0, 9, 9, 0, 9, 9, 1, 1, 1, 9, 0, 1, 1, 1, 9, 9, 0], [9, 9, 9, 0, 9, 9, 9, 9, 9, 0, 9, 9, 9, 9, 1, 1, 1, 9, 0, 9], [9, 0, 9, 9, 0, 9, 9, 9, 9, 0, 9, 0, 9, 0, 1, 1, 1, 0, 9, 0], [9, 9, 9, 9, 9, 9, 9, 9, 0, 0, 0, 9, 9, 0, 0, 0, 0, 0, 9, 9], [9, 9, 9, 9, 9, 0, 9, 0, 9, 9, 9, 9, 9, 9, 9, 9, 0, 0, 9, 0], [0, 0, 9, 9, 9, 9, 9, 9, 0, 9, 9, 9, 0, 0, 0, 9, 9, 0, 9, 9]]}, {"input": [[0, 3, 0, 3, 3, 0, 0, 3, 3, 3, 3, 3, 0, 3, 3, 3, 0, 3, 3, 3], [3, 3, 0, 0, 3, 3, 3, 3, 3, 3, 3, 3, 0, 0, 3, 0, 3, 0, 3, 3], [3, 0, 3, 0, 3, 3, 0, 3, 3, 3, 3, 3, 3, 3, 0, 3, 3, 3, 3, 0], [3, 0, 3, 0, 3, 3, 3, 0, 0, 0, 3, 0, 0, 0, 3, 3, 3, 0, 3, 3], [0, 3, 3, 3, 3, 3, 3, 3, 3, 3, 0, 3, 0, 3, 0, 3, 3, 3, 3, 3], [3, 3, 3, 0, 0, 3, 3, 3, 3, 3, 0, 3, 0, 3, 3, 3, 3, 3, 3, 3], [3, 3, 3, 0, 3, 3, 3, 3, 3, 0, 0, 3, 0, 3, 3, 0, 3, 3, 0, 3], [3, 0, 0, 3, 3, 3, 3, 0, 0, 3, 0, 0, 0, 3, 0, 3, 3, 3, 3, 3], [3, 3, 3, 0, 0, 0, 3, 3, 3, 0, 3, 0, 3, 3, 0, 3, 0, 0, 0, 3], [3, 0, 3, 0, 3, 3, 3, 3, 3, 0, 3, 0, 0, 0, 0, 3, 0, 0, 3, 0], [3, 3, 3, 0, 3, 0, 3, 0, 3, 3, 0, 0, 0, 0, 3, 0, 0, 3, 3, 3], [0, 0, 3, 3, 3, 0, 3, 0, 3, 3, 3, 0, 0, 0, 3, 3, 0, 0, 3, 0], [3, 3, 0, 3, 3, 3, 3, 3, 3, 0, 0, 0, 0, 3, 0, 3, 3, 3, 3, 3], [3, 0, 3, 0, 3, 3, 3, 3, 3, 3, 3, 3, 3, 3, 3, 3, 3, 0, 0, 3], [0, 3, 0, 3, 3, 3, 3, 0, 3, 3, 3, 3, 3, 0, 3, 3, 3, 3, 3, 0], [3, 3, 3, 3, 0, 3, 3, 0, 3, 0, 3, 0, 3, 0, 3, 3, 3, 3, 3, 3], [0, 3, 3, 3, 3, 3, 3, 0, 3, 0, 3, 3, 0, 3, 0, 3, 0, 3, 3, 0], [3, 0, 3, 0, 3, 3, 3, 3, 3, 0, 3, 3, 3, 3, 3, 3, 3, 3, 3, 3], [3, 3, 3, 0, 0, 3, 3, 3, 3, 0, 3, 3, 0, 3, 0, 3, 3, 3, 0, 3], [3, 3, 3, 0, 3, 3, 3, 3, 0, 3, 0, 3, 3, 0, 3, 0, 3, 0, 3, 0]], "output": [[0, 3, 0, 3, 3, 0, 0, 3, 3, 3, 3, 3, 0, 3, 3, 3, 0, 3, 3, 3], [3, 3, 0, 0, 3, 3, 3, 3, 3, 3, 3, 3, 0, 0, 3, 0, 3, 0, 3, 3], [3, 0, 3, 0, 3, 3, 0, 3, 3, 3, 3, 3, 3, 3, 0, 3, 3, 3, 3, 0], [3, 0, 3, 0, 3, 3, 3, 0, 0, 0, 3, 0, 0, 0, 3, 3, 3, 0, 3, 3], [0, 3, 3, 3, 3, 3, 3, 3, 3, 3, 0, 3, 0, 3, 0, 3, 3, 3, 3, 3], [3, 3, 3, 0, 0, 3, 3, 3, 3, 3, 0, 3, 0, 3, 3, 3, 3, 3, 3, 3], [3, 3, 3, 0, 3, 3, 3, 3, 3, 0, 0, 3, 0, 3, 3, 0, 3, 3, 0, 3], [3, 0, 0, 3, 3, 3, 3, 0, 0, 3, 0, 0, 0, 3, 0, 3, 3, 3, 3, 3], [3, 3, 3, 0, 0, 0, 3, 3, 3, 0, 3, 0, 3, 3, 0, 3, 0, 0, 0, 3], [3, 0, 3, 0, 3, 3, 3, 3, 3, 0, 3, 1, 1, 1, 0, 3, 0, 0, 3, 0], [3, 3, 3, 0, 3, 0, 3, 0, 3, 3, 0, 1, 1, 1, 3, 0, 0, 3, 3, 3], [0, 0, 3, 3, 3, 0, 3, 0, 3, 3, 3, 1, 1, 1, 3, 3, 0, 0, 3, 0], [3, 3, 0, 3, 3, 3, 3, 3, 3, 0, 0, 0, 0, 3, 0, 3, 3, 3, 3, 3], [3, 0, 3, 0, 3, 3, 3, 3, 3, 3, 3, 3, 3, 3, 3, 3, 3, 0, 0, 3], [0, 3, 0, 3, 3, 3, 3, 0, 3, 3, 3, 3, 3, 0, 3, 3, 3, 3, 3, 0], [3, 3, 3, 3, 0, 3, 3, 0, 3, 0, 3, 0, 3, 0, 3, 3, 3, 3, 3, 3], [0, 3, 3, 3, 3, 3, 3, 0, 3, 0, 3, 3, 0, 3, 0, 3, 0, 3, 3, 0], [3, 0, 3, 0, 3, 3, 3, 3, 3, 0, 3, 3, 3, 3, 3, 3, 3, 3, 3, 3], [3, 3, 3, 0, 0, 3, 3, 3, 3, 0, 3, 3, 0, 3, 0, 3, 3, 3, 0, 3], [3, 3, 3, 0, 3, 3, 3, 3, 0, 3, 0, 3, 3, 0, 3, 0, 3, 0, 3, 0]]}, {"input": [[2, 2, 0, 0, 0, 2, 2, 2, 2, 0, 0, 2, 2, 2, 0, 2, 2, 2, 2, 0], [2, 2, 0, 2, 0, 2, 2, 2, 2, 2, 0, 2, 2, 2, 0, 0, 0, 2, 0, 0], [2, 2, 2, 0, 2, 2, 2, 0, 0, 2, 2, 2, 2, 2, 2, 2, 0, 0, 2, 0], [0, 2, 0, 0, 0, 0, 2, 2, 0, 0, 2, 0, 2, 2, 2, 0, 0, 2, 2, 0], [0, 2, 0, 0, 0, 2, 0, 2, 0, 2, 2, 2, 0, 2, 2, 0, 2, 2, 2, 2], [2, 0, 0, 0, 0, 0, 0, 2, 2, 2, 2, 2, 0, 0, 2, 2, 0, 0, 0, 2], [0, 2, 2, 2, 0, 0, 2, 2, 2, 2, 0, 0, 2, 2, 2, 2, 2, 2, 2, 0], [0, 2, 2, 2, 2, 2, 2, 2, 0, 2, 2, 0, 2, 2, 0, 0, 0, 2, 2, 0], [2, 2, 0, 2, 2, 0, 2, 2, 2, 2, 0, 2, 2, 2, 0, 2, 0, 0, 2, 0], [2, 2, 2, 2, 2, 2, 2, 2, 2, 2, 0, 0, 2, 2, 2, 2, 2, 2, 2, 2], [0, 2, 2, 0, 2, 2, 2, 2, 2, 0, 2, 2, 2, 2, 0, 2, 0, 0, 0, 0], [0, 2, 2, 2, 0, 2, 2, 0, 2, 2, 0, 2, 2, 2, 2, 2, 2, 0, 0, 0], [2, 0, 2, 0, 2, 2, 2, 0, 2, 0, 2, 2, 0, 2, 2, 0, 2, 0, 0, 0], [0, 2, 2, 2, 2, 2, 0, 2, 2, 2, 2, 0, 2, 0, 2, 0, 2, 2, 2, 2], [2, 2, 2, 0, 0, 0, 2, 2, 2, 2, 2, 0, 2, 0, 2, 0, 2, 0, 2, 2], [2, 2, 2, 0, 0, 0, 2, 0, 0, 0, 2, 2, 2, 2, 2, 2, 2, 2, 0, 2], [2, 0, 2, 0, 0, 0, 2, 2, 2, 0, 2, 2, 2, 2, 0, 2, 0, 2, 2, 0], [2, 0, 2, 0, 2, 0, 2, 0, 2, 2, 2, 0, 2, 2, 0, 0, 2, 2, 2, 2], [0, 2, 2, 0, 2, 2, 2, 2, 2, 2, 0, 2, 0, 0, 2, 0, 0, 2, 0, 0], [2, 0, 2, 0, 2, 2, 0, 0, 0, 0, 2, 0, 2, 2, 2, 2, 2, 2, 2, 2]], "output": [[2, 2, 0, 0, 0, 2, 2, 2, 2, 0, 0, 2, 2, 2, 0, 2, 2, 2, 2, 0], [2, 2, 0, 2, 0, 2, 2, 2, 2, 2, 0, 2, 2, 2, 0, 0, 0, 2, 0, 0], [2, 2, 2, 0, 2, 2, 2, 0, 0, 2, 2, 2, 2, 2, 2, 2, 0, 0, 2, 0], [0, 2, 1, 1, 1, 0, 2, 2, 0, 0, 2, 0, 2, 2, 2, 0, 0, 2, 2, 0], [0, 2, 1, 1, 1, 2, 0, 2, 0, 2, 2, 2, 0, 2, 2, 0, 2, 2, 2, 2], [2, 0, 1, 1, 1, 0, 0, 2, 2, 2, 2, 2, 0, 0, 2, 2, 0, 0, 0, 2], [0, 2, 2, 2, 0, 0, 2, 2, 2, 2, 0, 0, 2, 2, 2, 2, 2, 2, 2, 0], [0, 2, 2, 2, 2, 2, 2, 2, 0, 2, 2, 0, 2, 2, 0, 0, 0, 2, 2, 0], [2, 2, 0, 2, 2, 0, 2, 2, 2, 2, 0, 2, 2, 2, 0, 2, 0, 0, 2, 0], [2, 2, 2, 2, 2, 2, 2, 2, 2, 2, 0, 0, 2, 2, 2, 2, 2, 2, 2, 2], [0, 2, 2, 0, 2, 2, 2, 2, 2, 0, 2, 2, 2, 2, 0, 2, 0, 1, 1, 1], [0, 2, 2, 2, 0, 2, 2, 0, 2, 2, 0, 2, 2, 2, 2, 2, 2, 1, 1, 1], [2, 0, 2, 0, 2, 2, 2, 0, 2, 0, 2, 2, 0, 2, 2, 0, 2, 1, 1, 1], [0, 2, 2, 2, 2, 2, 0, 2, 2, 2, 2, 0, 2, 0, 2, 0, 2, 2, 2, 2], [2, 2, 2, 1, 1, 1, 2, 2, 2, 2, 2, 0, 2, 0, 2, 0, 2, 0, 2, 2], [2, 2, 2, 1, 1, 1, 2, 0, 0, 0, 2, 2, 2, 2, 2, 2, 2, 2, 0, 2], [2, 0, 2, 1, 1, 1, 2, 2, 2, 0, 2, 2, 2, 2, 0, 2, 0, 2, 2, 0], [2, 0, 2, 0, 2, 0, 2, 0, 2, 2, 2, 0, 2, 2, 0, 0, 2, 2, 2, 2], [0, 2, 2, 0, 2, 2, 2, 2, 2, 2, 0, 2, 0, 0, 2, 0, 0, 2, 0, 0], [2, 0, 2, 0, 2, 2, 0, 0, 0, 0, 2, 0, 2, 2, 2, 2, 2, 2, 2, 2]]}, {"input": [[0, 0, 3, 3, 0, 3, 3, 3, 3, 3, 3, 3, 3, 3, 3, 3, 3, 3, 3, 3], [3, 0, 3, 3, 3, 0, 3, 0, 3, 3, 3, 3, 0, 0, 3, 3, 3, 0, 3, 0], [3, 0, 3, 3, 0, 3, 0, 3, 3, 3, 3, 3, 3, 3, 3, 3, 3, 0, 3, 0], [0, 3, 0, 0, 3, 3, 3, 3, 3, 3, 3, 3, 3, 3, 3, 3, 3, 3, 0, 0], [0, 3, 3, 3, 3, 0, 3, 3, 3, 3, 3, 3, 0, 3, 0, 0, 0, 0, 0, 3], [3, 0, 0, 3, 3, 3, 3, 0, 3, 3, 3, 0, 0, 0, 3, 0, 0, 0, 3, 3], [3, 3, 3, 3, 3, 3, 0, 3, 3, 0, 0, 3, 0, 0, 3, 0, 0, 0, 0, 3], [3, 3, 3, 0, 0, 0, 3, 0, 3, 0, 0, 0, 0, 3, 3, 3, 3, 3, 3, 3], [3, 3, 3, 3, 3, 3, 0, 3, 3, 0, 3, 0, 3, 0, 3, 3, 0, 0, 0, 3], [3, 0, 3, 3, 0, 3, 3, 0, 3, 3, 3, 3, 0, 0, 3, 3, 0, 0, 3, 0], [0, 3, 3, 3, 0, 3, 0, 0, 3, 0, 3, 3, 0, 0, 3, 3, 3, 0, 0, 3], [3, 3, 0, 3, 3, 3, 3, 3, 3, 3, 3, 3, 3, 3, 0, 3, 3, 3, 3, 3], [3, 3, 3, 3, 3, 3, 3, 3, 0, 0, 3, 0, 3, 3, 3, 0, 3, 3, 0, 0], [3, 3, 3, 3, 3, 3, 3, 0, 3, 0, 3, 0, 0, 0, 3, 3, 3, 3, 3, 3], [3, 0, 3, 0, 0, 0, 0, 3, 3, 0, 0, 3, 0, 0, 0, 3, 0, 3, 3, 0], [3, 3, 3, 3, 3, 3, 3, 3, 3, 3, 0, 3, 3, 3, 0, 3, 3, 0, 3, 3], [3, 0, 0, 3, 0, 3, 3, 0, 0, 3, 3, 0, 3, 0, 3, 0, 3, 0, 3, 3], [0, 0, 3, 3, 3, 3, 0, 3, 3, 3, 3, 3, 3, 3, 3, 0, 0, 3, 3, 3], [3, 0, 3, 3, 3, 3, 3, 0, 3, 3, 3, 0, 3, 3, 3, 3, 3, 3, 3, 3], [0, 3, 0, 0, 3, 3, 3, 0, 3, 3, 3, 3, 3, 0, 3, 3, 3, 3, 0, 3]], "output": [[0, 0, 3, 3, 0, 3, 3, 3, 3, 3, 3, 3, 3, 3, 3, 3, 3, 3, 3, 3], [3, 0, 3, 3, 3, 0, 3, 0, 3, 3, 3, 3, 0, 0, 3, 3, 3, 0, 3, 0], [3, 0, 3, 3, 0, 3, 0, 3, 3, 3, 3, 3, 3, 3, 3, 3, 3, 0, 3, 0], [0, 3, 0, 0, 3, 3, 3, 3, 3, 3, 3, 3, 3, 3, 3, 3, 3, 3, 0, 0], [0, 3, 3, 3, 3, 0, 3, 3, 3, 3, 3, 3, 0, 3, 0, 1, 1, 1, 0, 3], [3, 0, 0, 3, 3, 3, 3, 0, 3, 3, 3, 0, 0, 0, 3, 1, 1, 1, 3, 3], [3, 3, 3, 3, 3, 3, 0, 3, 3, 0, 0, 3, 0, 0, 3, 1, 1, 1, 0, 3], [3, 3, 3, 0, 0, 0, 3, 0, 3, 0, 0, 0, 0, 3, 3, 3, 3, 3, 3, 3], [3, 3, 3, 3, 3, 3, 0, 3, 3, 0, 3, 0, 3, 0, 3, 3, 0, 0, 0, 3], [3, 0, 3, 3, 0, 3, 3, 0, 3, 3, 3, 3, 0, 0, 3, 3, 0, 0, 3, 0], [0, 3, 3, 3, 0, 3, 0, 0, 3, 0, 3, 3, 0, 0, 3, 3, 3, 0, 0, 3], [3, 3, 0, 3, 3, 3, 3, 3, 3, 3, 3, 3, 3, 3, 0, 3, 3, 3, 3, 3], [3, 3, 3, 3, 3, 3, 3, 3, 0, 0, 3, 0, 3, 3, 3, 0, 3, 3, 0, 0], [3, 3, 3, 3, 3, 3, 3, 0, 3, 0, 3, 0, 0, 0, 3, 3, 3, 3, 3, 3], [3, 0, 3, 0, 0, 0, 0, 3, 3, 0, 0, 3, 0, 0, 0, 3, 0, 3, 3, 0], [3, 3, 3, 3, 3, 3, 3, 3, 3, 3, 0, 3, 3, 3, 0, 3, 3, 0, 3, 3], [3, 0, 0, 3, 0, 3, 3, 0, 0, 3, 3, 0, 3, 0, 3, 0, 3, 0, 3, 3], [0, 0, 3, 3, 3, 3, 0, 3, 3, 3, 3, 3, 3, 3, 3, 0, 0, 3, 3, 3], [3, 0, 3, 3, 3, 3, 3, 0, 3, 3, 3, 0, 3, 3, 3, 3, 3, 3, 3, 3], [0, 3, 0, 0, 3, 3, 3, 0, 3, 3, 3, 3, 3, 0, 3, 3, 3, 3, 0, 3]]}, {"input": [[0, 6, 6, 6, 6, 6, 6, 0, 6, 0, 6, 6, 0, 6, 0, 6, 6, 0, 0, 6], [6, 6, 0, 6, 6, 0, 6, 6, 0, 6, 0, 6, 6, 6, 6, 6, 6, 6, 6, 0], [6, 0, 6, 6, 6, 6, 6, 6, 6, 6, 6, 6, 6, 6, 6, 6, 0, 6, 6, 6], [6, 0, 6, 0, 0, 0, 6, 6, 6, 6, 6, 0, 0, 0, 6, 6, 6, 0, 0, 6], [6, 6, 6, 0, 6, 0, 0, 6, 6, 6, 6, 6, 6, 6, 6, 0, 0, 6, 6, 0], [6, 0, 6, 6, 6, 6, 0, 0, 6, 6, 6, 6, 6, 0, 0, 0, 6, 6, 0, 0], [0, 6, 6, 6, 0, 6, 6, 6, 0, 6, 6, 0, 0, 0, 0, 0, 0, 6, 6, 0], [6, 6, 6, 0, 6, 6, 6, 6, 6, 0, 6, 6, 6, 0, 0, 0, 6, 6, 0, 0], [0, 6, 6, 6, 6, 6, 0, 6, 6, 6, 6, 6, 6, 6, 6, 6, 0, 6, 0, 6], [6, 6, 0, 6, 6, 6, 6, 6, 6, 6, 0, 0, 6, 0, 0, 6, 0, 0, 6, 0], [6, 6, 6, 6, 6, 6, 0, 6, 6, 0, 6, 0, 0, 6, 6, 6, 0, 6, 6, 6], [6, 6, 6, 6, 0, 6, 0, 6, 0, 6, 6, 6, 0, 6, 6, 6, 0, 6, 0, 0], [6, 6, 6, 0, 6, 6, 0, 6, 6, 0, 0, 6, 6, 6, 6, 6, 6, 0, 6, 6], [0, 6, 6, 6, 6, 0, 6, 6, 0, 6, 0, 0, 6, 6, 6, 0, 6, 6, 6, 6], [6, 6, 0, 6, 0, 0, 0, 0, 6, 6, 0, 6, 6, 0, 0, 6, 0, 6, 6, 6], [6, 6, 0, 0, 0, 0, 0, 6, 0, 6, 0, 6, 6, 6, 0, 0, 6, 6, 0, 6], [6, 6, 6, 6, 0, 0, 0, 0, 6, 6, 6, 0, 6, 6, 6, 0, 6, 0, 6, 0], [6, 6, 0, 0, 0, 6, 6, 6, 6, 0, 0, 6, 6, 0, 6, 0, 6, 6, 6, 6], [6, 6, 6, 0, 0, 0, 6, 6, 6, 6, 6, 0, 6, 6, 0, 0, 0, 6, 0, 0], [6, 6, 0, 6, 0, 6, 0, 6, 0, 0, 6, 6, 6, 6, 6, 6, 6, 6, 0, 6]], "output": [[0, 6, 6, 6, 6, 6, 6, 0, 6, 0, 6, 6, 0, 6, 0, 6, 6, 0, 0, 6], [6, 6, 0, 6, 6, 0, 6, 6, 0, 6, 0, 6, 6, 6, 6, 6, 6, 6, 6, 0], [6, 0, 6, 6, 6, 6, 6, 6, 6, 6, 6, 6, 6, 6, 6, 6, 0, 6, 6, 6], [6, 0, 6, 0, 0, 0, 6, 6, 6, 6, 6, 0, 0, 0, 6, 6, 6, 0, 0, 6], [6, 6, 6, 0, 6, 0, 0, 6, 6, 6, 6, 6, 6, 6, 6, 0, 0, 6, 6, 0], [6, 0, 6, 6, 6, 6, 0, 0, 6, 6, 6, 6, 6, 1, 1, 1, 6, 6, 0, 0], [0, 6, 6, 6, 0, 6, 6, 6, 0, 6, 6, 0, 0, 1, 1, 1, 0, 6, 6, 0], [6, 6, 6, 0, 6, 6, 6, 6, 6, 0, 6, 6, 6, 1, 1, 1, 6, 6, 0, 0], [0, 6, 6, 6, 6, 6, 0, 6, 6, 6, 6, 6, 6, 6, 6, 6, 0, 6, 0, 6], [6, 6, 0, 6, 6, 6, 6, 6, 6, 6, 0, 0, 6, 0, 0, 6, 0, 0, 6, 0], [6, 6, 6, 6, 6, 6, 0, 6, 6, 0, 6, 0, 0, 6, 6, 6, 0, 6, 6, 6], [6, 6, 6, 6, 0, 6, 0, 6, 0, 6, 6, 6, 0, 6, 6, 6, 0, 6, 0, 0], [6, 6, 6, 0, 6, 6, 0, 6, 6, 0, 0, 6, 6, 6, 6, 6, 6, 0, 6, 6], [0, 6, 6, 6, 6, 0, 6, 6, 0, 6, 0, 0, 6, 6, 6, 0, 6, 6, 6, 6], [6, 6, 0, 6, 1, 1, 1, 0, 6, 6, 0, 6, 6, 0, 0, 6, 0, 6, 6, 6], [6, 6, 0, 0, 1, 1, 1, 6, 0, 6, 0, 6, 6, 6, 0, 0, 6, 6, 0, 6], [6, 6, 6, 6, 1, 1, 1, 0, 6, 6, 6, 0, 6, 6, 6, 0, 6, 0, 6, 0], [6, 6, 0, 0, 0, 6, 6, 6, 6, 0, 0, 6, 6, 0, 6, 0, 6, 6, 6, 6], [6, 6, 6, 0, 0, 0, 6, 6, 6, 6, 6, 0, 6, 6, 0, 0, 0, 6, 0, 0], [6, 6, 0, 6, 0, 6, 0, 6, 0, 0, 6, 6, 6, 6, 6, 6, 6, 6, 0, 6]]}, {"input": [[9, 9, 9, 9, 0, 0, 0, 0, 0, 9, 0, 9, 9, 0, 0, 0, 9, 0, 9, 9], [9, 0, 9, 9, 0, 0, 0, 9, 9, 9, 0, 9, 9, 0, 0, 9, 9, 0, 9, 9], [0, 9, 9, 9, 0, 0, 0, 9, 9, 0, 9, 9, 9, 9, 9, 0, 9, 0, 9, 0], [9, 9, 9, 0, 9, 9, 9, 0, 0, 9, 9, 9, 9, 0, 9, 0, 0, 9, 9, 9], [9, 0, 9, 9, 9, 9, 9, 9, 9, 9, 9, 0, 9, 9, 9, 9, 0, 9, 9, 0], [0, 9, 9, 0, 9, 0, 9, 0, 9, 0, 9, 9, 9, 0, 0, 9, 9, 0, 9, 0], [9, 9, 0, 0, 9, 0, 9, 9, 9, 9, 9, 9, 0, 9, 9, 0, 9, 0, 9, 0], [9, 9, 9, 9, 9, 0, 9, 9, 0, 0, 9, 9, 0, 9, 9, 0, 9, 9, 9, 9], [9, 0, 9, 0, 0, 0, 9, 9, 9, 9, 9, 9, 9, 9, 0, 9, 9, 0, 9, 0], [9, 9, 9, 0, 9, 9, 9, 0, 9, 9, 9, 0, 0, 0, 0, 0, 9, 9, 9, 0], [0, 9, 9, 0, 9, 9, 0, 9, 9, 9, 9, 0, 0, 0, 9, 9, 0, 9, 9, 0], [9, 9, 0, 9, 9, 0, 9, 9, 9, 9, 0, 0, 0, 0, 9, 9, 0, 9, 9, 9], [9, 0, 9, 9, 9, 9, 0, 0, 9, 9, 9, 9, 9, 9, 0, 9, 0, 9, 0, 9], [9, 0, 0, 9, 9, 0, 9, 0, 0, 9, 0, 9, 9, 0, 9, 0, 9, 9, 9, 9], [9, 0, 9, 9, 0, 9, 9, 9, 0, 0, 9, 9, 0, 9, 9, 9, 9, 0, 9, 0], [9, 9, 9, 9, 9, 9, 0, 0, 9, 0, 9, 9, 0, 0, 0, 9, 9, 9, 9, 0], [9, 9, 9, 0, 0, 0, 9, 0, 9, 9, 9, 9, 9, 0, 9, 9, 0, 9, 0, 0], [9, 0, 9, 0, 9, 9, 9, 9, 9, 9, 9, 9, 0, 9, 9, 9, 0, 9, 9, 0], [0, 0, 9, 9, 9, 0, 9, 9, 9, 9, 9, 9, 9, 9, 0, 9, 9, 9, 0, 9], [0, 9, 9, 9, 9, 0, 9, 9, 9, 9, 9, 0, 0, 9, 9, 9, 9, 9, 9, 0]], "output": [[9, 9, 9, 9, 1, 1, 1, 0, 0, 9, 0, 9, 9, 0, 0, 0, 9, 0, 9, 9], [9, 0, 9, 9, 1, 1, 1, 9, 9, 9, 0, 9, 9, 0, 0, 9, 9, 0, 9, 9], [0, 9, 9, 9, 1, 1, 1, 9, 9, 0, 9, 9, 9, 9, 9, 0, 9, 0, 9, 0], [9, 9, 9, 0, 9, 9, 9, 0, 0, 9, 9, 9, 9, 0, 9, 0, 0, 9, 9, 9], [9, 0, 9, 9, 9, 9, 9, 9, 9, 9, 9, 0, 9, 9, 9, 9, 0, 9, 9, 0], [0, 9, 9, 0, 9, 0, 9, 0, 9, 0, 9, 9, 9, 0, 0, 9, 9, 0, 9, 0], [9, 9, 0, 0, 9, 0, 9, 9, 9, 9, 9, 9, 0, 9, 9, 0, 9, 0, 9, 0], [9, 9, 9, 9, 9, 0, 9, 9, 0, 0, 9, 9, 0, 9, 9, 0, 9, 9, 9, 9], [9, 0, 9, 0, 0, 0, 9, 9, 9, 9, 9, 9, 9, 9, 0, 9, 9, 0, 9, 0], [9, 9, 9, 0, 9, 9, 9, 0, 9, 9, 9, 1, 1, 1, 0, 0, 9, 9, 9, 0], [0, 9, 9, 0, 9, 9, 0, 9, 9, 9, 9, 1, 1, 1, 9, 9, 0, 9, 9, 0], [9, 9, 0, 9, 9, 0, 9, 9, 9, 9, 0, 1, 1, 1, 9, 9, 0, 9, 9, 9], [9, 0, 9, 9, 9, 9, 0, 0, 9, 9, 9, 9, 9, 9, 0, 9, 0, 9, 0, 9], [9, 0, 0, 9, 9, 0, 9, 0, 0, 9, 0, 9, 9, 0, 9, 0, 9, 9, 9, 9], [9, 0, 9, 9, 0, 9, 9, 9, 0, 0, 9, 9, 0, 9, 9, 9, 9, 0, 9, 0], [9, 9, 9, 9, 9, 9, 0, 0, 9, 0, 9, 9, 0, 0, 0, 9, 9, 9, 9, 0], [9, 9, 9, 0, 0, 0, 9, 0, 9, 9, 9, 9, 9, 0, 9, 9, 0, 9, 0, 0], [9, 0, 9, 0, 9, 9, 9, 9, 9, 9, 9, 9, 0, 9, 9, 9, 0, 9, 9, 0], [0, 0, 9, 9, 9, 0, 9, 9, 9, 9, 9, 9, 9, 9, 0, 9, 9, 9, 0, 9], [0, 9, 9, 9, 9, 0, 9, 9, 9, 9, 9, 0, 0, 9, 9, 9, 9, 9, 9, 0]]}, {"input": [[0, 2, 2, 0, 2, 2, 0, 0, 0, 2, 2, 2, 2, 2, 2, 2, 2, 0, 0, 0], [2, 2, 2, 2, 2, 0, 2, 2, 0, 2, 2, 2, 0, 0, 0, 2, 0, 0, 2, 2], [2, 2, 2, 0, 0, 2, 2, 2, 2, 2, 2, 2, 0, 0, 0, 0, 0, 2, 0, 2], [0, 2, 2, 0, 2, 2, 0, 2, 0, 2, 2, 0, 0, 0, 0, 0, 2, 2, 0, 2], [2, 2, 2, 2, 0, 0, 2, 2, 2, 0, 2, 0, 2, 0, 2, 2, 0, 2, 2, 2], [2, 0, 2, 2, 2, 0, 2, 2, 2, 2, 2, 2, 0, 2, 0, 2, 2, 0, 0, 2], [0, 0, 2, 2, 2, 0, 0, 0, 2, 0, 2, 0, 0, 0, 2, 0, 2, 2, 2, 0], [2, 2, 2, 2, 2, 0, 0, 0, 2, 0, 2, 2, 2, 2, 2, 2, 2, 0, 2, 2], [2, 0, 2, 2, 2, 0, 0, 0, 2, 2, 2, 2, 2, 2, 2, 0, 2, 0, 2, 2], [2, 0, 0, 2, 0, 0, 2, 2, 2, 2, 2, 2, 2, 2, 0, 0, 0, 2, 2, 0], [0, 0, 0, 2, 0, 2, 0, 2, 2, 2, 0, 0, 2, 2, 0, 2, 2, 2, 2, 0], [0, 2, 2, 2, 2, 0, 2, 2, 2, 2, 2, 2, 2, 2, 2, 2, 0, 2, 2, 0], [0, 2, 2, 2, 0, 2, 2, 2, 0, 2, 2, 0, 2, 0, 2, 2, 2, 0, 2, 2], [2, 2, 2, 2, 0, 0, 2, 2, 2, 0, 2, 2, 2, 0, 2, 2, 0, 2, 2, 2], [2, 2, 2, 0, 0, 2, 0, 2, 0, 2, 0, 2, 0, 2, 0, 2, 2, 2, 2, 2], [2, 2, 0, 2, 2, 0, 0, 2, 2, 2, 0, 0, 0, 2, 0, 2, 2, 2, 2, 0], [0, 2, 0, 2, 2, 2, 2, 0, 2, 2, 0, 2, 0, 2, 2, 2, 2, 2, 2, 0], [0, 2, 0, 2, 0, 2, 2, 0, 2, 0, 2, 2, 2, 2, 0, 2, 2, 0, 2, 2], [0, 2, 0, 2, 2, 2, 2, 2, 0, 2, 2, 0, 2, 0, 2, 2, 2, 2, 2, 2], [2, 0, 0, 2, 0, 0, 2, 2, 2, 2, 2, 2, 2, 2, 2, 0, 2, 2, 0, 2]], "output": [[0, 2, 2, 0, 2, 2, 0, 0, 0, 2, 2, 2, 2, 2, 2, 2, 2, 0, 0, 0], [2, 2, 2, 2, 2, 0, 2, 2, 0, 2, 2, 2, 1, 1, 1, 2, 0, 0, 2, 2], [2, 2, 2, 0, 0, 2, 2, 2, 2, 2, 2, 2, 1, 1, 1, 0, 0, 2, 0, 2], [0, 2, 2, 0, 2, 2, 0, 2, 0, 2, 2, 0, 1, 1, 1, 0, 2, 2, 0, 2], [2, 2, 2, 2, 0, 0, 2, 2, 2, 0, 2, 0, 2, 0, 2, 2, 0, 2, 2, 2], [2, 0, 2, 2, 2, 0, 2, 2, 2, 2, 2, 2, 0, 2, 0, 2, 2, 0, 0, 2], [0, 0, 2, 2, 2, 1, 1, 1, 2, 0, 2, 0, 0, 0, 2, 0, 2, 2, 2, 0], [2, 2, 2, 2, 2, 1, 1, 1, 2, 0, 2, 2, 2, 2, 2, 2, 2, 0, 2, 2], [2, 0, 2, 2, 2, 1, 1, 1, 2, 2, 2, 2, 2, 2, 2, 0, 2, 0, 2, 2], [2, 0, 0, 2, 0, 0, 2, 2, 2, 2, 2, 2, 2, 2, 0, 0, 0, 2, 2, 0], [0, 0, 0, 2, 0, 2, 0, 2, 2, 2, 0, 0, 2, 2, 0, 2, 2, 2, 2, 0], [0, 2, 2, 2, 2, 0, 2, 2, 2, 2, 2, 2, 2, 2, 2, 2, 0, 2, 2, 0], [0, 2, 2, 2, 0, 2, 2, 2, 0, 2, 2, 0, 2, 0, 2, 2, 2, 0, 2, 2], [2, 2, 2, 2, 0, 0, 2, 2, 2, 0, 2, 2, 2, 0, 2, 2, 0, 2, 2, 2], [2, 2, 2, 0, 0, 2, 0, 2, 0, 2, 0, 2, 0, 2, 0, 2, 2, 2, 2, 2], [2, 2, 0, 2, 2, 0, 0, 2, 2, 2, 0, 0, 0, 2, 0, 2, 2, 2, 2, 0], [0, 2, 0, 2, 2, 2, 2, 0, 2, 2, 0, 2, 0, 2, 2, 2, 2, 2, 2, 0], [0, 2, 0, 2, 0, 2, 2, 0, 2, 0, 2, 2, 2, 2, 0, 2, 2, 0, 2, 2], [0, 2, 0, 2, 2, 2, 2, 2, 0, 2, 2, 0, 2, 0, 2, 2, 2, 2, 2, 2], [2, 0, 0, 2, 0, 0, 2, 2, 2, 2, 2, 2, 2, 2, 2, 0, 2, 2, 0, 2]]}, {"input": [[0, 3, 3, 0, 3, 0, 3, 0, 0, 3, 3, 3, 0, 3, 0, 3, 3, 3, 0, 3], [0, 3, 3, 3, 0, 0, 0, 3, 3, 0, 0, 3, 3, 3, 3, 0, 3, 3, 3, 0], [3, 3, 0, 3, 0, 3, 3, 3, 3, 3, 0, 3, 3, 0, 0, 3, 3, 3, 3, 3], [0, 3, 0, 3, 3, 3, 0, 0, 3, 3, 0, 3, 3, 3, 3, 3, 3, 0, 0, 3], [3, 3, 3, 3, 3, 0, 3, 0, 3, 0, 0, 3, 3, 3, 0, 3, 3, 3, 0, 0], [3, 0, 3, 0, 3, 3, 3, 3, 3, 0, 3, 3, 3, 0, 0, 3, 3, 3, 3, 3], [3, 3, 3, 3, 0, 3, 3, 3, 0, 3, 3, 3, 0, 3, 3, 3, 3, 3, 3, 0], [0, 0, 3, 3, 3, 3, 3, 3, 3, 3, 3, 3, 3, 3, 3, 0, 0, 3, 0, 3], [3, 3, 3, 3, 3, 3, 0, 0, 3, 3, 3, 0, 0, 3, 3, 3, 3, 3, 3, 3], [3, 3, 3, 0, 3, 0, 0, 0, 0, 3, 0, 3, 0, 3, 3, 3, 0, 0, 3, 3], [3, 3, 3, 3, 3, 0, 0, 0, 0, 3, 3, 3, 0, 0, 0, 0, 3, 3, 3, 3], [3, 0, 3, 3, 0, 0, 0, 0, 0, 0, 0, 0, 0, 0, 0, 3, 3, 3, 0, 0], [3, 3, 3, 3, 0, 0, 3, 3, 3, 3, 3, 3, 0, 0, 0, 0, 0, 0, 0, 3], [0, 3, 3, 3, 3, 3, 3, 0, 0, 0, 3, 3, 0, 3, 3, 0, 3, 0, 3, 0], [3, 3, 0, 0, 3, 3, 0, 3, 0, 3, 3, 3, 0, 3, 0, 3, 3, 3, 3, 0], [0, 0, 0, 3, 3, 3, 0, 3, 3, 3, 0, 3, 3, 0, 0, 3, 3, 3, 3, 3], [3, 3, 3, 0, 3, 0, 3, 0, 0, 3, 3, 0, 3, 3, 3, 0, 3, 0, 3, 3], [3, 0, 0, 0, 3, 3, 3, 3, 0, 3, 3, 3, 3, 3, 3, 3, 0, 3, 3, 3], [0, 3, 3, 3, 3, 3, 0, 3, 3, 0, 3, 3, 0, 3, 3, 3, 0, 3, 3, 0], [3, 0, 3, 3, 3, 3, 3, 0, 3, 3, 3, 3, 0, 3, 3, 3, 0, 0, 3, 3]], "output": [[0, 3, 3, 0, 3, 0, 3, 0, 0, 3, 3, 3, 0, 3, 0, 3, 3, 3, 0, 3], [0, 3, 3, 3, 0, 0, 0, 3, 3, 0, 0, 3, 3, 3, 3, 0, 3, 3, 3, 0], [3, 3, 0, 3, 0, 3, 3, 3, 3, 3, 0, 3, 3, 0, 0, 3, 3, 3, 3, 3], [0, 3, 0, 3, 3, 3, 0, 0, 3, 3, 0, 3, 3, 3, 3, 3, 3, 0, 0, 3], [3, 3, 3, 3, 3, 0, 3, 0, 3, 0, 0, 3, 3, 3, 0, 3, 3, 3, 0, 0], [3, 0, 3, 0, 3, 3, 3, 3, 3, 0, 3, 3, 3, 0, 0, 3, 3, 3, 3, 3], [3, 3, 3, 3, 0, 3, 3, 3, 0, 3, 3, 3, 0, 3, 3, 3, 3, 3, 3, 0], [0, 0, 3, 3, 3, 3, 3, 3, 3, 3, 3, 3, 3, 3, 3, 0, 0, 3, 0, 3], [3, 3, 3, 3, 3, 3, 0, 0, 3, 3, 3, 0, 0, 3, 3, 3, 3, 3, 3, 3], [3, 3, 3, 0, 3, 1, 1, 1, 0, 3, 0, 3, 0, 3, 3, 3, 0, 0, 3, 3], [3, 3, 3, 3, 3, 1, 1, 1, 0, 3, 3, 3, 1, 1, 1, 0, 3, 3, 3, 3], [3, 0, 3, 3, 0, 1, 1, 1, 0, 0, 0, 0, 1, 1, 1, 3, 3, 3, 0, 0], [3, 3, 3, 3, 0, 0, 3, 3, 3, 3, 3, 3, 1, 1, 1, 0, 0, 0, 0, 3], [0, 3, 3, 3, 3, 3, 3, 0, 0, 0, 3, 3, 0, 3, 3, 0, 3, 0, 3, 0], [3, 3, 0, 0, 3, 3, 0, 3, 0, 3, 3, 3, 0, 3, 0, 3, 3, 3, 3, 0], [0, 0, 0, 3, 3, 3, 0, 3, 3, 3, 0, 3, 3, 0, 0, 3, 3, 3, 3, 3], [3, 3, 3, 0, 3, 0, 3, 0, 0, 3, 3, 0, 3, 3, 3, 0, 3, 0, 3, 3], [3, 0, 0, 0, 3, 3, 3, 3, 0, 3, 3, 3, 3, 3, 3, 3, 0, 3, 3, 3], [0, 3, 3, 3, 3, 3, 0, 3, 3, 0, 3, 3, 0, 3, 3, 3, 0, 3, 3, 0], [3, 0, 3, 3, 3, 3, 3, 0, 3, 3, 3, 3, 0, 3, 3, 3, 0, 0, 3, 3]]}, {"input": [[7, 7, 7, 7, 0, 7, 7, 7, 7, 7, 7, 7, 7, 7, 7, 0, 0, 0, 7, 0], [0, 7, 7, 7, 7, 0, 7, 7, 7, 7, 7, 7, 0, 7, 7, 0, 0, 7, 7, 7], [7, 0, 7, 0, 0, 0, 7, 0, 7, 0, 7, 7, 0, 0, 7, 7, 7, 7, 7, 7], [0, 7, 7, 7, 0, 7, 0, 7, 7, 0, 0, 7, 7, 7, 0, 7, 0, 7, 7, 0], [7, 0, 0, 7, 7, 7, 7, 7, 0, 7, 7, 7, 7, 7, 7, 7, 0, 7, 7, 0], [0, 7, 7, 0, 7, 7, 7, 7, 7, 7, 0, 7, 7, 7, 7, 7, 0, 7, 7, 0], [0, 7, 7, 0, 0, 7, 0, 7, 7, 0, 7, 7, 7, 0, 7, 0, 7, 7, 7, 0], [7, 0, 7, 0, 7, 0, 7, 7, 7, 7, 7, 7, 0, 7, 7, 7, 7, 0, 0, 7], [7, 7, 7, 7, 0, 7, 7, 0, 7, 0, 7, 7, 7, 7, 7, 7, 0, 0, 7, 7], [7, 7, 7, 0, 7, 7, 7, 7, 7, 0, 7, 7, 7, 7, 7, 0, 0, 0, 7, 7], [0, 7, 0, 0, 0, 7, 7, 7, 7, 7, 7, 7, 7, 0, 0, 7, 7, 7, 7, 0], [7, 7, 0, 7, 0, 7, 7, 7, 7, 7, 7, 0, 0, 7, 7, 7, 7, 7, 7, 0], [0, 7, 7, 0, 7, 0, 7, 7, 7, 0, 0, 0, 7, 7, 7, 7, 0, 0, 7, 7], [7, 0, 7, 0, 7, 7, 7, 0, 7, 7, 7, 7, 7, 0, 0, 7, 0, 7, 7, 7], [7, 0, 7, 7, 0, 7, 0, 7, 7, 7, 7, 0, 0, 0, 0, 7, 7, 7, 7, 7], [7, 7, 7, 7, 0, 0, 7, 7, 7, 7, 7, 7, 0, 7, 7, 7, 7, 0, 7, 0], [7, 7, 0, 7, 7, 7, 7, 7, 0, 7, 7, 7, 7, 7, 7, 7, 0, 7, 0, 7], [7, 7, 7, 0, 0, 0, 7, 0, 7, 0, 7, 0, 0, 7, 7, 7, 0, 7, 0, 0], [7, 7, 0, 0, 0, 0, 7, 7, 7, 7, 7, 7, 0, 7, 7, 7, 7, 7, 0, 0], [0, 7, 7, 0, 0, 0, 0, 7, 0, 7, 7, 7, 0, 7, 7, 0, 0, 7, 7, 0]], "output": [[7, 7, 7, 7, 0, 7, 7, 7, 7, 7, 7, 7, 7, 7, 7, 0, 0, 0, 7, 0], [0, 7, 7, 7, 7, 0, 7, 7, 7, 7, 7, 7, 0, 7, 7, 0, 0, 7, 7, 7], [7, 0, 7, 0, 0, 0, 7, 0, 7, 0, 7, 7, 0, 0, 7, 7, 7, 7, 7, 7], [0, 7, 7, 7, 0, 7, 0, 7, 7, 0, 0, 7, 7, 7, 0, 7, 0, 7, 7, 0], [7, 0, 0, 7, 7, 7, 7, 7, 0, 7, 7, 7, 7, 7, 7, 7, 0, 7, 7, 0], [0, 7, 7, 0, 7, 7, 7, 7, 7, 7, 0, 7, 7, 7, 7, 7, 0, 7, 7, 0], [0, 7, 7, 0, 0, 7, 0, 7, 7, 0, 7, 7, 7, 0, 7, 0, 7, 7, 7, 0], [7, 0, 7, 0, 7, 0, 7, 7, 7, 7, 7, 7, 0, 7, 7, 7, 7, 0, 0, 7], [7, 7, 7, 7, 0, 7, 7, 0, 7, 0, 7, 7, 7, 7, 7, 7, 0, 0, 7, 7], [7, 7, 7, 0, 7, 7, 7, 7, 7, 0, 7, 7, 7, 7, 7, 0, 0, 0, 7, 7], [0, 7, 0, 0, 0, 7, 7, 7, 7, 7, 7, 7, 7, 0, 0, 7, 7, 7, 7, 0], [7, 7, 0, 7, 0, 7, 7, 7, 7, 7, 7, 0, 0, 7, 7, 7, 7, 7, 7, 0], [0, 7, 7, 0, 7, 0, 7, 7, 7, 0, 0, 0, 7, 7, 7, 7, 0, 0, 7, 7], [7, 0, 7, 0, 7, 7, 7, 0, 7, 7, 7, 7, 7, 0, 0, 7, 0, 7, 7, 7], [7, 0, 7, 7, 0, 7, 0, 7, 7, 7, 7, 0, 0, 0, 0, 7, 7, 7, 7, 7], [7, 7, 7, 7, 0, 0, 7, 7, 7, 7, 7, 7, 0, 7, 7, 7, 7, 0, 7, 0], [7, 7, 0, 7, 7, 7, 7, 7, 0, 7, 7, 7, 7, 7, 7, 7, 0, 7, 0, 7], [7, 7, 7, 1, 1, 1, 7, 0, 7, 0, 7, 0, 0, 7, 7, 7, 0, 7, 0, 0], [7, 7, 0, 1, 1, 1, 7, 7, 7, 7, 7, 7, 0, 7, 7, 7, 7, 7, 0, 0], [0, 7, 7, 1, 1, 1, 0, 7, 0, 7, 7, 7, 0, 7, 7, 0, 0, 7, 7, 0]]}, {"input": [[4, 0, 0, 0, 0, 0, 4, 4, 4, 0, 4, 4, 0, 0, 0, 4, 0, 4, 4, 0], [4, 0, 4, 4, 4, 4, 4, 4, 0, 0, 4, 4, 4, 4, 0, 4, 0, 0, 0, 4], [4, 4, 4, 4, 4, 0, 4, 4, 4, 4, 0, 0, 0, 4, 4, 0, 4, 4, 4, 4], [4, 0, 4, 0, 4, 0, 4, 0, 0, 0, 0, 0, 0, 4, 4, 0, 4, 0, 0, 4], [4, 4, 0, 4, 4, 4, 4, 4, 4, 4, 0, 0, 0, 4, 0, 0, 4, 4, 4, 4], [0, 0, 0, 0, 4, 4, 4, 0, 4, 4, 4, 4, 4, 4, 4, 4, 4, 0, 4, 0], [0, 4, 0, 4, 4, 4, 4, 4, 4, 0, 0, 0, 0, 4, 4, 0, 4, 0, 0, 4], [4, 0, 4, 4, 0, 4, 4, 0, 4, 4, 0, 4, 4, 4, 4, 0, 0, 0, 4, 0], [0, 0, 4, 4, 0, 0, 0, 4, 4, 4, 4, 4, 4, 4, 4, 4, 4, 4, 4, 4], [0, 4, 4, 0, 0, 0, 0, 0, 4, 0, 4, 0, 4, 0, 4, 4, 4, 0, 4, 0], [4, 4, 0, 0, 0, 0, 0, 0, 4, 0, 4, 4, 0, 4, 4, 4, 4, 4, 0, 0], [4, 0, 0, 4, 0, 0, 0, 0, 4, 4, 4, 4, 4, 4, 0, 0, 4, 4, 4, 4], [0, 4, 4, 4, 4, 4, 4, 0, 4, 4, 4, 4, 4, 4, 4, 4, 4, 4, 4, 4], [0, 4, 4, 0, 4, 0, 0, 4, 4, 0, 4, 4, 4, 4, 4, 4, 4, 0, 0, 4], [4, 4, 4, 4, 4, 0, 4, 0, 4, 4, 4, 4, 4, 4, 4, 4, 4, 4, 0, 4], [4, 4, 4, 4, 4, 4, 4, 4, 0, 0, 4, 4, 4, 0, 4, 4, 4, 0, 4, 0], [4, 4, 4, 4, 4, 0, 4, 4, 4, 4, 4, 4, 4, 0, 4, 4, 4, 0, 4, 4], [4, 0, 4, 4, 0, 0, 0, 0, 4, 0, 4, 0, 4, 4, 0, 0, 4, 4, 4, 0], [0, 0, 0, 4, 0, 0, 0, 4, 4, 0, 4, 4, 4, 4, 4, 0, 0, 4, 4, 4], [0, 4, 4, 4, 0, 0, 0, 0, 0, 4, 4, 4, 4, 4, 0, 4, 0, 4, 0, 4]], "output": [[4, 0, 0, 0, 0, 0, 4, 4, 4, 0, 4, 4, 0, 0, 0, 4, 0, 4, 4, 0], [4, 0, 4, 4, 4, 4, 4, 4, 0, 0, 4, 4, 4, 4, 0, 4, 0, 0, 0, 4], [4, 4, 4, 4, 4, 0, 4, 4, 4, 4, 1, 1, 1, 4, 4, 0, 4, 4, 4, 4], [4, 0, 4, 0, 4, 0, 4, 0, 0, 0, 1, 1, 1, 4, 4, 0, 4, 0, 0, 4], [4, 4, 0, 4, 4, 4, 4, 4, 4, 4, 1, 1, 1, 4, 0, 0, 4, 4, 4, 4], [0, 0, 0, 0, 4, 4, 4, 0, 4, 4, 4, 4, 4, 4, 4, 4, 4, 0, 4, 0], [0, 4, 0, 4, 4, 4, 4, 4, 4, 0, 0, 0, 0, 4, 4, 0, 4, 0, 0, 4], [4, 0, 4, 4, 0, 4, 4, 0, 4, 4, 0, 4, 4, 4, 4, 0, 0, 0, 4, 0], [0, 0, 4, 4, 1, 1, 1, 4, 4, 4, 4, 4, 4, 4, 4, 4, 4, 4, 4, 4], [0, 4, 4, 0, 1, 1, 1, 0, 4, 0, 4, 0, 4, 0, 4, 4, 4, 0, 4, 0], [4, 4, 0, 0, 1, 1, 1, 0, 4, 0, 4, 4, 0, 4, 4, 4, 4, 4, 0, 0], [4, 0, 0, 4, 0, 0, 0, 0, 4, 4, 4, 4, 4, 4, 0, 0, 4, 4, 4, 4], [0, 4, 4, 4, 4, 4, 4, 0, 4, 4, 4, 4, 4, 4, 4, 4, 4, 4, 4, 4], [0, 4, 4, 0, 4, 0, 0, 4, 4, 0, 4, 4, 4, 4, 4, 4, 4, 0, 0, 4], [4, 4, 4, 4, 4, 0, 4, 0, 4, 4, 4, 4, 4, 4, 4, 4, 4, 4, 0, 4], [4, 4, 4, 4, 4, 4, 4, 4, 0, 0, 4, 4, 4, 0, 4, 4, 4, 0, 4, 0], [4, 4, 4, 4, 4, 0, 4, 4, 4, 4, 4, 4, 4, 0, 4, 4, 4, 0, 4, 4], [4, 0, 4, 4, 1, 1, 1, 0, 4, 0, 4, 0, 4, 4, 0, 0, 4, 4, 4, 0], [0, 0, 0, 4, 1, 1, 1, 4, 4, 0, 4, 4, 4, 4, 4, 0, 0, 4, 4, 4], [0, 4, 4, 4, 1, 1, 1, 0, 0, 4, 4, 4, 4, 4, 0, 4, 0, 4, 0, 4]]}, {"input": [[8, 8, 0, 8, 8, 8, 8, 8, 8, 0, 8, 8, 0, 8, 0, 8, 8, 8, 0, 0], [0, 0, 8, 8, 0, 0, 0, 8, 8, 8, 8, 8, 0, 8, 8, 8, 8, 8, 8, 8], [8, 8, 8, 8, 0, 8, 8, 8, 0, 8, 8, 0, 8, 0, 8, 0, 0, 8, 8, 8], [0, 8, 0, 8, 8, 8, 0, 8, 8, 8, 0, 8, 0, 8, 8, 8, 8, 8, 0, 0], [8, 0, 8, 8, 8, 8, 0, 0, 0, 0, 0, 8, 8, 0, 8, 8, 8, 8, 8, 0], [8, 0, 8, 0, 0, 0, 8, 0, 0, 0, 8, 8, 0, 8, 8, 8, 8, 0, 8, 0], [8, 8, 8, 8, 8, 8, 8, 0, 0, 0, 8, 8, 0, 8, 0, 0, 0, 0, 8, 8], [8, 8, 0, 8, 8, 0, 0, 8, 0, 8, 8, 8, 8, 8, 0, 0, 0, 8, 8, 0], [0, 8, 0, 8, 8, 8, 8, 8, 0, 8, 8, 0, 0, 8, 0, 0, 0, 0, 8, 8], [0, 8, 0, 0, 8, 8, 8, 0, 0, 8, 8, 8, 0, 8, 8, 0, 0, 8, 8, 0], [8, 8, 8, 8, 8, 8, 8, 8, 8, 8, 8, 8, 8, 8, 8, 8, 0, 8, 0, 8], [8, 8, 8, 8, 8, 8, 8, 0, 8, 0, 0, 8, 8, 0, 8, 8, 8, 0, 8, 0], [8, 0, 0, 8, 8, 0, 0, 8, 8, 0, 8, 0, 8, 8, 8, 0, 8, 0, 8, 8], [8, 0, 8, 8, 8, 8, 8, 8, 8, 8, 8, 0, 0, 8, 8, 0, 8, 8, 8, 0], [8, 8, 0, 0, 8, 8, 8, 8, 8, 8, 8, 8, 8, 8, 0, 8, 8, 8, 8, 0], [8, 0, 8, 8, 8, 8, 0, 0, 8, 8, 8, 0, 8, 8, 8, 0, 8, 8, 0, 8], [0, 0, 8, 0, 0, 8, 0, 8, 8, 8, 8, 8, 8, 8, 0, 0, 8, 8, 8, 8], [8, 8, 0, 8, 0, 0, 0, 8, 0, 8, 0, 8, 8, 8, 8, 0, 8, 8, 8, 0], [8, 8, 8, 8, 0, 8, 8, 8, 8, 8, 8, 8, 0, 0, 0, 0, 8, 0, 0, 0], [0, 8, 0, 8, 0, 8, 8, 8, 8, 0, 8, 8, 8, 8, 0, 0, 0, 8, 8, 8]], "output": [[8, 8, 0, 8, 8, 8, 8, 8, 8, 0, 8, 8, 0, 8, 0, 8, 8, 8, 0, 0], [0, 0, 8, 8, 0, 0, 0, 8, 8, 8, 8, 8, 0, 8, 8, 8, 8, 8, 8, 8], [8, 8, 8, 8, 0, 8, 8, 8, 0, 8, 8, 0, 8, 0, 8, 0, 0, 8, 8, 8], [0, 8, 0, 8, 8, 8, 0, 8, 8, 8, 0, 8, 0, 8, 8, 8, 8, 8, 0, 0], [8, 0, 8, 8, 8, 8, 0, 1, 1, 1, 0, 8, 8, 0, 8, 8, 8, 8, 8, 0], [8, 0, 8, 0, 0, 0, 8, 1, 1, 1, 8, 8, 0, 8, 8, 8, 8, 0, 8, 0], [8, 8, 8, 8, 8, 8, 8, 1, 1, 1, 8, 8, 0, 8, 1, 1, 1, 0, 8, 8], [8, 8, 0, 8, 8, 0, 0, 8, 0, 8, 8, 8, 8, 8, 1, 1, 1, 8, 8, 0], [0, 8, 0, 8, 8, 8, 8, 8, 0, 8, 8, 0, 0, 8, 1, 1, 1, 0, 8, 8], [0, 8, 0, 0, 8, 8, 8, 0, 0, 8, 8, 8, 0, 8, 8, 0, 0, 8, 8, 0], [8, 8, 8, 8, 8, 8, 8, 8, 8, 8, 8, 8, 8, 8, 8, 8, 0, 8, 0, 8], [8, 8, 8, 8, 8, 8, 8, 0, 8, 0, 0, 8, 8, 0, 8, 8, 8, 0, 8, 0], [8, 0, 0, 8, 8, 0, 0, 8, 8, 0, 8, 0, 8, 8, 8, 0, 8, 0, 8, 8], [8, 0, 8, 8, 8, 8, 8, 8, 8, 8, 8, 0, 0, 8, 8, 0, 8, 8, 8, 0], [8, 8, 0, 0, 8, 8, 8, 8, 8, 8, 8, 8, 8, 8, 0, 8, 8, 8, 8, 0], [8, 0, 8, 8, 8, 8, 0, 0, 8, 8, 8, 0, 8, 8, 8, 0, 8, 8, 0, 8], [0, 0, 8, 0, 0, 8, 0, 8, 8, 8, 8, 8, 8, 8, 0, 0, 8, 8, 8, 8], [8, 8, 0, 8, 0, 0, 0, 8, 0, 8, 0, 8, 8, 8, 8, 0, 8, 8, 8, 0], [8, 8, 8, 8, 0, 8, 8, 8, 8, 8, 8, 8, 0, 0, 0, 0, 8, 0, 0, 0], [0, 8, 0, 8, 0, 8, 8, 8, 8, 0, 8, 8, 8, 8, 0, 0, 0, 8, 8, 8]]}, {"input": [[8, 0, 8, 8, 8, 8, 8, 0, 8, 8, 8, 8, 0, 0, 0, 8, 8, 8, 0, 8], [0, 8, 8, 8, 8, 8, 0, 8, 8, 8, 8, 0, 8, 8, 8, 8, 8, 8, 0, 8], [0, 8, 8, 8, 8, 8, 8, 8, 8, 8, 0, 8, 0, 0, 8, 8, 0, 8, 8, 0], [8, 0, 8, 8, 8, 0, 8, 8, 8, 8, 0, 8, 0, 8, 8, 0, 8, 8, 0, 8], [8, 0, 8, 0, 8, 8, 8, 8, 8, 8, 8, 8, 8, 8, 8, 8, 8, 0, 8, 8], [0, 0, 0, 8, 8, 0, 8, 8, 0, 8, 8, 8, 8, 8, 8, 8, 0, 8, 8, 0], [8, 8, 0, 8, 8, 8, 0, 8, 8, 0, 0, 0, 0, 8, 8, 8, 0, 8, 0, 0], [8, 8, 8, 8, 8, 8, 8, 0, 8, 0, 0, 0, 8, 8, 0, 8, 8, 0, 0, 8], [8, 8, 0, 8, 0, 0, 8, 0, 8, 0, 0, 0, 8, 8, 0, 8, 8, 8, 8, 0], [0, 8, 8, 0, 0, 0, 0, 8, 0, 0, 0, 8, 0, 8, 8, 8, 8, 8, 8, 8], [8, 8, 0, 0, 0, 8, 0, 8, 8, 0, 0, 8, 0, 8, 8, 8, 8, 8, 8, 8], [8, 0, 0, 0, 0, 0, 8, 8, 8, 8, 8, 0, 8, 8, 8, 8, 0, 8, 0, 8], [0, 0, 0, 0, 8, 0, 8, 0, 0, 8, 0, 0, 8, 8, 8, 8, 0, 8, 8, 0], [8, 0, 0, 0, 0, 8, 0, 8, 8, 8, 8, 8, 8, 8, 8, 8, 0, 0, 8, 0], [8, 8, 8, 8, 0, 0, 0, 0, 8, 0, 8, 8, 8, 8, 8, 8, 8, 8, 0, 8], [8, 8, 0, 8, 0, 0, 8, 8, 0, 0, 0, 8, 8, 8, 8, 0, 0, 0, 8, 0], [0, 0, 8, 8, 8, 8, 0, 8, 8, 8, 8, 8, 8, 0, 8, 8, 0, 8, 0, 8], [8, 8, 0, 0, 8, 8, 8, 8, 8, 8, 8, 8, 8, 8, 8, 8, 0, 0, 8, 8], [8, 8, 8, 0, 8, 8, 8, 8, 8, 8, 0, 8, 8, 8, 8, 8, 0, 8, 8, 0], [8, 8, 0, 0, 8, 0, 0, 8, 8, 8, 8, 8, 8, 0, 8, 0, 0, 0, 8, 8]], "output": [[8, 0, 8, 8, 8, 8, 8, 0, 8, 8, 8, 8, 0, 0, 0, 8, 8, 8, 0, 8], [0, 8, 8, 8, 8, 8, 0, 8, 8, 8, 8, 0, 8, 8, 8, 8, 8, 8, 0, 8], [0, 8, 8, 8, 8, 8, 8, 8, 8, 8, 0, 8, 0, 0, 8, 8, 0, 8, 8, 0], [8, 0, 8, 8, 8, 0, 8, 8, 8, 8, 0, 8, 0, 8, 8, 0, 8, 8, 0, 8], [8, 0, 8, 0, 8, 8, 8, 8, 8, 8, 8, 8, 8, 8, 8, 8, 8, 0, 8, 8], [0, 0, 0, 8, 8, 0, 8, 8, 0, 8, 8, 8, 8, 8, 8, 8, 0, 8, 8, 0], [8, 8, 0, 8, 8, 8, 0, 8, 8, 1, 1, 1, 0, 8, 8, 8, 0, 8, 0, 0], [8, 8, 8, 8, 8, 8, 8, 0, 8, 1, 1, 1, 8, 8, 0, 8, 8, 0, 0, 8], [8, 8, 0, 8, 0, 0, 8, 0, 8, 1, 1, 1, 8, 8, 0, 8, 8, 8, 8, 0], [0, 8, 8, 0, 0, 0, 0, 8, 0, 0, 0, 8, 0, 8, 8, 8, 8, 8, 8, 8], [8, 8, 0, 0, 0, 8, 0, 8, 8, 0, 0, 8, 0, 8, 8, 8, 8, 8, 8, 8], [8, 1, 1, 1, 0, 0, 8, 8, 8, 8, 8, 0, 8, 8, 8, 8, 0, 8, 0, 8], [0, 1, 1, 1, 8, 0, 8, 0, 0, 8, 0, 0, 8, 8, 8, 8, 0, 8, 8, 0], [8, 1, 1, 1, 0, 8, 0, 8, 8, 8, 8, 8, 8, 8, 8, 8, 0, 0, 8, 0], [8, 8, 8, 8, 0, 0, 0, 0, 8, 0, 8, 8, 8, 8, 8, 8, 8, 8, 0, 8], [8, 8, 0, 8, 0, 0, 8, 8, 0, 0, 0, 8, 8, 8, 8, 0, 0, 0, 8, 0], [0, 0, 8, 8, 8, 8, 0, 8, 8, 8, 8, 8, 8, 0, 8, 8, 0, 8, 0, 8], [8, 8, 0, 0, 8, 8, 8, 8, 8, 8, 8, 8, 8, 8, 8, 8, 0, 0, 8, 8], [8, 8, 8, 0, 8, 8, 8, 8, 8, 8, 0, 8, 8, 8, 8, 8, 0, 8, 8, 0], [8, 8, 0, 0, 8, 0, 0, 8, 8, 8, 8, 8, 8, 0, 8, 0, 0, 0, 8, 8]]}, {"input": [[0, 4, 0, 4, 0, 0, 4, 4, 4, 0, 0, 0, 4, 4, 4, 4, 4, 4, 4, 4], [4, 4, 4, 4, 0, 4, 0, 4, 4, 4, 4, 4, 0, 4, 4, 0, 4, 4, 4, 4], [4, 0, 0, 0, 4, 4, 4, 4, 4, 4, 0, 4, 4, 4, 4, 0, 0, 4, 0, 4], [4, 0, 0, 4, 4, 4, 4, 4, 0, 4, 4, 0, 0, 4, 4, 0, 4, 4, 4, 0], [0, 4, 0, 4, 4, 0, 4, 4, 4, 4, 4, 4, 4, 4, 4, 4, 4, 4, 0, 4], [4, 4, 4, 4, 4, 0, 4, 4, 0, 0, 0, 0, 0, 0, 4, 4, 4, 0, 0, 4], [4, 4, 4, 0, 4, 4, 4, 0, 0, 0, 0, 4, 4, 4, 4, 4, 4, 0, 0, 0], [0, 0, 4, 4, 4, 0, 4, 0, 0, 0, 0, 0, 4, 0, 0, 4, 4, 4, 4, 4], [0, 0, 4, 0, 4, 0, 0, 4, 4, 4, 4, 0, 0, 4, 4, 4, 0, 4, 0, 4], [4, 4, 0, 4, 4, 4, 4, 4, 0, 0, 4, 0, 4, 0, 0, 4, 4, 4, 0, 0], [4, 4, 0, 0, 4, 0, 4, 4, 4, 0, 4, 4, 0, 4, 0, 0, 0, 4, 4, 0], [0, 4, 0, 4, 4, 4, 4, 4, 0, 0, 4, 4, 0, 4, 0, 4, 4, 4, 4, 4], [0, 4, 4, 4, 0, 4, 4, 4, 4, 0, 4, 4, 4, 4, 4, 0, 4, 4, 4, 0], [0, 4, 4, 4, 0, 0, 4, 0, 4, 4, 4, 4, 0, 4, 4, 4, 4, 0, 0, 4], [4, 0, 4, 0, 4, 4, 4, 4, 4, 0, 0, 4, 4, 4, 0, 4, 4, 4, 4, 4], [4, 0, 0, 4, 4, 4, 4, 0, 0, 4, 4, 4, 4, 4, 4, 4, 0, 0, 4, 4], [4, 0, 4, 4, 4, 4, 4, 4, 0, 0, 4, 4, 4, 4, 0, 4, 4, 4, 4, 0], [4, 4, 0, 4, 4, 4, 4, 4, 4, 0, 4, 4, 4, 4, 4, 4, 4, 4, 4, 4], [0, 4, 4, 4, 4, 4, 4, 4, 4, 4, 4, 0, 4, 4, 4, 4, 4, 0, 4, 4], [0, 4, 4, 4, 0, 0, 0, 4, 4, 4, 0, 0, 0, 0, 4, 4, 4, 4, 4, 4]], "output": [[0, 4, 0, 4, 0, 0, 4, 4, 4, 0, 0, 0, 4, 4, 4, 4, 4, 4, 4, 4], [4, 4, 4, 4, 0, 4, 0, 4, 4, 4, 4, 4, 0, 4, 4, 0, 4, 4, 4, 4], [4, 0, 0, 0, 4, 4, 4, 4, 4, 4, 0, 4, 4, 4, 4, 0, 0, 4, 0, 4], [4, 0, 0, 4, 4, 4, 4, 4, 0, 4, 4, 0, 0, 4, 4, 0, 4, 4, 4, 0], [0, 4, 0, 4, 4, 0, 4, 4, 4, 4, 4, 4, 4, 4, 4, 4, 4, 4, 0, 4], [4, 4, 4, 4, 4, 0, 4, 4, 1, 1, 1, 0, 0, 0, 4, 4, 4, 0, 0, 4], [4, 4, 4, 0, 4, 4, 4, 0, 1, 1, 1, 4, 4, 4, 4, 4, 4, 0, 0, 0], [0, 0, 4, 4, 4, 0, 4, 0, 1, 1, 1, 0, 4, 0, 0, 4, 4, 4, 4, 4], [0, 0, 4, 0, 4, 0, 0, 4, 4, 4, 4, 0, 0, 4, 4, 4, 0, 4, 0, 4], [4, 4, 0, 4, 4, 4, 4, 4, 0, 0, 4, 0, 4, 0, 0, 4, 4, 4, 0, 0], [4, 4, 0, 0, 4, 0, 4, 4, 4, 0, 4, 4, 0, 4, 0, 0, 0, 4, 4, 0], [0, 4, 0, 4, 4, 4, 4, 4, 0, 0, 4, 4, 0, 4, 0, 4, 4, 4, 4, 4], [0, 4, 4, 4, 0, 4, 4, 4, 4, 0, 4, 4, 4, 4, 4, 0, 4, 4, 4, 0], [0, 4, 4, 4, 0, 0, 4, 0, 4, 4, 4, 4, 0, 4, 4, 4, 4, 0, 0, 4], [4, 0, 4, 0, 4, 4, 4, 4, 4, 0, 0, 4, 4, 4, 0, 4, 4, 4, 4, 4], [4, 0, 0, 4, 4, 4, 4, 0, 0, 4, 4, 4, 4, 4, 4, 4, 0, 0, 4, 4], [4, 0, 4, 4, 4, 4, 4, 4, 0, 0, 4, 4, 4, 4, 0, 4, 4, 4, 4, 0], [4, 4, 0, 4, 4, 4, 4, 4, 4, 0, 4, 4, 4, 4, 4, 4, 4, 4, 4, 4], [0, 4, 4, 4, 4, 4, 4, 4, 4, 4, 4, 0, 4, 4, 4, 4, 4, 0, 4, 4], [0, 4, 4, 4, 0, 0, 0, 4, 4, 4, 0, 0, 0, 0, 4, 4, 4, 4, 4, 4]]}, {"input": [[0, 7, 7, 0, 7, 0, 0, 0, 0, 7, 7, 0, 7, 7, 7, 0, 7, 7, 0, 7], [7, 7, 0, 0, 0, 7, 7, 7, 7, 7, 0, 7, 7, 0, 7, 7, 0, 0, 7, 7], [0, 7, 0, 7, 7, 0, 7, 7, 0, 7, 0, 0, 7, 7, 7, 0, 0, 0, 7, 7], [7, 7, 7, 7, 7, 7, 7, 0, 0, 0, 0, 7, 7, 7, 7, 7, 7, 7, 0, 7], [0, 7, 7, 7, 7, 0, 7, 7, 7, 7, 7, 7, 7, 0, 0, 7, 0, 7, 0, 0], [7, 7, 7, 7, 0, 0, 0, 7, 0, 0, 7, 0, 7, 7, 0, 7, 0, 7, 7, 0], [0, 0, 7, 7, 0, 0, 0, 7, 7, 0, 7, 7, 0, 7, 7, 7, 7, 7, 7, 7], [7, 0, 7, 0, 0, 0, 0, 7, 7, 0, 0, 7, 7, 7, 7, 7, 7, 7, 7, 7], [7, 7, 7, 7, 7, 7, 7, 7, 0, 7, 7, 7, 0, 0, 7, 7, 0, 0, 7, 0], [7, 7, 7, 0, 7, 7, 0, 7, 7, 7, 7, 0, 0, 0, 7, 7, 0, 7, 7, 0], [7, 7, 0, 0, 7, 7, 7, 7, 7, 7, 7, 7, 7, 7, 7, 7, 7, 0, 7, 7], [7, 7, 7, 0, 7, 7, 0, 7, 7, 7, 7, 7, 7, 0, 7, 7, 7, 7, 0, 7], [0, 7, 7, 7, 7, 7, 7, 7, 7, 7, 0, 7, 0, 0, 7, 7, 7, 7, 7, 7], [0, 0, 0, 0, 7, 7, 0, 7, 0, 0, 0, 7, 0, 7, 7, 7, 0, 7, 0, 7], [7, 0, 0, 7, 0, 0, 0, 7, 7, 0, 7, 7, 7, 7, 7, 7, 7, 7, 0, 0], [7, 7, 7, 7, 7, 7, 7, 7, 7, 0, 7, 7, 7, 0, 7, 7, 7, 0, 0, 7], [7, 7, 7, 7, 7, 7, 7, 7, 0, 0, 7, 0, 0, 0, 0, 0, 0, 7, 7, 0], [7, 7, 0, 0, 7, 0, 7, 7, 0, 7, 7, 7, 0, 0, 0, 0, 7, 0, 7, 7], [7, 7, 7, 7, 0, 7, 7, 7, 0, 7, 7, 7, 0, 0, 0, 7, 7, 0, 7, 7], [7, 0, 7, 7, 0, 7, 0, 0, 7, 0, 7, 0, 7, 7, 7, 7, 7, 7, 7, 0]], "output": [[0, 7, 7, 0, 7, 0, 0, 0, 0, 7, 7, 0, 7, 7, 7, 0, 7, 7, 0, 7], [7, 7, 0, 0, 0, 7, 7, 7, 7, 7, 0, 7, 7, 0, 7, 7, 0, 0, 7, 7], [0, 7, 0, 7, 7, 0, 7, 7, 0, 7, 0, 0, 7, 7, 7, 0, 0, 0, 7, 7], [7, 7, 7, 7, 7, 7, 7, 0, 0, 0, 0, 7, 7, 7, 7, 7, 7, 7, 0, 7], [0, 7, 7, 7, 7, 0, 7, 7, 7, 7, 7, 7, 7, 0, 0, 7, 0, 7, 0, 0], [7, 7, 7, 7, 1, 1, 1, 7, 0, 0, 7, 0, 7, 7, 0, 7, 0, 7, 7, 0], [0, 0, 7, 7, 1, 1, 1, 7, 7, 0, 7, 7, 0, 7, 7, 7, 7, 7, 7, 7], [7, 0, 7, 0, 1, 1, 1, 7, 7, 0, 0, 7, 7, 7, 7, 7, 7, 7, 7, 7], [7, 7, 7, 7, 7, 7, 7, 7, 0, 7, 7, 7, 0, 0, 7, 7, 0, 0, 7, 0], [7, 7, 7, 0, 7, 7, 0, 7, 7, 7, 7, 0, 0, 0, 7, 7, 0, 7, 7, 0], [7, 7, 0, 0, 7, 7, 7, 7, 7, 7, 7, 7, 7, 7, 7, 7, 7, 0, 7, 7], [7, 7, 7, 0, 7, 7, 0, 7, 7, 7, 7, 7, 7, 0, 7, 7, 7, 7, 0, 7], [0, 7, 7, 7, 7, 7, 7, 7, 7, 7, 0, 7, 0, 0, 7, 7, 7, 7, 7, 7], [0, 0, 0, 0, 7, 7, 0, 7, 0, 0, 0, 7, 0, 7, 7, 7, 0, 7, 0, 7], [7, 0, 0, 7, 0, 0, 0, 7, 7, 0, 7, 7, 7, 7, 7, 7, 7, 7, 0, 0], [7, 7, 7, 7, 7, 7, 7, 7, 7, 0, 7, 7, 7, 0, 7, 7, 7, 0, 0, 7], [7, 7, 7, 7, 7, 7, 7, 7, 0, 0, 7, 0, 1, 1, 1, 0, 0, 7, 7, 0], [7, 7, 0, 0, 7, 0, 7, 7, 0, 7, 7, 7, 1, 1, 1, 0, 7, 0, 7, 7], [7, 7, 7, 7, 0, 7, 7, 7, 0, 7, 7, 7, 1, 1, 1, 7, 7, 0, 7, 7], [7, 0, 7, 7, 0, 7, 0, 0, 7, 0, 7, 0, 7, 7, 7, 7, 7, 7, 7, 0]]}, {"input": [[0, 6, 6, 0, 0, 6, 0, 6, 6, 6, 6, 6, 6, 0, 6, 6, 6, 0, 6, 0], [0, 6, 6, 0, 6, 6, 0, 6, 0, 6, 6, 0, 6, 0, 6, 6, 0, 0, 6, 6], [6, 6, 0, 6, 6, 0, 6, 0, 6, 0, 6, 6, 6, 6, 6, 6, 6, 6, 6, 6], [6, 0, 6, 0, 6, 6, 6, 6, 6, 0, 0, 6, 0, 6, 6, 6, 6, 0, 6, 0], [6, 6, 0, 6, 6, 0, 6, 6, 0, 6, 0, 6, 0, 0, 6, 6, 6, 6, 6, 6], [6, 6, 0, 0, 0, 0, 6, 0, 6, 6, 0, 6, 6, 6, 6, 6, 6, 6, 6, 6], [6, 6, 0, 0, 0, 0, 6, 0, 0, 0, 0, 0, 0, 0, 0, 0, 6, 6, 6, 6], [6, 6, 6, 0, 0, 0, 0, 6, 0, 0, 0, 6, 0, 6, 6, 6, 0, 6, 0, 6], [6, 6, 6, 6, 6, 6, 6, 6, 0, 0, 0, 0, 6, 0, 6, 6, 6, 6, 6, 6], [6, 6, 6, 6, 6, 6, 6, 6, 6, 6, 6, 0, 6, 0, 6, 6, 6, 0, 0, 6], [6, 6, 0, 0, 6, 0, 6, 0, 6, 6, 0, 6, 0, 6, 0, 6, 6, 6, 0, 6], [0, 6, 0, 6, 6, 0, 0, 6, 6, 6, 6, 6, 6, 0, 0, 0, 0, 6, 0, 6], [6, 6, 0, 6, 0, 6, 0, 6, 6, 6, 6, 6, 6, 6, 0, 6, 6, 6, 6, 0], [6, 6, 6, 6, 0, 6, 0, 6, 6, 6, 6, 6, 6, 6, 6, 6, 6, 0, 6, 6], [0, 6, 0, 6, 6, 6, 6, 6, 6, 6, 6, 0, 0, 0, 6, 0, 6, 6, 6, 6], [6, 6, 6, 6, 6, 6, 0, 6, 6, 0, 6, 6, 0, 0, 6, 0, 6, 0, 6, 0], [6, 6, 6, 6, 0, 6, 0, 0, 6, 6, 0, 0, 6, 0, 6, 6, 0, 0, 0, 6], [6, 6, 0, 0, 6, 6, 6, 6, 6, 6, 6, 0, 6, 6, 6, 0, 0, 6, 0, 6], [6, 6, 6, 6, 6, 6, 6, 0, 6, 0, 0, 6, 0, 6, 0, 0, 0, 6, 0, 6], [6, 0, 6, 0, 6, 6, 6, 6, 6, 6, 6, 6, 0, 6, 6, 0, 0, 0, 0, 6]], "output": [[0, 6, 6, 0, 0, 6, 0, 6, 6, 6, 6, 6, 6, 0, 6, 6, 6, 0, 6, 0], [0, 6, 6, 0, 6, 6, 0, 6, 0, 6, 6, 0, 6, 0, 6, 6, 0, 0, 6, 6], [6, 6, 0, 6, 6, 0, 6, 0, 6, 0, 6, 6, 6, 6, 6, 6, 6, 6, 6, 6], [6, 0, 6, 0, 6, 6, 6, 6, 6, 0, 0, 6, 0, 6, 6, 6, 6, 0, 6, 0], [6, 6, 0, 6, 6, 0, 6, 6, 0, 6, 0, 6, 0, 0, 6, 6, 6, 6, 6, 6], [6, 6, 0, 1, 1, 1, 6, 0, 6, 6, 0, 6, 6, 6, 6, 6, 6, 6, 6, 6], [6, 6, 0, 1, 1, 1, 6, 0, 1, 1, 1, 0, 0, 0, 0, 0, 6, 6, 6, 6], [6, 6, 6, 1, 1, 1, 0, 6, 1, 1, 1, 6, 0, 6, 6, 6, 0, 6, 0, 6], [6, 6, 6, 6, 6, 6, 6, 6, 1, 1, 1, 0, 6, 0, 6, 6, 6, 6, 6, 6], [6, 6, 6, 6, 6, 6, 6, 6, 6, 6, 6, 0, 6, 0, 6, 6, 6, 0, 0, 6], [6, 6, 0, 0, 6, 0, 6, 0, 6, 6, 0, 6, 0, 6, 0, 6, 6, 6, 0, 6], [0, 6, 0, 6, 6, 0, 0, 6, 6, 6, 6, 6, 6, 0, 0, 0, 0, 6, 0, 6], [6, 6, 0, 6, 0, 6, 0, 6, 6, 6, 6, 6, 6, 6, 0, 6, 6, 6, 6, 0], [6, 6, 6, 6, 0, 6, 0, 6, 6, 6, 6, 6, 6, 6, 6, 6, 6, 0, 6, 6], [0, 6, 0, 6, 6, 6, 6, 6, 6, 6, 6, 0, 0, 0, 6, 0, 6, 6, 6, 6], [6, 6, 6, 6, 6, 6, 0, 6, 6, 0, 6, 6, 0, 0, 6, 0, 6, 0, 6, 0], [6, 6, 6, 6, 0, 6, 0, 0, 6, 6, 0, 0, 6, 0, 6, 6, 0, 0, 0, 6], [6, 6, 0, 0, 6, 6, 6, 6, 6, 6, 6, 0, 6, 6, 6, 0, 0, 6, 0, 6], [6, 6, 6, 6, 6, 6, 6, 0, 6, 0, 0, 6, 0, 6, 0, 0, 0, 6, 0, 6], [6, 0, 6, 0, 6, 6, 6, 6, 6, 6, 6, 6, 0, 6, 6, 0, 0, 0, 0, 6]]}]
