[{"input": [[7, 7, 8, 8], [5, 7, 3, 9], [2, 4, 3, 9], [4, 4, 4, 4]], "output": [[7, 7, 8, 8, 8, 8, 7, 7], [5, 7, 3, 9, 9, 3, 7, 5], [2, 4, 3, 9, 9, 3, 4, 2], [4, 4, 4, 4, 4, 4, 4, 4]]}, {"input": [[2, 9, 9, 5, 4], [5, 7, 9, 5, 4], [5, 4, 3, 3, 3], [8, 9, 1, 6, 4], [7, 8, 1, 6, 6]], "output": [[2, 9, 9, 5, 4, 4, 5, 9, 9, 2], [5, 7, 9, 5, 4, 4, 5, 9, 7, 5], [5, 4, 3, 3, 3, 3, 3, 3, 4, 5], [8, 9, 1, 6, 4, 4, 6, 1, 9, 8], [7, 8, 1, 6, 6, 6, 6, 1, 8, 7]]}, {"input": [[7, 7, 8, 9, 7], [1, 7, 9, 9, 8], [1, 5, 2, 2, 2], [5, 5, 2, 1, 5], [5, 9, 4, 5, 6]], "output": [[7, 7, 8, 9, 7, 7, 9, 8, 7, 7], [1, 7, 9, 9, 8, 8, 9, 9, 7, 1], [1, 5, 2, 2, 2, 2, 2, 2, 5, 1], [5, 5, 2, 1, 5, 5, 1, 2, 5, 5], [5, 9, 4, 5, 6, 6, 5, 4, 9, 5]]}, {"input": [[6, 1, 8], [1, 1, 4], [1, 6, 2]], "output": [[6, 1, 8, 8, 1, 6], [1, 1, 4, 4, 1, 1], [1, 6, 2, 2, 6, 1]]}, {"input": [[7, 8, 2, 4, 4], [7, 8, 8, 8, 4], [4, 8, 8, 8, 8], [4, 3, 5, 7, 3], [4, 7, 1, 1, 3]], "output": [[7, 8, 2, 4, 4, 4, 4, 2, 8, 7], [7, 8, 8, 8, 4, 4, 8, 8, 8, 7], [4, 8, 8, 8, 8, 8, 8, 8, 8, 4], [4, 3, 5, 7, 3, 3, 7, 5, 3, 4], [4, 7, 1, 1, 3, 3, 1, 1, 7, 4]]}, {"input": [[2, 1, 2, 2, 2], [2, 9, 2, 8, 8], [2, 8, 7, 7, 5], [2, 4, 4, 7, 8], [3, 5, 4, 1, 1]], "output": [[2, 1, 2, 2, 2, 2, 2, 2, 1, 2], [2, 9, 2, 8, 8, 8, 8, 2, 9, 2], [2, 8, 7, 7, 5, 5, 7, 7, 8, 2], [2, 4, 4, 7, 8, 8, 7, 4, 4, 2], [3, 5, 4, 1, 1, 1, 1, 4, 5, 3]]}, {"input": [[5, 9, 1, 7], [5, 5, 5, 9], [5, 6, 6, 2], [5, 5, 3, 8]], "output": [[5, 9, 1, 7, 7, 1, 9, 5], [5, 5, 5, 9, 9, 5, 5, 5], [5, 6, 6, 2, 2, 6, 6, 5], [5, 5, 3, 8, 8, 3, 5, 5]]}, {"input": [[3, 6, 6], [7, 7, 9], [7, 7, 9]], "output": [[3, 6, 6, 6, 6, 3], [7, 7, 9, 9, 7, 7], [7, 7, 9, 9, 7, 7]]}, {"input": [[9, 6, 6, 8], [1, 1, 7, 8], [3, 3, 9, 6], [7, 3, 5, 5]], "output": [[9, 6, 6, 8, 8, 6, 6, 9], [1, 1, 7, 8, 8, 7, 1, 1], [3, 3, 9, 6, 6, 9, 3, 3], [7, 3, 5, 5, 5, 5, 3, 7]]}, {"input": [[3, 3, 9], [6, 3, 6], [6, 1, 1]], "output": [[3, 3, 9, 9, 3, 3], [6, 3, 6, 6, 3, 6], [6, 1, 1, 1, 1, 6]]}, {"input": [[1, 6, 4, 4], [1, 6, 7, 4], [1, 7, 8, 8], [1, 7, 6, 7]], "output": [[1, 6, 4, 4, 4, 4, 6, 1], [1, 6, 7, 4, 4, 7, 6, 1], [1, 7, 8, 8, 8, 8, 7, 1], [1, 7, 6, 7, 7, 6, 7, 1]]}, {"input": [[3, 3, 6, 9], [3, 6, 6, 6], [9, 6, 1, 1], [3, 9, 9, 8]], "output": [[3, 3, 6, 9, 9, 6, 3, 3], [3, 6, 6, 6, 6, 6, 6, 3], [9, 6, 1, 1, 1, 1, 6, 9], [3, 9, 9, 8, 8, 9, 9, 3]]}, {"input": [[1, 6, 6], [5, 2, 6], [6, 6, 4]], "output": [[1, 6, 6, 6, 6, 1], [5, 2, 6, 6, 2, 5], [6, 6, 4, 4, 6, 6]]}, {"input": [[2, 2, 2, 5], [2, 2, 8, 4], [5, 5, 8, 4], [5, 5, 5, 3]], "output": [[2, 2, 2, 5, 5, 2, 2, 2], [2, 2, 8, 4, 4, 8, 2, 2], [5, 5, 8, 4, 4, 8, 5, 5], [5, 5, 5, 3, 3, 5, 5, 5]]}, {"input": [[1, 1, 1], [2, 1, 1], [7, 1, 1]], "output": [[1, 1, 1, 1, 1, 1], [2, 1, 1, 1, 1, 2], [7, 1, 1, 1, 1, 7]]}, {"input": [[2, 2, 9], [7, 5, 5], [1, 5, 4]], "output": [[2, 2, 9, 9, 2, 2], [7, 5, 5, 5, 5, 7], [1, 5, 4, 4, 5, 1]]}, {"input": [[9, 9, 3], [3, 9, 9], [3, 3, 3]], "output": [[9, 9, 3, 3, 9, 9], [3, 9, 9, 9, 9, 3], [3, 3, 3, 3, 3, 3]]}, {"input": [[3, 7, 4, 4], [7, 7, 7, 9], [3, 8, 8, 9], [3, 8, 8, 2]], "output": [[3, 7, 4, 4, 4, 4, 7, 3], [7, 7, 7, 9, 9, 7, 7, 7], [3, 8, 8, 9, 9, 8, 8, 3], [3, 8, 8, 2, 2, 8, 8, 3]]}, {"input": [[9, 5, 3, 8], [9, 5, 9, 8], [9, 5, 9, 7], [9, 5, 3, 7]], "output": [[9, 5, 3, 8, 8, 3, 5, 9], [9, 5, 9, 8, 8, 9, 5, 9], [9, 5, 9, 7, 7, 9, 5, 9], [9, 5, 3, 7, 7, 3, 5, 9]]}, {"input": [[5, 5, 7, 7, 2], [5, 5, 7, 9, 1], [3, 5, 7, 4, 1], [3, 1, 1, 8, 1], [3, 1, 1, 1, 1]], "output": [[5, 5, 7, 7, 2, 2, 7, 7, 5, 5], [5, 5, 7, 9, 1, 1, 9, 7, 5, 5], [3, 5, 7, 4, 1, 1, 4, 7, 5, 3], [3, 1, 1, 8, 1, 1, 8, 1, 1, 3], [3, 1, 1, 1, 1, 1, 1, 1, 1, 3]]}, {"input": [[6, 6, 6, 9, 7], [6, 5, 6, 4, 4], [4, 4, 6, 9, 4], [4, 4, 7, 7, 6], [4, 4, 4, 4, 3]], "output": [[6, 6, 6, 9, 7, 7, 9, 6, 6, 6], [6, 5, 6, 4, 4, 4, 4, 6, 5, 6], [4, 4, 6, 9, 4, 4, 9, 6, 4, 4], [4, 4, 7, 7, 6, 6, 7, 7, 4, 4], [4, 4, 4, 4, 3, 3, 4, 4, 4, 4]]}, {"input": [[4, 6, 4, 4, 9], [4, 2, 2, 2, 4], [1, 4, 9, 5, 4], [9, 1, 9, 5, 5], [7, 9, 9, 5, 1]], "output": [[4, 6, 4, 4, 9, 9, 4, 4, 6, 4], [4, 2, 2, 2, 4, 4, 2, 2, 2, 4], [1, 4, 9, 5, 4, 4, 5, 9, 4, 1], [9, 1, 9, 5, 5, 5, 5, 9, 1, 9], [7, 9, 9, 5, 1, 1, 5, 9, 9, 7]]}, {"input": [[4, 4, 4, 7, 7], [9, 9, 4, 5, 5], [9, 9, 9, 9, 5], [9, 9, 6, 8, 8], [7, 9, 6, 2, 5]], "output": [[4, 4, 4, 7, 7, 7, 7, 4, 4, 4], [9, 9, 4, 5, 5, 5, 5, 4, 9, 9], [9, 9, 9, 9, 5, 5, 9, 9, 9, 9], [9, 9, 6, 8, 8, 8, 8, 6, 9, 9], [7, 9, 6, 2, 5, 5, 2, 6, 9, 7]]}, {"input": [[5, 2, 2, 1], [9, 2, 2, 1], [9, 1, 1, 1], [7, 1, 7, 2]], "output": [[5, 2, 2, 1, 1, 2, 2, 5], [9, 2, 2, 1, 1, 2, 2, 9], [9, 1, 1, 1, 1, 1, 1, 9], [7, 1, 7, 2, 2, 7, 1, 7]]}, {"input": [[6, 6, 8], [6, 8, 8], [6, 8, 8]], "output": [[6, 6, 8, 8, 6, 6], [6, 8, 8, 8, 8, 6], [6, 8, 8, 8, 8, 6]]}]
