[{"input": [[2, 0, 0], [0, 2, 0], [0, 0, 2], [0, 2, 0], [2, 0, 0], [0, 2, 0], [0, 0, 2], [0, 2, 0], [2, 0, 0], [0, 2, 0], [0, 0, 2], [0, 2, 0], [2, 0, 0]], "output": [[2, 4, 4], [0, 2, 4], [0, 0, 2], [0, 2, 0], [2, 0, 0], [4, 2, 0], [4, 4, 2], [4, 2, 0], [2, 0, 0], [0, 2, 0], [0, 0, 2], [0, 2, 4], [2, 4, 4]]}, {"input": [[2, 0, 0], [0, 2, 0], [0, 0, 2], [0, 2, 0], [2, 0, 0], [0, 2, 0], [0, 0, 2], [0, 2, 0], [2, 0, 0], [0, 2, 0], [0, 0, 2], [0, 2, 0]], "output": [[2, 4, 4], [0, 2, 4], [0, 0, 2], [0, 2, 0], [2, 0, 0], [4, 2, 0], [4, 4, 2], [4, 2, 0], [2, 0, 0], [0, 2, 0], [0, 0, 2], [0, 2, 4]]}, {"input": [[2, 0, 0], [0, 2, 0], [0, 0, 2], [0, 2, 0], [2, 0, 0], [0, 2, 0], [0, 0, 2], [0, 2, 0], [2, 0, 0], [0, 2, 0], [0, 0, 2], [0, 2, 0], [2, 0, 0], [0, 2, 0]], "output": [[2, 4, 4], [0, 2, 4], [0, 0, 2], [0, 2, 0], [2, 0, 0], [4, 2, 0], [4, 4, 2], [4, 2, 0], [2, 0, 0], [0, 2, 0], [0, 0, 2], [0, 2, 4], [2, 4, 4], [0, 2, 4]]}, {"input": [[2, 0, 0], [0, 2, 0], [0, 0, 2], [0, 2, 0], [2, 0, 0], [0, 2, 0], [0, 0, 2], [0, 2, 0], [2, 0, 0], [0, 2, 0], [0, 0, 2], [0, 2, 0], [2, 0, 0], [0, 2, 0], [0, 0, 2], [0, 2, 0], [2, 0, 0]], "output": [[2, 4, 4], [0, 2, 4], [0, 0, 2], [0, 2, 0], [2, 0, 0], [4, 2, 0], [4, 4, 2], [4, 2, 0], [2, 0, 0], [0, 2, 0], [0, 0, 2], [0, 2, 4], [2, 4, 4], [0, 2, 4], [0, 0, 2], [0, 2, 0], [2, 0, 0]]}, {"input": [[2, 0, 0], [0, 2, 0], [0, 0, 2], [0, 2, 0], [2, 0, 0], [0, 2, 0], [0, 0, 2], [0, 2, 0], [2, 0, 0], [0, 2, 0], [0, 0, 2], [0, 2, 0], [2, 0, 0], [0, 2, 0], [0, 0, 2], [0, 2, 0], [2, 0, 0], [0, 2, 0], [0, 0, 2]], "output": [[2, 4, 4], [0, 2, 4], [0, 0, 2], [0, 2, 0], [2, 0, 0], [4, 2, 0], [4, 4, 2], [4, 2, 0], [2, 0, 0], [0, 2, 0], [0, 0, 2], [0, 2, 4], [2, 4, 4], [0, 2, 4], [0, 0, 2], [0, 2, 0], [2, 0, 0], [4, 2, 0], [4, 4, 2]]}, {"input": [[2, 0, 0], [0, 2, 0], [0, 0, 2], [0, 2, 0], [2, 0, 0], [0, 2, 0], [0, 0, 2], [0, 2, 0], [2, 0, 0], [0, 2, 0], [0, 0, 2]], "output": [[2, 4, 4], [0, 2, 4], [0, 0, 2], [0, 2, 0], [2, 0, 0], [4, 2, 0], [4, 4, 2], [4, 2, 0], [2, 0, 0], [0, 2, 0], [0, 0, 2]]}, {"input": [[2, 0, 0], [0, 2, 0], [0, 0, 2], [0, 2, 0], [2, 0, 0], [0, 2, 0], [0, 0, 2], [0, 2, 0], [2, 0, 0], [0, 2, 0], [0, 0, 2], [0, 2, 0], [2, 0, 0], [0, 2, 0], [0, 0, 2], [0, 2, 0], [2, 0, 0], [0, 2, 0]], "output": [[2, 4, 4], [0, 2, 4], [0, 0, 2], [0, 2, 0], [2, 0, 0], [4, 2, 0], [4, 4, 2], [4, 2, 0], [2, 0, 0], [0, 2, 0], [0, 0, 2], [0, 2, 4], [2, 4, 4], [0, 2, 4], [0, 0, 2], [0, 2, 0], [2, 0, 0], [4, 2, 0]]}, {"input": [[2, 0, 0], [0, 2, 0], [0, 0, 2], [0, 2, 0], [2, 0, 0], [0, 2, 0], [0, 0, 2], [0, 2, 0], [2, 0, 0], [0, 2, 0], [0, 0, 2], [0, 2, 0], [2, 0, 0], [0, 2, 0], [0, 0, 2]], "output": [[2, 4, 4], [0, 2, 4], [0, 0, 2], [0, 2, 0], [2, 0, 0], [4, 2, 0], [4, 4, 2], [4, 2, 0], [2, 0, 0], [0, 2, 0], [0, 0, 2], [0, 2, 4], [2, 4, 4], [0, 2, 4], [0, 0, 2]]}, {"input": [[2, 0, 0], [0, 2, 0], [0, 0, 2], [0, 2, 0], [2, 0, 0], [0, 2, 0], [0, 0, 2], [0, 2, 0], [2, 0, 0], [0, 2, 0]], "output": [[2, 4, 4], [0, 2, 4], [0, 0, 2], [0, 2, 0], [2, 0, 0], [4, 2, 0], [4, 4, 2], [4, 2, 0], [2, 0, 0], [0, 2, 0]]}, {"input": [[2, 0, 0], [0, 2, 0], [0, 0, 2], [0, 2, 0], [2, 0, 0], [0, 2, 0], [0, 0, 2], [0, 2, 0], [2, 0, 0], [0, 2, 0], [0, 0, 2], [0, 2, 0], [2, 0, 0], [0, 2, 0], [0, 0, 2], [0, 2, 0]], "output": [[2, 4, 4], [0, 2, 4], [0, 0, 2], [0, 2, 0], [2, 0, 0], [4, 2, 0], [4, 4, 2], [4, 2, 0], [2, 0, 0], [0, 2, 0], [0, 0, 2], [0, 2, 4], [2, 4, 4], [0, 2, 4], [0, 0, 2], [0, 2, 0]]}]
