[{"input": [[8, 8, 8, 8, 8], [7, 7, 7, 7, 7], [6, 6, 6, 6, 6], [4, 4, 4, 4, 4], [6, 6, 6, 6, 6], [9, 9, 9, 9, 9], [8, 8, 8, 8, 8], [5, 5, 5, 5, 5]], "output": [[8], [7], [6], [4], [6], [9], [8], [5]]}, {"input": [[7, 4, 1, 2, 3], [7, 4, 1, 2, 3], [7, 4, 1, 2, 3], [7, 4, 1, 2, 3], [7, 4, 1, 2, 3], [7, 4, 1, 2, 3], [7, 4, 1, 2, 3]], "output": [[7, 4, 1, 2, 3]]}, {"input": [[5, 9, 4, 4, 2], [5, 9, 4, 4, 2], [5, 9, 4, 4, 2], [5, 9, 4, 4, 2], [5, 9, 4, 4, 2], [5, 9, 4, 4, 2], [5, 9, 4, 4, 2], [5, 9, 4, 4, 2]], "output": [[5, 9, 4, 2]]}, {"input": [[6, 6, 6, 6, 6, 6], [5, 5, 5, 5, 5, 5], [3, 3, 3, 3, 3, 3], [6, 6, 6, 6, 6, 6], [9, 9, 9, 9, 9, 9], [5, 5, 5, 5, 5, 5], [9, 9, 9, 9, 9, 9]], "output": [[6], [5], [3], [6], [9], [5], [9]]}, {"input": [[8, 8, 8, 8, 8, 8, 8, 8], [5, 5, 5, 5, 5, 5, 5, 5], [4, 4, 4, 4, 4, 4, 4, 4], [5, 5, 5, 5, 5, 5, 5, 5], [8, 8, 8, 8, 8, 8, 8, 8], [1, 1, 1, 1, 1, 1, 1, 1]], "output": [[8], [5], [4], [5], [8], [1]]}, {"input": [[6, 6, 6], [1, 1, 1], [4, 4, 4], [2, 2, 2], [4, 4, 4], [5, 5, 5], [5, 5, 5], [1, 1, 1], [3, 3, 3]], "output": [[6], [1], [4], [2], [4], [5], [1], [3]]}, {"input": [[7, 9, 3, 1], [7, 9, 3, 1], [7, 9, 3, 1], [7, 9, 3, 1], [7, 9, 3, 1], [7, 9, 3, 1], [7, 9, 3, 1], [7, 9, 3, 1], [7, 9, 3, 1]], "output": [[7, 9, 3, 1]]}, {"input": [[8, 5, 4], [8, 5, 4]], "output": [[8, 5, 4]]}, {"input": [[3, 6, 9, 6, 8, 4, 6, 8], [3, 6, 9, 6, 8, 4, 6, 8], [3, 6, 9, 6, 8, 4, 6, 8], [3, 6, 9, 6, 8, 4, 6, 8], [3, 6, 9, 6, 8, 4, 6, 8]], "output": [[3, 6, 9, 6, 8, 4, 6, 8]]}, {"input": [[8, 8, 8], [6, 6, 6], [3, 3, 3], [8, 8, 8], [6, 6, 6], [2, 2, 2], [2, 2, 2]], "output": [[8], [6], [3], [8], [6], [2]]}, {"input": [[2, 5, 5, 4], [2, 5, 5, 4], [2, 5, 5, 4], [2, 5, 5, 4], [2, 5, 5, 4], [2, 5, 5, 4], [2, 5, 5, 4]], "output": [[2, 5, 4]]}, {"input": [[8, 1, 2, 9], [8, 1, 2, 9], [8, 1, 2, 9]], "output": [[8, 1, 2, 9]]}, {"input": [[3, 3, 3, 3], [4, 4, 4, 4], [5, 5, 5, 5]], "output": [[3], [4], [5]]}, {"input": [[4, 5, 4, 8], [4, 5, 4, 8], [4, 5, 4, 8]], "output": [[4, 5, 4, 8]]}, {"input": [[9, 9, 9], [5, 5, 5], [8, 8, 8], [8, 8, 8], [5, 5, 5], [4, 4, 4], [7, 7, 7]], "output": [[9], [5], [8], [5], [4], [7]]}, {"input": [[9, 1, 2, 4, 6, 2, 2], [9, 1, 2, 4, 6, 2, 2], [9, 1, 2, 4, 6, 2, 2]], "output": [[9, 1, 2, 4, 6, 2]]}, {"input": [[7, 7, 7, 7], [8, 8, 8, 8], [5, 5, 5, 5]], "output": [[7], [8], [5]]}, {"input": [[1, 7, 1, 9], [1, 7, 1, 9], [1, 7, 1, 9], [1, 7, 1, 9], [1, 7, 1, 9], [1, 7, 1, 9], [1, 7, 1, 9], [1, 7, 1, 9], [1, 7, 1, 9]], "output": [[1, 7, 1, 9]]}, {"input": [[6, 6, 6, 6, 6, 6, 6, 6, 6], [4, 4, 4, 4, 4, 4, 4, 4, 4], [4, 4, 4, 4, 4, 4, 4, 4, 4], [6, 6, 6, 6, 6, 6, 6, 6, 6], [7, 7, 7, 7, 7, 7, 7, 7, 7], [7, 7, 7, 7, 7, 7, 7, 7, 7], [1, 1, 1, 1, 1, 1, 1, 1, 1], [2, 2, 2, 2, 2, 2, 2, 2, 2]], "output": [[6], [4], [6], [7], [1], [2]]}, {"input": [[7, 5, 7, 6, 6], [7, 5, 7, 6, 6], [7, 5, 7, 6, 6], [7, 5, 7, 6, 6]], "output": [[7, 5, 7, 6]]}, {"input": [[7, 2, 9, 9, 1, 4, 4, 7, 7], [7, 2, 9, 9, 1, 4, 4, 7, 7], [7, 2, 9, 9, 1, 4, 4, 7, 7], [7, 2, 9, 9, 1, 4, 4, 7, 7], [7, 2, 9, 9, 1, 4, 4, 7, 7], [7, 2, 9, 9, 1, 4, 4, 7, 7], [7, 2, 9, 9, 1, 4, 4, 7, 7]], "output": [[7, 2, 9, 1, 4, 7]]}, {"input": [[7, 7, 7, 7, 7], [6, 6, 6, 6, 6], [1, 1, 1, 1, 1], [4, 4, 4, 4, 4], [9, 9, 9, 9, 9], [2, 2, 2, 2, 2], [1, 1, 1, 1, 1], [9, 9, 9, 9, 9], [6, 6, 6, 6, 6]], "output": [[7], [6], [1], [4], [9], [2], [1], [9], [6]]}, {"input": [[5, 6, 6, 2, 5], [5, 6, 6, 2, 5], [5, 6, 6, 2, 5], [5, 6, 6, 2, 5]], "output": [[5, 6, 2, 5]]}, {"input": [[8, 8, 8, 8, 8], [9, 9, 9, 9, 9], [4, 4, 4, 4, 4], [4, 4, 4, 4, 4], [3, 3, 3, 3, 3], [6, 6, 6, 6, 6], [1, 1, 1, 1, 1], [8, 8, 8, 8, 8]], "output": [[8], [9], [4], [3], [6], [1], [8]]}, {"input": [[6, 8, 4, 4, 4, 6, 7], [6, 8, 4, 4, 4, 6, 7], [6, 8, 4, 4, 4, 6, 7], [6, 8, 4, 4, 4, 6, 7], [6, 8, 4, 4, 4, 6, 7], [6, 8, 4, 4, 4, 6, 7]], "output": [[6, 8, 4, 6, 7]]}]
