[{"input": [[0, 0, 4, 4, 4, 4, 4, 4, 4, 0, 4, 0, 4, 4, 4, 0, 6, 6, 0, 0, 6, 6, 6, 0, 9, 0, 9], [4, 4, 4, 4, 4, 4, 4, 4, 0, 4, 4, 4, 4, 0, 4, 0, 0, 6, 6, 6, 6, 6, 6, 0, 9, 9, 9], [0, 0, 0, 0, 0, 0, 0, 0, 0, 0, 0, 0, 0, 0, 0, 0, 0, 0, 0, 0, 0, 0, 0, 0, 0, 0, 0], [8, 0, 0, 8, 8, 0, 8, 8, 8, 8, 8, 8, 8, 8, 8, 0, 5, 5, 0, 5, 5, 5, 5, 0, 6, 6, 0], [8, 0, 8, 8, 8, 8, 8, 8, 8, 8, 8, 8, 8, 8, 8, 0, 5, 5, 5, 5, 5, 5, 5, 0, 6, 6, 0], [8, 8, 0, 8, 0, 8, 0, 8, 8, 0, 8, 8, 8, 0, 0, 0, 5, 5, 5, 5, 5, 5, 0, 0, 6, 6, 6], [8, 0, 0, 8, 8, 0, 8, 8, 8, 8, 8, 8, 8, 8, 8, 0, 5, 5, 5, 0, 5, 5, 0, 0, 0, 6, 6], [0, 0, 0, 0, 0, 0, 0, 0, 0, 0, 0, 0, 0, 0, 0, 0, 0, 0, 0, 0, 0, 0, 0, 0, 0, 0, 0], [7, 7, 7, 0, 7, 7, 7, 7, 7, 7, 7, 7, 7, 7, 7, 0, 9, 9, 9, 0, 9, 0, 9, 0, 3, 3, 3], [7, 7, 0, 7, 7, 7, 7, 7, 7, 7, 0, 7, 7, 7, 7, 0, 9, 9, 9, 0, 9, 9, 9, 0, 3, 3, 3], [7, 7, 7, 0, 7, 7, 7, 7, 7, 7, 7, 0, 7, 7, 7, 0, 9, 9, 9, 9, 9, 9, 9, 0, 3, 0, 3], [7, 7, 7, 7, 7, 7, 0, 7, 7, 0, 7, 7, 7, 0, 7, 0, 9, 9, 9, 9, 9, 9, 9, 0, 3, 3, 0], [7, 7, 7, 7, 0, 0, 7, 7, 7, 7, 7, 0, 7, 7, 7, 0, 9, 9, 9, 9, 9, 9, 9, 0, 3, 0, 3], [7, 7, 7, 0, 7, 0, 0, 0, 7, 7, 7, 7, 7, 7, 7, 0, 9, 9, 9, 9, 9, 0, 0, 0, 3, 3, 3], [7, 7, 7, 7, 7, 0, 7, 0, 0, 7, 0, 7, 0, 7, 7, 0, 9, 9, 9, 9, 9, 9, 9, 0, 3, 3, 3], [7, 7, 0, 0, 7, 7, 7, 0, 0, 7, 0, 7, 7, 7, 7, 0, 0, 9, 9, 0, 9, 0, 9, 0, 3, 3, 3], [7, 7, 7, 0, 7, 7, 7, 7, 7, 7, 7, 7, 7, 7, 7, 0, 0, 9, 9, 9, 9, 0, 9, 0, 3, 3, 0], [0, 0, 7, 0, 7, 7, 7, 7, 7, 7, 7, 7, 7, 7, 7, 0, 9, 9, 9, 9, 9, 9, 0, 0, 3, 3, 0], [0, 7, 7, 0, 7, 0, 7, 0, 0, 7, 7, 7, 7, 7, 7, 0, 9, 9, 0, 9, 9, 0, 9, 0, 3, 3, 3], [0, 0, 0, 0, 0, 0, 0, 0, 0, 0, 0, 0, 0, 0, 0, 0, 0, 0, 0, 0, 0, 0, 0, 0, 0, 0, 0], [3, 0, 0, 3, 3, 3, 3, 3, 3, 3, 3, 3, 0, 3, 3, 0, 7, 0, 7, 7, 7, 7, 7, 0, 7, 7, 7], [3, 3, 0, 3, 3, 3, 0, 3, 3, 3, 3, 3, 3, 3, 0, 0, 7, 7, 7, 7, 7, 7, 7, 0, 7, 7, 7], [3, 0, 3, 3, 3, 3, 3, 3, 3, 0, 3, 3, 3, 3, 3, 0, 7, 0, 0, 7, 7, 7, 0, 0, 7, 0, 0]], "output": [[4, 6, 9], [8, 5, 6], [7, 9, 3], [3, 7, 7]]}, {"input": [[4, 4, 4, 4, 4, 0, 1, 1, 1, 0, 0, 2, 0, 3, 3, 3, 3, 3, 3, 3, 3, 3, 3, 3, 0], [4, 0, 4, 4, 0, 0, 1, 1, 1, 0, 2, 2, 0, 0, 3, 3, 3, 3, 3, 3, 3, 3, 3, 3, 3], [4, 4, 4, 0, 4, 0, 1, 1, 1, 0, 2, 2, 0, 3, 0, 3, 3, 3, 3, 3, 3, 3, 3, 3, 3], [0, 4, 0, 4, 4, 0, 1, 1, 1, 0, 2, 2, 0, 0, 3, 3, 3, 0, 3, 0, 0, 3, 3, 3, 3], [4, 4, 4, 4, 4, 0, 0, 0, 1, 0, 2, 2, 0, 3, 3, 3, 0, 3, 3, 0, 3, 3, 3, 3, 3], [4, 4, 4, 4, 4, 0, 1, 1, 1, 0, 0, 2, 0, 0, 3, 0, 3, 3, 3, 3, 3, 3, 3, 0, 0], [0, 0, 0, 0, 0, 0, 0, 0, 0, 0, 0, 0, 0, 0, 0, 0, 0, 0, 0, 0, 0, 0, 0, 0, 0], [6, 6, 6, 6, 6, 0, 1, 1, 1, 0, 5, 5, 0, 2, 2, 0, 2, 2, 2, 2, 2, 2, 2, 0, 2], [6, 0, 6, 6, 0, 0, 1, 0, 1, 0, 5, 5, 0, 2, 2, 0, 2, 2, 2, 2, 0, 2, 2, 2, 2], [6, 6, 6, 6, 6, 0, 1, 0, 1, 0, 5, 5, 0, 2, 0, 2, 0, 0, 2, 0, 2, 0, 2, 2, 2], [6, 6, 0, 6, 0, 0, 0, 0, 1, 0, 5, 5, 0, 2, 2, 0, 2, 2, 2, 2, 0, 2, 2, 2, 2], [0, 6, 6, 6, 6, 0, 1, 1, 1, 0, 5, 5, 0, 2, 0, 2, 2, 2, 0, 2, 2, 0, 2, 2, 2], [0, 0, 0, 0, 0, 0, 0, 0, 0, 0, 0, 0, 0, 0, 0, 0, 0, 0, 0, 0, 0, 0, 0, 0, 0], [7, 7, 7, 7, 7, 0, 9, 0, 9, 0, 1, 1, 0, 8, 8, 8, 8, 8, 8, 8, 8, 8, 8, 0, 8], [7, 7, 0, 7, 0, 0, 9, 0, 9, 0, 1, 1, 0, 0, 0, 8, 8, 8, 0, 8, 8, 8, 0, 8, 8], [7, 7, 7, 7, 7, 0, 9, 0, 9, 0, 1, 1, 0, 8, 8, 8, 8, 8, 8, 8, 8, 0, 8, 0, 8], [7, 7, 7, 7, 7, 0, 9, 9, 9, 0, 1, 1, 0, 8, 8, 8, 8, 8, 0, 8, 0, 8, 8, 8, 8], [7, 7, 7, 7, 7, 0, 9, 9, 9, 0, 0, 1, 0, 8, 8, 8, 8, 0, 8, 8, 8, 8, 8, 8, 8], [0, 0, 7, 0, 7, 0, 9, 9, 0, 0, 1, 0, 0, 8, 0, 8, 8, 8, 0, 0, 8, 8, 8, 8, 0], [0, 0, 0, 0, 0, 0, 0, 0, 0, 0, 0, 0, 0, 0, 0, 0, 0, 0, 0, 0, 0, 0, 0, 0, 0], [9, 9, 9, 9, 9, 0, 5, 5, 5, 0, 0, 9, 0, 9, 9, 9, 9, 9, 9, 9, 9, 9, 9, 9, 9], [0, 9, 0, 9, 9, 0, 5, 5, 5, 0, 9, 9, 0, 9, 9, 9, 0, 9, 9, 9, 9, 0, 0, 9, 0]], "output": [[4, 1, 2, 3], [6, 1, 5, 2], [7, 9, 1, 8], [9, 5, 9, 9]]}, {"input": [[4, 4, 4, 4, 4, 4, 4, 4, 4, 4, 4, 4, 0, 0, 4, 4, 4, 4, 0, 4, 4, 4, 4, 0, 4, 4], [0, 0, 4, 4, 4, 4, 4, 0, 4, 0, 4, 4, 0, 0, 4, 0, 4, 4, 4, 4, 4, 4, 4, 4, 0, 4], [4, 4, 4, 4, 4, 4, 4, 4, 4, 4, 4, 4, 0, 4, 4, 4, 4, 4, 4, 4, 0, 4, 4, 4, 4, 4], [4, 4, 4, 4, 0, 4, 4, 4, 4, 4, 0, 4, 0, 4, 4, 0, 4, 4, 4, 4, 4, 4, 0, 4, 4, 4], [4, 4, 0, 4, 4, 4, 4, 4, 0, 4, 0, 0, 0, 4, 4, 4, 4, 4, 4, 0, 4, 4, 4, 4, 4, 4], [4, 4, 4, 0, 0, 4, 4, 4, 4, 4, 4, 4, 0, 4, 4, 4, 4, 4, 4, 4, 4, 0, 4, 0, 0, 4], [4, 0, 4, 4, 4, 0, 4, 0, 0, 0, 4, 4, 0, 4, 4, 0, 4, 4, 4, 4, 4, 4, 0, 0, 4, 4], [4, 4, 4, 4, 0, 4, 4, 4, 4, 0, 4, 4, 0, 4, 4, 4, 4, 4, 4, 0, 4, 4, 4, 4, 4, 4], [4, 4, 0, 4, 0, 4, 0, 4, 4, 4, 4, 4, 0, 4, 4, 4, 4, 0, 4, 4, 4, 4, 4, 0, 0, 4], [4, 4, 4, 4, 4, 4, 4, 0, 4, 4, 4, 0, 0, 4, 4, 4, 4, 4, 0, 0, 0, 4, 4, 0, 4, 4], [0, 0, 0, 0, 0, 0, 0, 0, 0, 0, 0, 0, 0, 0, 0, 0, 0, 0, 0, 0, 0, 0, 0, 0, 0, 0], [2, 2, 2, 2, 2, 2, 2, 2, 2, 2, 0, 0, 0, 0, 3, 0, 3, 0, 3, 0, 3, 3, 3, 3, 3, 3], [2, 0, 2, 2, 2, 2, 2, 2, 2, 2, 0, 2, 0, 3, 0, 3, 3, 3, 3, 3, 0, 3, 3, 3, 0, 0], [2, 2, 2, 0, 2, 0, 2, 2, 2, 2, 2, 2, 0, 3, 3, 3, 3, 0, 3, 3, 3, 3, 3, 0, 3, 3], [2, 2, 0, 2, 2, 2, 0, 0, 2, 0, 2, 2, 0, 3, 3, 0, 3, 3, 3, 3, 3, 3, 3, 3, 3, 3], [2, 2, 2, 0, 2, 2, 2, 2, 0, 2, 2, 2, 0, 3, 3, 3, 0, 3, 0, 3, 0, 3, 3, 3, 3, 3], [0, 2, 2, 2, 2, 2, 2, 2, 2, 2, 2, 2, 0, 3, 3, 3, 3, 3, 3, 3, 3, 3, 3, 3, 3, 3], [0, 2, 2, 2, 0, 2, 2, 2, 2, 2, 2, 2, 0, 3, 3, 0, 3, 3, 0, 3, 3, 3, 3, 0, 3, 3], [0, 2, 0, 0, 0, 2, 0, 2, 2, 2, 2, 2, 0, 3, 3, 3, 3, 3, 3, 3, 3, 0, 3, 3, 3, 3], [2, 2, 2, 2, 2, 2, 2, 2, 2, 2, 0, 2, 0, 3, 3, 3, 0, 3, 3, 0, 3, 3, 3, 0, 3, 3], [0, 2, 2, 2, 0, 2, 2, 2, 2, 2, 2, 2, 0, 3, 3, 0, 3, 3, 3, 0, 3, 3, 3, 3, 3, 3], [2, 0, 2, 2, 2, 2, 2, 0, 2, 0, 2, 0, 0, 0, 3, 3, 0, 0, 3, 3, 3, 3, 0, 0, 3, 3]], "output": [[4, 4], [2, 3]]}, {"input": [[5, 5, 0, 5, 0, 3, 3, 3, 3, 3, 3, 0, 6, 6, 0, 6, 6, 6, 0, 0, 6, 6, 6, 6], [5, 5, 5, 5, 0, 3, 3, 3, 3, 0, 0, 0, 0, 6, 6, 6, 6, 6, 0, 6, 6, 6, 6, 6], [5, 0, 5, 5, 0, 3, 0, 3, 3, 3, 3, 0, 6, 6, 0, 6, 6, 6, 6, 6, 0, 6, 6, 6], [5, 5, 0, 5, 0, 3, 3, 0, 3, 3, 3, 0, 6, 6, 6, 6, 6, 6, 0, 6, 6, 6, 0, 6], [0, 0, 0, 0, 0, 0, 0, 0, 0, 0, 0, 0, 0, 0, 0, 0, 0, 0, 0, 0, 0, 0, 0, 0], [9, 9, 9, 9, 0, 5, 5, 5, 5, 5, 0, 0, 9, 0, 9, 9, 9, 9, 0, 9, 9, 9, 9, 0], [0, 9, 9, 9, 0, 5, 5, 0, 5, 5, 5, 0, 9, 9, 9, 9, 9, 9, 9, 9, 9, 9, 9, 9], [9, 9, 9, 0, 0, 5, 5, 0, 5, 0, 0, 0, 9, 9, 9, 9, 9, 9, 9, 9, 0, 9, 9, 9], [9, 9, 9, 9, 0, 5, 0, 5, 5, 5, 5, 0, 9, 0, 0, 9, 9, 0, 9, 0, 9, 9, 0, 9], [9, 9, 9, 9, 0, 5, 5, 5, 0, 5, 5, 0, 9, 9, 0, 9, 9, 0, 9, 9, 9, 9, 9, 9], [9, 9, 0, 9, 0, 5, 5, 0, 0, 5, 5, 0, 0, 9, 9, 9, 9, 9, 9, 9, 9, 9, 9, 9], [9, 9, 9, 9, 0, 5, 5, 5, 5, 5, 5, 0, 9, 9, 9, 9, 9, 9, 0, 9, 9, 9, 9, 9], [9, 9, 9, 9, 0, 5, 0, 0, 5, 5, 0, 0, 9, 9, 9, 9, 9, 0, 9, 9, 9, 0, 0, 0], [0, 9, 9, 0, 0, 5, 5, 5, 5, 5, 5, 0, 9, 9, 9, 9, 9, 0, 9, 9, 0, 9, 9, 0], [9, 9, 0, 9, 0, 5, 5, 5, 5, 5, 5, 0, 9, 9, 9, 9, 0, 9, 9, 0, 9, 9, 9, 9], [9, 9, 0, 0, 0, 5, 5, 5, 5, 5, 5, 0, 9, 9, 9, 0, 9, 9, 9, 9, 9, 9, 9, 9], [9, 9, 9, 9, 0, 5, 5, 5, 5, 0, 5, 0, 9, 0, 9, 0, 9, 9, 9, 9, 9, 0, 9, 0], [9, 9, 9, 0, 0, 5, 5, 5, 5, 0, 0, 0, 9, 9, 9, 0, 0, 9, 0, 0, 9, 9, 9, 9], [9, 0, 9, 0, 0, 5, 5, 5, 5, 0, 5, 0, 9, 9, 9, 0, 9, 9, 9, 9, 0, 9, 9, 9], [0, 9, 9, 9, 0, 5, 5, 0, 5, 5, 0, 0, 9, 9, 9, 9, 9, 9, 0, 0, 9, 9, 9, 9], [9, 0, 9, 9, 0, 5, 5, 5, 5, 5, 5, 0, 9, 9, 9, 9, 9, 9, 0, 9, 9, 0, 9, 9], [0, 0, 0, 0, 0, 0, 0, 0, 0, 0, 0, 0, 0, 0, 0, 0, 0, 0, 0, 0, 0, 0, 0, 0], [1, 0, 1, 1, 0, 6, 6, 6, 6, 0, 6, 0, 5, 5, 5, 5, 5, 5, 5, 5, 5, 0, 5, 5], [1, 1, 1, 1, 0, 6, 0, 0, 6, 6, 6, 0, 0, 5, 5, 5, 5, 5, 5, 0, 5, 5, 5, 5]], "output": [[5, 3, 6], [9, 5, 9], [1, 6, 5]]}, {"input": [[3, 3, 0, 0, 3, 3, 3, 3, 3, 0, 8, 8, 8, 8, 8, 8, 8, 0, 8, 0, 8, 8, 8, 8], [3, 3, 3, 3, 3, 3, 0, 0, 3, 0, 8, 8, 0, 8, 0, 8, 0, 8, 8, 8, 0, 8, 8, 0], [3, 3, 3, 3, 3, 3, 3, 3, 3, 0, 8, 8, 8, 0, 8, 0, 8, 8, 8, 8, 0, 8, 8, 8], [3, 3, 3, 3, 3, 3, 3, 3, 3, 0, 8, 0, 0, 8, 8, 8, 8, 8, 8, 8, 8, 0, 8, 0], [0, 0, 3, 3, 3, 3, 3, 3, 3, 0, 8, 8, 8, 8, 8, 8, 8, 8, 0, 8, 0, 8, 8, 8], [3, 3, 3, 3, 3, 0, 0, 3, 3, 0, 8, 0, 8, 0, 8, 8, 8, 8, 8, 0, 0, 8, 8, 8], [3, 3, 3, 0, 3, 3, 3, 3, 0, 0, 0, 8, 8, 0, 8, 8, 8, 8, 8, 8, 8, 0, 8, 8], [3, 3, 3, 0, 3, 3, 3, 0, 0, 0, 8, 8, 8, 8, 8, 8, 8, 8, 0, 0, 8, 8, 0, 8], [3, 3, 3, 0, 3, 3, 0, 3, 3, 0, 8, 8, 8, 0, 8, 8, 8, 8, 8, 8, 8, 8, 0, 8], [3, 3, 3, 3, 3, 3, 3, 0, 3, 0, 8, 8, 8, 0, 8, 8, 8, 8, 8, 8, 8, 0, 8, 0], [0, 3, 0, 3, 3, 3, 3, 3, 3, 0, 8, 8, 8, 8, 8, 8, 8, 8, 8, 8, 8, 8, 8, 8], [0, 3, 3, 3, 3, 0, 3, 3, 3, 0, 8, 8, 8, 0, 8, 8, 8, 8, 0, 8, 8, 8, 8, 8], [3, 3, 0, 3, 3, 3, 3, 3, 0, 0, 8, 0, 8, 8, 8, 8, 8, 0, 0, 0, 8, 8, 8, 8], [3, 3, 0, 3, 3, 3, 3, 3, 0, 0, 8, 8, 0, 8, 8, 8, 8, 8, 0, 8, 8, 8, 0, 8], [3, 3, 3, 3, 3, 0, 3, 3, 0, 0, 8, 8, 8, 8, 8, 0, 8, 8, 8, 0, 8, 8, 8, 8], [3, 3, 3, 3, 0, 3, 3, 0, 3, 0, 8, 8, 8, 8, 8, 0, 8, 0, 8, 8, 8, 0, 8, 8], [0, 3, 3, 3, 3, 3, 0, 0, 3, 0, 8, 0, 8, 0, 0, 8, 8, 8, 0, 8, 8, 8, 0, 8], [3, 3, 3, 3, 3, 0, 3, 3, 0, 0, 8, 8, 8, 8, 0, 8, 8, 8, 8, 8, 8, 8, 8, 8], [3, 3, 3, 3, 3, 3, 0, 3, 3, 0, 8, 8, 8, 8, 8, 8, 8, 8, 8, 8, 0, 8, 8, 8], [0, 0, 0, 0, 0, 0, 0, 0, 0, 0, 0, 0, 0, 0, 0, 0, 0, 0, 0, 0, 0, 0, 0, 0], [0, 8, 0, 8, 8, 8, 8, 8, 8, 0, 2, 0, 2, 2, 0, 2, 2, 2, 2, 2, 0, 2, 0, 2], [8, 8, 8, 8, 8, 8, 0, 0, 0, 0, 2, 2, 2, 2, 2, 2, 2, 2, 2, 2, 2, 2, 0, 2], [8, 8, 8, 8, 8, 8, 8, 8, 8, 0, 2, 2, 2, 2, 0, 2, 2, 2, 2, 2, 0, 2, 0, 2], [8, 8, 8, 8, 8, 8, 8, 8, 8, 0, 2, 0, 2, 2, 2, 0, 2, 2, 2, 2, 2, 2, 2, 0], [8, 8, 8, 8, 0, 8, 8, 0, 8, 0, 2, 2, 0, 2, 2, 2, 0, 2, 2, 2, 2, 2, 2, 2], [8, 8, 8, 0, 8, 8, 8, 0, 8, 0, 2, 2, 2, 0, 2, 2, 2, 0, 2, 2, 0, 2, 2, 2], [8, 8, 0, 8, 8, 8, 0, 8, 8, 0, 2, 2, 0, 2, 2, 0, 2, 2, 2, 2, 2, 2, 0, 0]], "output": [[3, 8], [8, 2]]}, {"input": [[4, 4, 4, 0, 2, 2, 2, 0, 2, 2, 0, 0, 0, 4, 0, 4, 4, 4, 4, 4, 0, 5, 0, 5, 0], [0, 4, 4, 0, 2, 2, 2, 0, 0, 2, 2, 0, 0, 0, 4, 4, 4, 4, 4, 4, 0, 5, 5, 5, 5], [4, 4, 4, 0, 2, 2, 2, 2, 2, 2, 0, 0, 4, 4, 4, 4, 4, 4, 4, 4, 0, 5, 5, 0, 5], [4, 4, 0, 0, 2, 2, 2, 2, 0, 2, 2, 0, 0, 4, 4, 4, 0, 4, 4, 4, 0, 0, 5, 5, 5], [0, 4, 0, 0, 2, 2, 2, 0, 2, 0, 2, 0, 4, 0, 4, 4, 4, 0, 4, 4, 0, 5, 5, 5, 5], [4, 4, 4, 0, 2, 2, 2, 2, 0, 2, 2, 0, 4, 4, 4, 4, 4, 4, 0, 4, 0, 0, 5, 5, 5], [0, 4, 4, 0, 2, 2, 2, 0, 2, 2, 2, 0, 4, 4, 4, 0, 4, 0, 4, 4, 0, 0, 5, 0, 5], [4, 0, 4, 0, 2, 2, 2, 2, 2, 2, 2, 0, 0, 4, 4, 4, 4, 4, 4, 4, 0, 5, 0, 5, 0], [4, 4, 4, 0, 2, 2, 2, 2, 2, 2, 0, 0, 0, 4, 4, 4, 4, 4, 4, 4, 0, 5, 5, 5, 5], [4, 0, 4, 0, 2, 2, 2, 0, 2, 0, 2, 0, 4, 4, 0, 4, 0, 4, 4, 4, 0, 5, 5, 5, 0], [4, 4, 4, 0, 2, 2, 2, 2, 2, 2, 2, 0, 4, 4, 4, 4, 0, 0, 4, 4, 0, 5, 5, 5, 0], [4, 4, 4, 0, 2, 0, 0, 2, 0, 2, 2, 0, 0, 4, 4, 0, 4, 0, 4, 4, 0, 5, 5, 5, 5], [4, 4, 4, 0, 2, 2, 0, 2, 0, 2, 2, 0, 0, 4, 4, 4, 4, 4, 4, 4, 0, 5, 5, 5, 5], [0, 0, 0, 0, 0, 0, 0, 0, 0, 0, 0, 0, 0, 0, 0, 0, 0, 0, 0, 0, 0, 0, 0, 0, 0], [5, 5, 5, 0, 1, 1, 0, 1, 1, 1, 1, 0, 3, 3, 0, 3, 3, 3, 3, 3, 0, 0, 2, 0, 2], [5, 0, 5, 0, 1, 1, 1, 1, 1, 1, 1, 0, 3, 0, 3, 3, 3, 0, 3, 3, 0, 2, 0, 2, 0], [0, 0, 5, 0, 1, 1, 0, 1, 1, 0, 1, 0, 3, 3, 3, 3, 3, 0, 3, 0, 0, 2, 2, 2, 0], [5, 5, 5, 0, 0, 1, 1, 1, 1, 0, 1, 0, 3, 3, 3, 3, 0, 0, 3, 3, 0, 2, 2, 0, 2], [5, 5, 5, 0, 1, 1, 1, 1, 1, 1, 1, 0, 3, 3, 3, 0, 3, 3, 3, 3, 0, 2, 2, 2, 0], [5, 5, 5, 0, 1, 1, 1, 1, 1, 0, 1, 0, 3, 0, 0, 3, 3, 3, 3, 3, 0, 2, 2, 2, 2], [5, 0, 0, 0, 1, 0, 1, 1, 1, 1, 0, 0, 3, 3, 3, 3, 3, 3, 3, 3, 0, 0, 2, 2, 2], [5, 0, 5, 0, 1, 1, 1, 1, 1, 1, 1, 0, 3, 3, 3, 0, 3, 0, 0, 0, 0, 2, 0, 2, 2], [5, 5, 5, 0, 1, 1, 0, 1, 1, 1, 1, 0, 3, 3, 3, 3, 3, 3, 3, 3, 0, 2, 2, 2, 2], [5, 5, 5, 0, 1, 1, 0, 1, 1, 1, 0, 0, 3, 3, 3, 3, 3, 3, 3, 3, 0, 2, 2, 2, 0], [5, 5, 5, 0, 1, 0, 0, 1, 1, 0, 1, 0, 3, 3, 3, 0, 3, 3, 0, 0, 0, 2, 2, 2, 2], [5, 5, 5, 0, 1, 0, 1, 1, 1, 1, 1, 0, 3, 3, 3, 3, 0, 3, 3, 3, 0, 2, 2, 0, 2], [5, 5, 0, 0, 1, 1, 0, 1, 0, 1, 1, 0, 3, 3, 3, 0, 3, 3, 3, 0, 0, 2, 2, 2, 0], [5, 0, 5, 0, 1, 1, 1, 0, 1, 1, 1, 0, 3, 3, 0, 3, 3, 3, 3, 3, 0, 2, 2, 0, 2], [5, 5, 5, 0, 1, 1, 1, 1, 1, 0, 1, 0, 3, 0, 3, 3, 3, 0, 3, 0, 0, 2, 0, 2, 2]], "output": [[4, 2, 4, 5], [5, 1, 3, 2]]}, {"input": [[1, 1, 0, 1, 1, 0, 0, 1, 1, 1, 1, 1, 1, 1, 1, 0, 3, 3, 0, 0, 8, 8, 8, 0, 8, 8], [0, 1, 0, 1, 1, 1, 0, 1, 1, 0, 1, 1, 1, 1, 1, 0, 3, 3, 0, 8, 8, 0, 0, 8, 8, 8], [1, 1, 0, 1, 1, 1, 1, 1, 1, 1, 0, 1, 0, 1, 0, 0, 0, 3, 0, 8, 8, 8, 8, 8, 8, 8], [1, 0, 0, 0, 1, 1, 1, 1, 0, 1, 1, 1, 1, 1, 1, 0, 3, 3, 0, 0, 0, 8, 8, 8, 0, 8], [1, 1, 0, 1, 1, 1, 1, 1, 1, 1, 1, 1, 0, 1, 1, 0, 3, 0, 0, 0, 8, 8, 8, 8, 8, 8], [1, 1, 0, 1, 1, 1, 0, 1, 1, 1, 0, 1, 1, 1, 1, 0, 0, 3, 0, 8, 8, 8, 8, 0, 0, 0], [0, 1, 0, 1, 1, 0, 1, 1, 1, 1, 0, 1, 0, 1, 1, 0, 3, 0, 0, 8, 0, 8, 0, 8, 8, 0], [1, 1, 0, 1, 1, 1, 0, 1, 0, 1, 1, 0, 1, 1, 1, 0, 3, 3, 0, 8, 8, 8, 8, 8, 8, 8], [1, 1, 0, 1, 1, 1, 1, 1, 1, 1, 1, 1, 1, 1, 1, 0, 3, 3, 0, 8, 8, 8, 0, 0, 8, 8], [1, 1, 0, 1, 1, 1, 1, 1, 1, 1, 1, 1, 1, 1, 0, 0, 3, 3, 0, 8, 8, 8, 8, 8, 8, 8], [1, 1, 0, 0, 1, 1, 1, 1, 1, 0, 1, 1, 1, 1, 0, 0, 3, 0, 0, 8, 8, 8, 8, 8, 0, 8], [1, 0, 0, 1, 1, 1, 1, 0, 1, 1, 0, 0, 0, 1, 0, 0, 3, 3, 0, 8, 8, 8, 8, 8, 8, 8], [0, 0, 0, 0, 0, 0, 0, 0, 0, 0, 0, 0, 0, 0, 0, 0, 0, 0, 0, 0, 0, 0, 0, 0, 0, 0], [4, 0, 0, 5, 5, 5, 0, 0, 5, 5, 0, 5, 5, 0, 5, 0, 4, 4, 0, 6, 0, 6, 6, 0, 6, 0], [4, 4, 0, 5, 0, 5, 5, 5, 5, 5, 5, 5, 5, 5, 5, 0, 4, 4, 0, 0, 6, 6, 6, 6, 6, 6], [4, 4, 0, 5, 5, 0, 5, 5, 5, 5, 0, 0, 0, 5, 0, 0, 4, 4, 0, 6, 6, 0, 6, 6, 6, 6], [4, 4, 0, 0, 5, 0, 5, 5, 5, 5, 5, 5, 5, 5, 5, 0, 0, 4, 0, 6, 6, 6, 0, 0, 6, 6], [4, 4, 0, 5, 5, 5, 5, 0, 5, 5, 5, 5, 5, 5, 5, 0, 4, 4, 0, 6, 6, 0, 0, 6, 6, 6], [4, 0, 0, 5, 5, 5, 5, 5, 5, 5, 5, 5, 5, 0, 5, 0, 4, 0, 0, 0, 6, 6, 6, 0, 6, 6], [4, 4, 0, 5, 5, 5, 5, 5, 5, 5, 5, 0, 5, 5, 5, 0, 4, 4, 0, 6, 6, 6, 6, 6, 6, 6], [4, 4, 0, 5, 5, 0, 5, 5, 0, 5, 0, 5, 5, 5, 5, 0, 4, 4, 0, 6, 0, 6, 6, 0, 6, 6]], "output": [[1, 1, 3, 8], [4, 5, 4, 6]]}, {"input": [[8, 0, 0, 5, 5, 5, 5, 5, 5, 5, 5, 5, 5, 0, 5, 5, 5, 5, 5, 5, 5, 5, 0, 5, 0, 4, 0, 0], [8, 8, 0, 5, 5, 5, 5, 5, 5, 5, 0, 5, 5, 0, 5, 5, 5, 5, 5, 5, 5, 5, 0, 5, 0, 0, 0, 4], [8, 8, 0, 5, 0, 0, 5, 5, 5, 5, 5, 5, 5, 5, 0, 5, 5, 5, 5, 5, 5, 5, 5, 5, 0, 4, 4, 4], [8, 8, 0, 0, 5, 0, 5, 5, 5, 5, 5, 5, 5, 5, 5, 5, 0, 0, 5, 5, 5, 5, 0, 5, 0, 0, 4, 4], [8, 0, 0, 0, 5, 0, 5, 5, 5, 5, 5, 5, 5, 5, 5, 5, 5, 5, 5, 5, 5, 5, 5, 5, 0, 4, 4, 4], [0, 8, 0, 5, 5, 5, 5, 0, 0, 5, 5, 5, 5, 0, 0, 5, 5, 5, 5, 5, 5, 5, 0, 0, 0, 4, 0, 4], [8, 8, 0, 5, 5, 5, 0, 5, 0, 5, 0, 0, 0, 5, 5, 5, 0, 5, 5, 5, 5, 5, 5, 5, 0, 4, 4, 4], [8, 8, 0, 5, 5, 0, 5, 5, 5, 5, 5, 5, 5, 0, 5, 5, 5, 0, 5, 5, 5, 5, 5, 5, 0, 4, 4, 4], [8, 8, 0, 5, 5, 5, 5, 0, 0, 5, 5, 5, 5, 5, 5, 5, 5, 5, 5, 5, 5, 5, 0, 5, 0, 4, 4, 4], [8, 8, 0, 5, 5, 5, 5, 5, 0, 5, 0, 0, 5, 5, 5, 5, 5, 5, 5, 5, 5, 0, 5, 5, 0, 4, 4, 0], [0, 8, 0, 0, 5, 5, 5, 5, 5, 5, 5, 5, 5, 0, 5, 5, 5, 5, 5, 0, 5, 5, 0, 5, 0, 4, 4, 0], [8, 8, 0, 0, 0, 5, 5, 5, 5, 5, 5, 0, 5, 5, 5, 0, 0, 5, 5, 5, 0, 5, 0, 5, 0, 4, 4, 4], [0, 0, 0, 0, 0, 0, 0, 0, 0, 0, 0, 0, 0, 0, 0, 0, 0, 0, 0, 0, 0, 0, 0, 0, 0, 0, 0, 0], [0, 6, 0, 0, 8, 8, 8, 8, 8, 8, 8, 8, 8, 8, 8, 8, 0, 8, 8, 0, 0, 8, 8, 8, 0, 6, 6, 6], [6, 6, 0, 8, 8, 8, 8, 8, 0, 8, 0, 8, 8, 8, 8, 8, 8, 8, 8, 8, 8, 8, 8, 8, 0, 0, 6, 6], [0, 0, 0, 0, 0, 0, 0, 0, 0, 0, 0, 0, 0, 0, 0, 0, 0, 0, 0, 0, 0, 0, 0, 0, 0, 0, 0, 0], [9, 9, 0, 0, 0, 1, 1, 1, 1, 1, 1, 1, 1, 0, 1, 1, 0, 1, 1, 1, 1, 0, 1, 0, 0, 4, 4, 4], [9, 9, 0, 1, 1, 1, 1, 0, 1, 1, 1, 1, 1, 1, 1, 0, 0, 1, 1, 1, 1, 1, 0, 0, 0, 4, 4, 4], [0, 9, 0, 1, 1, 1, 1, 1, 1, 1, 1, 0, 1, 1, 1, 1, 0, 1, 1, 1, 1, 0, 0, 1, 0, 4, 4, 0], [9, 9, 0, 1, 0, 1, 0, 1, 1, 1, 1, 1, 1, 0, 1, 1, 1, 1, 1, 1, 1, 1, 1, 1, 0, 4, 0, 4], [9, 9, 0, 0, 1, 0, 1, 1, 0, 1, 0, 0, 1, 1, 1, 1, 1, 1, 1, 0, 1, 1, 1, 1, 0, 4, 0, 4], [9, 9, 0, 0, 1, 1, 1, 1, 1, 1, 1, 1, 1, 1, 1, 1, 1, 1, 0, 1, 1, 0, 0, 1, 0, 4, 4, 4], [9, 9, 0, 1, 1, 1, 1, 1, 1, 1, 1, 1, 1, 1, 1, 0, 1, 1, 1, 0, 1, 1, 0, 1, 0, 4, 4, 4], [9, 0, 0, 0, 1, 1, 1, 1, 1, 1, 1, 1, 1, 1, 1, 1, 0, 1, 1, 1, 0, 1, 1, 1, 0, 4, 4, 0], [0, 0, 0, 0, 0, 0, 0, 0, 0, 0, 0, 0, 0, 0, 0, 0, 0, 0, 0, 0, 0, 0, 0, 0, 0, 0, 0, 0], [3, 3, 0, 1, 1, 1, 0, 1, 1, 1, 0, 1, 0, 1, 0, 0, 1, 1, 1, 1, 1, 1, 1, 0, 0, 3, 0, 3], [3, 3, 0, 1, 1, 1, 1, 1, 1, 1, 0, 1, 1, 1, 1, 1, 1, 0, 0, 1, 1, 1, 1, 1, 0, 3, 3, 3], [3, 0, 0, 0, 1, 1, 0, 1, 0, 1, 1, 1, 1, 1, 1, 1, 1, 1, 1, 1, 1, 1, 1, 1, 0, 3, 0, 3]], "output": [[8, 5, 4], [6, 8, 6], [9, 1, 4], [3, 1, 3]]}, {"input": [[6, 6, 6, 6, 0, 6, 6, 0, 0, 9, 9, 0, 9, 9, 9, 9, 9, 0, 6, 6, 0, 6], [6, 6, 6, 6, 6, 6, 6, 0, 0, 9, 9, 9, 9, 9, 9, 9, 0, 0, 0, 6, 6, 6], [6, 6, 6, 6, 6, 6, 6, 6, 0, 9, 9, 0, 9, 0, 9, 0, 9, 0, 6, 6, 6, 6], [6, 6, 0, 0, 0, 6, 6, 0, 0, 9, 0, 9, 9, 9, 9, 9, 9, 0, 0, 6, 6, 6], [6, 6, 0, 6, 6, 6, 6, 6, 0, 9, 9, 9, 0, 9, 0, 0, 9, 0, 6, 6, 6, 6], [0, 6, 6, 6, 0, 6, 6, 6, 0, 9, 9, 9, 9, 0, 9, 9, 9, 0, 0, 6, 6, 6], [6, 6, 6, 6, 6, 0, 6, 6, 0, 9, 0, 9, 9, 9, 9, 9, 0, 0, 6, 6, 6, 6], [0, 0, 0, 0, 0, 0, 0, 0, 0, 0, 0, 0, 0, 0, 0, 0, 0, 0, 0, 0, 0, 0], [8, 8, 8, 8, 8, 0, 8, 8, 0, 4, 0, 4, 4, 0, 4, 4, 4, 0, 6, 6, 0, 6], [0, 8, 8, 0, 8, 8, 8, 8, 0, 4, 0, 4, 4, 0, 4, 4, 4, 0, 6, 6, 0, 6], [8, 8, 8, 8, 8, 8, 0, 8, 0, 4, 4, 4, 0, 0, 4, 4, 0, 0, 6, 6, 6, 6], [8, 8, 8, 8, 0, 0, 8, 0, 0, 0, 4, 4, 4, 0, 0, 0, 4, 0, 0, 6, 6, 6], [8, 0, 8, 8, 8, 8, 8, 0, 0, 4, 4, 4, 4, 0, 4, 4, 4, 0, 6, 6, 6, 0], [8, 8, 8, 0, 8, 8, 8, 8, 0, 4, 4, 4, 4, 4, 4, 4, 0, 0, 6, 6, 6, 6], [8, 0, 0, 8, 8, 0, 8, 8, 0, 0, 4, 4, 4, 4, 4, 4, 4, 0, 6, 6, 0, 6], [0, 8, 8, 8, 8, 8, 8, 8, 0, 0, 0, 4, 4, 4, 4, 4, 4, 0, 6, 6, 6, 6], [8, 8, 8, 8, 8, 8, 8, 8, 0, 4, 4, 4, 4, 4, 4, 4, 4, 0, 6, 0, 6, 6], [8, 8, 8, 8, 8, 8, 8, 0, 0, 4, 4, 4, 4, 4, 0, 4, 4, 0, 6, 6, 6, 0], [8, 8, 8, 8, 8, 8, 8, 0, 0, 4, 4, 4, 4, 4, 4, 4, 0, 0, 6, 0, 6, 0], [8, 8, 0, 8, 8, 8, 8, 0, 0, 4, 4, 4, 4, 4, 4, 4, 4, 0, 6, 6, 6, 0], [0, 0, 0, 0, 0, 0, 0, 0, 0, 0, 0, 0, 0, 0, 0, 0, 0, 0, 0, 0, 0, 0], [8, 8, 8, 8, 8, 8, 0, 8, 0, 4, 4, 4, 4, 4, 4, 0, 4, 0, 6, 6, 6, 0], [0, 8, 0, 8, 8, 8, 8, 8, 0, 4, 0, 0, 4, 4, 0, 4, 4, 0, 6, 6, 0, 6], [8, 0, 0, 8, 8, 8, 0, 8, 0, 0, 4, 4, 4, 4, 4, 4, 4, 0, 6, 6, 6, 0], [8, 0, 8, 8, 8, 8, 8, 8, 0, 4, 4, 4, 4, 0, 4, 4, 4, 0, 6, 6, 6, 6]], "output": [[6, 9, 6], [8, 4, 6], [8, 4, 6]]}, {"input": [[8, 8, 0, 6, 6, 0, 0, 3, 3, 3, 0, 8, 8, 8, 8, 8, 8, 8, 8, 8, 0], [0, 8, 0, 6, 0, 6, 0, 0, 3, 0, 0, 8, 8, 8, 8, 8, 8, 8, 8, 8, 8], [8, 8, 0, 6, 6, 6, 0, 3, 3, 3, 0, 8, 8, 8, 8, 8, 8, 8, 8, 0, 8], [8, 8, 0, 6, 6, 0, 0, 3, 3, 3, 0, 8, 8, 8, 0, 8, 8, 8, 8, 0, 0], [8, 8, 0, 6, 0, 0, 0, 3, 3, 0, 0, 8, 8, 0, 8, 8, 8, 8, 8, 8, 8], [8, 0, 0, 6, 6, 6, 0, 3, 3, 3, 0, 8, 8, 8, 8, 8, 0, 8, 8, 8, 8], [8, 0, 0, 6, 6, 0, 0, 3, 0, 3, 0, 0, 8, 0, 8, 0, 0, 8, 8, 0, 8], [8, 8, 0, 6, 0, 6, 0, 3, 3, 3, 0, 8, 8, 8, 8, 8, 0, 8, 8, 8, 8], [8, 8, 0, 6, 6, 6, 0, 3, 0, 3, 0, 8, 8, 0, 8, 8, 8, 0, 8, 0, 8], [0, 0, 0, 0, 0, 0, 0, 0, 0, 0, 0, 0, 0, 0, 0, 0, 0, 0, 0, 0, 0], [6, 6, 0, 2, 2, 2, 0, 2, 2, 0, 0, 0, 7, 7, 7, 7, 7, 0, 7, 0, 7], [6, 6, 0, 2, 2, 2, 0, 2, 2, 0, 0, 7, 7, 7, 7, 0, 7, 7, 7, 7, 7], [0, 6, 0, 2, 0, 2, 0, 2, 2, 2, 0, 0, 7, 0, 7, 7, 0, 7, 0, 7, 0], [6, 6, 0, 2, 2, 2, 0, 0, 2, 2, 0, 7, 7, 7, 7, 0, 7, 7, 7, 7, 7], [6, 6, 0, 2, 2, 0, 0, 2, 2, 0, 0, 7, 0, 7, 7, 0, 0, 7, 7, 7, 7], [0, 6, 0, 0, 0, 2, 0, 2, 2, 2, 0, 7, 7, 0, 7, 0, 0, 7, 7, 0, 7], [0, 6, 0, 0, 2, 2, 0, 2, 2, 0, 0, 7, 7, 7, 7, 7, 7, 7, 7, 7, 7], [6, 6, 0, 2, 2, 2, 0, 2, 2, 2, 0, 7, 7, 7, 7, 7, 0, 7, 0, 7, 7], [6, 6, 0, 0, 0, 2, 0, 2, 2, 0, 0, 7, 0, 7, 7, 0, 7, 7, 7, 7, 7], [0, 0, 0, 0, 0, 0, 0, 0, 0, 0, 0, 0, 0, 0, 0, 0, 0, 0, 0, 0, 0], [1, 1, 0, 8, 8, 0, 0, 6, 6, 0, 0, 3, 3, 3, 0, 3, 3, 3, 3, 3, 0], [0, 1, 0, 8, 8, 8, 0, 6, 6, 0, 0, 3, 3, 0, 3, 0, 3, 3, 3, 3, 3], [1, 1, 0, 0, 8, 8, 0, 6, 6, 6, 0, 3, 3, 3, 0, 0, 3, 3, 0, 0, 3], [1, 1, 0, 8, 8, 8, 0, 6, 6, 6, 0, 3, 3, 3, 3, 0, 0, 3, 3, 0, 3]], "output": [[8, 6, 3, 8], [6, 2, 2, 7], [1, 8, 6, 3]]}, {"input": [[5, 0, 0, 5, 5, 5, 0, 0, 4, 4, 4, 4, 4, 4, 4, 4, 4, 0, 8, 8, 8], [5, 0, 0, 5, 5, 0, 5, 0, 4, 4, 4, 4, 0, 4, 4, 0, 0, 0, 8, 8, 8], [5, 0, 5, 5, 5, 5, 5, 0, 4, 0, 4, 4, 0, 4, 4, 4, 0, 0, 8, 8, 8], [5, 0, 5, 0, 5, 5, 0, 0, 4, 4, 0, 0, 4, 4, 0, 0, 4, 0, 8, 8, 8], [5, 0, 0, 5, 0, 5, 5, 0, 4, 4, 4, 4, 4, 4, 4, 4, 4, 0, 8, 8, 8], [5, 0, 5, 5, 5, 5, 5, 0, 4, 4, 0, 4, 0, 0, 4, 4, 0, 0, 8, 8, 0], [0, 0, 5, 0, 5, 5, 5, 0, 4, 4, 4, 4, 4, 4, 4, 4, 0, 0, 8, 8, 0], [5, 0, 5, 5, 5, 5, 5, 0, 4, 4, 0, 4, 0, 4, 4, 4, 4, 0, 8, 0, 8], [0, 0, 5, 5, 0, 5, 5, 0, 4, 0, 0, 4, 4, 4, 4, 4, 4, 0, 8, 8, 0], [5, 0, 0, 5, 5, 5, 0, 0, 4, 0, 4, 4, 4, 0, 4, 4, 4, 0, 8, 0, 8], [5, 0, 5, 5, 5, 5, 5, 0, 4, 4, 4, 4, 4, 4, 4, 4, 4, 0, 0, 8, 8], [0, 0, 0, 0, 0, 0, 0, 0, 0, 0, 0, 0, 0, 0, 0, 0, 0, 0, 0, 0, 0], [4, 0, 8, 0, 8, 8, 8, 0, 7, 7, 0, 7, 7, 7, 7, 7, 0, 0, 9, 9, 9], [4, 0, 8, 8, 8, 8, 8, 0, 7, 7, 7, 7, 7, 7, 7, 7, 7, 0, 9, 0, 0], [0, 0, 0, 0, 0, 0, 0, 0, 0, 0, 0, 0, 0, 0, 0, 0, 0, 0, 0, 0, 0], [2, 0, 3, 3, 3, 3, 0, 0, 0, 6, 6, 6, 6, 6, 0, 6, 6, 0, 3, 3, 3], [0, 0, 3, 3, 3, 3, 3, 0, 6, 6, 6, 0, 6, 6, 6, 6, 6, 0, 3, 3, 3], [2, 0, 3, 0, 3, 0, 3, 0, 6, 6, 6, 6, 6, 6, 6, 0, 6, 0, 0, 0, 3], [2, 0, 3, 3, 3, 0, 3, 0, 6, 6, 6, 6, 6, 6, 0, 6, 6, 0, 0, 3, 3], [2, 0, 3, 3, 3, 3, 3, 0, 0, 6, 6, 6, 6, 6, 6, 6, 6, 0, 3, 3, 3], [2, 0, 3, 3, 3, 3, 3, 0, 6, 6, 0, 6, 6, 6, 6, 0, 6, 0, 3, 3, 3], [2, 0, 0, 3, 0, 3, 3, 0, 0, 6, 6, 6, 6, 6, 6, 6, 0, 0, 0, 3, 3], [0, 0, 3, 3, 3, 3, 0, 0, 6, 6, 6, 6, 6, 6, 6, 0, 6, 0, 3, 3, 0], [2, 0, 3, 3, 0, 3, 3, 0, 6, 0, 6, 6, 6, 6, 6, 6, 6, 0, 3, 0, 0], [2, 0, 3, 3, 3, 3, 3, 0, 0, 6, 6, 0, 6, 0, 6, 6, 6, 0, 3, 3, 3], [2, 0, 3, 3, 0, 3, 0, 0, 0, 0, 6, 6, 6, 6, 6, 6, 6, 0, 3, 3, 3], [0, 0, 0, 0, 0, 0, 0, 0, 0, 0, 0, 0, 0, 0, 0, 0, 0, 0, 0, 0, 0], [4, 0, 7, 7, 7, 0, 7, 0, 0, 7, 0, 7, 0, 7, 7, 7, 7, 0, 0, 6, 6], [4, 0, 7, 7, 7, 7, 7, 0, 7, 7, 7, 7, 0, 0, 7, 7, 7, 0, 6, 6, 6]], "output": [[5, 5, 4, 8], [4, 8, 7, 9], [2, 3, 6, 3], [4, 7, 7, 6]]}, {"input": [[0, 2, 2, 2, 2, 0, 2, 2, 2, 2, 0, 2, 0, 2, 0, 0, 0, 2, 2, 0, 2, 2, 2, 0, 9, 9, 9, 9, 9], [2, 0, 2, 0, 0, 2, 2, 0, 2, 2, 2, 2, 0, 2, 2, 0, 2, 0, 2, 2, 2, 0, 2, 0, 9, 9, 9, 9, 9], [2, 2, 2, 0, 2, 2, 2, 2, 0, 2, 0, 2, 2, 2, 0, 2, 2, 2, 2, 2, 2, 2, 2, 0, 9, 9, 0, 9, 9], [2, 2, 2, 0, 2, 2, 2, 0, 2, 2, 2, 2, 2, 2, 2, 2, 2, 2, 0, 0, 2, 2, 2, 0, 9, 9, 9, 9, 9], [2, 2, 2, 0, 2, 2, 2, 2, 2, 2, 0, 2, 2, 2, 2, 0, 2, 2, 0, 2, 2, 2, 0, 0, 9, 9, 9, 9, 0], [2, 2, 2, 2, 0, 2, 2, 2, 2, 2, 2, 2, 2, 2, 2, 2, 2, 2, 2, 0, 2, 2, 2, 0, 9, 0, 0, 0, 0], [2, 2, 2, 2, 2, 2, 2, 2, 2, 2, 2, 2, 2, 2, 2, 0, 2, 2, 2, 2, 2, 2, 2, 0, 9, 0, 9, 0, 9], [0, 0, 0, 0, 0, 0, 0, 0, 0, 0, 0, 0, 0, 0, 0, 0, 0, 0, 0, 0, 0, 0, 0, 0, 0, 0, 0, 0, 0], [2, 2, 2, 2, 2, 0, 2, 2, 2, 0, 2, 2, 2, 0, 0, 2, 2, 2, 2, 0, 0, 2, 2, 0, 0, 0, 3, 3, 0], [2, 2, 2, 2, 2, 2, 2, 2, 0, 2, 0, 2, 2, 2, 0, 2, 2, 2, 2, 2, 2, 2, 2, 0, 3, 3, 3, 3, 3], [2, 2, 2, 2, 2, 2, 2, 2, 0, 2, 2, 0, 2, 0, 2, 2, 2, 2, 2, 0, 2, 2, 2, 0, 3, 3, 3, 3, 3], [0, 0, 0, 0, 0, 0, 0, 0, 0, 0, 0, 0, 0, 0, 0, 0, 0, 0, 0, 0, 0, 0, 0, 0, 0, 0, 0, 0, 0], [9, 9, 9, 0, 0, 9, 0, 9, 9, 9, 9, 9, 0, 9, 0, 0, 0, 9, 9, 9, 0, 9, 9, 0, 3, 3, 3, 3, 3], [9, 9, 9, 9, 9, 9, 0, 9, 0, 9, 9, 9, 0, 9, 0, 9, 9, 9, 9, 9, 9, 9, 9, 0, 0, 3, 3, 3, 3], [9, 9, 9, 9, 9, 9, 9, 0, 0, 9, 9, 9, 9, 9, 9, 9, 0, 9, 9, 9, 9, 0, 9, 0, 3, 3, 0, 3, 3], [0, 9, 9, 9, 9, 0, 9, 0, 9, 9, 9, 9, 9, 9, 9, 9, 0, 0, 9, 9, 9, 9, 9, 0, 3, 3, 0, 3, 3], [0, 0, 0, 0, 0, 0, 0, 0, 0, 0, 0, 0, 0, 0, 0, 0, 0, 0, 0, 0, 0, 0, 0, 0, 0, 0, 0, 0, 0], [0, 3, 3, 3, 0, 3, 3, 3, 3, 3, 0, 3, 3, 3, 3, 3, 3, 3, 3, 3, 3, 0, 3, 0, 5, 5, 5, 5, 5], [3, 3, 3, 3, 3, 3, 3, 0, 3, 3, 3, 0, 3, 3, 0, 0, 3, 3, 3, 3, 3, 3, 3, 0, 0, 0, 5, 5, 5], [3, 0, 3, 0, 0, 3, 0, 0, 0, 3, 3, 0, 3, 3, 3, 3, 0, 3, 3, 3, 3, 0, 3, 0, 5, 0, 5, 5, 0], [3, 3, 3, 3, 3, 3, 3, 3, 0, 0, 3, 3, 0, 0, 3, 3, 3, 3, 3, 3, 3, 3, 3, 0, 5, 5, 5, 5, 5]], "output": [[2, 9], [2, 3], [9, 3], [3, 5]]}, {"input": [[0, 1, 0, 0, 1, 1, 1, 1, 1, 1, 0, 5, 5, 5, 5, 0, 5, 5, 5, 0, 5, 0], [1, 0, 0, 1, 1, 1, 1, 1, 1, 1, 0, 0, 5, 5, 0, 5, 5, 5, 5, 0, 5, 5], [1, 1, 1, 1, 1, 1, 1, 0, 1, 1, 0, 0, 5, 5, 5, 5, 5, 5, 5, 5, 0, 5], [1, 1, 1, 1, 1, 1, 1, 1, 1, 1, 0, 5, 5, 0, 5, 5, 5, 5, 0, 5, 5, 5], [1, 0, 1, 1, 1, 1, 0, 0, 1, 1, 0, 5, 5, 5, 5, 5, 5, 5, 5, 5, 5, 5], [1, 0, 0, 1, 1, 1, 1, 1, 1, 0, 0, 0, 5, 5, 0, 0, 5, 5, 5, 5, 5, 5], [1, 1, 0, 1, 1, 0, 0, 1, 1, 0, 0, 5, 5, 0, 5, 5, 5, 5, 5, 0, 5, 5], [0, 0, 1, 1, 1, 1, 1, 1, 1, 0, 0, 0, 5, 0, 5, 0, 5, 0, 5, 5, 5, 5], [1, 1, 1, 0, 1, 1, 1, 1, 1, 0, 0, 0, 5, 5, 5, 0, 5, 5, 5, 5, 0, 5], [1, 1, 1, 1, 1, 1, 1, 1, 1, 1, 0, 5, 5, 5, 5, 0, 5, 5, 5, 5, 5, 5], [1, 1, 1, 1, 1, 1, 1, 1, 1, 1, 0, 5, 5, 0, 5, 5, 0, 0, 5, 5, 5, 5], [0, 1, 1, 0, 1, 1, 1, 0, 1, 1, 0, 0, 5, 5, 5, 5, 5, 0, 5, 5, 0, 5], [1, 0, 1, 1, 1, 1, 1, 1, 1, 1, 0, 5, 5, 5, 5, 5, 5, 0, 5, 5, 5, 5], [1, 1, 1, 1, 1, 1, 0, 1, 1, 1, 0, 5, 5, 5, 0, 5, 5, 5, 5, 5, 5, 5], [1, 0, 1, 1, 0, 1, 0, 0, 1, 1, 0, 0, 5, 0, 5, 5, 0, 5, 5, 5, 5, 5], [1, 1, 1, 1, 0, 1, 1, 0, 1, 1, 0, 5, 5, 5, 5, 5, 5, 5, 0, 5, 5, 5], [0, 1, 1, 1, 1, 1, 1, 0, 1, 1, 0, 5, 0, 5, 5, 5, 5, 5, 5, 5, 5, 0], [0, 0, 0, 0, 0, 0, 0, 0, 0, 0, 0, 0, 0, 0, 0, 0, 0, 0, 0, 0, 0, 0], [3, 3, 3, 3, 0, 3, 3, 3, 3, 3, 0, 0, 3, 3, 3, 3, 3, 3, 3, 3, 3, 3], [0, 3, 3, 3, 3, 3, 3, 3, 3, 3, 0, 3, 3, 3, 3, 3, 3, 3, 3, 0, 3, 0]], "output": [[1, 5], [3, 3]]}, {"input": [[4, 0, 4, 0, 4, 0, 4, 4, 4, 4, 4, 4, 4, 0, 0, 8, 8, 8, 8, 0, 8], [4, 0, 4, 0, 4, 0, 0, 4, 4, 4, 0, 0, 4, 0, 8, 8, 0, 8, 8, 8, 8], [4, 4, 4, 4, 4, 4, 0, 4, 4, 4, 4, 4, 4, 0, 8, 8, 8, 8, 8, 8, 8], [4, 4, 4, 4, 4, 0, 4, 4, 4, 4, 0, 4, 4, 0, 8, 8, 8, 8, 8, 0, 8], [0, 0, 4, 4, 4, 0, 4, 4, 4, 4, 4, 4, 4, 0, 8, 0, 0, 8, 8, 8, 8], [0, 4, 4, 4, 4, 0, 0, 4, 4, 4, 0, 4, 4, 0, 8, 8, 8, 0, 8, 8, 0], [4, 4, 4, 4, 4, 0, 4, 4, 4, 4, 0, 4, 0, 0, 8, 8, 8, 8, 0, 8, 8], [4, 4, 0, 4, 0, 4, 0, 4, 4, 4, 4, 4, 4, 0, 8, 0, 8, 0, 8, 8, 8], [4, 4, 4, 4, 4, 4, 4, 4, 4, 4, 4, 4, 4, 0, 8, 8, 8, 8, 8, 8, 0], [4, 4, 4, 4, 4, 4, 4, 4, 4, 0, 4, 4, 4, 0, 8, 8, 8, 8, 0, 0, 8], [0, 4, 4, 4, 4, 4, 4, 4, 4, 4, 0, 4, 4, 0, 8, 8, 8, 0, 8, 8, 8], [4, 4, 4, 0, 4, 4, 4, 4, 0, 4, 4, 0, 4, 0, 8, 8, 8, 8, 8, 0, 8], [0, 0, 0, 0, 0, 0, 0, 0, 0, 0, 0, 0, 0, 0, 0, 0, 0, 0, 0, 0, 0], [3, 3, 3, 3, 3, 3, 0, 3, 3, 3, 3, 0, 3, 0, 7, 7, 7, 0, 7, 7, 7], [3, 0, 3, 3, 3, 0, 3, 3, 3, 3, 0, 3, 3, 0, 7, 7, 7, 7, 0, 7, 7], [3, 3, 3, 3, 0, 0, 3, 3, 3, 3, 3, 3, 0, 0, 0, 7, 7, 7, 7, 7, 7], [3, 3, 3, 3, 3, 3, 3, 0, 3, 3, 3, 3, 3, 0, 0, 7, 0, 7, 7, 7, 7], [3, 0, 3, 3, 3, 3, 3, 0, 0, 3, 3, 3, 0, 0, 7, 7, 7, 7, 0, 7, 0], [0, 0, 0, 0, 0, 0, 0, 0, 0, 0, 0, 0, 0, 0, 0, 0, 0, 0, 0, 0, 0], [8, 0, 8, 0, 0, 8, 0, 8, 8, 8, 0, 8, 8, 0, 6, 6, 6, 6, 0, 0, 6], [8, 8, 8, 8, 8, 8, 8, 8, 8, 8, 0, 8, 0, 0, 6, 0, 6, 6, 6, 6, 6], [8, 8, 0, 8, 8, 8, 8, 8, 8, 8, 8, 8, 8, 0, 6, 6, 6, 6, 0, 0, 6], [0, 0, 0, 0, 0, 0, 0, 0, 0, 0, 0, 0, 0, 0, 0, 0, 0, 0, 0, 0, 0], [0, 4, 4, 4, 0, 4, 4, 0, 4, 4, 4, 4, 0, 0, 4, 4, 4, 0, 4, 4, 4], [4, 0, 0, 4, 0, 4, 0, 4, 4, 4, 4, 4, 4, 0, 4, 0, 4, 4, 4, 4, 4], [4, 4, 4, 4, 4, 4, 4, 4, 0, 4, 4, 4, 4, 0, 4, 4, 4, 0, 4, 4, 4], [4, 4, 4, 4, 4, 0, 0, 4, 4, 4, 4, 4, 0, 0, 0, 4, 0, 4, 0, 4, 4], [4, 4, 4, 4, 4, 0, 4, 4, 4, 4, 4, 0, 4, 0, 4, 4, 4, 0, 4, 4, 4], [4, 0, 4, 4, 4, 4, 4, 4, 4, 0, 4, 4, 4, 0, 4, 4, 4, 4, 4, 4, 0]], "output": [[4, 8], [3, 7], [8, 6], [4, 4]]}, {"input": [[8, 0, 0, 8, 8, 8, 8, 0, 8, 8, 8, 8, 8, 8, 0, 8, 8, 8, 8, 0, 5, 5, 5, 0, 5, 0, 5, 5], [8, 0, 8, 8, 8, 8, 8, 0, 8, 8, 0, 8, 8, 8, 8, 8, 8, 8, 8, 0, 5, 5, 5, 0, 5, 5, 5, 0], [8, 8, 8, 0, 0, 8, 8, 0, 0, 8, 0, 8, 8, 8, 8, 8, 8, 8, 8, 0, 5, 5, 5, 5, 0, 5, 0, 5], [8, 8, 8, 8, 8, 8, 8, 0, 8, 8, 8, 8, 0, 8, 0, 8, 8, 0, 8, 0, 5, 5, 5, 0, 5, 5, 0, 5], [8, 8, 8, 8, 0, 0, 8, 0, 8, 8, 8, 8, 8, 8, 8, 8, 8, 8, 8, 0, 5, 5, 5, 5, 5, 5, 5, 0], [8, 0, 8, 8, 8, 8, 0, 0, 8, 8, 0, 8, 8, 8, 0, 8, 8, 0, 8, 0, 5, 5, 5, 5, 5, 5, 5, 5], [8, 8, 8, 8, 0, 8, 8, 0, 8, 8, 8, 8, 8, 8, 0, 0, 8, 8, 0, 0, 5, 0, 5, 5, 5, 5, 0, 0], [8, 8, 8, 8, 8, 8, 0, 0, 8, 8, 8, 8, 8, 8, 0, 8, 0, 8, 0, 0, 5, 5, 5, 5, 5, 5, 5, 5], [8, 8, 8, 8, 8, 8, 8, 0, 8, 0, 8, 8, 8, 8, 8, 8, 0, 8, 8, 0, 0, 5, 5, 0, 0, 5, 5, 5], [8, 8, 0, 0, 0, 8, 8, 0, 8, 8, 8, 8, 8, 8, 8, 8, 8, 8, 8, 0, 5, 5, 5, 5, 0, 5, 5, 0], [8, 8, 8, 8, 0, 8, 8, 0, 0, 0, 8, 8, 8, 8, 0, 8, 8, 8, 8, 0, 5, 5, 5, 5, 5, 5, 5, 5], [0, 8, 8, 8, 0, 0, 8, 0, 8, 8, 8, 8, 8, 8, 8, 8, 0, 8, 8, 0, 5, 0, 5, 5, 5, 5, 5, 5], [8, 8, 0, 8, 8, 8, 8, 0, 0, 8, 0, 8, 0, 0, 8, 8, 8, 8, 8, 0, 5, 5, 0, 5, 5, 5, 5, 5], [8, 0, 8, 8, 0, 0, 8, 0, 8, 8, 8, 8, 8, 8, 8, 8, 8, 8, 8, 0, 5, 0, 5, 5, 5, 5, 0, 5], [8, 8, 8, 0, 8, 8, 8, 0, 8, 8, 8, 8, 8, 8, 0, 0, 0, 8, 8, 0, 5, 5, 0, 5, 0, 0, 5, 5], [8, 8, 8, 8, 8, 8, 8, 0, 0, 8, 0, 8, 0, 0, 8, 8, 8, 0, 8, 0, 5, 5, 5, 5, 5, 5, 0, 5], [8, 0, 8, 8, 8, 8, 8, 0, 8, 8, 0, 8, 8, 8, 8, 8, 8, 8, 0, 0, 5, 5, 5, 5, 5, 5, 0, 5], [8, 0, 8, 8, 8, 8, 8, 0, 8, 0, 0, 8, 8, 8, 8, 8, 8, 8, 8, 0, 5, 5, 5, 0, 5, 5, 0, 5], [0, 0, 0, 0, 0, 0, 0, 0, 0, 0, 0, 0, 0, 0, 0, 0, 0, 0, 0, 0, 0, 0, 0, 0, 0, 0, 0, 0], [4, 4, 0, 4, 4, 4, 4, 0, 7, 7, 7, 0, 7, 7, 7, 7, 0, 7, 7, 0, 4, 4, 4, 4, 4, 0, 0, 0], [0, 4, 0, 4, 4, 4, 4, 0, 7, 7, 7, 0, 7, 7, 7, 7, 7, 7, 7, 0, 4, 4, 4, 4, 4, 4, 4, 4]], "output": [[8, 8, 5], [4, 7, 4]]}, {"input": [[2, 2, 2, 2, 2, 2, 2, 2, 2, 0, 0, 4, 0, 4, 4, 4, 4, 0, 4, 4, 0], [2, 2, 2, 2, 2, 2, 0, 2, 0, 2, 0, 4, 0, 4, 4, 4, 4, 4, 4, 4, 4], [0, 2, 2, 0, 2, 2, 2, 2, 2, 2, 0, 4, 4, 0, 4, 4, 4, 4, 4, 4, 4], [0, 0, 0, 0, 0, 0, 0, 0, 0, 0, 0, 0, 0, 0, 0, 0, 0, 0, 0, 0, 0], [6, 6, 6, 6, 6, 6, 6, 6, 6, 0, 0, 2, 2, 2, 2, 0, 2, 2, 2, 2, 2], [6, 6, 6, 6, 6, 6, 6, 6, 6, 6, 0, 2, 2, 2, 2, 2, 2, 2, 2, 0, 2], [0, 6, 6, 6, 6, 0, 6, 0, 6, 6, 0, 0, 2, 2, 2, 2, 2, 2, 2, 2, 0], [6, 6, 6, 6, 6, 6, 6, 6, 6, 0, 0, 2, 2, 2, 2, 0, 0, 0, 2, 2, 2], [6, 0, 6, 6, 6, 6, 6, 6, 0, 0, 0, 2, 2, 2, 0, 2, 0, 2, 2, 2, 2], [6, 6, 6, 6, 0, 6, 6, 6, 6, 6, 0, 2, 0, 2, 2, 2, 2, 2, 2, 2, 2], [0, 6, 6, 6, 0, 6, 6, 6, 6, 6, 0, 2, 2, 0, 2, 0, 2, 2, 2, 2, 0], [0, 0, 6, 0, 6, 6, 6, 6, 6, 6, 0, 2, 2, 2, 2, 2, 2, 2, 0, 2, 2], [6, 6, 0, 6, 6, 6, 6, 6, 6, 6, 0, 2, 2, 2, 2, 2, 2, 2, 2, 0, 2], [0, 6, 6, 6, 6, 6, 6, 6, 6, 6, 0, 0, 2, 0, 2, 2, 0, 2, 2, 2, 2], [0, 6, 6, 6, 6, 0, 6, 6, 6, 6, 0, 2, 2, 2, 2, 0, 2, 2, 2, 2, 2], [6, 6, 0, 6, 6, 6, 6, 6, 0, 6, 0, 2, 2, 2, 2, 2, 0, 2, 2, 2, 2], [6, 6, 6, 0, 6, 6, 6, 6, 6, 6, 0, 2, 2, 2, 2, 2, 2, 2, 2, 0, 2], [6, 6, 0, 0, 6, 6, 6, 6, 6, 0, 0, 2, 2, 2, 2, 2, 2, 0, 2, 2, 0], [6, 6, 6, 6, 6, 6, 0, 6, 0, 6, 0, 2, 2, 2, 2, 2, 2, 2, 0, 0, 2], [6, 6, 6, 6, 6, 6, 6, 0, 6, 6, 0, 2, 2, 2, 2, 0, 2, 2, 2, 2, 0], [0, 6, 6, 6, 6, 0, 6, 6, 6, 0, 0, 2, 0, 0, 0, 2, 2, 0, 2, 2, 2], [6, 6, 6, 0, 6, 6, 6, 6, 6, 6, 0, 0, 2, 2, 2, 2, 2, 2, 0, 2, 0], [6, 0, 6, 6, 0, 6, 0, 0, 6, 6, 0, 0, 2, 2, 0, 2, 0, 2, 2, 2, 2], [0, 6, 6, 6, 6, 0, 6, 6, 0, 6, 0, 0, 2, 2, 0, 2, 2, 2, 2, 2, 2], [6, 6, 6, 6, 6, 6, 6, 6, 6, 0, 0, 2, 2, 2, 0, 2, 0, 0, 2, 2, 0], [6, 6, 6, 0, 0, 0, 0, 6, 6, 0, 0, 2, 0, 2, 2, 2, 0, 2, 2, 0, 2], [6, 6, 6, 6, 6, 6, 6, 6, 0, 0, 0, 2, 2, 2, 2, 0, 2, 2, 2, 2, 2]], "output": [[2, 4], [6, 2]]}, {"input": [[5, 0, 5, 0, 5, 5, 0, 0, 0, 0, 5, 5, 5, 0, 5, 0, 1, 1, 1, 1, 1, 0], [5, 0, 5, 5, 5, 5, 5, 5, 5, 0, 5, 5, 5, 5, 5, 0, 1, 1, 1, 1, 0, 0], [5, 5, 0, 5, 5, 5, 5, 5, 5, 5, 5, 5, 5, 5, 5, 0, 1, 1, 1, 1, 1, 0], [5, 5, 5, 5, 5, 5, 0, 5, 5, 0, 5, 5, 5, 5, 5, 0, 1, 1, 1, 1, 1, 1], [0, 5, 5, 5, 5, 5, 5, 5, 5, 5, 5, 0, 5, 0, 5, 0, 1, 1, 0, 1, 0, 1], [0, 0, 0, 0, 0, 0, 0, 0, 0, 0, 0, 0, 0, 0, 0, 0, 0, 0, 0, 0, 0, 0], [4, 4, 4, 4, 4, 4, 4, 4, 0, 4, 4, 4, 4, 4, 0, 0, 6, 0, 6, 6, 6, 6], [4, 4, 0, 4, 4, 4, 4, 4, 4, 4, 0, 4, 0, 4, 0, 0, 6, 6, 6, 6, 6, 0], [4, 4, 4, 4, 4, 4, 4, 0, 4, 4, 4, 0, 4, 4, 4, 0, 6, 0, 0, 6, 6, 6], [4, 4, 4, 4, 0, 4, 0, 0, 4, 0, 4, 0, 4, 4, 4, 0, 6, 6, 6, 6, 6, 6], [4, 4, 4, 4, 4, 4, 4, 4, 0, 4, 4, 4, 4, 4, 4, 0, 6, 6, 6, 6, 6, 6], [4, 0, 0, 4, 4, 0, 4, 4, 4, 4, 4, 4, 4, 4, 4, 0, 6, 6, 6, 0, 6, 6], [0, 0, 0, 0, 0, 0, 0, 0, 0, 0, 0, 0, 0, 0, 0, 0, 0, 0, 0, 0, 0, 0], [9, 9, 9, 9, 9, 9, 0, 9, 9, 9, 9, 9, 9, 9, 9, 0, 0, 4, 4, 4, 0, 4], [9, 9, 0, 9, 9, 0, 9, 0, 9, 9, 9, 9, 0, 9, 9, 0, 4, 4, 4, 4, 4, 4], [0, 9, 9, 9, 9, 9, 0, 9, 9, 9, 9, 9, 9, 9, 0, 0, 4, 0, 4, 4, 4, 4], [9, 0, 9, 9, 9, 9, 9, 9, 9, 9, 9, 9, 9, 0, 9, 0, 4, 4, 4, 4, 4, 0], [0, 0, 0, 0, 0, 0, 0, 0, 0, 0, 0, 0, 0, 0, 0, 0, 0, 0, 0, 0, 0, 0], [1, 1, 1, 0, 1, 1, 1, 1, 1, 1, 1, 1, 1, 1, 1, 0, 6, 6, 6, 6, 6, 0], [0, 1, 1, 1, 1, 1, 1, 1, 1, 1, 1, 1, 1, 0, 0, 0, 6, 0, 6, 6, 6, 6]], "output": [[5, 1], [4, 6], [9, 4], [1, 6]]}, {"input": [[1, 1, 0, 1, 1, 1, 0, 0, 9, 0, 0, 6, 6, 6, 6, 0, 0, 9, 9, 0], [1, 1, 1, 1, 0, 1, 0, 0, 9, 9, 0, 6, 0, 6, 6, 6, 0, 9, 9, 9], [1, 0, 1, 1, 1, 1, 0, 9, 9, 9, 0, 6, 6, 6, 0, 6, 0, 0, 9, 0], [1, 1, 0, 1, 1, 0, 0, 0, 9, 9, 0, 6, 6, 6, 0, 6, 0, 9, 9, 9], [1, 1, 1, 1, 1, 0, 0, 9, 9, 9, 0, 6, 6, 6, 6, 6, 0, 9, 9, 9], [0, 0, 0, 0, 0, 0, 0, 0, 0, 0, 0, 0, 0, 0, 0, 0, 0, 0, 0, 0], [4, 4, 0, 4, 4, 4, 0, 4, 4, 4, 0, 9, 9, 9, 9, 9, 0, 7, 0, 7], [4, 4, 4, 4, 4, 0, 0, 4, 4, 4, 0, 9, 9, 9, 9, 9, 0, 7, 0, 7], [4, 4, 0, 4, 4, 4, 0, 4, 4, 4, 0, 0, 9, 9, 0, 9, 0, 7, 7, 7], [4, 4, 4, 4, 0, 4, 0, 0, 4, 4, 0, 9, 9, 9, 0, 0, 0, 7, 7, 7], [4, 4, 0, 4, 4, 4, 0, 4, 4, 4, 0, 9, 9, 9, 9, 9, 0, 7, 7, 0], [4, 4, 4, 0, 4, 4, 0, 0, 0, 4, 0, 9, 9, 9, 9, 9, 0, 7, 7, 7], [4, 4, 4, 4, 4, 0, 0, 4, 4, 0, 0, 9, 9, 9, 9, 0, 0, 7, 0, 7], [0, 0, 0, 0, 0, 0, 0, 0, 0, 0, 0, 0, 0, 0, 0, 0, 0, 0, 0, 0], [2, 2, 2, 0, 2, 2, 0, 3, 3, 3, 0, 3, 3, 3, 0, 3, 0, 6, 6, 6], [2, 2, 0, 0, 2, 2, 0, 3, 3, 0, 0, 3, 3, 3, 3, 3, 0, 6, 6, 0], [2, 2, 2, 0, 2, 2, 0, 3, 3, 3, 0, 0, 3, 0, 3, 3, 0, 6, 6, 6], [2, 0, 2, 2, 2, 2, 0, 0, 0, 3, 0, 3, 3, 3, 3, 3, 0, 6, 0, 6], [0, 2, 2, 2, 2, 2, 0, 3, 3, 3, 0, 0, 0, 3, 3, 3, 0, 6, 6, 6], [2, 2, 2, 2, 2, 0, 0, 0, 3, 3, 0, 3, 3, 3, 3, 3, 0, 6, 0, 6], [2, 0, 2, 2, 2, 2, 0, 3, 3, 0, 0, 0, 3, 3, 3, 3, 0, 0, 6, 6], [0, 0, 0, 0, 0, 0, 0, 0, 0, 0, 0, 0, 0, 0, 0, 0, 0, 0, 0, 0], [0, 7, 7, 7, 7, 7, 0, 1, 1, 1, 0, 9, 9, 0, 9, 9, 0, 9, 9, 9], [7, 0, 0, 7, 7, 7, 0, 0, 1, 1, 0, 9, 9, 0, 9, 0, 0, 9, 0, 9], [7, 7, 7, 7, 0, 0, 0, 1, 0, 1, 0, 9, 9, 9, 9, 0, 0, 9, 0, 9], [7, 0, 0, 7, 7, 7, 0, 1, 1, 1, 0, 9, 0, 9, 9, 0, 0, 9, 9, 9], [7, 7, 7, 7, 7, 7, 0, 1, 0, 1, 0, 9, 9, 9, 0, 0, 0, 0, 9, 9], [7, 7, 7, 7, 7, 7, 0, 1, 1, 1, 0, 9, 9, 9, 9, 9, 0, 9, 9, 9], [7, 7, 0, 0, 7, 7, 0, 1, 1, 1, 0, 9, 9, 9, 0, 9, 0, 9, 9, 9]], "output": [[1, 9, 6, 9], [4, 4, 9, 7], [2, 3, 3, 6], [7, 1, 9, 9]]}, {"input": [[0, 7, 7, 7, 7, 7, 0, 0, 1, 1, 0, 1, 1, 1, 1, 1, 1, 0, 2, 2, 2, 2, 0, 6, 6], [0, 0, 0, 0, 0, 0, 0, 0, 0, 0, 0, 0, 0, 0, 0, 0, 0, 0, 0, 0, 0, 0, 0, 0, 0], [6, 6, 6, 6, 0, 6, 0, 4, 4, 4, 4, 4, 0, 4, 4, 4, 0, 0, 9, 0, 0, 9, 0, 9, 9], [6, 0, 6, 0, 6, 6, 0, 4, 4, 0, 4, 0, 0, 0, 4, 4, 4, 0, 9, 9, 9, 9, 0, 9, 9], [6, 6, 6, 6, 6, 6, 0, 4, 4, 0, 4, 4, 4, 4, 4, 4, 4, 0, 9, 9, 9, 0, 0, 9, 0], [6, 6, 0, 6, 0, 0, 0, 4, 4, 4, 4, 4, 4, 4, 0, 4, 4, 0, 9, 9, 9, 9, 0, 0, 9], [6, 6, 6, 6, 6, 6, 0, 4, 0, 4, 4, 0, 4, 4, 4, 4, 4, 0, 9, 9, 0, 9, 0, 9, 9], [6, 6, 6, 6, 6, 6, 0, 0, 4, 4, 4, 4, 0, 4, 4, 0, 4, 0, 9, 9, 9, 9, 0, 9, 0], [6, 6, 6, 6, 6, 6, 0, 4, 4, 4, 0, 4, 4, 4, 4, 4, 4, 0, 9, 9, 9, 9, 0, 9, 0], [6, 6, 0, 6, 6, 6, 0, 4, 4, 4, 4, 4, 4, 4, 4, 0, 4, 0, 9, 9, 0, 9, 0, 9, 0], [6, 6, 6, 6, 0, 6, 0, 0, 4, 4, 0, 4, 4, 4, 4, 0, 4, 0, 0, 9, 0, 9, 0, 9, 9], [6, 6, 6, 0, 6, 6, 0, 4, 4, 0, 4, 4, 4, 4, 4, 0, 4, 0, 9, 9, 0, 9, 0, 9, 9], [6, 6, 6, 6, 6, 6, 0, 0, 4, 4, 4, 4, 4, 4, 4, 4, 4, 0, 9, 9, 9, 9, 0, 0, 9], [6, 6, 0, 6, 6, 6, 0, 0, 4, 4, 4, 4, 4, 4, 4, 0, 0, 0, 9, 9, 0, 9, 0, 9, 9], [6, 6, 6, 6, 6, 6, 0, 4, 0, 4, 4, 4, 4, 4, 4, 4, 0, 0, 9, 9, 9, 9, 0, 9, 9], [6, 6, 6, 6, 0, 6, 0, 4, 4, 4, 4, 4, 4, 4, 4, 4, 4, 0, 9, 9, 0, 9, 0, 0, 0], [6, 6, 0, 6, 6, 6, 0, 4, 0, 4, 4, 4, 4, 0, 4, 4, 4, 0, 0, 9, 0, 9, 0, 9, 9], [6, 0, 6, 0, 6, 6, 0, 4, 4, 4, 0, 4, 4, 0, 0, 4, 4, 0, 9, 0, 9, 0, 0, 9, 9], [6, 0, 6, 6, 6, 6, 0, 4, 4, 0, 4, 0, 4, 0, 4, 4, 4, 0, 9, 0, 9, 9, 0, 9, 9], [6, 6, 6, 0, 6, 6, 0, 0, 0, 4, 4, 4, 4, 0, 4, 4, 4, 0, 9, 9, 9, 9, 0, 9, 9], [0, 0, 6, 0, 0, 6, 0, 4, 4, 4, 4, 0, 4, 4, 4, 0, 4, 0, 9, 9, 9, 9, 0, 9, 0], [0, 6, 6, 6, 0, 0, 0, 4, 0, 4, 4, 0, 4, 4, 4, 4, 4, 0, 9, 9, 9, 9, 0, 9, 9], [0, 0, 0, 0, 0, 0, 0, 0, 0, 0, 0, 0, 0, 0, 0, 0, 0, 0, 0, 0, 0, 0, 0, 0, 0], [7, 7, 7, 7, 7, 7, 0, 2, 2, 2, 2, 2, 2, 0, 2, 2, 2, 0, 0, 7, 7, 7, 0, 8, 8], [7, 7, 7, 7, 7, 7, 0, 2, 2, 2, 2, 2, 2, 2, 2, 2, 2, 0, 7, 7, 7, 7, 0, 8, 0], [0, 7, 7, 7, 0, 0, 0, 0, 0, 2, 2, 2, 0, 0, 0, 2, 0, 0, 7, 7, 0, 0, 0, 8, 0], [7, 7, 7, 0, 7, 0, 0, 2, 2, 2, 2, 2, 0, 2, 2, 0, 2, 0, 7, 7, 7, 7, 0, 8, 8]], "output": [[7, 1, 2, 6], [6, 4, 9, 9], [7, 2, 7, 8]]}, {"input": [[5, 5, 0, 7, 7, 7, 7, 7, 0, 0, 6, 6, 6, 6, 0, 6, 6, 6, 6, 6, 0, 6, 6, 6, 6, 6], [0, 5, 0, 0, 0, 7, 7, 7, 0, 6, 0, 6, 6, 6, 6, 6, 6, 6, 6, 0, 0, 6, 6, 0, 6, 6], [5, 5, 0, 7, 7, 7, 7, 7, 0, 6, 6, 0, 6, 6, 6, 6, 0, 6, 6, 6, 0, 0, 6, 6, 6, 6], [0, 0, 0, 0, 0, 0, 0, 0, 0, 0, 0, 0, 0, 0, 0, 0, 0, 0, 0, 0, 0, 0, 0, 0, 0, 0], [0, 9, 0, 6, 6, 6, 6, 6, 0, 0, 9, 9, 0, 9, 9, 0, 9, 0, 9, 0, 0, 5, 5, 0, 0, 5], [0, 9, 0, 6, 6, 6, 6, 6, 0, 9, 9, 9, 9, 9, 9, 0, 0, 9, 9, 9, 0, 5, 5, 5, 0, 5], [9, 9, 0, 6, 6, 6, 6, 0, 0, 9, 9, 9, 9, 0, 9, 9, 0, 9, 9, 9, 0, 5, 0, 5, 0, 0], [9, 9, 0, 6, 6, 6, 6, 6, 0, 9, 9, 9, 9, 9, 9, 9, 9, 9, 9, 9, 0, 5, 5, 5, 0, 5], [9, 9, 0, 6, 6, 0, 0, 6, 0, 9, 9, 0, 0, 0, 9, 0, 9, 9, 9, 0, 0, 5, 5, 5, 5, 5], [9, 9, 0, 6, 6, 6, 0, 6, 0, 0, 9, 9, 9, 0, 9, 9, 9, 9, 9, 9, 0, 0, 5, 5, 5, 5], [9, 9, 0, 6, 0, 6, 6, 6, 0, 9, 0, 9, 9, 0, 9, 0, 9, 9, 9, 0, 0, 5, 5, 0, 5, 5], [9, 0, 0, 6, 6, 6, 6, 6, 0, 0, 9, 9, 9, 9, 9, 9, 9, 9, 9, 9, 0, 5, 5, 5, 0, 5], [9, 0, 0, 6, 6, 6, 6, 0, 0, 9, 9, 9, 9, 9, 9, 9, 9, 0, 9, 0, 0, 5, 5, 5, 5, 0], [9, 9, 0, 0, 6, 6, 6, 0, 0, 9, 9, 0, 9, 9, 9, 0, 9, 9, 9, 9, 0, 5, 5, 5, 5, 5], [9, 9, 0, 6, 6, 6, 6, 0, 0, 9, 9, 0, 9, 0, 9, 9, 9, 9, 9, 9, 0, 5, 5, 5, 5, 5], [9, 9, 0, 6, 0, 6, 6, 6, 0, 9, 0, 9, 9, 9, 9, 9, 9, 9, 9, 9, 0, 0, 5, 5, 0, 0], [9, 9, 0, 6, 6, 0, 6, 6, 0, 0, 0, 9, 9, 9, 9, 0, 9, 9, 9, 9, 0, 5, 5, 5, 5, 0], [9, 9, 0, 6, 0, 0, 6, 6, 0, 9, 0, 9, 9, 9, 0, 9, 9, 9, 9, 9, 0, 5, 5, 5, 5, 5], [9, 9, 0, 6, 6, 6, 6, 6, 0, 9, 9, 9, 0, 9, 9, 9, 9, 0, 0, 9, 0, 0, 5, 0, 0, 5], [9, 0, 0, 6, 6, 6, 6, 6, 0, 9, 9, 0, 0, 9, 9, 9, 9, 9, 9, 9, 0, 5, 5, 5, 5, 5], [9, 0, 0, 0, 6, 0, 6, 6, 0, 9, 9, 9, 9, 9, 9, 9, 9, 0, 9, 0, 0, 5, 5, 5, 5, 5], [9, 9, 0, 6, 6, 6, 6, 0, 0, 9, 9, 9, 9, 9, 9, 9, 9, 0, 9, 9, 0, 5, 5, 5, 5, 0]], "output": [[5, 7, 6, 6], [9, 6, 9, 5]]}, {"input": [[9, 0, 0, 0, 9, 0, 9, 9, 9, 9, 9, 9, 9, 0, 0, 1, 1, 1, 1, 1, 1, 1, 1, 0, 1, 1], [0, 9, 9, 0, 9, 9, 9, 9, 9, 9, 9, 9, 9, 0, 0, 1, 1, 1, 1, 1, 0, 0, 1, 1, 1, 1], [9, 9, 9, 9, 9, 9, 9, 9, 9, 9, 9, 9, 9, 0, 1, 1, 1, 0, 1, 0, 0, 1, 1, 1, 1, 1], [0, 9, 0, 9, 9, 0, 9, 9, 9, 9, 9, 0, 9, 0, 1, 1, 1, 1, 1, 1, 0, 0, 1, 1, 1, 1], [9, 9, 0, 9, 9, 0, 0, 9, 9, 9, 9, 9, 9, 0, 1, 1, 1, 1, 1, 1, 1, 1, 0, 1, 0, 1], [0, 0, 0, 0, 0, 0, 0, 0, 0, 0, 0, 0, 0, 0, 0, 0, 0, 0, 0, 0, 0, 0, 0, 0, 0, 0], [0, 4, 0, 4, 4, 4, 0, 4, 0, 4, 4, 4, 4, 0, 4, 0, 0, 4, 0, 4, 0, 0, 4, 4, 4, 4], [0, 0, 0, 4, 4, 4, 4, 4, 4, 4, 4, 4, 4, 0, 4, 0, 0, 4, 4, 4, 4, 0, 4, 4, 4, 4], [4, 4, 4, 4, 4, 4, 4, 0, 4, 4, 4, 4, 4, 0, 0, 4, 0, 0, 4, 4, 4, 4, 4, 4, 4, 0], [4, 4, 0, 4, 4, 4, 4, 4, 4, 4, 4, 4, 4, 0, 4, 4, 4, 4, 0, 4, 4, 0, 0, 4, 4, 4], [4, 0, 4, 4, 4, 4, 4, 4, 4, 4, 4, 4, 0, 0, 4, 4, 4, 4, 4, 4, 4, 0, 4, 4, 4, 4], [4, 4, 4, 4, 4, 4, 4, 4, 0, 0, 0, 4, 4, 0, 4, 4, 4, 4, 4, 4, 4, 4, 4, 4, 4, 4], [4, 0, 0, 4, 4, 4, 4, 4, 0, 4, 4, 4, 0, 0, 4, 4, 4, 4, 0, 4, 4, 0, 4, 4, 4, 4], [0, 4, 0, 4, 4, 4, 4, 4, 4, 4, 0, 4, 0, 0, 4, 0, 4, 4, 4, 4, 4, 4, 4, 4, 4, 4], [4, 4, 4, 4, 4, 0, 4, 4, 4, 4, 4, 4, 0, 0, 0, 0, 4, 4, 4, 4, 0, 0, 0, 4, 4, 4], [4, 0, 4, 4, 4, 4, 4, 4, 4, 4, 0, 4, 4, 0, 4, 4, 0, 4, 4, 4, 4, 4, 4, 4, 4, 4], [4, 4, 4, 4, 4, 4, 4, 0, 4, 4, 4, 0, 4, 0, 4, 4, 4, 4, 4, 4, 4, 4, 4, 4, 0, 0], [0, 0, 0, 0, 0, 0, 0, 0, 0, 0, 0, 0, 0, 0, 0, 0, 0, 0, 0, 0, 0, 0, 0, 0, 0, 0], [7, 0, 0, 7, 7, 0, 7, 7, 7, 7, 7, 7, 7, 0, 7, 7, 7, 7, 7, 7, 7, 7, 7, 7, 7, 7], [7, 7, 7, 7, 0, 7, 7, 7, 7, 7, 7, 7, 7, 0, 7, 7, 7, 7, 7, 0, 7, 7, 7, 7, 0, 7], [7, 0, 7, 7, 7, 7, 7, 0, 7, 0, 7, 0, 7, 0, 7, 0, 7, 7, 7, 7, 7, 7, 7, 7, 7, 7], [7, 7, 7, 0, 7, 7, 7, 7, 7, 7, 7, 0, 7, 0, 7, 7, 0, 7, 0, 7, 7, 7, 7, 7, 0, 7], [7, 7, 7, 7, 7, 7, 7, 7, 7, 7, 7, 7, 0, 0, 7, 7, 7, 7, 7, 7, 7, 7, 0, 7, 7, 7], [7, 0, 7, 7, 7, 7, 7, 7, 7, 7, 0, 7, 0, 0, 7, 7, 7, 0, 7, 7, 7, 7, 7, 0, 7, 7], [7, 7, 7, 7, 7, 7, 7, 0, 7, 7, 0, 7, 7, 0, 7, 7, 7, 0, 7, 7, 7, 7, 0, 0, 7, 0], [7, 7, 7, 0, 7, 7, 7, 7, 7, 0, 7, 7, 0, 0, 0, 7, 7, 7, 7, 7, 7, 0, 7, 0, 7, 7]], "output": [[9, 1], [4, 4], [7, 7]]}, {"input": [[1, 0, 0, 1, 0, 4, 4, 0, 4, 4, 4, 4, 4, 4, 4, 4, 0, 0, 9, 9, 9, 9, 0, 9, 9, 9, 9, 9, 9], [1, 1, 1, 1, 0, 4, 0, 4, 4, 4, 0, 4, 0, 4, 0, 4, 4, 0, 9, 9, 9, 9, 9, 9, 0, 9, 9, 0, 9], [1, 1, 1, 0, 0, 4, 4, 4, 4, 4, 4, 4, 0, 4, 4, 4, 4, 0, 9, 9, 9, 9, 9, 0, 9, 9, 9, 0, 9], [1, 1, 1, 1, 0, 4, 4, 4, 0, 4, 4, 4, 4, 4, 4, 4, 4, 0, 9, 0, 9, 9, 0, 9, 9, 0, 9, 9, 9], [1, 1, 1, 1, 0, 4, 4, 4, 4, 4, 4, 4, 4, 4, 0, 0, 4, 0, 9, 9, 9, 0, 9, 0, 9, 9, 9, 9, 9], [1, 1, 1, 0, 0, 4, 4, 4, 4, 4, 4, 0, 0, 0, 4, 4, 4, 0, 9, 9, 9, 9, 9, 9, 9, 0, 9, 9, 9], [1, 1, 1, 1, 0, 4, 4, 4, 4, 4, 4, 4, 4, 4, 0, 4, 4, 0, 9, 9, 9, 9, 9, 9, 9, 0, 9, 0, 9], [1, 1, 1, 0, 0, 4, 0, 4, 4, 4, 4, 0, 4, 4, 4, 4, 4, 0, 0, 0, 9, 9, 9, 9, 9, 9, 0, 9, 9], [1, 1, 1, 1, 0, 4, 4, 4, 4, 4, 4, 4, 4, 4, 4, 4, 0, 0, 9, 9, 0, 9, 9, 0, 0, 0, 9, 9, 9], [1, 1, 1, 0, 0, 4, 4, 4, 4, 4, 0, 4, 4, 0, 4, 4, 0, 0, 0, 9, 0, 9, 9, 9, 9, 9, 0, 9, 9], [1, 1, 0, 0, 0, 0, 4, 4, 4, 4, 4, 4, 0, 0, 4, 4, 0, 0, 9, 0, 0, 9, 9, 9, 9, 9, 9, 9, 9], [0, 0, 0, 0, 0, 0, 0, 0, 0, 0, 0, 0, 0, 0, 0, 0, 0, 0, 0, 0, 0, 0, 0, 0, 0, 0, 0, 0, 0], [2, 2, 0, 2, 0, 1, 1, 1, 0, 0, 1, 1, 1, 1, 1, 1, 1, 0, 9, 9, 0, 0, 9, 9, 9, 9, 9, 9, 9], [2, 2, 2, 2, 0, 1, 1, 1, 1, 1, 1, 0, 0, 1, 1, 0, 0, 0, 0, 9, 9, 0, 0, 9, 9, 9, 9, 9, 9], [0, 2, 2, 2, 0, 1, 0, 1, 1, 1, 1, 1, 0, 0, 0, 0, 1, 0, 9, 0, 9, 9, 9, 9, 9, 9, 9, 9, 0], [2, 2, 2, 2, 0, 1, 0, 1, 1, 1, 1, 1, 1, 1, 1, 1, 1, 0, 0, 9, 9, 0, 9, 9, 9, 9, 0, 9, 9], [0, 0, 0, 0, 0, 0, 0, 0, 0, 0, 0, 0, 0, 0, 0, 0, 0, 0, 0, 0, 0, 0, 0, 0, 0, 0, 0, 0, 0], [6, 6, 6, 6, 0, 0, 2, 2, 2, 2, 2, 2, 2, 2, 0, 0, 2, 0, 0, 2, 2, 2, 2, 2, 2, 0, 0, 2, 2], [6, 0, 6, 6, 0, 2, 2, 2, 2, 2, 0, 2, 0, 2, 2, 2, 0, 0, 2, 2, 2, 2, 2, 2, 2, 2, 0, 0, 0], [6, 6, 6, 0, 0, 2, 2, 0, 2, 2, 0, 2, 2, 2, 2, 2, 2, 0, 2, 2, 2, 2, 2, 2, 0, 2, 2, 2, 2], [6, 6, 0, 6, 0, 2, 2, 2, 0, 2, 2, 2, 2, 2, 2, 2, 2, 0, 2, 2, 2, 2, 2, 0, 2, 2, 0, 2, 2], [0, 6, 6, 6, 0, 2, 2, 2, 0, 0, 2, 2, 2, 0, 2, 2, 0, 0, 2, 2, 2, 2, 0, 2, 2, 2, 2, 2, 0], [6, 0, 6, 0, 0, 0, 2, 2, 2, 2, 2, 0, 0, 2, 2, 0, 2, 0, 2, 2, 2, 2, 2, 2, 2, 2, 2, 2, 2], [0, 6, 6, 6, 0, 2, 2, 2, 2, 2, 2, 2, 2, 2, 2, 2, 2, 0, 0, 2, 0, 2, 2, 2, 2, 2, 0, 2, 2], [0, 6, 6, 6, 0, 2, 0, 0, 2, 2, 2, 2, 0, 2, 0, 0, 2, 0, 0, 0, 2, 2, 2, 2, 2, 2, 2, 2, 2], [6, 6, 6, 6, 0, 2, 2, 2, 2, 2, 2, 2, 2, 2, 2, 2, 0, 0, 0, 2, 2, 0, 2, 2, 2, 2, 2, 2, 2]], "output": [[1, 4, 9], [2, 1, 9], [6, 2, 2]]}, {"input": [[6, 6, 6, 0, 6, 0, 2, 2, 2, 2, 2, 2, 0, 2, 0, 5, 5, 5, 5, 5, 0, 0], [6, 6, 6, 0, 6, 0, 0, 2, 0, 2, 2, 2, 2, 0, 0, 5, 5, 5, 5, 5, 5, 5], [6, 6, 0, 6, 6, 0, 0, 2, 2, 2, 2, 0, 2, 2, 0, 5, 5, 0, 0, 5, 5, 0], [6, 6, 6, 6, 6, 0, 2, 2, 2, 2, 2, 2, 2, 2, 0, 5, 5, 5, 5, 5, 5, 5], [6, 0, 0, 6, 6, 0, 2, 2, 2, 2, 2, 2, 0, 2, 0, 5, 5, 0, 5, 5, 5, 5], [6, 6, 6, 6, 6, 0, 2, 2, 2, 0, 2, 0, 0, 2, 0, 5, 0, 5, 5, 5, 5, 5], [0, 0, 0, 0, 0, 0, 0, 0, 0, 0, 0, 0, 0, 0, 0, 0, 0, 0, 0, 0, 0, 0], [8, 8, 8, 8, 8, 0, 3, 3, 3, 3, 3, 3, 0, 3, 0, 9, 9, 9, 9, 9, 9, 9], [0, 0, 8, 8, 0, 0, 3, 3, 3, 3, 0, 3, 0, 3, 0, 0, 9, 9, 0, 9, 9, 9], [8, 8, 8, 0, 8, 0, 0, 3, 0, 3, 3, 3, 3, 3, 0, 9, 9, 0, 9, 9, 9, 9], [8, 8, 8, 8, 8, 0, 0, 3, 0, 3, 3, 3, 3, 0, 0, 9, 9, 0, 9, 9, 9, 0], [8, 8, 8, 8, 8, 0, 0, 0, 3, 3, 3, 3, 3, 3, 0, 9, 9, 9, 9, 9, 0, 9], [0, 8, 8, 0, 8, 0, 3, 3, 3, 3, 3, 3, 0, 3, 0, 9, 0, 0, 9, 9, 0, 0], [8, 8, 0, 8, 8, 0, 3, 3, 3, 3, 3, 0, 3, 3, 0, 9, 9, 0, 9, 9, 0, 9], [8, 8, 8, 0, 0, 0, 3, 3, 3, 3, 3, 0, 3, 3, 0, 9, 9, 0, 9, 9, 9, 9], [8, 8, 8, 8, 8, 0, 3, 0, 3, 0, 3, 3, 3, 3, 0, 9, 9, 0, 9, 0, 9, 9], [8, 8, 8, 8, 8, 0, 3, 3, 3, 3, 3, 3, 3, 3, 0, 9, 9, 9, 9, 9, 9, 9], [8, 8, 8, 8, 8, 0, 0, 3, 3, 3, 3, 3, 3, 3, 0, 9, 0, 9, 9, 9, 0, 9], [8, 8, 0, 0, 8, 0, 3, 3, 3, 0, 0, 3, 0, 3, 0, 9, 0, 9, 9, 9, 9, 9], [8, 8, 8, 8, 8, 0, 3, 0, 3, 3, 3, 3, 3, 0, 0, 9, 9, 9, 9, 9, 9, 9], [8, 8, 8, 0, 8, 0, 3, 3, 3, 3, 3, 3, 0, 3, 0, 0, 9, 0, 9, 0, 9, 9], [8, 0, 8, 8, 8, 0, 3, 0, 3, 3, 3, 0, 3, 3, 0, 9, 9, 9, 9, 9, 9, 9]], "output": [[6, 2, 5], [8, 3, 9]]}, {"input": [[4, 0, 0, 4, 0, 4, 4, 4, 4, 4, 4, 4, 0, 4, 4, 4, 4, 4, 4, 4, 4, 4, 4], [4, 4, 4, 4, 4, 0, 4, 4, 4, 4, 4, 4, 0, 4, 0, 4, 4, 0, 4, 4, 0, 4, 4], [4, 4, 4, 0, 4, 4, 4, 4, 4, 0, 4, 4, 0, 4, 0, 0, 4, 4, 4, 4, 0, 4, 4], [0, 4, 0, 4, 4, 0, 4, 4, 4, 4, 4, 0, 0, 4, 4, 4, 4, 4, 0, 4, 0, 4, 4], [4, 4, 0, 4, 4, 4, 4, 4, 4, 4, 4, 4, 0, 4, 4, 4, 4, 4, 4, 4, 4, 0, 4], [4, 4, 4, 0, 0, 4, 4, 0, 4, 4, 4, 4, 0, 4, 0, 4, 0, 4, 4, 0, 4, 4, 4], [4, 4, 4, 4, 4, 4, 4, 4, 4, 0, 4, 0, 0, 4, 4, 4, 4, 4, 4, 4, 4, 0, 4], [0, 0, 0, 0, 0, 0, 0, 0, 0, 0, 0, 0, 0, 0, 0, 0, 0, 0, 0, 0, 0, 0, 0], [3, 0, 3, 3, 0, 3, 3, 3, 3, 3, 3, 3, 0, 6, 6, 6, 6, 0, 6, 0, 6, 6, 0], [3, 0, 3, 3, 3, 3, 3, 0, 3, 0, 3, 0, 0, 6, 6, 6, 6, 0, 6, 6, 6, 6, 0], [3, 3, 3, 3, 3, 0, 3, 3, 0, 0, 3, 3, 0, 0, 6, 6, 6, 6, 6, 6, 6, 0, 6], [0, 3, 0, 0, 3, 3, 3, 3, 3, 3, 3, 3, 0, 6, 6, 6, 0, 6, 0, 6, 0, 6, 0], [3, 3, 3, 0, 3, 3, 3, 3, 0, 0, 3, 0, 0, 6, 6, 6, 6, 6, 0, 6, 6, 6, 0], [3, 3, 3, 3, 3, 3, 3, 0, 0, 3, 3, 0, 0, 0, 6, 6, 6, 6, 6, 6, 6, 6, 6], [3, 3, 3, 3, 3, 3, 3, 3, 3, 0, 3, 3, 0, 6, 0, 0, 0, 6, 6, 6, 6, 6, 6], [3, 3, 3, 3, 3, 3, 3, 3, 3, 3, 3, 3, 0, 6, 6, 6, 6, 6, 6, 6, 6, 6, 6], [0, 0, 3, 3, 3, 3, 3, 3, 3, 3, 0, 3, 0, 6, 0, 0, 6, 6, 6, 6, 6, 6, 6], [3, 3, 3, 3, 3, 0, 3, 3, 3, 3, 3, 3, 0, 6, 6, 0, 6, 6, 6, 0, 6, 6, 6], [3, 3, 3, 3, 3, 3, 3, 3, 3, 3, 3, 3, 0, 0, 6, 6, 6, 0, 6, 6, 6, 6, 6], [0, 3, 3, 0, 0, 3, 3, 3, 3, 3, 3, 3, 0, 6, 6, 0, 6, 6, 0, 0, 6, 6, 6], [0, 0, 0, 3, 3, 3, 3, 3, 3, 3, 3, 3, 0, 6, 6, 0, 0, 6, 0, 6, 6, 6, 6], [3, 3, 3, 3, 3, 3, 3, 3, 3, 3, 3, 3, 0, 6, 6, 6, 0, 6, 6, 6, 0, 0, 6], [3, 0, 3, 3, 3, 3, 3, 3, 3, 3, 3, 3, 0, 6, 0, 0, 6, 6, 6, 6, 6, 6, 6], [0, 3, 0, 3, 0, 3, 0, 3, 0, 3, 3, 3, 0, 6, 6, 6, 6, 6, 6, 0, 0, 6, 6], [3, 3, 3, 3, 3, 3, 0, 0, 3, 3, 0, 3, 0, 6, 6, 6, 6, 6, 6, 6, 6, 6, 6]], "output": [[4, 4], [3, 6]]}, {"input": [[4, 4, 4, 4, 4, 0, 0, 4, 4, 0, 4, 4, 0, 0, 4, 0, 6, 6, 0, 6, 6, 6, 6, 6, 6], [0, 4, 4, 4, 0, 4, 0, 4, 4, 0, 0, 4, 4, 4, 4, 0, 6, 6, 6, 6, 6, 0, 6, 6, 6], [4, 4, 4, 4, 4, 4, 0, 4, 4, 0, 0, 0, 4, 4, 4, 0, 6, 6, 0, 6, 6, 0, 6, 6, 0], [4, 4, 4, 0, 4, 4, 0, 4, 0, 0, 4, 4, 4, 4, 4, 0, 6, 6, 0, 0, 0, 6, 0, 6, 6], [0, 4, 4, 0, 4, 4, 0, 0, 4, 0, 4, 4, 4, 4, 4, 0, 6, 0, 6, 6, 6, 6, 6, 6, 6], [0, 0, 0, 0, 0, 0, 0, 0, 0, 0, 0, 0, 0, 0, 0, 0, 0, 0, 0, 0, 0, 0, 0, 0, 0], [0, 7, 7, 0, 7, 7, 0, 9, 9, 0, 5, 5, 0, 5, 5, 0, 0, 3, 3, 3, 3, 3, 3, 3, 3], [7, 7, 0, 7, 0, 7, 0, 9, 9, 0, 5, 5, 5, 5, 5, 0, 3, 3, 3, 3, 3, 3, 3, 0, 3], [0, 7, 7, 7, 0, 7, 0, 9, 0, 0, 5, 0, 5, 5, 5, 0, 3, 3, 3, 3, 3, 3, 3, 0, 3], [7, 0, 7, 7, 7, 7, 0, 9, 9, 0, 0, 0, 5, 5, 5, 0, 3, 3, 3, 3, 3, 3, 3, 0, 3], [0, 7, 7, 7, 7, 7, 0, 9, 0, 0, 0, 5, 0, 5, 5, 0, 0, 3, 3, 3, 3, 0, 3, 3, 0], [7, 0, 7, 7, 7, 7, 0, 9, 0, 0, 5, 5, 5, 5, 5, 0, 3, 3, 3, 3, 3, 0, 0, 3, 3], [7, 7, 7, 7, 7, 7, 0, 9, 9, 0, 5, 0, 0, 5, 5, 0, 3, 3, 3, 0, 3, 3, 3, 3, 3], [7, 7, 7, 7, 7, 7, 0, 9, 9, 0, 5, 0, 5, 5, 0, 0, 3, 3, 3, 3, 3, 3, 3, 3, 0], [7, 0, 7, 7, 7, 7, 0, 9, 9, 0, 5, 5, 5, 5, 5, 0, 3, 3, 3, 3, 3, 3, 3, 3, 3], [7, 7, 7, 0, 0, 7, 0, 9, 9, 0, 5, 5, 5, 5, 5, 0, 3, 0, 3, 0, 3, 3, 3, 3, 0], [0, 7, 0, 7, 7, 0, 0, 9, 0, 0, 5, 5, 5, 5, 5, 0, 3, 3, 3, 0, 3, 3, 0, 3, 3], [7, 7, 7, 7, 7, 7, 0, 9, 9, 0, 5, 5, 5, 0, 5, 0, 0, 3, 0, 3, 0, 3, 0, 3, 0], [7, 7, 7, 7, 0, 7, 0, 9, 9, 0, 5, 5, 5, 5, 5, 0, 3, 3, 3, 3, 3, 3, 3, 0, 3], [7, 7, 7, 7, 0, 7, 0, 9, 9, 0, 5, 5, 0, 5, 5, 0, 0, 3, 3, 3, 3, 3, 0, 3, 3], [7, 7, 7, 7, 0, 7, 0, 9, 0, 0, 5, 5, 5, 5, 5, 0, 3, 3, 3, 3, 0, 3, 3, 0, 3], [7, 7, 7, 7, 0, 7, 0, 0, 0, 0, 0, 5, 0, 5, 5, 0, 3, 3, 3, 3, 3, 0, 3, 3, 3], [7, 7, 7, 7, 7, 7, 0, 9, 9, 0, 5, 5, 5, 5, 5, 0, 3, 3, 3, 3, 3, 3, 0, 3, 3], [7, 0, 7, 7, 7, 0, 0, 9, 9, 0, 0, 0, 5, 5, 5, 0, 3, 3, 3, 0, 3, 3, 0, 0, 0]], "output": [[4, 4, 4, 6], [7, 9, 5, 3]]}]
