[{"input": [[0, 0, 0, 5, 0, 0, 0, 5, 0, 0, 0, 5, 0, 0, 0, 5, 0, 0, 0, 5, 0, 0, 0], [0, 0, 0, 5, 0, 0, 0, 5, 0, 0, 0, 5, 0, 0, 0, 5, 0, 0, 0, 5, 0, 0, 0], [0, 0, 0, 5, 0, 0, 0, 5, 0, 0, 0, 5, 0, 0, 0, 5, 0, 0, 0, 5, 0, 0, 0], [5, 5, 5, 5, 5, 5, 5, 5, 5, 5, 5, 5, 5, 5, 5, 3, 5, 5, 5, 3, 5, 5, 5], [0, 0, 0, 5, 0, 0, 0, 5, 0, 0, 0, 5, 0, 0, 0, 5, 0, 0, 0, 5, 0, 0, 0], [0, 0, 0, 5, 0, 0, 0, 5, 0, 0, 0, 5, 0, 0, 0, 5, 0, 0, 0, 5, 0, 0, 0], [0, 0, 0, 5, 0, 0, 0, 5, 0, 0, 0, 5, 0, 0, 0, 5, 0, 0, 0, 5, 0, 0, 0], [5, 5, 5, 5, 5, 5, 5, 5, 5, 5, 5, 3, 5, 5, 5, 3, 5, 5, 5, 3, 5, 5, 5], [0, 0, 0, 5, 0, 0, 0, 5, 0, 0, 0, 5, 0, 0, 0, 5, 0, 0, 0, 5, 0, 0, 0], [0, 0, 0, 5, 0, 0, 0, 5, 0, 0, 0, 5, 0, 0, 0, 5, 0, 0, 0, 5, 0, 0, 0], [0, 0, 0, 5, 0, 0, 0, 5, 0, 0, 0, 5, 0, 0, 0, 5, 0, 0, 0, 5, 0, 0, 0], [5, 5, 5, 5, 5, 5, 5, 5, 5, 5, 5, 3, 5, 5, 5, 3, 5, 5, 5, 5, 5, 5, 5], [0, 0, 0, 5, 0, 0, 0, 5, 0, 0, 0, 5, 0, 0, 0, 5, 0, 0, 0, 5, 0, 0, 0], [0, 0, 0, 5, 0, 0, 0, 5, 0, 0, 0, 5, 0, 0, 0, 5, 0, 0, 0, 5, 0, 0, 0], [0, 0, 0, 5, 0, 0, 0, 5, 0, 0, 0, 5, 0, 0, 0, 5, 0, 0, 0, 5, 0, 0, 0], [5, 5, 5, 5, 5, 5, 5, 2, 5, 5, 5, 2, 5, 5, 5, 2, 5, 5, 5, 5, 5, 5, 5], [0, 0, 0, 5, 0, 0, 0, 5, 0, 0, 0, 5, 0, 0, 0, 5, 0, 0, 0, 5, 0, 0, 0], [0, 0, 0, 5, 0, 0, 0, 5, 0, 0, 0, 5, 0, 0, 0, 5, 0, 0, 0, 5, 0, 0, 0], [0, 0, 0, 5, 0, 0, 0, 5, 0, 0, 0, 5, 0, 0, 0, 5, 0, 0, 0, 5, 0, 0, 0], [5, 5, 5, 5, 5, 5, 5, 2, 5, 5, 5, 2, 5, 5, 5, 2, 5, 5, 5, 5, 5, 5, 5], [0, 0, 0, 5, 0, 0, 0, 5, 0, 0, 0, 5, 0, 0, 0, 5, 0, 0, 0, 5, 0, 0, 0], [0, 0, 0, 5, 0, 0, 0, 5, 0, 0, 0, 5, 0, 0, 0, 5, 0, 0, 0, 5, 0, 0, 0], [0, 0, 0, 5, 0, 0, 0, 5, 0, 0, 0, 5, 0, 0, 0, 5, 0, 0, 0, 5, 0, 0, 0]], "output": [[0, 0, 3], [0, 3, 0], [0, 0, 0], [2, 2, 0]]}, {"input": [[0, 0, 5, 0, 0, 5, 0, 0, 5, 0, 0, 5, 0, 0, 5, 0, 0, 5, 0, 0], [0, 0, 5, 0, 0, 5, 0, 0, 5, 0, 0, 5, 0, 0, 5, 0, 0, 5, 0, 0], [5, 5, 5, 5, 5, 5, 5, 5, 5, 5, 5, 5, 5, 5, 2, 5, 5, 2, 5, 5], [0, 0, 5, 0, 0, 5, 0, 0, 5, 0, 0, 5, 0, 0, 5, 0, 0, 5, 0, 0], [0, 0, 5, 0, 0, 5, 0, 0, 5, 0, 0, 5, 0, 0, 5, 0, 0, 5, 0, 0], [5, 5, 2, 5, 5, 2, 5, 5, 2, 5, 5, 5, 5, 5, 2, 5, 5, 2, 5, 5], [0, 0, 5, 0, 0, 5, 0, 0, 5, 0, 0, 5, 0, 0, 5, 0, 0, 5, 0, 0], [0, 0, 5, 0, 0, 5, 0, 0, 5, 0, 0, 5, 0, 0, 5, 0, 0, 5, 0, 0], [5, 5, 2, 5, 5, 2, 5, 5, 2, 5, 5, 6, 5, 5, 6, 5, 5, 5, 5, 5], [0, 0, 5, 0, 0, 5, 0, 0, 5, 0, 0, 5, 0, 0, 5, 0, 0, 5, 0, 0], [0, 0, 5, 0, 0, 5, 0, 0, 5, 0, 0, 5, 0, 0, 5, 0, 0, 5, 0, 0], [5, 5, 5, 5, 5, 6, 5, 5, 6, 5, 5, 6, 5, 5, 6, 5, 5, 5, 5, 5], [0, 0, 5, 0, 0, 5, 0, 0, 5, 0, 0, 5, 0, 0, 5, 0, 0, 5, 0, 0], [0, 0, 5, 0, 0, 5, 0, 0, 5, 0, 0, 5, 0, 0, 5, 0, 0, 5, 0, 0], [5, 5, 6, 5, 5, 6, 5, 5, 6, 5, 5, 5, 5, 5, 5, 5, 5, 5, 5, 5], [0, 0, 5, 0, 0, 5, 0, 0, 5, 0, 0, 5, 0, 0, 5, 0, 0, 5, 0, 0], [0, 0, 5, 0, 0, 5, 0, 0, 5, 0, 0, 5, 0, 0, 5, 0, 0, 5, 0, 0], [5, 5, 6, 5, 5, 6, 5, 5, 5, 5, 5, 5, 5, 5, 5, 5, 5, 5, 5, 5], [0, 0, 5, 0, 0, 5, 0, 0, 5, 0, 0, 5, 0, 0, 5, 0, 0, 5, 0, 0], [0, 0, 5, 0, 0, 5, 0, 0, 5, 0, 0, 5, 0, 0, 5, 0, 0, 5, 0, 0]], "output": [[0, 0, 0, 0, 2], [2, 2, 0, 0, 0], [0, 0, 0, 6, 0], [0, 6, 0, 0, 0], [6, 0, 0, 0, 0]]}, {"input": [[0, 0, 8, 0, 0, 8, 0, 0, 8, 0, 0, 8, 0, 0, 8, 0, 0, 8, 0, 0, 8, 0, 0], [0, 0, 8, 0, 0, 8, 0, 0, 8, 0, 0, 8, 0, 0, 8, 0, 0, 8, 0, 0, 8, 0, 0], [8, 8, 8, 8, 8, 8, 8, 8, 8, 8, 8, 8, 8, 8, 2, 8, 8, 2, 8, 8, 8, 8, 8], [0, 0, 8, 0, 0, 8, 0, 0, 8, 0, 0, 8, 0, 0, 8, 0, 0, 8, 0, 0, 8, 0, 0], [0, 0, 8, 0, 0, 8, 0, 0, 8, 0, 0, 8, 0, 0, 8, 0, 0, 8, 0, 0, 8, 0, 0], [8, 8, 8, 8, 8, 8, 8, 8, 8, 8, 8, 8, 8, 8, 2, 8, 8, 2, 8, 8, 8, 8, 8], [0, 0, 8, 0, 0, 8, 0, 0, 8, 0, 0, 8, 0, 0, 8, 0, 0, 8, 0, 0, 8, 0, 0], [0, 0, 8, 0, 0, 8, 0, 0, 8, 0, 0, 8, 0, 0, 8, 0, 0, 8, 0, 0, 8, 0, 0], [8, 8, 8, 8, 8, 8, 8, 8, 8, 8, 8, 8, 8, 8, 8, 8, 8, 8, 8, 8, 8, 8, 8], [0, 0, 8, 0, 0, 8, 0, 0, 8, 0, 0, 8, 0, 0, 8, 0, 0, 8, 0, 0, 8, 0, 0], [0, 0, 8, 0, 0, 8, 0, 0, 8, 0, 0, 8, 0, 0, 8, 0, 0, 8, 0, 0, 8, 0, 0], [8, 8, 6, 8, 8, 6, 8, 8, 8, 8, 8, 8, 8, 8, 8, 8, 8, 9, 8, 8, 9, 8, 8], [0, 0, 8, 0, 0, 8, 0, 0, 8, 0, 0, 8, 0, 0, 8, 0, 0, 8, 0, 0, 8, 0, 0], [0, 0, 8, 0, 0, 8, 0, 0, 8, 0, 0, 8, 0, 0, 8, 0, 0, 8, 0, 0, 8, 0, 0], [8, 8, 6, 8, 8, 6, 8, 8, 8, 8, 8, 8, 8, 8, 8, 8, 8, 9, 8, 8, 9, 8, 8], [0, 0, 8, 0, 0, 8, 0, 0, 8, 0, 0, 8, 0, 0, 8, 0, 0, 8, 0, 0, 8, 0, 0], [0, 0, 8, 0, 0, 8, 0, 0, 8, 0, 0, 8, 0, 0, 8, 0, 0, 8, 0, 0, 8, 0, 0], [8, 8, 8, 8, 8, 8, 8, 8, 9, 8, 8, 9, 8, 8, 8, 8, 8, 9, 8, 8, 9, 8, 8], [0, 0, 8, 0, 0, 8, 0, 0, 8, 0, 0, 8, 0, 0, 8, 0, 0, 8, 0, 0, 8, 0, 0], [0, 0, 8, 0, 0, 8, 0, 0, 8, 0, 0, 8, 0, 0, 8, 0, 0, 8, 0, 0, 8, 0, 0], [8, 8, 8, 8, 8, 8, 8, 8, 9, 8, 8, 9, 8, 8, 8, 8, 8, 8, 8, 8, 8, 8, 8], [0, 0, 8, 0, 0, 8, 0, 0, 8, 0, 0, 8, 0, 0, 8, 0, 0, 8, 0, 0, 8, 0, 0], [0, 0, 8, 0, 0, 8, 0, 0, 8, 0, 0, 8, 0, 0, 8, 0, 0, 8, 0, 0, 8, 0, 0]], "output": [[0, 0, 0, 0, 2, 0], [0, 0, 0, 0, 0, 0], [0, 0, 0, 0, 0, 0], [6, 0, 0, 0, 0, 9], [0, 0, 0, 0, 0, 9], [0, 0, 9, 0, 0, 0]]}, {"input": [[0, 0, 4, 0, 0, 4, 0, 0, 4, 0, 0, 4, 0, 0, 4, 0, 0], [0, 0, 4, 0, 0, 4, 0, 0, 4, 0, 0, 4, 0, 0, 4, 0, 0], [4, 4, 4, 4, 4, 9, 4, 4, 9, 4, 4, 7, 4, 4, 7, 4, 4], [0, 0, 4, 0, 0, 4, 0, 0, 4, 0, 0, 4, 0, 0, 4, 0, 0], [0, 0, 4, 0, 0, 4, 0, 0, 4, 0, 0, 4, 0, 0, 4, 0, 0], [4, 4, 4, 4, 4, 9, 4, 4, 9, 4, 4, 7, 4, 4, 7, 4, 4], [0, 0, 4, 0, 0, 4, 0, 0, 4, 0, 0, 4, 0, 0, 4, 0, 0], [0, 0, 4, 0, 0, 4, 0, 0, 4, 0, 0, 4, 0, 0, 4, 0, 0], [4, 4, 4, 4, 4, 9, 4, 4, 9, 4, 4, 4, 4, 4, 4, 4, 4], [0, 0, 4, 0, 0, 4, 0, 0, 4, 0, 0, 4, 0, 0, 4, 0, 0], [0, 0, 4, 0, 0, 4, 0, 0, 4, 0, 0, 4, 0, 0, 4, 0, 0], [4, 4, 4, 4, 4, 4, 4, 4, 4, 4, 4, 4, 4, 4, 4, 4, 4], [0, 0, 4, 0, 0, 4, 0, 0, 4, 0, 0, 4, 0, 0, 4, 0, 0], [0, 0, 4, 0, 0, 4, 0, 0, 4, 0, 0, 4, 0, 0, 4, 0, 0], [4, 4, 4, 4, 4, 4, 4, 4, 4, 4, 4, 4, 4, 4, 4, 4, 4], [0, 0, 4, 0, 0, 4, 0, 0, 4, 0, 0, 4, 0, 0, 4, 0, 0], [0, 0, 4, 0, 0, 4, 0, 0, 4, 0, 0, 4, 0, 0, 4, 0, 0]], "output": [[9, 0, 7], [9, 0, 0]]}, {"input": [[0, 0, 0, 6, 0, 0, 0, 6, 0, 0, 0, 6, 0, 0, 0, 6, 0, 0, 0, 6, 0, 0, 0], [0, 0, 0, 6, 0, 0, 0, 6, 0, 0, 0, 6, 0, 0, 0, 6, 0, 0, 0, 6, 0, 0, 0], [0, 0, 0, 6, 0, 0, 0, 6, 0, 0, 0, 6, 0, 0, 0, 6, 0, 0, 0, 6, 0, 0, 0], [6, 6, 6, 6, 6, 6, 6, 3, 6, 6, 6, 3, 6, 6, 6, 6, 6, 6, 6, 6, 6, 6, 6], [0, 0, 0, 6, 0, 0, 0, 6, 0, 0, 0, 6, 0, 0, 0, 6, 0, 0, 0, 6, 0, 0, 0], [0, 0, 0, 6, 0, 0, 0, 6, 0, 0, 0, 6, 0, 0, 0, 6, 0, 0, 0, 6, 0, 0, 0], [0, 0, 0, 6, 0, 0, 0, 6, 0, 0, 0, 6, 0, 0, 0, 6, 0, 0, 0, 6, 0, 0, 0], [6, 6, 6, 6, 6, 6, 6, 3, 6, 6, 6, 3, 6, 6, 6, 3, 6, 6, 6, 3, 6, 6, 6], [0, 0, 0, 6, 0, 0, 0, 6, 0, 0, 0, 6, 0, 0, 0, 6, 0, 0, 0, 6, 0, 0, 0], [0, 0, 0, 6, 0, 0, 0, 6, 0, 0, 0, 6, 0, 0, 0, 6, 0, 0, 0, 6, 0, 0, 0], [0, 0, 0, 6, 0, 0, 0, 6, 0, 0, 0, 6, 0, 0, 0, 6, 0, 0, 0, 6, 0, 0, 0], [6, 6, 6, 3, 6, 6, 6, 3, 6, 6, 6, 3, 6, 6, 6, 3, 6, 6, 6, 3, 6, 6, 6], [0, 0, 0, 6, 0, 0, 0, 6, 0, 0, 0, 6, 0, 0, 0, 6, 0, 0, 0, 6, 0, 0, 0], [0, 0, 0, 6, 0, 0, 0, 6, 0, 0, 0, 6, 0, 0, 0, 6, 0, 0, 0, 6, 0, 0, 0], [0, 0, 0, 6, 0, 0, 0, 6, 0, 0, 0, 6, 0, 0, 0, 6, 0, 0, 0, 6, 0, 0, 0], [6, 6, 6, 3, 6, 6, 6, 3, 6, 6, 6, 3, 6, 6, 6, 3, 6, 6, 6, 6, 6, 6, 6], [0, 0, 0, 6, 0, 0, 0, 6, 0, 0, 0, 6, 0, 0, 0, 6, 0, 0, 0, 6, 0, 0, 0], [0, 0, 0, 6, 0, 0, 0, 6, 0, 0, 0, 6, 0, 0, 0, 6, 0, 0, 0, 6, 0, 0, 0], [0, 0, 0, 6, 0, 0, 0, 6, 0, 0, 0, 6, 0, 0, 0, 6, 0, 0, 0, 6, 0, 0, 0], [6, 6, 6, 6, 6, 6, 6, 6, 6, 6, 6, 6, 6, 6, 6, 6, 6, 6, 6, 6, 6, 6, 6], [0, 0, 0, 6, 0, 0, 0, 6, 0, 0, 0, 6, 0, 0, 0, 6, 0, 0, 0, 6, 0, 0, 0], [0, 0, 0, 6, 0, 0, 0, 6, 0, 0, 0, 6, 0, 0, 0, 6, 0, 0, 0, 6, 0, 0, 0], [0, 0, 0, 6, 0, 0, 0, 6, 0, 0, 0, 6, 0, 0, 0, 6, 0, 0, 0, 6, 0, 0, 0]], "output": [[0, 3, 0, 0], [0, 3, 3, 3], [3, 3, 3, 0]]}, {"input": [[0, 0, 0, 9, 0, 0, 0, 9, 0, 0, 0, 9, 0, 0, 0, 9, 0, 0, 0, 9, 0, 0, 0], [0, 0, 0, 9, 0, 0, 0, 9, 0, 0, 0, 9, 0, 0, 0, 9, 0, 0, 0, 9, 0, 0, 0], [0, 0, 0, 9, 0, 0, 0, 9, 0, 0, 0, 9, 0, 0, 0, 9, 0, 0, 0, 9, 0, 0, 0], [9, 9, 9, 9, 9, 9, 9, 5, 9, 9, 9, 5, 9, 9, 9, 5, 9, 9, 9, 9, 9, 9, 9], [0, 0, 0, 9, 0, 0, 0, 9, 0, 0, 0, 9, 0, 0, 0, 9, 0, 0, 0, 9, 0, 0, 0], [0, 0, 0, 9, 0, 0, 0, 9, 0, 0, 0, 9, 0, 0, 0, 9, 0, 0, 0, 9, 0, 0, 0], [0, 0, 0, 9, 0, 0, 0, 9, 0, 0, 0, 9, 0, 0, 0, 9, 0, 0, 0, 9, 0, 0, 0], [9, 9, 9, 9, 9, 9, 9, 5, 9, 9, 9, 5, 9, 9, 9, 5, 9, 9, 9, 9, 9, 9, 9], [0, 0, 0, 9, 0, 0, 0, 9, 0, 0, 0, 9, 0, 0, 0, 9, 0, 0, 0, 9, 0, 0, 0], [0, 0, 0, 9, 0, 0, 0, 9, 0, 0, 0, 9, 0, 0, 0, 9, 0, 0, 0, 9, 0, 0, 0], [0, 0, 0, 9, 0, 0, 0, 9, 0, 0, 0, 9, 0, 0, 0, 9, 0, 0, 0, 9, 0, 0, 0], [9, 9, 9, 9, 9, 9, 9, 9, 9, 9, 9, 9, 9, 9, 9, 8, 9, 9, 9, 8, 9, 9, 9], [0, 0, 0, 9, 0, 0, 0, 9, 0, 0, 0, 9, 0, 0, 0, 9, 0, 0, 0, 9, 0, 0, 0], [0, 0, 0, 9, 0, 0, 0, 9, 0, 0, 0, 9, 0, 0, 0, 9, 0, 0, 0, 9, 0, 0, 0], [0, 0, 0, 9, 0, 0, 0, 9, 0, 0, 0, 9, 0, 0, 0, 9, 0, 0, 0, 9, 0, 0, 0], [9, 9, 9, 7, 9, 9, 9, 7, 9, 9, 9, 8, 9, 9, 9, 8, 9, 9, 9, 8, 9, 9, 9], [0, 0, 0, 9, 0, 0, 0, 9, 0, 0, 0, 9, 0, 0, 0, 9, 0, 0, 0, 9, 0, 0, 0], [0, 0, 0, 9, 0, 0, 0, 9, 0, 0, 0, 9, 0, 0, 0, 9, 0, 0, 0, 9, 0, 0, 0], [0, 0, 0, 9, 0, 0, 0, 9, 0, 0, 0, 9, 0, 0, 0, 9, 0, 0, 0, 9, 0, 0, 0], [9, 9, 9, 7, 9, 9, 9, 7, 9, 9, 9, 8, 9, 9, 9, 8, 9, 9, 9, 9, 9, 9, 9], [0, 0, 0, 9, 0, 0, 0, 9, 0, 0, 0, 9, 0, 0, 0, 9, 0, 0, 0, 9, 0, 0, 0], [0, 0, 0, 9, 0, 0, 0, 9, 0, 0, 0, 9, 0, 0, 0, 9, 0, 0, 0, 9, 0, 0, 0], [0, 0, 0, 9, 0, 0, 0, 9, 0, 0, 0, 9, 0, 0, 0, 9, 0, 0, 0, 9, 0, 0, 0]], "output": [[0, 5, 5, 0], [0, 0, 0, 0], [0, 0, 0, 8], [7, 0, 8, 0]]}, {"input": [[0, 0, 0, 4, 0, 0, 0, 4, 0, 0, 0, 4, 0, 0, 0, 4, 0, 0, 0, 4, 0, 0, 0], [0, 0, 0, 4, 0, 0, 0, 4, 0, 0, 0, 4, 0, 0, 0, 4, 0, 0, 0, 4, 0, 0, 0], [0, 0, 0, 4, 0, 0, 0, 4, 0, 0, 0, 4, 0, 0, 0, 4, 0, 0, 0, 4, 0, 0, 0], [4, 4, 4, 5, 4, 4, 4, 5, 4, 4, 4, 5, 4, 4, 4, 5, 4, 4, 4, 4, 4, 4, 4], [0, 0, 0, 4, 0, 0, 0, 4, 0, 0, 0, 4, 0, 0, 0, 4, 0, 0, 0, 4, 0, 0, 0], [0, 0, 0, 4, 0, 0, 0, 4, 0, 0, 0, 4, 0, 0, 0, 4, 0, 0, 0, 4, 0, 0, 0], [0, 0, 0, 4, 0, 0, 0, 4, 0, 0, 0, 4, 0, 0, 0, 4, 0, 0, 0, 4, 0, 0, 0], [4, 4, 4, 5, 4, 4, 4, 5, 4, 4, 4, 5, 4, 4, 4, 5, 4, 4, 4, 4, 4, 4, 4], [0, 0, 0, 4, 0, 0, 0, 4, 0, 0, 0, 4, 0, 0, 0, 4, 0, 0, 0, 4, 0, 0, 0], [0, 0, 0, 4, 0, 0, 0, 4, 0, 0, 0, 4, 0, 0, 0, 4, 0, 0, 0, 4, 0, 0, 0], [0, 0, 0, 4, 0, 0, 0, 4, 0, 0, 0, 4, 0, 0, 0, 4, 0, 0, 0, 4, 0, 0, 0], [4, 4, 4, 5, 4, 4, 4, 5, 4, 4, 4, 4, 4, 4, 4, 9, 4, 4, 4, 9, 4, 4, 4], [0, 0, 0, 4, 0, 0, 0, 4, 0, 0, 0, 4, 0, 0, 0, 4, 0, 0, 0, 4, 0, 0, 0], [0, 0, 0, 4, 0, 0, 0, 4, 0, 0, 0, 4, 0, 0, 0, 4, 0, 0, 0, 4, 0, 0, 0], [0, 0, 0, 4, 0, 0, 0, 4, 0, 0, 0, 4, 0, 0, 0, 4, 0, 0, 0, 4, 0, 0, 0], [4, 4, 4, 4, 4, 4, 4, 9, 4, 4, 4, 9, 4, 4, 4, 9, 4, 4, 4, 9, 4, 4, 4], [0, 0, 0, 4, 0, 0, 0, 4, 0, 0, 0, 4, 0, 0, 0, 4, 0, 0, 0, 4, 0, 0, 0], [0, 0, 0, 4, 0, 0, 0, 4, 0, 0, 0, 4, 0, 0, 0, 4, 0, 0, 0, 4, 0, 0, 0], [0, 0, 0, 4, 0, 0, 0, 4, 0, 0, 0, 4, 0, 0, 0, 4, 0, 0, 0, 4, 0, 0, 0], [4, 4, 4, 4, 4, 4, 4, 9, 4, 4, 4, 9, 4, 4, 4, 4, 4, 4, 4, 4, 4, 4, 4], [0, 0, 0, 4, 0, 0, 0, 4, 0, 0, 0, 4, 0, 0, 0, 4, 0, 0, 0, 4, 0, 0, 0], [0, 0, 0, 4, 0, 0, 0, 4, 0, 0, 0, 4, 0, 0, 0, 4, 0, 0, 0, 4, 0, 0, 0], [0, 0, 0, 4, 0, 0, 0, 4, 0, 0, 0, 4, 0, 0, 0, 4, 0, 0, 0, 4, 0, 0, 0]], "output": [[5, 5, 5, 0], [5, 0, 0, 0], [0, 0, 0, 9], [0, 9, 0, 0]]}, {"input": [[0, 0, 9, 0, 0, 9, 0, 0, 9, 0, 0, 9, 0, 0, 9, 0, 0], [0, 0, 9, 0, 0, 9, 0, 0, 9, 0, 0, 9, 0, 0, 9, 0, 0], [9, 9, 9, 9, 9, 3, 9, 9, 3, 9, 9, 9, 9, 9, 9, 9, 9], [0, 0, 9, 0, 0, 9, 0, 0, 9, 0, 0, 9, 0, 0, 9, 0, 0], [0, 0, 9, 0, 0, 9, 0, 0, 9, 0, 0, 9, 0, 0, 9, 0, 0], [9, 9, 9, 9, 9, 3, 9, 9, 3, 9, 9, 3, 9, 9, 3, 9, 9], [0, 0, 9, 0, 0, 9, 0, 0, 9, 0, 0, 9, 0, 0, 9, 0, 0], [0, 0, 9, 0, 0, 9, 0, 0, 9, 0, 0, 9, 0, 0, 9, 0, 0], [9, 9, 9, 9, 9, 9, 9, 9, 9, 9, 9, 3, 9, 9, 3, 9, 9], [0, 0, 9, 0, 0, 9, 0, 0, 9, 0, 0, 9, 0, 0, 9, 0, 0], [0, 0, 9, 0, 0, 9, 0, 0, 9, 0, 0, 9, 0, 0, 9, 0, 0], [9, 9, 9, 9, 9, 9, 9, 9, 3, 9, 9, 3, 9, 9, 3, 9, 9], [0, 0, 9, 0, 0, 9, 0, 0, 9, 0, 0, 9, 0, 0, 9, 0, 0], [0, 0, 9, 0, 0, 9, 0, 0, 9, 0, 0, 9, 0, 0, 9, 0, 0], [9, 9, 9, 9, 9, 9, 9, 9, 3, 9, 9, 3, 9, 9, 9, 9, 9], [0, 0, 9, 0, 0, 9, 0, 0, 9, 0, 0, 9, 0, 0, 9, 0, 0], [0, 0, 9, 0, 0, 9, 0, 0, 9, 0, 0, 9, 0, 0, 9, 0, 0]], "output": [[3, 0, 0], [0, 0, 3], [0, 0, 3], [0, 3, 0]]}, {"input": [[0, 0, 0, 4, 0, 0, 0, 4, 0, 0, 0, 4, 0, 0, 0, 4, 0, 0, 0, 4, 0, 0, 0], [0, 0, 0, 4, 0, 0, 0, 4, 0, 0, 0, 4, 0, 0, 0, 4, 0, 0, 0, 4, 0, 0, 0], [0, 0, 0, 4, 0, 0, 0, 4, 0, 0, 0, 4, 0, 0, 0, 4, 0, 0, 0, 4, 0, 0, 0], [4, 4, 4, 4, 4, 4, 4, 4, 4, 4, 4, 1, 4, 4, 4, 1, 4, 4, 4, 4, 4, 4, 4], [0, 0, 0, 4, 0, 0, 0, 4, 0, 0, 0, 4, 0, 0, 0, 4, 0, 0, 0, 4, 0, 0, 0], [0, 0, 0, 4, 0, 0, 0, 4, 0, 0, 0, 4, 0, 0, 0, 4, 0, 0, 0, 4, 0, 0, 0], [0, 0, 0, 4, 0, 0, 0, 4, 0, 0, 0, 4, 0, 0, 0, 4, 0, 0, 0, 4, 0, 0, 0], [4, 4, 4, 7, 4, 4, 4, 7, 4, 4, 4, 1, 4, 4, 4, 1, 4, 4, 4, 1, 4, 4, 4], [0, 0, 0, 4, 0, 0, 0, 4, 0, 0, 0, 4, 0, 0, 0, 4, 0, 0, 0, 4, 0, 0, 0], [0, 0, 0, 4, 0, 0, 0, 4, 0, 0, 0, 4, 0, 0, 0, 4, 0, 0, 0, 4, 0, 0, 0], [0, 0, 0, 4, 0, 0, 0, 4, 0, 0, 0, 4, 0, 0, 0, 4, 0, 0, 0, 4, 0, 0, 0], [4, 4, 4, 7, 4, 4, 4, 7, 4, 4, 4, 1, 4, 4, 4, 1, 4, 4, 4, 1, 4, 4, 4], [0, 0, 0, 4, 0, 0, 0, 4, 0, 0, 0, 4, 0, 0, 0, 4, 0, 0, 0, 4, 0, 0, 0], [0, 0, 0, 4, 0, 0, 0, 4, 0, 0, 0, 4, 0, 0, 0, 4, 0, 0, 0, 4, 0, 0, 0], [0, 0, 0, 4, 0, 0, 0, 4, 0, 0, 0, 4, 0, 0, 0, 4, 0, 0, 0, 4, 0, 0, 0], [4, 4, 4, 4, 4, 4, 4, 4, 4, 4, 4, 1, 4, 4, 4, 1, 4, 4, 4, 4, 4, 4, 4], [0, 0, 0, 4, 0, 0, 0, 4, 0, 0, 0, 4, 0, 0, 0, 4, 0, 0, 0, 4, 0, 0, 0], [0, 0, 0, 4, 0, 0, 0, 4, 0, 0, 0, 4, 0, 0, 0, 4, 0, 0, 0, 4, 0, 0, 0], [0, 0, 0, 4, 0, 0, 0, 4, 0, 0, 0, 4, 0, 0, 0, 4, 0, 0, 0, 4, 0, 0, 0], [4, 4, 4, 4, 4, 4, 4, 4, 4, 4, 4, 1, 4, 4, 4, 1, 4, 4, 4, 4, 4, 4, 4], [0, 0, 0, 4, 0, 0, 0, 4, 0, 0, 0, 4, 0, 0, 0, 4, 0, 0, 0, 4, 0, 0, 0], [0, 0, 0, 4, 0, 0, 0, 4, 0, 0, 0, 4, 0, 0, 0, 4, 0, 0, 0, 4, 0, 0, 0], [0, 0, 0, 4, 0, 0, 0, 4, 0, 0, 0, 4, 0, 0, 0, 4, 0, 0, 0, 4, 0, 0, 0]], "output": [[0, 0, 1, 0], [7, 0, 1, 1], [0, 0, 1, 0], [0, 0, 1, 0]]}, {"input": [[0, 0, 9, 0, 0, 9, 0, 0, 9, 0, 0, 9, 0, 0, 9, 0, 0, 9, 0, 0], [0, 0, 9, 0, 0, 9, 0, 0, 9, 0, 0, 9, 0, 0, 9, 0, 0, 9, 0, 0], [9, 9, 9, 9, 9, 4, 9, 9, 4, 9, 9, 9, 9, 9, 9, 9, 9, 9, 9, 9], [0, 0, 9, 0, 0, 9, 0, 0, 9, 0, 0, 9, 0, 0, 9, 0, 0, 9, 0, 0], [0, 0, 9, 0, 0, 9, 0, 0, 9, 0, 0, 9, 0, 0, 9, 0, 0, 9, 0, 0], [9, 9, 9, 9, 9, 4, 9, 9, 4, 9, 9, 1, 9, 9, 1, 9, 9, 9, 9, 9], [0, 0, 9, 0, 0, 9, 0, 0, 9, 0, 0, 9, 0, 0, 9, 0, 0, 9, 0, 0], [0, 0, 9, 0, 0, 9, 0, 0, 9, 0, 0, 9, 0, 0, 9, 0, 0, 9, 0, 0], [9, 9, 9, 9, 9, 5, 9, 9, 5, 9, 9, 1, 9, 9, 1, 9, 9, 9, 9, 9], [0, 0, 9, 0, 0, 9, 0, 0, 9, 0, 0, 9, 0, 0, 9, 0, 0, 9, 0, 0], [0, 0, 9, 0, 0, 9, 0, 0, 9, 0, 0, 9, 0, 0, 9, 0, 0, 9, 0, 0], [9, 9, 9, 9, 9, 5, 9, 9, 5, 9, 9, 1, 9, 9, 1, 9, 9, 9, 9, 9], [0, 0, 9, 0, 0, 9, 0, 0, 9, 0, 0, 9, 0, 0, 9, 0, 0, 9, 0, 0], [0, 0, 9, 0, 0, 9, 0, 0, 9, 0, 0, 9, 0, 0, 9, 0, 0, 9, 0, 0], [9, 9, 9, 9, 9, 1, 9, 9, 1, 9, 9, 9, 9, 9, 9, 9, 9, 9, 9, 9], [0, 0, 9, 0, 0, 9, 0, 0, 9, 0, 0, 9, 0, 0, 9, 0, 0, 9, 0, 0], [0, 0, 9, 0, 0, 9, 0, 0, 9, 0, 0, 9, 0, 0, 9, 0, 0, 9, 0, 0], [9, 9, 9, 9, 9, 1, 9, 9, 1, 9, 9, 9, 9, 9, 9, 9, 9, 9, 9, 9], [0, 0, 9, 0, 0, 9, 0, 0, 9, 0, 0, 9, 0, 0, 9, 0, 0, 9, 0, 0], [0, 0, 9, 0, 0, 9, 0, 0, 9, 0, 0, 9, 0, 0, 9, 0, 0, 9, 0, 0]], "output": [[4, 0, 0], [0, 0, 1], [5, 0, 1], [0, 0, 0], [1, 0, 0]]}, {"input": [[0, 0, 0, 9, 0, 0, 0, 9, 0, 0, 0, 9, 0, 0, 0, 9, 0, 0, 0, 9, 0, 0, 0], [0, 0, 0, 9, 0, 0, 0, 9, 0, 0, 0, 9, 0, 0, 0, 9, 0, 0, 0, 9, 0, 0, 0], [0, 0, 0, 9, 0, 0, 0, 9, 0, 0, 0, 9, 0, 0, 0, 9, 0, 0, 0, 9, 0, 0, 0], [9, 9, 9, 6, 9, 9, 9, 6, 9, 9, 9, 9, 9, 9, 9, 9, 9, 9, 9, 9, 9, 9, 9], [0, 0, 0, 9, 0, 0, 0, 9, 0, 0, 0, 9, 0, 0, 0, 9, 0, 0, 0, 9, 0, 0, 0], [0, 0, 0, 9, 0, 0, 0, 9, 0, 0, 0, 9, 0, 0, 0, 9, 0, 0, 0, 9, 0, 0, 0], [0, 0, 0, 9, 0, 0, 0, 9, 0, 0, 0, 9, 0, 0, 0, 9, 0, 0, 0, 9, 0, 0, 0], [9, 9, 9, 6, 9, 9, 9, 6, 9, 9, 9, 9, 9, 9, 9, 9, 9, 9, 9, 9, 9, 9, 9], [0, 0, 0, 9, 0, 0, 0, 9, 0, 0, 0, 9, 0, 0, 0, 9, 0, 0, 0, 9, 0, 0, 0], [0, 0, 0, 9, 0, 0, 0, 9, 0, 0, 0, 9, 0, 0, 0, 9, 0, 0, 0, 9, 0, 0, 0], [0, 0, 0, 9, 0, 0, 0, 9, 0, 0, 0, 9, 0, 0, 0, 9, 0, 0, 0, 9, 0, 0, 0], [9, 9, 9, 9, 9, 9, 9, 9, 9, 9, 9, 6, 9, 9, 9, 6, 9, 9, 9, 6, 9, 9, 9], [0, 0, 0, 9, 0, 0, 0, 9, 0, 0, 0, 9, 0, 0, 0, 9, 0, 0, 0, 9, 0, 0, 0], [0, 0, 0, 9, 0, 0, 0, 9, 0, 0, 0, 9, 0, 0, 0, 9, 0, 0, 0, 9, 0, 0, 0], [0, 0, 0, 9, 0, 0, 0, 9, 0, 0, 0, 9, 0, 0, 0, 9, 0, 0, 0, 9, 0, 0, 0], [9, 9, 9, 6, 9, 9, 9, 6, 9, 9, 9, 6, 9, 9, 9, 6, 9, 9, 9, 6, 9, 9, 9], [0, 0, 0, 9, 0, 0, 0, 9, 0, 0, 0, 9, 0, 0, 0, 9, 0, 0, 0, 9, 0, 0, 0], [0, 0, 0, 9, 0, 0, 0, 9, 0, 0, 0, 9, 0, 0, 0, 9, 0, 0, 0, 9, 0, 0, 0], [0, 0, 0, 9, 0, 0, 0, 9, 0, 0, 0, 9, 0, 0, 0, 9, 0, 0, 0, 9, 0, 0, 0], [9, 9, 9, 6, 9, 9, 9, 6, 9, 9, 9, 6, 9, 9, 9, 9, 9, 9, 9, 9, 9, 9, 9], [0, 0, 0, 9, 0, 0, 0, 9, 0, 0, 0, 9, 0, 0, 0, 9, 0, 0, 0, 9, 0, 0, 0], [0, 0, 0, 9, 0, 0, 0, 9, 0, 0, 0, 9, 0, 0, 0, 9, 0, 0, 0, 9, 0, 0, 0], [0, 0, 0, 9, 0, 0, 0, 9, 0, 0, 0, 9, 0, 0, 0, 9, 0, 0, 0, 9, 0, 0, 0]], "output": [[6, 0, 0, 0], [0, 0, 0, 0], [0, 0, 6, 6], [6, 6, 0, 0]]}, {"input": [[0, 0, 0, 6, 0, 0, 0, 6, 0, 0, 0, 6, 0, 0, 0, 6, 0, 0, 0, 6, 0, 0, 0], [0, 0, 0, 6, 0, 0, 0, 6, 0, 0, 0, 6, 0, 0, 0, 6, 0, 0, 0, 6, 0, 0, 0], [0, 0, 0, 6, 0, 0, 0, 6, 0, 0, 0, 6, 0, 0, 0, 6, 0, 0, 0, 6, 0, 0, 0], [6, 6, 6, 6, 6, 6, 6, 6, 6, 6, 6, 6, 6, 6, 6, 6, 6, 6, 6, 6, 6, 6, 6], [0, 0, 0, 6, 0, 0, 0, 6, 0, 0, 0, 6, 0, 0, 0, 6, 0, 0, 0, 6, 0, 0, 0], [0, 0, 0, 6, 0, 0, 0, 6, 0, 0, 0, 6, 0, 0, 0, 6, 0, 0, 0, 6, 0, 0, 0], [0, 0, 0, 6, 0, 0, 0, 6, 0, 0, 0, 6, 0, 0, 0, 6, 0, 0, 0, 6, 0, 0, 0], [6, 6, 6, 6, 6, 6, 6, 6, 6, 6, 6, 6, 6, 6, 6, 9, 6, 6, 6, 9, 6, 6, 6], [0, 0, 0, 6, 0, 0, 0, 6, 0, 0, 0, 6, 0, 0, 0, 6, 0, 0, 0, 6, 0, 0, 0], [0, 0, 0, 6, 0, 0, 0, 6, 0, 0, 0, 6, 0, 0, 0, 6, 0, 0, 0, 6, 0, 0, 0], [0, 0, 0, 6, 0, 0, 0, 6, 0, 0, 0, 6, 0, 0, 0, 6, 0, 0, 0, 6, 0, 0, 0], [6, 6, 6, 6, 6, 6, 6, 6, 6, 6, 6, 9, 6, 6, 6, 9, 6, 6, 6, 9, 6, 6, 6], [0, 0, 0, 6, 0, 0, 0, 6, 0, 0, 0, 6, 0, 0, 0, 6, 0, 0, 0, 6, 0, 0, 0], [0, 0, 0, 6, 0, 0, 0, 6, 0, 0, 0, 6, 0, 0, 0, 6, 0, 0, 0, 6, 0, 0, 0], [0, 0, 0, 6, 0, 0, 0, 6, 0, 0, 0, 6, 0, 0, 0, 6, 0, 0, 0, 6, 0, 0, 0], [6, 6, 6, 7, 6, 6, 6, 7, 6, 6, 6, 9, 6, 6, 6, 9, 6, 6, 6, 6, 6, 6, 6], [0, 0, 0, 6, 0, 0, 0, 6, 0, 0, 0, 6, 0, 0, 0, 6, 0, 0, 0, 6, 0, 0, 0], [0, 0, 0, 6, 0, 0, 0, 6, 0, 0, 0, 6, 0, 0, 0, 6, 0, 0, 0, 6, 0, 0, 0], [0, 0, 0, 6, 0, 0, 0, 6, 0, 0, 0, 6, 0, 0, 0, 6, 0, 0, 0, 6, 0, 0, 0], [6, 6, 6, 7, 6, 6, 6, 7, 6, 6, 6, 6, 6, 6, 6, 6, 6, 6, 6, 6, 6, 6, 6], [0, 0, 0, 6, 0, 0, 0, 6, 0, 0, 0, 6, 0, 0, 0, 6, 0, 0, 0, 6, 0, 0, 0], [0, 0, 0, 6, 0, 0, 0, 6, 0, 0, 0, 6, 0, 0, 0, 6, 0, 0, 0, 6, 0, 0, 0], [0, 0, 0, 6, 0, 0, 0, 6, 0, 0, 0, 6, 0, 0, 0, 6, 0, 0, 0, 6, 0, 0, 0]], "output": [[0, 0, 0, 9], [0, 0, 9, 0], [7, 0, 0, 0]]}, {"input": [[0, 0, 2, 0, 0, 2, 0, 0, 2, 0, 0, 2, 0, 0, 2, 0, 0, 2, 0, 0, 2, 0, 0], [0, 0, 2, 0, 0, 2, 0, 0, 2, 0, 0, 2, 0, 0, 2, 0, 0, 2, 0, 0, 2, 0, 0], [2, 2, 2, 2, 2, 2, 2, 2, 2, 2, 2, 2, 2, 2, 2, 2, 2, 2, 2, 2, 2, 2, 2], [0, 0, 2, 0, 0, 2, 0, 0, 2, 0, 0, 2, 0, 0, 2, 0, 0, 2, 0, 0, 2, 0, 0], [0, 0, 2, 0, 0, 2, 0, 0, 2, 0, 0, 2, 0, 0, 2, 0, 0, 2, 0, 0, 2, 0, 0], [2, 2, 2, 2, 2, 2, 2, 2, 2, 2, 2, 2, 2, 2, 2, 2, 2, 6, 2, 2, 6, 2, 2], [0, 0, 2, 0, 0, 2, 0, 0, 2, 0, 0, 2, 0, 0, 2, 0, 0, 2, 0, 0, 2, 0, 0], [0, 0, 2, 0, 0, 2, 0, 0, 2, 0, 0, 2, 0, 0, 2, 0, 0, 2, 0, 0, 2, 0, 0], [2, 2, 2, 2, 2, 2, 2, 2, 2, 2, 2, 2, 2, 2, 2, 2, 2, 6, 2, 2, 6, 2, 2], [0, 0, 2, 0, 0, 2, 0, 0, 2, 0, 0, 2, 0, 0, 2, 0, 0, 2, 0, 0, 2, 0, 0], [0, 0, 2, 0, 0, 2, 0, 0, 2, 0, 0, 2, 0, 0, 2, 0, 0, 2, 0, 0, 2, 0, 0], [2, 2, 8, 2, 2, 8, 2, 2, 6, 2, 2, 6, 2, 2, 2, 2, 2, 2, 2, 2, 2, 2, 2], [0, 0, 2, 0, 0, 2, 0, 0, 2, 0, 0, 2, 0, 0, 2, 0, 0, 2, 0, 0, 2, 0, 0], [0, 0, 2, 0, 0, 2, 0, 0, 2, 0, 0, 2, 0, 0, 2, 0, 0, 2, 0, 0, 2, 0, 0], [2, 2, 8, 2, 2, 8, 2, 2, 6, 2, 2, 6, 2, 2, 8, 2, 2, 8, 2, 2, 2, 2, 2], [0, 0, 2, 0, 0, 2, 0, 0, 2, 0, 0, 2, 0, 0, 2, 0, 0, 2, 0, 0, 2, 0, 0], [0, 0, 2, 0, 0, 2, 0, 0, 2, 0, 0, 2, 0, 0, 2, 0, 0, 2, 0, 0, 2, 0, 0], [2, 2, 2, 2, 2, 2, 2, 2, 9, 2, 2, 9, 2, 2, 8, 2, 2, 8, 2, 2, 2, 2, 2], [0, 0, 2, 0, 0, 2, 0, 0, 2, 0, 0, 2, 0, 0, 2, 0, 0, 2, 0, 0, 2, 0, 0], [0, 0, 2, 0, 0, 2, 0, 0, 2, 0, 0, 2, 0, 0, 2, 0, 0, 2, 0, 0, 2, 0, 0], [2, 2, 2, 2, 2, 2, 2, 2, 9, 2, 2, 9, 2, 2, 2, 2, 2, 2, 2, 2, 2, 2, 2], [0, 0, 2, 0, 0, 2, 0, 0, 2, 0, 0, 2, 0, 0, 2, 0, 0, 2, 0, 0, 2, 0, 0], [0, 0, 2, 0, 0, 2, 0, 0, 2, 0, 0, 2, 0, 0, 2, 0, 0, 2, 0, 0, 2, 0, 0]], "output": [[0, 0, 0, 0, 0, 6], [0, 0, 0, 0, 0, 0], [8, 0, 6, 0, 0, 0], [0, 0, 0, 0, 8, 0], [0, 0, 9, 0, 0, 0]]}, {"input": [[0, 0, 0, 9, 0, 0, 0, 9, 0, 0, 0, 9, 0, 0, 0, 9, 0, 0, 0, 9, 0, 0, 0], [0, 0, 0, 9, 0, 0, 0, 9, 0, 0, 0, 9, 0, 0, 0, 9, 0, 0, 0, 9, 0, 0, 0], [0, 0, 0, 9, 0, 0, 0, 9, 0, 0, 0, 9, 0, 0, 0, 9, 0, 0, 0, 9, 0, 0, 0], [9, 9, 9, 6, 9, 9, 9, 6, 9, 9, 9, 3, 9, 9, 9, 3, 9, 9, 9, 9, 9, 9, 9], [0, 0, 0, 9, 0, 0, 0, 9, 0, 0, 0, 9, 0, 0, 0, 9, 0, 0, 0, 9, 0, 0, 0], [0, 0, 0, 9, 0, 0, 0, 9, 0, 0, 0, 9, 0, 0, 0, 9, 0, 0, 0, 9, 0, 0, 0], [0, 0, 0, 9, 0, 0, 0, 9, 0, 0, 0, 9, 0, 0, 0, 9, 0, 0, 0, 9, 0, 0, 0], [9, 9, 9, 6, 9, 9, 9, 6, 9, 9, 9, 3, 9, 9, 9, 3, 9, 9, 9, 9, 9, 9, 9], [0, 0, 0, 9, 0, 0, 0, 9, 0, 0, 0, 9, 0, 0, 0, 9, 0, 0, 0, 9, 0, 0, 0], [0, 0, 0, 9, 0, 0, 0, 9, 0, 0, 0, 9, 0, 0, 0, 9, 0, 0, 0, 9, 0, 0, 0], [0, 0, 0, 9, 0, 0, 0, 9, 0, 0, 0, 9, 0, 0, 0, 9, 0, 0, 0, 9, 0, 0, 0], [9, 9, 9, 9, 9, 9, 9, 9, 9, 9, 9, 9, 9, 9, 9, 6, 9, 9, 9, 6, 9, 9, 9], [0, 0, 0, 9, 0, 0, 0, 9, 0, 0, 0, 9, 0, 0, 0, 9, 0, 0, 0, 9, 0, 0, 0], [0, 0, 0, 9, 0, 0, 0, 9, 0, 0, 0, 9, 0, 0, 0, 9, 0, 0, 0, 9, 0, 0, 0], [0, 0, 0, 9, 0, 0, 0, 9, 0, 0, 0, 9, 0, 0, 0, 9, 0, 0, 0, 9, 0, 0, 0], [9, 9, 9, 3, 9, 9, 9, 3, 9, 9, 9, 9, 9, 9, 9, 6, 9, 9, 9, 6, 9, 9, 9], [0, 0, 0, 9, 0, 0, 0, 9, 0, 0, 0, 9, 0, 0, 0, 9, 0, 0, 0, 9, 0, 0, 0], [0, 0, 0, 9, 0, 0, 0, 9, 0, 0, 0, 9, 0, 0, 0, 9, 0, 0, 0, 9, 0, 0, 0], [0, 0, 0, 9, 0, 0, 0, 9, 0, 0, 0, 9, 0, 0, 0, 9, 0, 0, 0, 9, 0, 0, 0], [9, 9, 9, 3, 9, 9, 9, 3, 9, 9, 9, 9, 9, 9, 9, 9, 9, 9, 9, 9, 9, 9, 9], [0, 0, 0, 9, 0, 0, 0, 9, 0, 0, 0, 9, 0, 0, 0, 9, 0, 0, 0, 9, 0, 0, 0], [0, 0, 0, 9, 0, 0, 0, 9, 0, 0, 0, 9, 0, 0, 0, 9, 0, 0, 0, 9, 0, 0, 0], [0, 0, 0, 9, 0, 0, 0, 9, 0, 0, 0, 9, 0, 0, 0, 9, 0, 0, 0, 9, 0, 0, 0]], "output": [[6, 0, 3, 0], [0, 0, 0, 0], [0, 0, 0, 6], [3, 0, 0, 0]]}, {"input": [[0, 0, 1, 0, 0, 1, 0, 0, 1, 0, 0, 1, 0, 0, 1, 0, 0, 1, 0, 0], [0, 0, 1, 0, 0, 1, 0, 0, 1, 0, 0, 1, 0, 0, 1, 0, 0, 1, 0, 0], [1, 1, 1, 1, 1, 1, 1, 1, 1, 1, 1, 1, 1, 1, 1, 1, 1, 1, 1, 1], [0, 0, 1, 0, 0, 1, 0, 0, 1, 0, 0, 1, 0, 0, 1, 0, 0, 1, 0, 0], [0, 0, 1, 0, 0, 1, 0, 0, 1, 0, 0, 1, 0, 0, 1, 0, 0, 1, 0, 0], [1, 1, 1, 1, 1, 3, 1, 1, 3, 1, 1, 1, 1, 1, 7, 1, 1, 7, 1, 1], [0, 0, 1, 0, 0, 1, 0, 0, 1, 0, 0, 1, 0, 0, 1, 0, 0, 1, 0, 0], [0, 0, 1, 0, 0, 1, 0, 0, 1, 0, 0, 1, 0, 0, 1, 0, 0, 1, 0, 0], [1, 1, 1, 1, 1, 3, 1, 1, 3, 1, 1, 7, 1, 1, 7, 1, 1, 7, 1, 1], [0, 0, 1, 0, 0, 1, 0, 0, 1, 0, 0, 1, 0, 0, 1, 0, 0, 1, 0, 0], [0, 0, 1, 0, 0, 1, 0, 0, 1, 0, 0, 1, 0, 0, 1, 0, 0, 1, 0, 0], [1, 1, 1, 1, 1, 1, 1, 1, 7, 1, 1, 7, 1, 1, 7, 1, 1, 1, 1, 1], [0, 0, 1, 0, 0, 1, 0, 0, 1, 0, 0, 1, 0, 0, 1, 0, 0, 1, 0, 0], [0, 0, 1, 0, 0, 1, 0, 0, 1, 0, 0, 1, 0, 0, 1, 0, 0, 1, 0, 0], [1, 1, 6, 1, 1, 6, 1, 1, 7, 1, 1, 7, 1, 1, 1, 1, 1, 1, 1, 1], [0, 0, 1, 0, 0, 1, 0, 0, 1, 0, 0, 1, 0, 0, 1, 0, 0, 1, 0, 0], [0, 0, 1, 0, 0, 1, 0, 0, 1, 0, 0, 1, 0, 0, 1, 0, 0, 1, 0, 0], [1, 1, 6, 1, 1, 6, 1, 1, 1, 1, 1, 1, 1, 1, 1, 1, 1, 1, 1, 1], [0, 0, 1, 0, 0, 1, 0, 0, 1, 0, 0, 1, 0, 0, 1, 0, 0, 1, 0, 0], [0, 0, 1, 0, 0, 1, 0, 0, 1, 0, 0, 1, 0, 0, 1, 0, 0, 1, 0, 0]], "output": [[0, 3, 0, 0, 7], [0, 0, 0, 7, 0], [0, 0, 7, 0, 0], [6, 0, 0, 0, 0]]}, {"input": [[0, 0, 0, 7, 0, 0, 0, 7, 0, 0, 0, 7, 0, 0, 0, 7, 0, 0, 0, 7, 0, 0, 0], [0, 0, 0, 7, 0, 0, 0, 7, 0, 0, 0, 7, 0, 0, 0, 7, 0, 0, 0, 7, 0, 0, 0], [0, 0, 0, 7, 0, 0, 0, 7, 0, 0, 0, 7, 0, 0, 0, 7, 0, 0, 0, 7, 0, 0, 0], [7, 7, 7, 7, 7, 7, 7, 7, 7, 7, 7, 4, 7, 7, 7, 4, 7, 7, 7, 7, 7, 7, 7], [0, 0, 0, 7, 0, 0, 0, 7, 0, 0, 0, 7, 0, 0, 0, 7, 0, 0, 0, 7, 0, 0, 0], [0, 0, 0, 7, 0, 0, 0, 7, 0, 0, 0, 7, 0, 0, 0, 7, 0, 0, 0, 7, 0, 0, 0], [0, 0, 0, 7, 0, 0, 0, 7, 0, 0, 0, 7, 0, 0, 0, 7, 0, 0, 0, 7, 0, 0, 0], [7, 7, 7, 5, 7, 7, 7, 5, 7, 7, 7, 4, 7, 7, 7, 4, 7, 7, 7, 7, 7, 7, 7], [0, 0, 0, 7, 0, 0, 0, 7, 0, 0, 0, 7, 0, 0, 0, 7, 0, 0, 0, 7, 0, 0, 0], [0, 0, 0, 7, 0, 0, 0, 7, 0, 0, 0, 7, 0, 0, 0, 7, 0, 0, 0, 7, 0, 0, 0], [0, 0, 0, 7, 0, 0, 0, 7, 0, 0, 0, 7, 0, 0, 0, 7, 0, 0, 0, 7, 0, 0, 0], [7, 7, 7, 5, 7, 7, 7, 5, 7, 7, 7, 5, 7, 7, 7, 7, 7, 7, 7, 7, 7, 7, 7], [0, 0, 0, 7, 0, 0, 0, 7, 0, 0, 0, 7, 0, 0, 0, 7, 0, 0, 0, 7, 0, 0, 0], [0, 0, 0, 7, 0, 0, 0, 7, 0, 0, 0, 7, 0, 0, 0, 7, 0, 0, 0, 7, 0, 0, 0], [0, 0, 0, 7, 0, 0, 0, 7, 0, 0, 0, 7, 0, 0, 0, 7, 0, 0, 0, 7, 0, 0, 0], [7, 7, 7, 5, 7, 7, 7, 5, 7, 7, 7, 5, 7, 7, 7, 3, 7, 7, 7, 3, 7, 7, 7], [0, 0, 0, 7, 0, 0, 0, 7, 0, 0, 0, 7, 0, 0, 0, 7, 0, 0, 0, 7, 0, 0, 0], [0, 0, 0, 7, 0, 0, 0, 7, 0, 0, 0, 7, 0, 0, 0, 7, 0, 0, 0, 7, 0, 0, 0], [0, 0, 0, 7, 0, 0, 0, 7, 0, 0, 0, 7, 0, 0, 0, 7, 0, 0, 0, 7, 0, 0, 0], [7, 7, 7, 5, 7, 7, 7, 5, 7, 7, 7, 7, 7, 7, 7, 3, 7, 7, 7, 3, 7, 7, 7], [0, 0, 0, 7, 0, 0, 0, 7, 0, 0, 0, 7, 0, 0, 0, 7, 0, 0, 0, 7, 0, 0, 0], [0, 0, 0, 7, 0, 0, 0, 7, 0, 0, 0, 7, 0, 0, 0, 7, 0, 0, 0, 7, 0, 0, 0], [0, 0, 0, 7, 0, 0, 0, 7, 0, 0, 0, 7, 0, 0, 0, 7, 0, 0, 0, 7, 0, 0, 0]], "output": [[0, 0, 4, 0], [5, 0, 0, 0], [5, 5, 0, 0], [5, 0, 0, 3]]}, {"input": [[0, 0, 3, 0, 0, 3, 0, 0, 3, 0, 0, 3, 0, 0, 3, 0, 0, 3, 0, 0, 3, 0, 0], [0, 0, 3, 0, 0, 3, 0, 0, 3, 0, 0, 3, 0, 0, 3, 0, 0, 3, 0, 0, 3, 0, 0], [3, 3, 3, 3, 3, 3, 3, 3, 3, 3, 3, 3, 3, 3, 3, 3, 3, 3, 3, 3, 3, 3, 3], [0, 0, 3, 0, 0, 3, 0, 0, 3, 0, 0, 3, 0, 0, 3, 0, 0, 3, 0, 0, 3, 0, 0], [0, 0, 3, 0, 0, 3, 0, 0, 3, 0, 0, 3, 0, 0, 3, 0, 0, 3, 0, 0, 3, 0, 0], [3, 3, 3, 3, 3, 3, 3, 3, 3, 3, 3, 4, 3, 3, 4, 3, 3, 3, 3, 3, 3, 3, 3], [0, 0, 3, 0, 0, 3, 0, 0, 3, 0, 0, 3, 0, 0, 3, 0, 0, 3, 0, 0, 3, 0, 0], [0, 0, 3, 0, 0, 3, 0, 0, 3, 0, 0, 3, 0, 0, 3, 0, 0, 3, 0, 0, 3, 0, 0], [3, 3, 3, 3, 3, 3, 3, 3, 3, 3, 3, 4, 3, 3, 4, 3, 3, 6, 3, 3, 6, 3, 3], [0, 0, 3, 0, 0, 3, 0, 0, 3, 0, 0, 3, 0, 0, 3, 0, 0, 3, 0, 0, 3, 0, 0], [0, 0, 3, 0, 0, 3, 0, 0, 3, 0, 0, 3, 0, 0, 3, 0, 0, 3, 0, 0, 3, 0, 0], [3, 3, 3, 3, 3, 3, 3, 3, 3, 3, 3, 3, 3, 3, 6, 3, 3, 6, 3, 3, 6, 3, 3], [0, 0, 3, 0, 0, 3, 0, 0, 3, 0, 0, 3, 0, 0, 3, 0, 0, 3, 0, 0, 3, 0, 0], [0, 0, 3, 0, 0, 3, 0, 0, 3, 0, 0, 3, 0, 0, 3, 0, 0, 3, 0, 0, 3, 0, 0], [3, 3, 3, 3, 3, 3, 3, 3, 3, 3, 3, 6, 3, 3, 6, 3, 3, 6, 3, 3, 6, 3, 3], [0, 0, 3, 0, 0, 3, 0, 0, 3, 0, 0, 3, 0, 0, 3, 0, 0, 3, 0, 0, 3, 0, 0], [0, 0, 3, 0, 0, 3, 0, 0, 3, 0, 0, 3, 0, 0, 3, 0, 0, 3, 0, 0, 3, 0, 0], [3, 3, 3, 3, 3, 3, 3, 3, 3, 3, 3, 6, 3, 3, 6, 3, 3, 6, 3, 3, 6, 3, 3], [0, 0, 3, 0, 0, 3, 0, 0, 3, 0, 0, 3, 0, 0, 3, 0, 0, 3, 0, 0, 3, 0, 0], [0, 0, 3, 0, 0, 3, 0, 0, 3, 0, 0, 3, 0, 0, 3, 0, 0, 3, 0, 0, 3, 0, 0], [3, 3, 3, 3, 3, 3, 3, 3, 3, 3, 3, 3, 3, 3, 3, 3, 3, 3, 3, 3, 3, 3, 3], [0, 0, 3, 0, 0, 3, 0, 0, 3, 0, 0, 3, 0, 0, 3, 0, 0, 3, 0, 0, 3, 0, 0], [0, 0, 3, 0, 0, 3, 0, 0, 3, 0, 0, 3, 0, 0, 3, 0, 0, 3, 0, 0, 3, 0, 0]], "output": [[4, 0, 0], [0, 0, 6], [0, 6, 6], [6, 6, 6]]}, {"input": [[0, 0, 0, 4, 0, 0, 0, 4, 0, 0, 0, 4, 0, 0, 0, 4, 0, 0, 0, 4, 0, 0, 0], [0, 0, 0, 4, 0, 0, 0, 4, 0, 0, 0, 4, 0, 0, 0, 4, 0, 0, 0, 4, 0, 0, 0], [0, 0, 0, 4, 0, 0, 0, 4, 0, 0, 0, 4, 0, 0, 0, 4, 0, 0, 0, 4, 0, 0, 0], [4, 4, 4, 4, 4, 4, 4, 4, 4, 4, 4, 4, 4, 4, 4, 2, 4, 4, 4, 2, 4, 4, 4], [0, 0, 0, 4, 0, 0, 0, 4, 0, 0, 0, 4, 0, 0, 0, 4, 0, 0, 0, 4, 0, 0, 0], [0, 0, 0, 4, 0, 0, 0, 4, 0, 0, 0, 4, 0, 0, 0, 4, 0, 0, 0, 4, 0, 0, 0], [0, 0, 0, 4, 0, 0, 0, 4, 0, 0, 0, 4, 0, 0, 0, 4, 0, 0, 0, 4, 0, 0, 0], [4, 4, 4, 8, 4, 4, 4, 8, 4, 4, 4, 4, 4, 4, 4, 2, 4, 4, 4, 2, 4, 4, 4], [0, 0, 0, 4, 0, 0, 0, 4, 0, 0, 0, 4, 0, 0, 0, 4, 0, 0, 0, 4, 0, 0, 0], [0, 0, 0, 4, 0, 0, 0, 4, 0, 0, 0, 4, 0, 0, 0, 4, 0, 0, 0, 4, 0, 0, 0], [0, 0, 0, 4, 0, 0, 0, 4, 0, 0, 0, 4, 0, 0, 0, 4, 0, 0, 0, 4, 0, 0, 0], [4, 4, 4, 8, 4, 4, 4, 8, 4, 4, 4, 4, 4, 4, 4, 5, 4, 4, 4, 5, 4, 4, 4], [0, 0, 0, 4, 0, 0, 0, 4, 0, 0, 0, 4, 0, 0, 0, 4, 0, 0, 0, 4, 0, 0, 0], [0, 0, 0, 4, 0, 0, 0, 4, 0, 0, 0, 4, 0, 0, 0, 4, 0, 0, 0, 4, 0, 0, 0], [0, 0, 0, 4, 0, 0, 0, 4, 0, 0, 0, 4, 0, 0, 0, 4, 0, 0, 0, 4, 0, 0, 0], [4, 4, 4, 5, 4, 4, 4, 5, 4, 4, 4, 4, 4, 4, 4, 5, 4, 4, 4, 5, 4, 4, 4], [0, 0, 0, 4, 0, 0, 0, 4, 0, 0, 0, 4, 0, 0, 0, 4, 0, 0, 0, 4, 0, 0, 0], [0, 0, 0, 4, 0, 0, 0, 4, 0, 0, 0, 4, 0, 0, 0, 4, 0, 0, 0, 4, 0, 0, 0], [0, 0, 0, 4, 0, 0, 0, 4, 0, 0, 0, 4, 0, 0, 0, 4, 0, 0, 0, 4, 0, 0, 0], [4, 4, 4, 5, 4, 4, 4, 5, 4, 4, 4, 4, 4, 4, 4, 5, 4, 4, 4, 5, 4, 4, 4], [0, 0, 0, 4, 0, 0, 0, 4, 0, 0, 0, 4, 0, 0, 0, 4, 0, 0, 0, 4, 0, 0, 0], [0, 0, 0, 4, 0, 0, 0, 4, 0, 0, 0, 4, 0, 0, 0, 4, 0, 0, 0, 4, 0, 0, 0], [0, 0, 0, 4, 0, 0, 0, 4, 0, 0, 0, 4, 0, 0, 0, 4, 0, 0, 0, 4, 0, 0, 0]], "output": [[0, 0, 0, 2], [8, 0, 0, 0], [0, 0, 0, 5], [5, 0, 0, 5]]}, {"input": [[0, 0, 0, 2, 0, 0, 0, 2, 0, 0, 0, 2, 0, 0, 0, 2, 0, 0, 0, 2, 0, 0, 0], [0, 0, 0, 2, 0, 0, 0, 2, 0, 0, 0, 2, 0, 0, 0, 2, 0, 0, 0, 2, 0, 0, 0], [0, 0, 0, 2, 0, 0, 0, 2, 0, 0, 0, 2, 0, 0, 0, 2, 0, 0, 0, 2, 0, 0, 0], [2, 2, 2, 5, 2, 2, 2, 5, 2, 2, 2, 2, 2, 2, 2, 2, 2, 2, 2, 2, 2, 2, 2], [0, 0, 0, 2, 0, 0, 0, 2, 0, 0, 0, 2, 0, 0, 0, 2, 0, 0, 0, 2, 0, 0, 0], [0, 0, 0, 2, 0, 0, 0, 2, 0, 0, 0, 2, 0, 0, 0, 2, 0, 0, 0, 2, 0, 0, 0], [0, 0, 0, 2, 0, 0, 0, 2, 0, 0, 0, 2, 0, 0, 0, 2, 0, 0, 0, 2, 0, 0, 0], [2, 2, 2, 5, 2, 2, 2, 5, 2, 2, 2, 5, 2, 2, 2, 2, 2, 2, 2, 2, 2, 2, 2], [0, 0, 0, 2, 0, 0, 0, 2, 0, 0, 0, 2, 0, 0, 0, 2, 0, 0, 0, 2, 0, 0, 0], [0, 0, 0, 2, 0, 0, 0, 2, 0, 0, 0, 2, 0, 0, 0, 2, 0, 0, 0, 2, 0, 0, 0], [0, 0, 0, 2, 0, 0, 0, 2, 0, 0, 0, 2, 0, 0, 0, 2, 0, 0, 0, 2, 0, 0, 0], [2, 2, 2, 2, 2, 2, 2, 5, 2, 2, 2, 5, 2, 2, 2, 2, 2, 2, 2, 2, 2, 2, 2], [0, 0, 0, 2, 0, 0, 0, 2, 0, 0, 0, 2, 0, 0, 0, 2, 0, 0, 0, 2, 0, 0, 0], [0, 0, 0, 2, 0, 0, 0, 2, 0, 0, 0, 2, 0, 0, 0, 2, 0, 0, 0, 2, 0, 0, 0], [0, 0, 0, 2, 0, 0, 0, 2, 0, 0, 0, 2, 0, 0, 0, 2, 0, 0, 0, 2, 0, 0, 0], [2, 2, 2, 2, 2, 2, 2, 5, 2, 2, 2, 5, 2, 2, 2, 2, 2, 2, 2, 2, 2, 2, 2], [0, 0, 0, 2, 0, 0, 0, 2, 0, 0, 0, 2, 0, 0, 0, 2, 0, 0, 0, 2, 0, 0, 0], [0, 0, 0, 2, 0, 0, 0, 2, 0, 0, 0, 2, 0, 0, 0, 2, 0, 0, 0, 2, 0, 0, 0], [0, 0, 0, 2, 0, 0, 0, 2, 0, 0, 0, 2, 0, 0, 0, 2, 0, 0, 0, 2, 0, 0, 0], [2, 2, 2, 2, 2, 2, 2, 2, 2, 2, 2, 2, 2, 2, 2, 2, 2, 2, 2, 2, 2, 2, 2], [0, 0, 0, 2, 0, 0, 0, 2, 0, 0, 0, 2, 0, 0, 0, 2, 0, 0, 0, 2, 0, 0, 0], [0, 0, 0, 2, 0, 0, 0, 2, 0, 0, 0, 2, 0, 0, 0, 2, 0, 0, 0, 2, 0, 0, 0], [0, 0, 0, 2, 0, 0, 0, 2, 0, 0, 0, 2, 0, 0, 0, 2, 0, 0, 0, 2, 0, 0, 0]], "output": [[5, 0], [0, 5], [0, 5]]}, {"input": [[0, 0, 6, 0, 0, 6, 0, 0, 6, 0, 0, 6, 0, 0, 6, 0, 0, 6, 0, 0, 6, 0, 0], [0, 0, 6, 0, 0, 6, 0, 0, 6, 0, 0, 6, 0, 0, 6, 0, 0, 6, 0, 0, 6, 0, 0], [6, 6, 6, 6, 6, 6, 6, 6, 4, 6, 6, 4, 6, 6, 6, 6, 6, 1, 6, 6, 1, 6, 6], [0, 0, 6, 0, 0, 6, 0, 0, 6, 0, 0, 6, 0, 0, 6, 0, 0, 6, 0, 0, 6, 0, 0], [0, 0, 6, 0, 0, 6, 0, 0, 6, 0, 0, 6, 0, 0, 6, 0, 0, 6, 0, 0, 6, 0, 0], [6, 6, 6, 6, 6, 6, 6, 6, 4, 6, 6, 4, 6, 6, 6, 6, 6, 1, 6, 6, 1, 6, 6], [0, 0, 6, 0, 0, 6, 0, 0, 6, 0, 0, 6, 0, 0, 6, 0, 0, 6, 0, 0, 6, 0, 0], [0, 0, 6, 0, 0, 6, 0, 0, 6, 0, 0, 6, 0, 0, 6, 0, 0, 6, 0, 0, 6, 0, 0], [6, 6, 4, 6, 6, 4, 6, 6, 4, 6, 6, 6, 6, 6, 6, 6, 6, 2, 6, 6, 2, 6, 6], [0, 0, 6, 0, 0, 6, 0, 0, 6, 0, 0, 6, 0, 0, 6, 0, 0, 6, 0, 0, 6, 0, 0], [0, 0, 6, 0, 0, 6, 0, 0, 6, 0, 0, 6, 0, 0, 6, 0, 0, 6, 0, 0, 6, 0, 0], [6, 6, 4, 6, 6, 4, 6, 6, 4, 6, 6, 6, 6, 6, 6, 6, 6, 2, 6, 6, 2, 6, 6], [0, 0, 6, 0, 0, 6, 0, 0, 6, 0, 0, 6, 0, 0, 6, 0, 0, 6, 0, 0, 6, 0, 0], [0, 0, 6, 0, 0, 6, 0, 0, 6, 0, 0, 6, 0, 0, 6, 0, 0, 6, 0, 0, 6, 0, 0], [6, 6, 6, 6, 6, 6, 6, 6, 6, 6, 6, 6, 6, 6, 6, 6, 6, 6, 6, 6, 6, 6, 6], [0, 0, 6, 0, 0, 6, 0, 0, 6, 0, 0, 6, 0, 0, 6, 0, 0, 6, 0, 0, 6, 0, 0], [0, 0, 6, 0, 0, 6, 0, 0, 6, 0, 0, 6, 0, 0, 6, 0, 0, 6, 0, 0, 6, 0, 0], [6, 6, 6, 6, 6, 6, 6, 6, 6, 6, 6, 6, 6, 6, 6, 6, 6, 6, 6, 6, 6, 6, 6], [0, 0, 6, 0, 0, 6, 0, 0, 6, 0, 0, 6, 0, 0, 6, 0, 0, 6, 0, 0, 6, 0, 0], [0, 0, 6, 0, 0, 6, 0, 0, 6, 0, 0, 6, 0, 0, 6, 0, 0, 6, 0, 0, 6, 0, 0], [6, 6, 6, 6, 6, 6, 6, 6, 6, 6, 6, 6, 6, 6, 6, 6, 6, 6, 6, 6, 6, 6, 6], [0, 0, 6, 0, 0, 6, 0, 0, 6, 0, 0, 6, 0, 0, 6, 0, 0, 6, 0, 0, 6, 0, 0], [0, 0, 6, 0, 0, 6, 0, 0, 6, 0, 0, 6, 0, 0, 6, 0, 0, 6, 0, 0, 6, 0, 0]], "output": [[0, 0, 4, 0, 0, 1], [0, 0, 0, 0, 0, 0], [4, 4, 0, 0, 0, 2]]}, {"input": [[0, 0, 3, 0, 0, 3, 0, 0, 3, 0, 0, 3, 0, 0, 3, 0, 0, 3, 0, 0], [0, 0, 3, 0, 0, 3, 0, 0, 3, 0, 0, 3, 0, 0, 3, 0, 0, 3, 0, 0], [3, 3, 3, 3, 3, 3, 3, 3, 3, 3, 3, 3, 3, 3, 8, 3, 3, 8, 3, 3], [0, 0, 3, 0, 0, 3, 0, 0, 3, 0, 0, 3, 0, 0, 3, 0, 0, 3, 0, 0], [0, 0, 3, 0, 0, 3, 0, 0, 3, 0, 0, 3, 0, 0, 3, 0, 0, 3, 0, 0], [3, 3, 3, 3, 3, 3, 3, 3, 3, 3, 3, 3, 3, 3, 8, 3, 3, 8, 3, 3], [0, 0, 3, 0, 0, 3, 0, 0, 3, 0, 0, 3, 0, 0, 3, 0, 0, 3, 0, 0], [0, 0, 3, 0, 0, 3, 0, 0, 3, 0, 0, 3, 0, 0, 3, 0, 0, 3, 0, 0], [3, 3, 3, 3, 3, 8, 3, 3, 8, 3, 3, 8, 3, 3, 3, 3, 3, 3, 3, 3], [0, 0, 3, 0, 0, 3, 0, 0, 3, 0, 0, 3, 0, 0, 3, 0, 0, 3, 0, 0], [0, 0, 3, 0, 0, 3, 0, 0, 3, 0, 0, 3, 0, 0, 3, 0, 0, 3, 0, 0], [3, 3, 3, 3, 3, 8, 3, 3, 8, 3, 3, 8, 3, 3, 3, 3, 3, 3, 3, 3], [0, 0, 3, 0, 0, 3, 0, 0, 3, 0, 0, 3, 0, 0, 3, 0, 0, 3, 0, 0], [0, 0, 3, 0, 0, 3, 0, 0, 3, 0, 0, 3, 0, 0, 3, 0, 0, 3, 0, 0], [3, 3, 3, 3, 3, 3, 3, 3, 5, 3, 3, 5, 3, 3, 8, 3, 3, 8, 3, 3], [0, 0, 3, 0, 0, 3, 0, 0, 3, 0, 0, 3, 0, 0, 3, 0, 0, 3, 0, 0], [0, 0, 3, 0, 0, 3, 0, 0, 3, 0, 0, 3, 0, 0, 3, 0, 0, 3, 0, 0], [3, 3, 3, 3, 3, 3, 3, 3, 5, 3, 3, 5, 3, 3, 8, 3, 3, 8, 3, 3], [0, 0, 3, 0, 0, 3, 0, 0, 3, 0, 0, 3, 0, 0, 3, 0, 0, 3, 0, 0], [0, 0, 3, 0, 0, 3, 0, 0, 3, 0, 0, 3, 0, 0, 3, 0, 0, 3, 0, 0]], "output": [[0, 0, 0, 8], [0, 0, 0, 0], [8, 8, 0, 0], [0, 0, 0, 0], [0, 5, 0, 8]]}, {"input": [[0, 0, 3, 0, 0, 3, 0, 0, 3, 0, 0, 3, 0, 0, 3, 0, 0, 3, 0, 0, 3, 0, 0, 3, 0, 0], [0, 0, 3, 0, 0, 3, 0, 0, 3, 0, 0, 3, 0, 0, 3, 0, 0, 3, 0, 0, 3, 0, 0, 3, 0, 0], [3, 3, 3, 3, 3, 3, 3, 3, 3, 3, 3, 3, 3, 3, 3, 3, 3, 3, 3, 3, 3, 3, 3, 3, 3, 3], [0, 0, 3, 0, 0, 3, 0, 0, 3, 0, 0, 3, 0, 0, 3, 0, 0, 3, 0, 0, 3, 0, 0, 3, 0, 0], [0, 0, 3, 0, 0, 3, 0, 0, 3, 0, 0, 3, 0, 0, 3, 0, 0, 3, 0, 0, 3, 0, 0, 3, 0, 0], [3, 3, 5, 3, 3, 5, 3, 3, 8, 3, 3, 8, 3, 3, 3, 3, 3, 3, 3, 3, 3, 3, 3, 3, 3, 3], [0, 0, 3, 0, 0, 3, 0, 0, 3, 0, 0, 3, 0, 0, 3, 0, 0, 3, 0, 0, 3, 0, 0, 3, 0, 0], [0, 0, 3, 0, 0, 3, 0, 0, 3, 0, 0, 3, 0, 0, 3, 0, 0, 3, 0, 0, 3, 0, 0, 3, 0, 0], [3, 3, 5, 3, 3, 5, 3, 3, 8, 3, 3, 8, 3, 3, 5, 3, 3, 5, 3, 3, 8, 3, 3, 8, 3, 3], [0, 0, 3, 0, 0, 3, 0, 0, 3, 0, 0, 3, 0, 0, 3, 0, 0, 3, 0, 0, 3, 0, 0, 3, 0, 0], [0, 0, 3, 0, 0, 3, 0, 0, 3, 0, 0, 3, 0, 0, 3, 0, 0, 3, 0, 0, 3, 0, 0, 3, 0, 0], [3, 3, 3, 3, 3, 3, 3, 3, 3, 3, 3, 3, 3, 3, 5, 3, 3, 5, 3, 3, 8, 3, 3, 8, 3, 3], [0, 0, 3, 0, 0, 3, 0, 0, 3, 0, 0, 3, 0, 0, 3, 0, 0, 3, 0, 0, 3, 0, 0, 3, 0, 0], [0, 0, 3, 0, 0, 3, 0, 0, 3, 0, 0, 3, 0, 0, 3, 0, 0, 3, 0, 0, 3, 0, 0, 3, 0, 0], [3, 3, 3, 3, 3, 3, 3, 3, 5, 3, 3, 5, 3, 3, 3, 3, 3, 8, 3, 3, 8, 3, 3, 3, 3, 3], [0, 0, 3, 0, 0, 3, 0, 0, 3, 0, 0, 3, 0, 0, 3, 0, 0, 3, 0, 0, 3, 0, 0, 3, 0, 0], [0, 0, 3, 0, 0, 3, 0, 0, 3, 0, 0, 3, 0, 0, 3, 0, 0, 3, 0, 0, 3, 0, 0, 3, 0, 0], [3, 3, 3, 3, 3, 3, 3, 3, 5, 3, 3, 5, 3, 3, 3, 3, 3, 8, 3, 3, 8, 3, 3, 3, 3, 3], [0, 0, 3, 0, 0, 3, 0, 0, 3, 0, 0, 3, 0, 0, 3, 0, 0, 3, 0, 0, 3, 0, 0, 3, 0, 0], [0, 0, 3, 0, 0, 3, 0, 0, 3, 0, 0, 3, 0, 0, 3, 0, 0, 3, 0, 0, 3, 0, 0, 3, 0, 0], [3, 3, 3, 3, 3, 3, 3, 3, 3, 3, 3, 3, 3, 3, 3, 3, 3, 3, 3, 3, 3, 3, 3, 3, 3, 3], [0, 0, 3, 0, 0, 3, 0, 0, 3, 0, 0, 3, 0, 0, 3, 0, 0, 3, 0, 0, 3, 0, 0, 3, 0, 0], [0, 0, 3, 0, 0, 3, 0, 0, 3, 0, 0, 3, 0, 0, 3, 0, 0, 3, 0, 0, 3, 0, 0, 3, 0, 0], [3, 3, 3, 3, 3, 3, 3, 3, 3, 3, 3, 3, 3, 3, 3, 3, 3, 3, 3, 3, 3, 3, 3, 3, 3, 3], [0, 0, 3, 0, 0, 3, 0, 0, 3, 0, 0, 3, 0, 0, 3, 0, 0, 3, 0, 0, 3, 0, 0, 3, 0, 0], [0, 0, 3, 0, 0, 3, 0, 0, 3, 0, 0, 3, 0, 0, 3, 0, 0, 3, 0, 0, 3, 0, 0, 3, 0, 0]], "output": [[5, 0, 8, 0, 0, 0, 0], [0, 0, 0, 0, 5, 0, 8], [0, 0, 0, 0, 0, 0, 0], [0, 0, 5, 0, 0, 8, 0]]}, {"input": [[0, 0, 7, 0, 0, 7, 0, 0, 7, 0, 0, 7, 0, 0, 7, 0, 0, 7, 0, 0, 7, 0, 0], [0, 0, 7, 0, 0, 7, 0, 0, 7, 0, 0, 7, 0, 0, 7, 0, 0, 7, 0, 0, 7, 0, 0], [7, 7, 7, 7, 7, 7, 7, 7, 4, 7, 7, 4, 7, 7, 7, 7, 7, 7, 7, 7, 7, 7, 7], [0, 0, 7, 0, 0, 7, 0, 0, 7, 0, 0, 7, 0, 0, 7, 0, 0, 7, 0, 0, 7, 0, 0], [0, 0, 7, 0, 0, 7, 0, 0, 7, 0, 0, 7, 0, 0, 7, 0, 0, 7, 0, 0, 7, 0, 0], [7, 7, 7, 7, 7, 7, 7, 7, 4, 7, 7, 4, 7, 7, 4, 7, 7, 1, 7, 7, 1, 7, 7], [0, 0, 7, 0, 0, 7, 0, 0, 7, 0, 0, 7, 0, 0, 7, 0, 0, 7, 0, 0, 7, 0, 0], [0, 0, 7, 0, 0, 7, 0, 0, 7, 0, 0, 7, 0, 0, 7, 0, 0, 7, 0, 0, 7, 0, 0], [7, 7, 7, 7, 7, 7, 7, 7, 7, 7, 7, 4, 7, 7, 4, 7, 7, 1, 7, 7, 1, 7, 7], [0, 0, 7, 0, 0, 7, 0, 0, 7, 0, 0, 7, 0, 0, 7, 0, 0, 7, 0, 0, 7, 0, 0], [0, 0, 7, 0, 0, 7, 0, 0, 7, 0, 0, 7, 0, 0, 7, 0, 0, 7, 0, 0, 7, 0, 0], [7, 7, 7, 7, 7, 7, 7, 7, 7, 7, 7, 7, 7, 7, 7, 7, 7, 7, 7, 7, 7, 7, 7], [0, 0, 7, 0, 0, 7, 0, 0, 7, 0, 0, 7, 0, 0, 7, 0, 0, 7, 0, 0, 7, 0, 0], [0, 0, 7, 0, 0, 7, 0, 0, 7, 0, 0, 7, 0, 0, 7, 0, 0, 7, 0, 0, 7, 0, 0], [7, 7, 7, 7, 7, 7, 7, 7, 7, 7, 7, 7, 7, 7, 1, 7, 7, 1, 7, 7, 7, 7, 7], [0, 0, 7, 0, 0, 7, 0, 0, 7, 0, 0, 7, 0, 0, 7, 0, 0, 7, 0, 0, 7, 0, 0], [0, 0, 7, 0, 0, 7, 0, 0, 7, 0, 0, 7, 0, 0, 7, 0, 0, 7, 0, 0, 7, 0, 0], [7, 7, 7, 7, 7, 7, 7, 7, 7, 7, 7, 7, 7, 7, 1, 7, 7, 1, 7, 7, 7, 7, 7], [0, 0, 7, 0, 0, 7, 0, 0, 7, 0, 0, 7, 0, 0, 7, 0, 0, 7, 0, 0, 7, 0, 0], [0, 0, 7, 0, 0, 7, 0, 0, 7, 0, 0, 7, 0, 0, 7, 0, 0, 7, 0, 0, 7, 0, 0], [7, 7, 7, 7, 7, 7, 7, 7, 7, 7, 7, 7, 7, 7, 1, 7, 7, 1, 7, 7, 7, 7, 7], [0, 0, 7, 0, 0, 7, 0, 0, 7, 0, 0, 7, 0, 0, 7, 0, 0, 7, 0, 0, 7, 0, 0], [0, 0, 7, 0, 0, 7, 0, 0, 7, 0, 0, 7, 0, 0, 7, 0, 0, 7, 0, 0, 7, 0, 0]], "output": [[4, 0, 0, 0], [0, 4, 0, 1], [0, 0, 0, 0], [0, 0, 0, 0], [0, 0, 1, 0], [0, 0, 1, 0]]}, {"input": [[0, 0, 0, 6, 0, 0, 0, 6, 0, 0, 0, 6, 0, 0, 0, 6, 0, 0, 0, 6, 0, 0, 0], [0, 0, 0, 6, 0, 0, 0, 6, 0, 0, 0, 6, 0, 0, 0, 6, 0, 0, 0, 6, 0, 0, 0], [0, 0, 0, 6, 0, 0, 0, 6, 0, 0, 0, 6, 0, 0, 0, 6, 0, 0, 0, 6, 0, 0, 0], [6, 6, 6, 6, 6, 6, 6, 6, 6, 6, 6, 6, 6, 6, 6, 6, 6, 6, 6, 6, 6, 6, 6], [0, 0, 0, 6, 0, 0, 0, 6, 0, 0, 0, 6, 0, 0, 0, 6, 0, 0, 0, 6, 0, 0, 0], [0, 0, 0, 6, 0, 0, 0, 6, 0, 0, 0, 6, 0, 0, 0, 6, 0, 0, 0, 6, 0, 0, 0], [0, 0, 0, 6, 0, 0, 0, 6, 0, 0, 0, 6, 0, 0, 0, 6, 0, 0, 0, 6, 0, 0, 0], [6, 6, 6, 6, 6, 6, 6, 6, 6, 6, 6, 2, 6, 6, 6, 2, 6, 6, 6, 2, 6, 6, 6], [0, 0, 0, 6, 0, 0, 0, 6, 0, 0, 0, 6, 0, 0, 0, 6, 0, 0, 0, 6, 0, 0, 0], [0, 0, 0, 6, 0, 0, 0, 6, 0, 0, 0, 6, 0, 0, 0, 6, 0, 0, 0, 6, 0, 0, 0], [0, 0, 0, 6, 0, 0, 0, 6, 0, 0, 0, 6, 0, 0, 0, 6, 0, 0, 0, 6, 0, 0, 0], [6, 6, 6, 6, 6, 6, 6, 6, 6, 6, 6, 2, 6, 6, 6, 2, 6, 6, 6, 2, 6, 6, 6], [0, 0, 0, 6, 0, 0, 0, 6, 0, 0, 0, 6, 0, 0, 0, 6, 0, 0, 0, 6, 0, 0, 0], [0, 0, 0, 6, 0, 0, 0, 6, 0, 0, 0, 6, 0, 0, 0, 6, 0, 0, 0, 6, 0, 0, 0], [0, 0, 0, 6, 0, 0, 0, 6, 0, 0, 0, 6, 0, 0, 0, 6, 0, 0, 0, 6, 0, 0, 0], [6, 6, 6, 8, 6, 6, 6, 8, 6, 6, 6, 6, 6, 6, 6, 2, 6, 6, 6, 2, 6, 6, 6], [0, 0, 0, 6, 0, 0, 0, 6, 0, 0, 0, 6, 0, 0, 0, 6, 0, 0, 0, 6, 0, 0, 0], [0, 0, 0, 6, 0, 0, 0, 6, 0, 0, 0, 6, 0, 0, 0, 6, 0, 0, 0, 6, 0, 0, 0], [0, 0, 0, 6, 0, 0, 0, 6, 0, 0, 0, 6, 0, 0, 0, 6, 0, 0, 0, 6, 0, 0, 0], [6, 6, 6, 8, 6, 6, 6, 8, 6, 6, 6, 6, 6, 6, 6, 2, 6, 6, 6, 2, 6, 6, 6], [0, 0, 0, 6, 0, 0, 0, 6, 0, 0, 0, 6, 0, 0, 0, 6, 0, 0, 0, 6, 0, 0, 0], [0, 0, 0, 6, 0, 0, 0, 6, 0, 0, 0, 6, 0, 0, 0, 6, 0, 0, 0, 6, 0, 0, 0], [0, 0, 0, 6, 0, 0, 0, 6, 0, 0, 0, 6, 0, 0, 0, 6, 0, 0, 0, 6, 0, 0, 0]], "output": [[0, 0, 2, 2], [0, 0, 0, 2], [8, 0, 0, 2]]}, {"input": [[0, 0, 1, 0, 0, 1, 0, 0, 1, 0, 0, 1, 0, 0, 1, 0, 0], [0, 0, 1, 0, 0, 1, 0, 0, 1, 0, 0, 1, 0, 0, 1, 0, 0], [1, 1, 1, 1, 1, 1, 1, 1, 1, 1, 1, 1, 1, 1, 1, 1, 1], [0, 0, 1, 0, 0, 1, 0, 0, 1, 0, 0, 1, 0, 0, 1, 0, 0], [0, 0, 1, 0, 0, 1, 0, 0, 1, 0, 0, 1, 0, 0, 1, 0, 0], [1, 1, 2, 1, 1, 2, 1, 1, 1, 1, 1, 2, 1, 1, 2, 1, 1], [0, 0, 1, 0, 0, 1, 0, 0, 1, 0, 0, 1, 0, 0, 1, 0, 0], [0, 0, 1, 0, 0, 1, 0, 0, 1, 0, 0, 1, 0, 0, 1, 0, 0], [1, 1, 2, 1, 1, 2, 1, 1, 2, 1, 1, 2, 1, 1, 2, 1, 1], [0, 0, 1, 0, 0, 1, 0, 0, 1, 0, 0, 1, 0, 0, 1, 0, 0], [0, 0, 1, 0, 0, 1, 0, 0, 1, 0, 0, 1, 0, 0, 1, 0, 0], [1, 1, 2, 1, 1, 2, 1, 1, 2, 1, 1, 2, 1, 1, 2, 1, 1], [0, 0, 1, 0, 0, 1, 0, 0, 1, 0, 0, 1, 0, 0, 1, 0, 0], [0, 0, 1, 0, 0, 1, 0, 0, 1, 0, 0, 1, 0, 0, 1, 0, 0], [1, 1, 1, 1, 1, 1, 1, 1, 1, 1, 1, 1, 1, 1, 1, 1, 1], [0, 0, 1, 0, 0, 1, 0, 0, 1, 0, 0, 1, 0, 0, 1, 0, 0], [0, 0, 1, 0, 0, 1, 0, 0, 1, 0, 0, 1, 0, 0, 1, 0, 0]], "output": [[2, 0, 0, 2], [2, 2, 2, 2]]}]
