[{"input": [[0, 0, 8, 0, 0, 0, 3, 3, 3], [0, 0, 8, 0, 0, 0, 3, 3, 3], [0, 0, 8, 0, 3, 3, 3, 3, 3], [0, 0, 8, 0, 3, 3, 3, 0, 0], [0, 0, 8, 3, 3, 3, 3, 0, 0], [0, 0, 8, 0, 3, 0, 0, 0, 0], [8, 8, 8, 8, 8, 8, 8, 8, 8], [4, 7, 8, 0, 0, 0, 0, 0, 0], [9, 5, 8, 0, 0, 0, 0, 0, 0]], "output": [[0, 0, 0, 7, 7, 7], [0, 0, 0, 7, 7, 7], [0, 4, 4, 7, 7, 7], [0, 9, 9, 5, 0, 0], [9, 9, 9, 5, 0, 0], [0, 9, 0, 0, 0, 0]]}, {"input": [[3, 0, 0, 0, 0, 3, 8, 0, 0], [3, 3, 3, 3, 3, 3, 8, 0, 0], [3, 3, 3, 3, 3, 3, 8, 0, 0], [3, 3, 3, 3, 3, 3, 8, 0, 0], [3, 3, 3, 3, 3, 3, 8, 0, 0], [3, 3, 0, 0, 3, 3, 8, 0, 0], [8, 8, 8, 8, 8, 8, 8, 8, 8], [0, 0, 0, 0, 0, 0, 8, 5, 7], [0, 0, 0, 0, 0, 0, 8, 2, 9]], "output": [[5, 0, 0, 0, 0, 7], [5, 5, 5, 7, 7, 7], [5, 5, 5, 7, 7, 7], [2, 2, 2, 9, 9, 9], [2, 2, 2, 9, 9, 9], [2, 2, 0, 0, 9, 9]]}, {"input": [[0, 3, 3, 3, 3, 0, 8, 0, 0], [3, 3, 3, 3, 3, 0, 8, 0, 0], [3, 3, 3, 3, 3, 0, 8, 0, 0], [3, 3, 3, 3, 3, 3, 8, 0, 0], [3, 3, 3, 3, 0, 0, 8, 0, 0], [0, 0, 0, 3, 0, 0, 8, 0, 0], [8, 8, 8, 8, 8, 8, 8, 8, 8], [0, 0, 0, 0, 0, 0, 8, 7, 1], [0, 0, 0, 0, 0, 0, 8, 9, 5]], "output": [[0, 7, 7, 1, 1, 0], [7, 7, 7, 1, 1, 0], [7, 7, 7, 1, 1, 0], [9, 9, 9, 5, 5, 5], [9, 9, 9, 5, 0, 0], [0, 0, 0, 5, 0, 0]]}, {"input": [[2, 6, 8, 0, 0, 0, 0, 0, 0], [5, 7, 8, 0, 0, 0, 0, 0, 0], [8, 8, 8, 8, 8, 8, 8, 8, 8], [0, 0, 8, 0, 3, 3, 0, 0, 0], [0, 0, 8, 0, 0, 3, 0, 0, 3], [0, 0, 8, 0, 0, 3, 3, 3, 3], [0, 0, 8, 3, 3, 3, 3, 0, 0], [0, 0, 8, 3, 0, 0, 3, 0, 0], [0, 0, 8, 0, 0, 0, 3, 3, 0]], "output": [[0, 2, 2, 0, 0, 0], [0, 0, 2, 0, 0, 6], [0, 0, 2, 6, 6, 6], [5, 5, 5, 7, 0, 0], [5, 0, 0, 7, 0, 0], [0, 0, 0, 7, 7, 0]]}, {"input": [[0, 0, 0, 0, 0, 0, 8, 6, 1], [0, 0, 0, 0, 0, 0, 8, 5, 4], [8, 8, 8, 8, 8, 8, 8, 8, 8], [0, 0, 3, 3, 3, 3, 8, 0, 0], [0, 0, 0, 3, 0, 3, 8, 0, 0], [3, 0, 0, 3, 3, 0, 8, 0, 0], [3, 3, 3, 3, 3, 3, 8, 0, 0], [3, 0, 3, 3, 3, 3, 8, 0, 0], [3, 3, 0, 3, 3, 3, 8, 0, 0]], "output": [[0, 0, 6, 1, 1, 1], [0, 0, 0, 1, 0, 1], [6, 0, 0, 1, 1, 0], [5, 5, 5, 4, 4, 4], [5, 0, 5, 4, 4, 4], [5, 5, 0, 4, 4, 4]]}, {"input": [[0, 0, 0, 0, 0, 0, 8, 2, 9], [0, 0, 0, 0, 0, 0, 8, 4, 7], [8, 8, 8, 8, 8, 8, 8, 8, 8], [3, 3, 0, 0, 0, 0, 8, 0, 0], [3, 3, 0, 3, 3, 3, 8, 0, 0], [3, 3, 3, 3, 3, 0, 8, 0, 0], [3, 3, 3, 3, 3, 0, 8, 0, 0], [3, 3, 0, 3, 3, 3, 8, 0, 0], [3, 3, 0, 0, 0, 0, 8, 0, 0]], "output": [[2, 2, 0, 0, 0, 0], [2, 2, 0, 9, 9, 9], [2, 2, 2, 9, 9, 0], [4, 4, 4, 7, 7, 0], [4, 4, 0, 7, 7, 7], [4, 4, 0, 0, 0, 0]]}, {"input": [[0, 0, 8, 0, 0, 0, 3, 3, 0], [0, 0, 8, 3, 0, 0, 3, 0, 0], [0, 0, 8, 3, 3, 3, 3, 0, 0], [0, 0, 8, 0, 0, 3, 3, 3, 3], [0, 0, 8, 0, 0, 3, 0, 0, 3], [0, 0, 8, 0, 3, 3, 0, 0, 0], [8, 8, 8, 8, 8, 8, 8, 8, 8], [5, 6, 8, 0, 0, 0, 0, 0, 0], [4, 2, 8, 0, 0, 0, 0, 0, 0]], "output": [[0, 0, 0, 6, 6, 0], [5, 0, 0, 6, 0, 0], [5, 5, 5, 6, 0, 0], [0, 0, 4, 2, 2, 2], [0, 0, 4, 0, 0, 2], [0, 4, 4, 0, 0, 0]]}, {"input": [[1, 6, 8, 0, 0, 0, 0, 0, 0], [7, 5, 8, 0, 0, 0, 0, 0, 0], [8, 8, 8, 8, 8, 8, 8, 8, 8], [0, 0, 8, 0, 3, 0, 0, 0, 0], [0, 0, 8, 0, 3, 0, 3, 3, 3], [0, 0, 8, 0, 3, 3, 3, 0, 0], [0, 0, 8, 0, 0, 3, 3, 3, 0], [0, 0, 8, 3, 3, 3, 0, 3, 0], [0, 0, 8, 0, 0, 0, 0, 3, 0]], "output": [[0, 1, 0, 0, 0, 0], [0, 1, 0, 6, 6, 6], [0, 1, 1, 6, 0, 0], [0, 0, 7, 5, 5, 0], [7, 7, 7, 0, 5, 0], [0, 0, 0, 0, 5, 0]]}, {"input": [[0, 0, 8, 0, 3, 3, 0, 0, 0], [0, 0, 8, 0, 0, 3, 0, 0, 3], [0, 0, 8, 0, 0, 3, 3, 3, 3], [0, 0, 8, 3, 3, 3, 3, 0, 0], [0, 0, 8, 3, 0, 0, 3, 0, 0], [0, 0, 8, 0, 0, 0, 3, 3, 0], [8, 8, 8, 8, 8, 8, 8, 8, 8], [2, 4, 8, 0, 0, 0, 0, 0, 0], [6, 7, 8, 0, 0, 0, 0, 0, 0]], "output": [[0, 2, 2, 0, 0, 0], [0, 0, 2, 0, 0, 4], [0, 0, 2, 4, 4, 4], [6, 6, 6, 7, 0, 0], [6, 0, 0, 7, 0, 0], [0, 0, 0, 7, 7, 0]]}, {"input": [[2, 7, 8, 0, 0, 0, 0, 0, 0], [4, 9, 8, 0, 0, 0, 0, 0, 0], [8, 8, 8, 8, 8, 8, 8, 8, 8], [0, 0, 8, 0, 0, 0, 3, 3, 3], [0, 0, 8, 0, 0, 0, 3, 3, 3], [0, 0, 8, 0, 0, 0, 0, 3, 3], [0, 0, 8, 3, 3, 0, 3, 3, 3], [0, 0, 8, 3, 3, 3, 3, 0, 3], [0, 0, 8, 3, 3, 3, 3, 3, 3]], "output": [[0, 0, 0, 7, 7, 7], [0, 0, 0, 7, 7, 7], [0, 0, 0, 0, 7, 7], [4, 4, 0, 9, 9, 9], [4, 4, 4, 9, 0, 9], [4, 4, 4, 9, 9, 9]]}, {"input": [[0, 0, 0, 0, 0, 0, 8, 4, 2], [0, 0, 0, 0, 0, 0, 8, 7, 5], [8, 8, 8, 8, 8, 8, 8, 8, 8], [3, 3, 3, 0, 0, 0, 8, 0, 0], [3, 3, 3, 0, 0, 0, 8, 0, 0], [3, 3, 3, 0, 0, 0, 8, 0, 0], [3, 3, 3, 3, 3, 3, 8, 0, 0], [3, 3, 3, 3, 3, 3, 8, 0, 0], [3, 3, 3, 3, 3, 3, 8, 0, 0]], "output": [[4, 4, 4, 0, 0, 0], [4, 4, 4, 0, 0, 0], [4, 4, 4, 0, 0, 0], [7, 7, 7, 5, 5, 5], [7, 7, 7, 5, 5, 5], [7, 7, 7, 5, 5, 5]]}, {"input": [[0, 0, 8, 0, 0, 3, 3, 3, 3], [0, 0, 8, 3, 3, 3, 3, 3, 3], [0, 0, 8, 0, 0, 0, 3, 0, 3], [0, 0, 8, 0, 0, 0, 3, 0, 3], [0, 0, 8, 3, 3, 3, 3, 3, 3], [0, 0, 8, 0, 0, 3, 3, 3, 3], [8, 8, 8, 8, 8, 8, 8, 8, 8], [2, 4, 8, 0, 0, 0, 0, 0, 0], [1, 9, 8, 0, 0, 0, 0, 0, 0]], "output": [[0, 0, 2, 4, 4, 4], [2, 2, 2, 4, 4, 4], [0, 0, 0, 4, 0, 4], [0, 0, 0, 9, 0, 9], [1, 1, 1, 9, 9, 9], [0, 0, 1, 9, 9, 9]]}, {"input": [[2, 6, 8, 0, 0, 0, 0, 0, 0], [9, 1, 8, 0, 0, 0, 0, 0, 0], [8, 8, 8, 8, 8, 8, 8, 8, 8], [0, 0, 8, 3, 3, 3, 3, 3, 3], [0, 0, 8, 3, 0, 3, 0, 0, 3], [0, 0, 8, 3, 3, 3, 0, 0, 3], [0, 0, 8, 0, 0, 0, 3, 3, 3], [0, 0, 8, 0, 0, 0, 3, 0, 3], [0, 0, 8, 0, 0, 0, 3, 3, 3]], "output": [[2, 2, 2, 6, 6, 6], [2, 0, 2, 0, 0, 6], [2, 2, 2, 0, 0, 6], [0, 0, 0, 1, 1, 1], [0, 0, 0, 1, 0, 1], [0, 0, 0, 1, 1, 1]]}, {"input": [[0, 0, 8, 0, 3, 3, 3, 3, 0], [0, 0, 8, 3, 3, 3, 3, 3, 3], [0, 0, 8, 3, 3, 3, 3, 3, 3], [0, 0, 8, 3, 3, 3, 3, 3, 3], [0, 0, 8, 3, 3, 0, 0, 3, 3], [0, 0, 8, 3, 3, 0, 0, 3, 3], [8, 8, 8, 8, 8, 8, 8, 8, 8], [2, 7, 8, 0, 0, 0, 0, 0, 0], [4, 9, 8, 0, 0, 0, 0, 0, 0]], "output": [[0, 2, 2, 7, 7, 0], [2, 2, 2, 7, 7, 7], [2, 2, 2, 7, 7, 7], [4, 4, 4, 9, 9, 9], [4, 4, 0, 0, 9, 9], [4, 4, 0, 0, 9, 9]]}, {"input": [[4, 2, 8, 0, 0, 0, 0, 0, 0], [1, 7, 8, 0, 0, 0, 0, 0, 0], [8, 8, 8, 8, 8, 8, 8, 8, 8], [0, 0, 8, 0, 0, 0, 0, 3, 0], [0, 0, 8, 3, 3, 0, 3, 3, 0], [0, 0, 8, 0, 3, 3, 3, 0, 0], [0, 0, 8, 0, 0, 3, 3, 3, 0], [0, 0, 8, 0, 3, 3, 0, 3, 3], [0, 0, 8, 0, 3, 0, 0, 0, 0]], "output": [[0, 0, 0, 0, 2, 0], [4, 4, 0, 2, 2, 0], [0, 4, 4, 2, 0, 0], [0, 0, 1, 7, 7, 0], [0, 1, 1, 0, 7, 7], [0, 1, 0, 0, 0, 0]]}, {"input": [[0, 0, 0, 0, 0, 0, 8, 1, 6], [0, 0, 0, 0, 0, 0, 8, 2, 4], [8, 8, 8, 8, 8, 8, 8, 8, 8], [3, 3, 0, 0, 3, 3, 8, 0, 0], [3, 3, 0, 0, 3, 3, 8, 0, 0], [3, 3, 0, 0, 3, 3, 8, 0, 0], [3, 3, 3, 3, 3, 3, 8, 0, 0], [3, 3, 3, 3, 3, 3, 8, 0, 0], [0, 3, 3, 3, 3, 0, 8, 0, 0]], "output": [[1, 1, 0, 0, 6, 6], [1, 1, 0, 0, 6, 6], [1, 1, 0, 0, 6, 6], [2, 2, 2, 4, 4, 4], [2, 2, 2, 4, 4, 4], [0, 2, 2, 4, 4, 0]]}, {"input": [[2, 7, 8, 0, 0, 0, 0, 0, 0], [6, 4, 8, 0, 0, 0, 0, 0, 0], [8, 8, 8, 8, 8, 8, 8, 8, 8], [0, 0, 8, 0, 0, 3, 0, 0, 0], [0, 0, 8, 0, 0, 3, 3, 0, 0], [0, 0, 8, 0, 3, 3, 3, 3, 3], [0, 0, 8, 3, 3, 3, 3, 3, 0], [0, 0, 8, 0, 0, 3, 3, 0, 0], [0, 0, 8, 0, 0, 0, 3, 0, 0]], "output": [[0, 0, 2, 0, 0, 0], [0, 0, 2, 7, 0, 0], [0, 2, 2, 7, 7, 7], [6, 6, 6, 4, 4, 0], [0, 0, 6, 4, 0, 0], [0, 0, 0, 4, 0, 0]]}, {"input": [[0, 0, 8, 3, 3, 0, 0, 0, 0], [0, 0, 8, 3, 3, 3, 0, 0, 0], [0, 0, 8, 3, 3, 3, 3, 0, 0], [0, 0, 8, 3, 3, 0, 3, 3, 0], [0, 0, 8, 3, 3, 3, 3, 3, 3], [0, 0, 8, 3, 3, 3, 3, 3, 3], [8, 8, 8, 8, 8, 8, 8, 8, 8], [4, 1, 8, 0, 0, 0, 0, 0, 0], [9, 2, 8, 0, 0, 0, 0, 0, 0]], "output": [[4, 4, 0, 0, 0, 0], [4, 4, 4, 0, 0, 0], [4, 4, 4, 1, 0, 0], [9, 9, 0, 2, 2, 0], [9, 9, 9, 2, 2, 2], [9, 9, 9, 2, 2, 2]]}, {"input": [[0, 0, 8, 0, 3, 0, 0, 0, 0], [0, 0, 8, 0, 3, 0, 3, 3, 3], [0, 0, 8, 0, 3, 3, 3, 0, 0], [0, 0, 8, 0, 0, 3, 3, 3, 0], [0, 0, 8, 3, 3, 3, 0, 3, 0], [0, 0, 8, 0, 0, 0, 0, 3, 0], [8, 8, 8, 8, 8, 8, 8, 8, 8], [4, 5, 8, 0, 0, 0, 0, 0, 0], [2, 7, 8, 0, 0, 0, 0, 0, 0]], "output": [[0, 4, 0, 0, 0, 0], [0, 4, 0, 5, 5, 5], [0, 4, 4, 5, 0, 0], [0, 0, 2, 7, 7, 0], [2, 2, 2, 0, 7, 0], [0, 0, 0, 0, 7, 0]]}, {"input": [[0, 3, 3, 3, 3, 0, 8, 0, 0], [0, 3, 3, 3, 3, 0, 8, 0, 0], [0, 3, 3, 3, 3, 0, 8, 0, 0], [3, 3, 3, 3, 3, 3, 8, 0, 0], [3, 3, 3, 3, 3, 3, 8, 0, 0], [0, 0, 3, 3, 0, 0, 8, 0, 0], [8, 8, 8, 8, 8, 8, 8, 8, 8], [0, 0, 0, 0, 0, 0, 8, 6, 1], [0, 0, 0, 0, 0, 0, 8, 4, 9]], "output": [[0, 6, 6, 1, 1, 0], [0, 6, 6, 1, 1, 0], [0, 6, 6, 1, 1, 0], [4, 4, 4, 9, 9, 9], [4, 4, 4, 9, 9, 9], [0, 0, 4, 9, 0, 0]]}, {"input": [[0, 3, 3, 3, 3, 0, 8, 0, 0], [3, 3, 0, 0, 3, 3, 8, 0, 0], [3, 0, 0, 0, 0, 3, 8, 0, 0], [3, 0, 0, 0, 0, 3, 8, 0, 0], [3, 3, 0, 0, 3, 3, 8, 0, 0], [0, 3, 3, 3, 3, 0, 8, 0, 0], [8, 8, 8, 8, 8, 8, 8, 8, 8], [0, 0, 0, 0, 0, 0, 8, 4, 6], [0, 0, 0, 0, 0, 0, 8, 2, 7]], "output": [[0, 4, 4, 6, 6, 0], [4, 4, 0, 0, 6, 6], [4, 0, 0, 0, 0, 6], [2, 0, 0, 0, 0, 7], [2, 2, 0, 0, 7, 7], [0, 2, 2, 7, 7, 0]]}, {"input": [[0, 3, 3, 0, 0, 0, 8, 0, 0], [0, 0, 3, 3, 0, 3, 8, 0, 0], [0, 3, 3, 3, 3, 3, 8, 0, 0], [3, 3, 3, 3, 3, 0, 8, 0, 0], [3, 0, 3, 3, 0, 0, 8, 0, 0], [0, 0, 0, 3, 3, 0, 8, 0, 0], [8, 8, 8, 8, 8, 8, 8, 8, 8], [0, 0, 0, 0, 0, 0, 8, 1, 4], [0, 0, 0, 0, 0, 0, 8, 2, 5]], "output": [[0, 1, 1, 0, 0, 0], [0, 0, 1, 4, 0, 4], [0, 1, 1, 4, 4, 4], [2, 2, 2, 5, 5, 0], [2, 0, 2, 5, 0, 0], [0, 0, 0, 5, 5, 0]]}, {"input": [[3, 0, 0, 0, 0, 0, 8, 0, 0], [3, 3, 0, 0, 0, 0, 8, 0, 0], [3, 3, 0, 0, 0, 0, 8, 0, 0], [3, 3, 0, 0, 0, 0, 8, 0, 0], [3, 3, 3, 3, 3, 0, 8, 0, 0], [3, 3, 3, 3, 3, 3, 8, 0, 0], [8, 8, 8, 8, 8, 8, 8, 8, 8], [0, 0, 0, 0, 0, 0, 8, 9, 7], [0, 0, 0, 0, 0, 0, 8, 4, 2]], "output": [[9, 0, 0, 0, 0, 0], [9, 9, 0, 0, 0, 0], [9, 9, 0, 0, 0, 0], [4, 4, 0, 0, 0, 0], [4, 4, 4, 2, 2, 0], [4, 4, 4, 2, 2, 2]]}, {"input": [[0, 0, 8, 3, 3, 3, 0, 0, 0], [0, 0, 8, 3, 3, 3, 3, 0, 0], [0, 0, 8, 3, 3, 0, 3, 3, 3], [0, 0, 8, 3, 3, 0, 3, 3, 3], [0, 0, 8, 3, 3, 3, 3, 0, 0], [0, 0, 8, 3, 3, 3, 0, 0, 0], [8, 8, 8, 8, 8, 8, 8, 8, 8], [5, 2, 8, 0, 0, 0, 0, 0, 0], [7, 1, 8, 0, 0, 0, 0, 0, 0]], "output": [[5, 5, 5, 0, 0, 0], [5, 5, 5, 2, 0, 0], [5, 5, 0, 2, 2, 2], [7, 7, 0, 1, 1, 1], [7, 7, 7, 1, 0, 0], [7, 7, 7, 0, 0, 0]]}, {"input": [[2, 1, 8, 0, 0, 0, 0, 0, 0], [4, 5, 8, 0, 0, 0, 0, 0, 0], [8, 8, 8, 8, 8, 8, 8, 8, 8], [0, 0, 8, 0, 0, 0, 3, 0, 0], [0, 0, 8, 0, 3, 0, 3, 3, 0], [0, 0, 8, 3, 3, 3, 3, 0, 0], [0, 0, 8, 0, 0, 3, 3, 3, 3], [0, 0, 8, 0, 3, 3, 0, 3, 0], [0, 0, 8, 0, 0, 3, 0, 0, 0]], "output": [[0, 0, 0, 1, 0, 0], [0, 2, 0, 1, 1, 0], [2, 2, 2, 1, 0, 0], [0, 0, 4, 5, 5, 5], [0, 4, 4, 0, 5, 0], [0, 0, 4, 0, 0, 0]]}]
