[{"input": [[1, 0, 0, 0, 5, 0, 0, 0, 0, 2], [0, 0, 2, 0, 5, 0, 0, 0, 0, 0], [0, 0, 1, 0, 5, 0, 0, 0, 0, 0], [0, 0, 0, 0, 5, 0, 0, 0, 2, 0], [2, 0, 0, 0, 5, 0, 0, 0, 0, 0], [0, 0, 0, 0, 5, 0, 0, 0, 0, 0], [0, 0, 0, 0, 5, 0, 0, 0, 0, 0], [0, 0, 0, 0, 5, 0, 2, 0, 0, 0], [1, 0, 0, 0, 5, 0, 0, 0, 0, 0], [0, 1, 0, 0, 5, 0, 0, 0, 0, 0]], "output": [[1, 0, 0, 0, 5, 2, 2, 2, 2, 2], [0, 0, 2, 2, 5, 0, 0, 0, 0, 0], [1, 1, 1, 0, 5, 0, 0, 0, 0, 0], [0, 0, 0, 0, 5, 2, 2, 2, 2, 0], [2, 2, 2, 2, 5, 0, 0, 0, 0, 0], [0, 0, 0, 0, 5, 0, 0, 0, 0, 0], [0, 0, 0, 0, 5, 0, 0, 0, 0, 0], [0, 0, 0, 0, 5, 2, 2, 0, 0, 0], [1, 0, 0, 0, 5, 0, 0, 0, 0, 0], [1, 1, 0, 0, 5, 0, 0, 0, 0, 0]]}, {"input": [[0, 0, 0, 0, 0, 5, 0, 0, 0, 0], [0, 0, 0, 0, 0, 5, 0, 0, 1, 0], [0, 0, 0, 0, 0, 5, 0, 0, 0, 0], [0, 0, 0, 0, 0, 5, 0, 0, 0, 0], [0, 0, 0, 1, 0, 5, 0, 0, 0, 0], [1, 0, 0, 0, 0, 5, 0, 2, 0, 0], [0, 0, 0, 0, 0, 5, 0, 0, 0, 0], [1, 0, 0, 0, 0, 5, 0, 0, 2, 0], [0, 0, 0, 0, 0, 5, 0, 0, 0, 0], [2, 0, 0, 0, 0, 5, 0, 0, 0, 0]], "output": [[0, 0, 0, 0, 0, 5, 0, 0, 0, 0], [0, 0, 0, 0, 0, 5, 0, 0, 1, 1], [0, 0, 0, 0, 0, 5, 0, 0, 0, 0], [0, 0, 0, 0, 0, 5, 0, 0, 0, 0], [1, 1, 1, 1, 0, 5, 0, 0, 0, 0], [1, 0, 0, 0, 0, 5, 2, 2, 0, 0], [0, 0, 0, 0, 0, 5, 0, 0, 0, 0], [1, 0, 0, 0, 0, 5, 2, 2, 2, 0], [0, 0, 0, 0, 0, 5, 0, 0, 0, 0], [2, 2, 2, 2, 2, 5, 0, 0, 0, 0]]}, {"input": [[0, 0, 0, 1, 0, 5, 0, 0, 0, 0], [0, 0, 0, 2, 0, 5, 0, 2, 0, 0], [0, 0, 0, 0, 0, 5, 0, 0, 0, 0], [0, 0, 0, 0, 0, 5, 0, 2, 0, 0], [0, 0, 0, 0, 0, 5, 0, 0, 0, 1], [0, 0, 1, 0, 0, 5, 0, 0, 0, 0], [0, 1, 0, 0, 0, 5, 0, 1, 0, 0], [0, 0, 0, 0, 0, 5, 0, 0, 0, 0], [0, 0, 0, 0, 0, 5, 0, 0, 0, 0], [2, 0, 0, 0, 0, 5, 0, 0, 2, 0]], "output": [[1, 1, 1, 1, 0, 5, 0, 0, 0, 0], [0, 0, 0, 2, 2, 5, 2, 2, 0, 0], [0, 0, 0, 0, 0, 5, 0, 0, 0, 0], [0, 0, 0, 0, 0, 5, 2, 2, 0, 0], [0, 0, 0, 0, 0, 5, 0, 0, 0, 1], [1, 1, 1, 0, 0, 5, 0, 0, 0, 0], [1, 1, 0, 0, 0, 5, 0, 1, 1, 1], [0, 0, 0, 0, 0, 5, 0, 0, 0, 0], [0, 0, 0, 0, 0, 5, 0, 0, 0, 0], [2, 2, 2, 2, 2, 5, 2, 2, 2, 0]]}, {"input": [[0, 0, 0, 5, 0, 0, 0, 0, 0, 0], [2, 0, 0, 5, 0, 2, 0, 0, 0, 0], [0, 0, 0, 5, 0, 0, 0, 0, 0, 0], [0, 0, 0, 5, 0, 0, 0, 0, 0, 0], [0, 0, 0, 5, 0, 0, 0, 0, 1, 0], [0, 0, 0, 5, 0, 0, 0, 0, 0, 0], [2, 0, 0, 5, 0, 0, 0, 0, 0, 0], [0, 1, 0, 5, 0, 0, 0, 0, 0, 0], [0, 0, 0, 5, 0, 0, 0, 0, 0, 0], [0, 0, 0, 5, 0, 0, 0, 0, 1, 0]], "output": [[0, 0, 0, 5, 0, 0, 0, 0, 0, 0], [2, 2, 2, 5, 2, 2, 0, 0, 0, 0], [0, 0, 0, 5, 0, 0, 0, 0, 0, 0], [0, 0, 0, 5, 0, 0, 0, 0, 0, 0], [0, 0, 0, 5, 0, 0, 0, 0, 1, 1], [0, 0, 0, 5, 0, 0, 0, 0, 0, 0], [2, 2, 2, 5, 0, 0, 0, 0, 0, 0], [1, 1, 0, 5, 0, 0, 0, 0, 0, 0], [0, 0, 0, 5, 0, 0, 0, 0, 0, 0], [0, 0, 0, 5, 0, 0, 0, 0, 1, 1]]}, {"input": [[0, 0, 1, 0, 0, 5, 0, 0, 0, 1], [0, 1, 0, 0, 0, 5, 0, 1, 0, 0], [0, 1, 0, 0, 0, 5, 0, 0, 0, 0], [0, 0, 0, 0, 0, 5, 2, 0, 0, 0], [0, 0, 0, 0, 0, 5, 0, 0, 0, 0], [0, 2, 0, 0, 0, 5, 0, 0, 0, 0], [1, 0, 0, 0, 0, 5, 0, 0, 0, 2], [0, 0, 0, 0, 0, 5, 0, 0, 0, 0], [2, 0, 0, 0, 0, 5, 0, 1, 0, 0], [0, 0, 0, 0, 0, 5, 0, 0, 1, 0]], "output": [[1, 1, 1, 0, 0, 5, 0, 0, 0, 1], [1, 1, 0, 0, 0, 5, 0, 1, 1, 1], [1, 1, 0, 0, 0, 5, 0, 0, 0, 0], [0, 0, 0, 0, 0, 5, 2, 0, 0, 0], [0, 0, 0, 0, 0, 5, 0, 0, 0, 0], [0, 2, 2, 2, 2, 5, 0, 0, 0, 0], [1, 0, 0, 0, 0, 5, 2, 2, 2, 2], [0, 0, 0, 0, 0, 5, 0, 0, 0, 0], [2, 2, 2, 2, 2, 5, 0, 1, 1, 1], [0, 0, 0, 0, 0, 5, 0, 0, 1, 1]]}, {"input": [[0, 0, 0, 0, 0, 5, 2, 0, 0, 0], [0, 0, 0, 0, 0, 5, 0, 0, 0, 1], [0, 0, 0, 0, 0, 5, 0, 0, 1, 0], [0, 0, 0, 0, 0, 5, 2, 0, 0, 0], [0, 0, 0, 1, 0, 5, 0, 0, 2, 0], [0, 0, 0, 0, 0, 5, 0, 0, 0, 0], [2, 0, 0, 0, 0, 5, 0, 1, 0, 0], [0, 0, 2, 0, 0, 5, 0, 0, 0, 0], [2, 0, 0, 0, 0, 5, 0, 0, 0, 0], [0, 0, 0, 0, 0, 5, 0, 0, 0, 0]], "output": [[0, 0, 0, 0, 0, 5, 2, 0, 0, 0], [0, 0, 0, 0, 0, 5, 0, 0, 0, 1], [0, 0, 0, 0, 0, 5, 0, 0, 1, 1], [0, 0, 0, 0, 0, 5, 2, 0, 0, 0], [1, 1, 1, 1, 0, 5, 2, 2, 2, 0], [0, 0, 0, 0, 0, 5, 0, 0, 0, 0], [2, 2, 2, 2, 2, 5, 0, 1, 1, 1], [0, 0, 2, 2, 2, 5, 0, 0, 0, 0], [2, 2, 2, 2, 2, 5, 0, 0, 0, 0], [0, 0, 0, 0, 0, 5, 0, 0, 0, 0]]}, {"input": [[0, 2, 0, 0, 5, 0, 0, 0, 0, 0], [0, 0, 2, 0, 5, 0, 2, 0, 0, 0], [0, 0, 0, 0, 5, 0, 0, 0, 0, 0], [1, 0, 0, 0, 5, 0, 2, 0, 0, 0], [2, 0, 0, 0, 5, 0, 0, 0, 0, 0], [0, 0, 1, 0, 5, 0, 0, 0, 0, 0], [0, 0, 0, 0, 5, 0, 0, 2, 0, 0], [0, 1, 0, 0, 5, 0, 0, 0, 0, 2], [0, 0, 0, 0, 5, 0, 0, 0, 0, 0], [0, 0, 0, 0, 5, 0, 0, 0, 0, 0]], "output": [[0, 2, 2, 2, 5, 0, 0, 0, 0, 0], [0, 0, 2, 2, 5, 2, 2, 0, 0, 0], [0, 0, 0, 0, 5, 0, 0, 0, 0, 0], [1, 0, 0, 0, 5, 2, 2, 0, 0, 0], [2, 2, 2, 2, 5, 0, 0, 0, 0, 0], [1, 1, 1, 0, 5, 0, 0, 0, 0, 0], [0, 0, 0, 0, 5, 2, 2, 2, 0, 0], [1, 1, 0, 0, 5, 2, 2, 2, 2, 2], [0, 0, 0, 0, 5, 0, 0, 0, 0, 0], [0, 0, 0, 0, 5, 0, 0, 0, 0, 0]]}, {"input": [[0, 0, 0, 5, 0, 0, 0, 0, 0, 0], [0, 2, 0, 5, 0, 0, 0, 0, 0, 0], [0, 2, 0, 5, 0, 0, 0, 0, 0, 0], [0, 0, 0, 5, 0, 2, 0, 0, 0, 0], [0, 0, 0, 5, 0, 0, 0, 0, 0, 0], [0, 0, 0, 5, 0, 0, 0, 0, 0, 0], [0, 0, 0, 5, 0, 0, 2, 0, 0, 0], [0, 0, 0, 5, 0, 1, 0, 0, 0, 0], [1, 0, 0, 5, 0, 0, 0, 0, 0, 0], [0, 0, 0, 5, 0, 0, 0, 0, 0, 0]], "output": [[0, 0, 0, 5, 0, 0, 0, 0, 0, 0], [0, 2, 2, 5, 0, 0, 0, 0, 0, 0], [0, 2, 2, 5, 0, 0, 0, 0, 0, 0], [0, 0, 0, 5, 2, 2, 0, 0, 0, 0], [0, 0, 0, 5, 0, 0, 0, 0, 0, 0], [0, 0, 0, 5, 0, 0, 0, 0, 0, 0], [0, 0, 0, 5, 2, 2, 2, 0, 0, 0], [0, 0, 0, 5, 0, 1, 1, 1, 1, 1], [1, 0, 0, 5, 0, 0, 0, 0, 0, 0], [0, 0, 0, 5, 0, 0, 0, 0, 0, 0]]}, {"input": [[0, 0, 0, 0, 5, 0, 0, 0, 2, 0], [0, 1, 0, 0, 5, 0, 0, 0, 0, 0], [0, 0, 0, 0, 5, 0, 0, 0, 0, 0], [0, 0, 2, 0, 5, 0, 0, 0, 0, 0], [0, 0, 2, 0, 5, 0, 1, 0, 0, 0], [0, 0, 0, 0, 5, 0, 0, 0, 0, 0], [0, 2, 0, 0, 5, 0, 0, 0, 0, 2], [0, 2, 0, 0, 5, 0, 0, 0, 0, 0], [0, 1, 0, 0, 5, 0, 0, 0, 0, 0], [0, 0, 0, 0, 5, 0, 0, 2, 0, 0]], "output": [[0, 0, 0, 0, 5, 2, 2, 2, 2, 0], [1, 1, 0, 0, 5, 0, 0, 0, 0, 0], [0, 0, 0, 0, 5, 0, 0, 0, 0, 0], [0, 0, 2, 2, 5, 0, 0, 0, 0, 0], [0, 0, 2, 2, 5, 0, 1, 1, 1, 1], [0, 0, 0, 0, 5, 0, 0, 0, 0, 0], [0, 2, 2, 2, 5, 2, 2, 2, 2, 2], [0, 2, 2, 2, 5, 0, 0, 0, 0, 0], [1, 1, 0, 0, 5, 0, 0, 0, 0, 0], [0, 0, 0, 0, 5, 2, 2, 2, 0, 0]]}, {"input": [[0, 2, 0, 5, 0, 0, 0, 0, 0, 0], [0, 0, 0, 5, 2, 0, 0, 0, 0, 0], [0, 0, 0, 5, 0, 0, 0, 0, 0, 0], [0, 1, 0, 5, 0, 0, 0, 0, 0, 0], [0, 2, 0, 5, 0, 0, 0, 2, 0, 0], [0, 0, 0, 5, 0, 0, 0, 0, 0, 0], [0, 0, 0, 5, 0, 0, 0, 0, 0, 0], [0, 0, 0, 5, 0, 0, 0, 0, 0, 0], [0, 1, 0, 5, 0, 0, 0, 0, 0, 0], [0, 0, 0, 5, 2, 0, 0, 0, 0, 0]], "output": [[0, 2, 2, 5, 0, 0, 0, 0, 0, 0], [0, 0, 0, 5, 2, 0, 0, 0, 0, 0], [0, 0, 0, 5, 0, 0, 0, 0, 0, 0], [1, 1, 0, 5, 0, 0, 0, 0, 0, 0], [0, 2, 2, 5, 2, 2, 2, 2, 0, 0], [0, 0, 0, 5, 0, 0, 0, 0, 0, 0], [0, 0, 0, 5, 0, 0, 0, 0, 0, 0], [0, 0, 0, 5, 0, 0, 0, 0, 0, 0], [1, 1, 0, 5, 0, 0, 0, 0, 0, 0], [0, 0, 0, 5, 2, 0, 0, 0, 0, 0]]}, {"input": [[0, 0, 0, 0, 5, 2, 0, 0, 0, 0], [0, 0, 0, 0, 5, 0, 2, 0, 0, 0], [0, 2, 0, 0, 5, 0, 0, 1, 0, 0], [0, 0, 0, 0, 5, 0, 0, 0, 0, 1], [0, 0, 0, 0, 5, 0, 0, 0, 0, 0], [0, 0, 1, 0, 5, 0, 0, 0, 0, 0], [0, 0, 0, 0, 5, 0, 0, 0, 0, 0], [0, 0, 2, 0, 5, 0, 0, 0, 0, 0], [0, 0, 0, 0, 5, 0, 0, 0, 1, 0], [0, 0, 1, 0, 5, 0, 0, 0, 0, 0]], "output": [[0, 0, 0, 0, 5, 2, 0, 0, 0, 0], [0, 0, 0, 0, 5, 2, 2, 0, 0, 0], [0, 2, 2, 2, 5, 0, 0, 1, 1, 1], [0, 0, 0, 0, 5, 0, 0, 0, 0, 1], [0, 0, 0, 0, 5, 0, 0, 0, 0, 0], [1, 1, 1, 0, 5, 0, 0, 0, 0, 0], [0, 0, 0, 0, 5, 0, 0, 0, 0, 0], [0, 0, 2, 2, 5, 0, 0, 0, 0, 0], [0, 0, 0, 0, 5, 0, 0, 0, 1, 1], [1, 1, 1, 0, 5, 0, 0, 0, 0, 0]]}, {"input": [[0, 0, 0, 0, 5, 0, 0, 0, 0, 0], [0, 0, 0, 0, 5, 0, 0, 0, 0, 0], [0, 0, 0, 0, 5, 0, 2, 0, 0, 0], [0, 0, 0, 0, 5, 0, 0, 0, 0, 0], [0, 0, 0, 0, 5, 0, 0, 2, 0, 0], [2, 0, 0, 0, 5, 0, 0, 1, 0, 0], [2, 0, 0, 0, 5, 0, 0, 2, 0, 0], [0, 0, 0, 0, 5, 0, 1, 0, 0, 0], [0, 2, 0, 0, 5, 0, 2, 0, 0, 0], [0, 2, 0, 0, 5, 0, 0, 0, 0, 0]], "output": [[0, 0, 0, 0, 5, 0, 0, 0, 0, 0], [0, 0, 0, 0, 5, 0, 0, 0, 0, 0], [0, 0, 0, 0, 5, 2, 2, 0, 0, 0], [0, 0, 0, 0, 5, 0, 0, 0, 0, 0], [0, 0, 0, 0, 5, 2, 2, 2, 0, 0], [2, 2, 2, 2, 5, 0, 0, 1, 1, 1], [2, 2, 2, 2, 5, 2, 2, 2, 0, 0], [0, 0, 0, 0, 5, 0, 1, 1, 1, 1], [0, 2, 2, 2, 5, 2, 2, 0, 0, 0], [0, 2, 2, 2, 5, 0, 0, 0, 0, 0]]}, {"input": [[0, 0, 0, 5, 0, 0, 0, 0, 1, 0], [0, 1, 0, 5, 0, 0, 0, 0, 0, 0], [0, 0, 0, 5, 0, 0, 0, 0, 0, 0], [0, 0, 0, 5, 1, 0, 0, 0, 0, 0], [0, 0, 0, 5, 0, 0, 0, 1, 0, 0], [0, 1, 0, 5, 0, 0, 2, 0, 0, 0], [1, 0, 0, 5, 0, 0, 0, 0, 0, 0], [0, 0, 0, 5, 0, 0, 0, 0, 0, 0], [1, 0, 0, 5, 0, 0, 0, 0, 0, 0], [0, 2, 0, 5, 0, 0, 0, 0, 0, 2]], "output": [[0, 0, 0, 5, 0, 0, 0, 0, 1, 1], [1, 1, 0, 5, 0, 0, 0, 0, 0, 0], [0, 0, 0, 5, 0, 0, 0, 0, 0, 0], [0, 0, 0, 5, 1, 1, 1, 1, 1, 1], [0, 0, 0, 5, 0, 0, 0, 1, 1, 1], [1, 1, 0, 5, 2, 2, 2, 0, 0, 0], [1, 0, 0, 5, 0, 0, 0, 0, 0, 0], [0, 0, 0, 5, 0, 0, 0, 0, 0, 0], [1, 0, 0, 5, 0, 0, 0, 0, 0, 0], [0, 2, 2, 5, 2, 2, 2, 2, 2, 2]]}, {"input": [[0, 2, 0, 0, 5, 0, 0, 0, 0, 0], [0, 0, 2, 0, 5, 1, 0, 0, 0, 0], [0, 0, 0, 0, 5, 0, 0, 2, 0, 0], [0, 0, 0, 0, 5, 0, 0, 0, 0, 0], [0, 0, 0, 0, 5, 0, 0, 0, 0, 0], [0, 0, 0, 0, 5, 0, 0, 0, 0, 0], [0, 0, 1, 0, 5, 0, 0, 0, 0, 0], [0, 0, 0, 0, 5, 1, 0, 0, 0, 0], [2, 0, 0, 0, 5, 0, 0, 0, 0, 0], [0, 0, 0, 0, 5, 0, 0, 0, 0, 0]], "output": [[0, 2, 2, 2, 5, 0, 0, 0, 0, 0], [0, 0, 2, 2, 5, 1, 1, 1, 1, 1], [0, 0, 0, 0, 5, 2, 2, 2, 0, 0], [0, 0, 0, 0, 5, 0, 0, 0, 0, 0], [0, 0, 0, 0, 5, 0, 0, 0, 0, 0], [0, 0, 0, 0, 5, 0, 0, 0, 0, 0], [1, 1, 1, 0, 5, 0, 0, 0, 0, 0], [0, 0, 0, 0, 5, 1, 1, 1, 1, 1], [2, 2, 2, 2, 5, 0, 0, 0, 0, 0], [0, 0, 0, 0, 5, 0, 0, 0, 0, 0]]}, {"input": [[0, 1, 0, 5, 1, 0, 0, 0, 0, 0], [0, 0, 0, 5, 0, 0, 0, 0, 2, 0], [0, 2, 0, 5, 0, 0, 0, 0, 0, 0], [0, 0, 0, 5, 0, 1, 0, 0, 0, 0], [0, 0, 0, 5, 2, 0, 0, 0, 0, 0], [1, 0, 0, 5, 0, 0, 0, 0, 0, 0], [0, 2, 0, 5, 0, 0, 0, 0, 0, 0], [0, 0, 0, 5, 0, 0, 0, 2, 0, 0], [0, 0, 0, 5, 0, 0, 0, 0, 0, 0], [0, 0, 0, 5, 0, 0, 0, 0, 0, 2]], "output": [[1, 1, 0, 5, 1, 1, 1, 1, 1, 1], [0, 0, 0, 5, 2, 2, 2, 2, 2, 0], [0, 2, 2, 5, 0, 0, 0, 0, 0, 0], [0, 0, 0, 5, 0, 1, 1, 1, 1, 1], [0, 0, 0, 5, 2, 0, 0, 0, 0, 0], [1, 0, 0, 5, 0, 0, 0, 0, 0, 0], [0, 2, 2, 5, 0, 0, 0, 0, 0, 0], [0, 0, 0, 5, 2, 2, 2, 2, 0, 0], [0, 0, 0, 5, 0, 0, 0, 0, 0, 0], [0, 0, 0, 5, 2, 2, 2, 2, 2, 2]]}, {"input": [[0, 0, 0, 5, 0, 0, 0, 0, 0, 0], [0, 0, 0, 5, 0, 0, 0, 0, 0, 1], [2, 0, 0, 5, 0, 0, 1, 0, 0, 0], [0, 0, 0, 5, 0, 2, 0, 0, 0, 0], [0, 1, 0, 5, 0, 2, 0, 0, 0, 0], [0, 0, 0, 5, 0, 0, 0, 0, 0, 0], [0, 1, 0, 5, 0, 0, 0, 0, 0, 0], [0, 0, 0, 5, 0, 0, 0, 0, 0, 0], [0, 0, 0, 5, 0, 0, 2, 0, 0, 0], [2, 0, 0, 5, 0, 0, 0, 0, 0, 2]], "output": [[0, 0, 0, 5, 0, 0, 0, 0, 0, 0], [0, 0, 0, 5, 0, 0, 0, 0, 0, 1], [2, 2, 2, 5, 0, 0, 1, 1, 1, 1], [0, 0, 0, 5, 2, 2, 0, 0, 0, 0], [1, 1, 0, 5, 2, 2, 0, 0, 0, 0], [0, 0, 0, 5, 0, 0, 0, 0, 0, 0], [1, 1, 0, 5, 0, 0, 0, 0, 0, 0], [0, 0, 0, 5, 0, 0, 0, 0, 0, 0], [0, 0, 0, 5, 2, 2, 2, 0, 0, 0], [2, 2, 2, 5, 2, 2, 2, 2, 2, 2]]}, {"input": [[2, 0, 0, 5, 0, 0, 0, 2, 0, 0], [2, 0, 0, 5, 0, 0, 0, 0, 0, 0], [1, 0, 0, 5, 0, 0, 0, 0, 0, 0], [1, 0, 0, 5, 0, 0, 0, 1, 0, 0], [0, 0, 0, 5, 0, 0, 0, 0, 0, 2], [0, 0, 0, 5, 0, 0, 0, 0, 0, 0], [0, 0, 0, 5, 0, 0, 0, 0, 0, 1], [0, 0, 0, 5, 0, 0, 0, 0, 0, 0], [0, 0, 0, 5, 0, 0, 2, 0, 0, 0], [0, 2, 0, 5, 1, 0, 0, 0, 0, 0]], "output": [[2, 2, 2, 5, 2, 2, 2, 2, 0, 0], [2, 2, 2, 5, 0, 0, 0, 0, 0, 0], [1, 0, 0, 5, 0, 0, 0, 0, 0, 0], [1, 0, 0, 5, 0, 0, 0, 1, 1, 1], [0, 0, 0, 5, 2, 2, 2, 2, 2, 2], [0, 0, 0, 5, 0, 0, 0, 0, 0, 0], [0, 0, 0, 5, 0, 0, 0, 0, 0, 1], [0, 0, 0, 5, 0, 0, 0, 0, 0, 0], [0, 0, 0, 5, 2, 2, 2, 0, 0, 0], [0, 2, 2, 5, 1, 1, 1, 1, 1, 1]]}, {"input": [[0, 0, 0, 0, 5, 0, 0, 0, 0, 0], [0, 0, 1, 0, 5, 0, 0, 0, 0, 0], [0, 0, 1, 0, 5, 0, 1, 0, 0, 0], [2, 0, 0, 0, 5, 0, 0, 0, 0, 0], [0, 0, 1, 0, 5, 0, 0, 0, 0, 0], [0, 0, 1, 0, 5, 0, 0, 0, 0, 0], [0, 0, 0, 0, 5, 0, 1, 0, 0, 0], [0, 0, 0, 0, 5, 0, 2, 0, 0, 0], [2, 0, 0, 0, 5, 0, 0, 0, 0, 2], [0, 0, 0, 0, 5, 0, 0, 0, 2, 0]], "output": [[0, 0, 0, 0, 5, 0, 0, 0, 0, 0], [1, 1, 1, 0, 5, 0, 0, 0, 0, 0], [1, 1, 1, 0, 5, 0, 1, 1, 1, 1], [2, 2, 2, 2, 5, 0, 0, 0, 0, 0], [1, 1, 1, 0, 5, 0, 0, 0, 0, 0], [1, 1, 1, 0, 5, 0, 0, 0, 0, 0], [0, 0, 0, 0, 5, 0, 1, 1, 1, 1], [0, 0, 0, 0, 5, 2, 2, 0, 0, 0], [2, 2, 2, 2, 5, 2, 2, 2, 2, 2], [0, 0, 0, 0, 5, 2, 2, 2, 2, 0]]}, {"input": [[0, 0, 1, 0, 5, 0, 1, 0, 0, 0], [0, 1, 0, 0, 5, 0, 0, 0, 0, 0], [1, 0, 0, 0, 5, 0, 0, 2, 0, 0], [0, 0, 0, 0, 5, 0, 0, 0, 0, 0], [0, 0, 2, 0, 5, 0, 0, 0, 0, 0], [0, 0, 0, 0, 5, 0, 0, 0, 0, 0], [1, 0, 0, 0, 5, 0, 0, 0, 1, 0], [0, 0, 1, 0, 5, 0, 0, 2, 0, 0], [0, 0, 0, 0, 5, 0, 0, 0, 0, 0], [0, 0, 0, 0, 5, 0, 0, 0, 0, 0]], "output": [[1, 1, 1, 0, 5, 0, 1, 1, 1, 1], [1, 1, 0, 0, 5, 0, 0, 0, 0, 0], [1, 0, 0, 0, 5, 2, 2, 2, 0, 0], [0, 0, 0, 0, 5, 0, 0, 0, 0, 0], [0, 0, 2, 2, 5, 0, 0, 0, 0, 0], [0, 0, 0, 0, 5, 0, 0, 0, 0, 0], [1, 0, 0, 0, 5, 0, 0, 0, 1, 1], [1, 1, 1, 0, 5, 2, 2, 2, 0, 0], [0, 0, 0, 0, 5, 0, 0, 0, 0, 0], [0, 0, 0, 0, 5, 0, 0, 0, 0, 0]]}, {"input": [[2, 0, 0, 0, 0, 5, 1, 0, 0, 0], [0, 0, 0, 0, 0, 5, 2, 0, 0, 0], [0, 0, 1, 0, 0, 5, 0, 0, 2, 0], [1, 0, 0, 0, 0, 5, 0, 0, 0, 0], [0, 0, 0, 0, 0, 5, 0, 0, 0, 0], [2, 0, 0, 0, 0, 5, 0, 0, 0, 0], [0, 0, 0, 0, 0, 5, 0, 0, 0, 0], [0, 0, 0, 0, 0, 5, 0, 1, 0, 0], [0, 0, 0, 0, 0, 5, 0, 0, 0, 0], [0, 2, 0, 0, 0, 5, 0, 0, 0, 0]], "output": [[2, 2, 2, 2, 2, 5, 1, 1, 1, 1], [0, 0, 0, 0, 0, 5, 2, 0, 0, 0], [1, 1, 1, 0, 0, 5, 2, 2, 2, 0], [1, 0, 0, 0, 0, 5, 0, 0, 0, 0], [0, 0, 0, 0, 0, 5, 0, 0, 0, 0], [2, 2, 2, 2, 2, 5, 0, 0, 0, 0], [0, 0, 0, 0, 0, 5, 0, 0, 0, 0], [0, 0, 0, 0, 0, 5, 0, 1, 1, 1], [0, 0, 0, 0, 0, 5, 0, 0, 0, 0], [0, 2, 2, 2, 2, 5, 0, 0, 0, 0]]}, {"input": [[0, 0, 0, 0, 0, 5, 0, 0, 1, 0], [0, 0, 0, 0, 0, 5, 0, 0, 1, 0], [0, 0, 1, 0, 0, 5, 0, 0, 0, 0], [0, 0, 1, 0, 0, 5, 0, 0, 0, 0], [0, 0, 1, 0, 0, 5, 0, 0, 0, 0], [0, 0, 0, 0, 0, 5, 0, 0, 2, 0], [0, 0, 0, 0, 0, 5, 1, 0, 0, 0], [0, 0, 0, 0, 0, 5, 2, 0, 0, 0], [2, 0, 0, 0, 0, 5, 0, 0, 0, 0], [0, 0, 0, 0, 0, 5, 0, 0, 0, 0]], "output": [[0, 0, 0, 0, 0, 5, 0, 0, 1, 1], [0, 0, 0, 0, 0, 5, 0, 0, 1, 1], [1, 1, 1, 0, 0, 5, 0, 0, 0, 0], [1, 1, 1, 0, 0, 5, 0, 0, 0, 0], [1, 1, 1, 0, 0, 5, 0, 0, 0, 0], [0, 0, 0, 0, 0, 5, 2, 2, 2, 0], [0, 0, 0, 0, 0, 5, 1, 1, 1, 1], [0, 0, 0, 0, 0, 5, 2, 0, 0, 0], [2, 2, 2, 2, 2, 5, 0, 0, 0, 0], [0, 0, 0, 0, 0, 5, 0, 0, 0, 0]]}, {"input": [[0, 0, 1, 0, 0, 5, 0, 0, 0, 0], [0, 1, 0, 0, 0, 5, 0, 0, 0, 2], [0, 1, 0, 0, 0, 5, 0, 0, 0, 0], [0, 0, 0, 0, 0, 5, 0, 0, 0, 0], [1, 0, 0, 0, 0, 5, 0, 0, 0, 0], [0, 0, 0, 0, 0, 5, 0, 0, 0, 2], [0, 0, 0, 0, 0, 5, 0, 0, 0, 0], [0, 0, 0, 2, 0, 5, 2, 0, 0, 0], [0, 0, 0, 0, 0, 5, 0, 0, 0, 0], [2, 0, 0, 0, 0, 5, 0, 0, 0, 0]], "output": [[1, 1, 1, 0, 0, 5, 0, 0, 0, 0], [1, 1, 0, 0, 0, 5, 2, 2, 2, 2], [1, 1, 0, 0, 0, 5, 0, 0, 0, 0], [0, 0, 0, 0, 0, 5, 0, 0, 0, 0], [1, 0, 0, 0, 0, 5, 0, 0, 0, 0], [0, 0, 0, 0, 0, 5, 2, 2, 2, 2], [0, 0, 0, 0, 0, 5, 0, 0, 0, 0], [0, 0, 0, 2, 2, 5, 2, 0, 0, 0], [0, 0, 0, 0, 0, 5, 0, 0, 0, 0], [2, 2, 2, 2, 2, 5, 0, 0, 0, 0]]}, {"input": [[1, 0, 0, 0, 0, 5, 0, 0, 1, 0], [0, 0, 0, 0, 0, 5, 0, 0, 2, 0], [0, 0, 2, 0, 0, 5, 0, 0, 0, 0], [0, 0, 1, 0, 0, 5, 0, 0, 0, 0], [0, 0, 0, 0, 0, 5, 0, 0, 0, 0], [0, 0, 0, 0, 0, 5, 0, 0, 0, 1], [2, 0, 0, 0, 0, 5, 0, 2, 0, 0], [0, 1, 0, 0, 0, 5, 0, 1, 0, 0], [0, 0, 0, 0, 0, 5, 0, 1, 0, 0], [0, 0, 0, 0, 0, 5, 0, 0, 0, 0]], "output": [[1, 0, 0, 0, 0, 5, 0, 0, 1, 1], [0, 0, 0, 0, 0, 5, 2, 2, 2, 0], [0, 0, 2, 2, 2, 5, 0, 0, 0, 0], [1, 1, 1, 0, 0, 5, 0, 0, 0, 0], [0, 0, 0, 0, 0, 5, 0, 0, 0, 0], [0, 0, 0, 0, 0, 5, 0, 0, 0, 1], [2, 2, 2, 2, 2, 5, 2, 2, 0, 0], [1, 1, 0, 0, 0, 5, 0, 1, 1, 1], [0, 0, 0, 0, 0, 5, 0, 1, 1, 1], [0, 0, 0, 0, 0, 5, 0, 0, 0, 0]]}, {"input": [[1, 0, 0, 0, 5, 0, 0, 0, 0, 0], [1, 0, 0, 0, 5, 0, 2, 0, 0, 0], [0, 2, 0, 0, 5, 0, 0, 0, 0, 0], [0, 0, 0, 0, 5, 0, 0, 0, 0, 2], [0, 0, 1, 0, 5, 0, 0, 0, 0, 0], [2, 0, 0, 0, 5, 0, 0, 0, 0, 0], [2, 0, 0, 0, 5, 0, 0, 0, 0, 2], [0, 0, 0, 0, 5, 0, 0, 0, 0, 0], [0, 0, 0, 0, 5, 0, 0, 0, 0, 0], [0, 0, 0, 0, 5, 0, 0, 0, 0, 0]], "output": [[1, 0, 0, 0, 5, 0, 0, 0, 0, 0], [1, 0, 0, 0, 5, 2, 2, 0, 0, 0], [0, 2, 2, 2, 5, 0, 0, 0, 0, 0], [0, 0, 0, 0, 5, 2, 2, 2, 2, 2], [1, 1, 1, 0, 5, 0, 0, 0, 0, 0], [2, 2, 2, 2, 5, 0, 0, 0, 0, 0], [2, 2, 2, 2, 5, 2, 2, 2, 2, 2], [0, 0, 0, 0, 5, 0, 0, 0, 0, 0], [0, 0, 0, 0, 5, 0, 0, 0, 0, 0], [0, 0, 0, 0, 5, 0, 0, 0, 0, 0]]}, {"input": [[0, 2, 0, 5, 0, 2, 0, 0, 0, 0], [1, 0, 0, 5, 0, 0, 0, 0, 0, 0], [0, 0, 0, 5, 0, 0, 0, 0, 0, 0], [0, 0, 0, 5, 0, 2, 0, 0, 0, 0], [0, 0, 0, 5, 1, 0, 0, 0, 0, 0], [0, 0, 0, 5, 1, 0, 0, 0, 0, 0], [0, 0, 0, 5, 0, 0, 0, 0, 0, 0], [0, 0, 0, 5, 0, 0, 0, 0, 0, 2], [0, 0, 0, 5, 0, 0, 0, 0, 0, 0], [2, 0, 0, 5, 0, 0, 0, 0, 0, 0]], "output": [[0, 2, 2, 5, 2, 2, 0, 0, 0, 0], [1, 0, 0, 5, 0, 0, 0, 0, 0, 0], [0, 0, 0, 5, 0, 0, 0, 0, 0, 0], [0, 0, 0, 5, 2, 2, 0, 0, 0, 0], [0, 0, 0, 5, 1, 1, 1, 1, 1, 1], [0, 0, 0, 5, 1, 1, 1, 1, 1, 1], [0, 0, 0, 5, 0, 0, 0, 0, 0, 0], [0, 0, 0, 5, 2, 2, 2, 2, 2, 2], [0, 0, 0, 5, 0, 0, 0, 0, 0, 0], [2, 2, 2, 5, 0, 0, 0, 0, 0, 0]]}]
