[{"input": [[0, 0, 0, 0, 0, 0, 0, 0, 0, 0, 0, 0, 0, 0, 0, 0], [7, 7, 7, 7, 7, 7, 7, 7, 7, 7, 7, 7, 7, 7, 7, 7], [0, 0, 0, 0, 0, 0, 0, 0, 0, 0, 0, 0, 0, 0, 0, 0], [0, 0, 0, 0, 0, 0, 0, 0, 0, 0, 0, 0, 0, 0, 0, 0], [6, 6, 6, 0, 5, 5, 5, 5, 5, 0, 6, 6, 6, 6, 6, 6], [0, 0, 0, 0, 5, 5, 5, 5, 5, 0, 0, 0, 0, 0, 0, 0], [0, 0, 0, 0, 5, 5, 5, 5, 5, 0, 0, 0, 0, 0, 0, 0], [9, 9, 9, 0, 5, 5, 5, 5, 5, 0, 9, 9, 9, 9, 9, 9], [0, 0, 0, 0, 5, 5, 5, 5, 5, 0, 0, 0, 0, 0, 0, 0], [0, 0, 0, 0, 0, 0, 0, 0, 0, 0, 0, 0, 0, 0, 0, 0], [1, 1, 1, 1, 1, 1, 1, 1, 1, 1, 1, 1, 1, 1, 1, 1], [0, 0, 0, 0, 0, 0, 0, 0, 0, 0, 0, 0, 0, 0, 0, 0], [0, 0, 0, 0, 0, 0, 0, 0, 0, 0, 0, 0, 0, 0, 0, 0], [4, 4, 4, 4, 4, 4, 4, 4, 4, 4, 4, 4, 4, 4, 4, 4], [0, 0, 0, 0, 0, 0, 0, 0, 0, 0, 0, 0, 0, 0, 0, 0]], "output": [[7, 7, 7, 7, 7], [6, 6, 6, 6, 6], [9, 9, 9, 9, 9], [1, 1, 1, 1, 1], [4, 4, 4, 4, 4]]}, {"input": [[0, 0, 0, 0, 0, 0, 0, 0, 0, 0, 0], [0, 0, 0, 0, 0, 0, 0, 0, 0, 0, 0], [6, 6, 6, 6, 6, 6, 6, 6, 6, 6, 6], [0, 0, 0, 0, 0, 0, 0, 0, 0, 0, 0], [0, 0, 0, 0, 0, 0, 0, 0, 0, 0, 0], [7, 7, 0, 0, 0, 0, 0, 0, 7, 7, 7], [0, 0, 0, 5, 5, 5, 5, 0, 0, 0, 0], [0, 0, 0, 5, 5, 5, 5, 0, 0, 0, 0], [4, 4, 0, 5, 5, 5, 5, 0, 4, 4, 4], [0, 0, 0, 5, 5, 5, 5, 0, 0, 0, 0], [0, 0, 0, 0, 0, 0, 0, 0, 0, 0, 0], [3, 3, 3, 3, 3, 3, 3, 3, 3, 3, 3], [0, 0, 0, 0, 0, 0, 0, 0, 0, 0, 0], [0, 0, 0, 0, 0, 0, 0, 0, 0, 0, 0]], "output": [[6, 6, 6, 6], [7, 7, 7, 7], [4, 4, 4, 4], [3, 3, 3, 3]]}, {"input": [[6, 0, 0, 0, 0, 0, 0, 0, 0, 0, 0, 0, 4, 0, 0], [6, 0, 0, 0, 5, 5, 5, 5, 5, 0, 0, 0, 4, 0, 0], [6, 0, 0, 0, 5, 5, 5, 5, 5, 0, 0, 0, 4, 0, 0], [6, 0, 0, 0, 5, 5, 5, 5, 5, 0, 0, 0, 4, 0, 0], [6, 0, 0, 0, 5, 5, 5, 5, 5, 0, 0, 0, 4, 0, 0], [6, 0, 0, 0, 5, 5, 5, 5, 5, 0, 0, 0, 4, 0, 0], [6, 0, 0, 0, 0, 0, 0, 0, 0, 0, 0, 0, 4, 0, 0], [6, 0, 0, 3, 0, 0, 8, 0, 0, 1, 0, 0, 4, 0, 0], [6, 0, 0, 3, 0, 0, 8, 0, 0, 1, 0, 0, 4, 0, 0], [6, 0, 0, 3, 0, 0, 8, 0, 0, 1, 0, 0, 4, 0, 0], [6, 0, 0, 3, 0, 0, 8, 0, 0, 1, 0, 0, 4, 0, 0]], "output": [[6, 3, 8, 1, 4], [6, 3, 8, 1, 4], [6, 3, 8, 1, 4], [6, 3, 8, 1, 4], [6, 3, 8, 1, 4]]}, {"input": [[0, 2, 0, 0, 1, 0, 0, 6, 0, 0, 9, 0, 0], [0, 2, 0, 0, 1, 0, 0, 6, 0, 0, 9, 0, 0], [0, 2, 0, 0, 1, 0, 0, 6, 0, 0, 9, 0, 0], [0, 2, 0, 0, 1, 0, 0, 6, 0, 0, 9, 0, 0], [0, 2, 0, 0, 1, 0, 0, 6, 0, 0, 9, 0, 0], [0, 2, 0, 0, 0, 0, 0, 0, 0, 0, 9, 0, 0], [0, 2, 0, 0, 0, 5, 5, 5, 5, 0, 9, 0, 0], [0, 2, 0, 0, 0, 5, 5, 5, 5, 0, 9, 0, 0], [0, 2, 0, 0, 0, 5, 5, 5, 5, 0, 9, 0, 0], [0, 2, 0, 0, 0, 5, 5, 5, 5, 0, 9, 0, 0], [0, 2, 0, 0, 0, 0, 0, 0, 0, 0, 9, 0, 0], [0, 2, 0, 0, 1, 0, 0, 6, 0, 0, 9, 0, 0], [0, 2, 0, 0, 1, 0, 0, 6, 0, 0, 9, 0, 0]], "output": [[2, 1, 6, 9], [2, 1, 6, 9], [2, 1, 6, 9], [2, 1, 6, 9]]}, {"input": [[6, 0, 0, 9, 0, 0, 2, 0, 0, 8, 0, 0, 7, 0, 0, 3, 0, 0, 1, 0, 0, 4, 0], [6, 0, 0, 9, 0, 0, 2, 0, 0, 8, 0, 0, 7, 0, 0, 3, 0, 0, 1, 0, 0, 4, 0], [6, 0, 0, 9, 0, 0, 2, 0, 0, 8, 0, 0, 7, 0, 0, 3, 0, 0, 1, 0, 0, 4, 0], [6, 0, 0, 9, 0, 0, 0, 0, 0, 0, 0, 0, 0, 0, 0, 3, 0, 0, 1, 0, 0, 4, 0], [6, 0, 0, 9, 0, 5, 5, 5, 5, 5, 5, 5, 5, 0, 0, 3, 0, 0, 1, 0, 0, 4, 0], [6, 0, 0, 9, 0, 5, 5, 5, 5, 5, 5, 5, 5, 0, 0, 3, 0, 0, 1, 0, 0, 4, 0], [6, 0, 0, 9, 0, 5, 5, 5, 5, 5, 5, 5, 5, 0, 0, 3, 0, 0, 1, 0, 0, 4, 0], [6, 0, 0, 9, 0, 5, 5, 5, 5, 5, 5, 5, 5, 0, 0, 3, 0, 0, 1, 0, 0, 4, 0], [6, 0, 0, 9, 0, 5, 5, 5, 5, 5, 5, 5, 5, 0, 0, 3, 0, 0, 1, 0, 0, 4, 0], [6, 0, 0, 9, 0, 5, 5, 5, 5, 5, 5, 5, 5, 0, 0, 3, 0, 0, 1, 0, 0, 4, 0], [6, 0, 0, 9, 0, 5, 5, 5, 5, 5, 5, 5, 5, 0, 0, 3, 0, 0, 1, 0, 0, 4, 0], [6, 0, 0, 9, 0, 5, 5, 5, 5, 5, 5, 5, 5, 0, 0, 3, 0, 0, 1, 0, 0, 4, 0], [6, 0, 0, 9, 0, 0, 0, 0, 0, 0, 0, 0, 0, 0, 0, 3, 0, 0, 1, 0, 0, 4, 0], [6, 0, 0, 9, 0, 0, 2, 0, 0, 8, 0, 0, 7, 0, 0, 3, 0, 0, 1, 0, 0, 4, 0], [6, 0, 0, 9, 0, 0, 2, 0, 0, 8, 0, 0, 7, 0, 0, 3, 0, 0, 1, 0, 0, 4, 0], [6, 0, 0, 9, 0, 0, 2, 0, 0, 8, 0, 0, 7, 0, 0, 3, 0, 0, 1, 0, 0, 4, 0], [6, 0, 0, 9, 0, 0, 2, 0, 0, 8, 0, 0, 7, 0, 0, 3, 0, 0, 1, 0, 0, 4, 0], [6, 0, 0, 9, 0, 0, 2, 0, 0, 8, 0, 0, 7, 0, 0, 3, 0, 0, 1, 0, 0, 4, 0], [6, 0, 0, 9, 0, 0, 2, 0, 0, 8, 0, 0, 7, 0, 0, 3, 0, 0, 1, 0, 0, 4, 0], [6, 0, 0, 9, 0, 0, 2, 0, 0, 8, 0, 0, 7, 0, 0, 3, 0, 0, 1, 0, 0, 4, 0]], "output": [[6, 9, 2, 8, 7, 3, 1, 4], [6, 9, 2, 8, 7, 3, 1, 4], [6, 9, 2, 8, 7, 3, 1, 4], [6, 9, 2, 8, 7, 3, 1, 4], [6, 9, 2, 8, 7, 3, 1, 4], [6, 9, 2, 8, 7, 3, 1, 4], [6, 9, 2, 8, 7, 3, 1, 4], [6, 9, 2, 8, 7, 3, 1, 4]]}, {"input": [[0, 8, 0, 0, 1, 0, 0, 4, 0, 0, 0, 0, 0, 0, 0, 0, 0, 0], [0, 8, 0, 0, 1, 0, 0, 4, 0, 0, 0, 5, 5, 5, 5, 5, 5, 0], [0, 8, 0, 0, 1, 0, 0, 4, 0, 0, 0, 5, 5, 5, 5, 5, 5, 0], [0, 8, 0, 0, 1, 0, 0, 4, 0, 0, 0, 5, 5, 5, 5, 5, 5, 0], [0, 8, 0, 0, 1, 0, 0, 4, 0, 0, 0, 5, 5, 5, 5, 5, 5, 0], [0, 8, 0, 0, 1, 0, 0, 4, 0, 0, 0, 5, 5, 5, 5, 5, 5, 0], [0, 8, 0, 0, 1, 0, 0, 4, 0, 0, 0, 5, 5, 5, 5, 5, 5, 0], [0, 8, 0, 0, 1, 0, 0, 4, 0, 0, 0, 0, 0, 0, 0, 0, 0, 0], [0, 8, 0, 0, 1, 0, 0, 4, 0, 0, 3, 0, 0, 6, 0, 0, 7, 0], [0, 8, 0, 0, 1, 0, 0, 4, 0, 0, 3, 0, 0, 6, 0, 0, 7, 0], [0, 8, 0, 0, 1, 0, 0, 4, 0, 0, 3, 0, 0, 6, 0, 0, 7, 0], [0, 8, 0, 0, 1, 0, 0, 4, 0, 0, 3, 0, 0, 6, 0, 0, 7, 0], [0, 8, 0, 0, 1, 0, 0, 4, 0, 0, 3, 0, 0, 6, 0, 0, 7, 0], [0, 8, 0, 0, 1, 0, 0, 4, 0, 0, 3, 0, 0, 6, 0, 0, 7, 0], [0, 8, 0, 0, 1, 0, 0, 4, 0, 0, 3, 0, 0, 6, 0, 0, 7, 0], [0, 8, 0, 0, 1, 0, 0, 4, 0, 0, 3, 0, 0, 6, 0, 0, 7, 0], [0, 8, 0, 0, 1, 0, 0, 4, 0, 0, 3, 0, 0, 6, 0, 0, 7, 0], [0, 8, 0, 0, 1, 0, 0, 4, 0, 0, 3, 0, 0, 6, 0, 0, 7, 0], [0, 8, 0, 0, 1, 0, 0, 4, 0, 0, 3, 0, 0, 6, 0, 0, 7, 0], [0, 8, 0, 0, 1, 0, 0, 4, 0, 0, 3, 0, 0, 6, 0, 0, 7, 0], [0, 8, 0, 0, 1, 0, 0, 4, 0, 0, 3, 0, 0, 6, 0, 0, 7, 0], [0, 8, 0, 0, 1, 0, 0, 4, 0, 0, 3, 0, 0, 6, 0, 0, 7, 0], [0, 8, 0, 0, 1, 0, 0, 4, 0, 0, 3, 0, 0, 6, 0, 0, 7, 0]], "output": [[8, 1, 4, 3, 6, 7], [8, 1, 4, 3, 6, 7], [8, 1, 4, 3, 6, 7], [8, 1, 4, 3, 6, 7], [8, 1, 4, 3, 6, 7], [8, 1, 4, 3, 6, 7]]}, {"input": [[7, 0, 0, 8, 0, 0, 1, 0, 0, 4, 0, 0, 9, 0, 0], [7, 0, 0, 8, 0, 0, 1, 0, 0, 4, 0, 0, 9, 0, 0], [0, 0, 0, 0, 0, 0, 0, 0, 0, 4, 0, 0, 9, 0, 0], [0, 5, 5, 5, 5, 5, 0, 0, 0, 4, 0, 0, 9, 0, 0], [0, 5, 5, 5, 5, 5, 0, 0, 0, 4, 0, 0, 9, 0, 0], [0, 5, 5, 5, 5, 5, 0, 0, 0, 4, 0, 0, 9, 0, 0], [0, 5, 5, 5, 5, 5, 0, 0, 0, 4, 0, 0, 9, 0, 0], [0, 5, 5, 5, 5, 5, 0, 0, 0, 4, 0, 0, 9, 0, 0], [0, 0, 0, 0, 0, 0, 0, 0, 0, 4, 0, 0, 9, 0, 0], [7, 0, 0, 8, 0, 0, 1, 0, 0, 4, 0, 0, 9, 0, 0]], "output": [[7, 8, 1, 4, 9], [7, 8, 1, 4, 9], [7, 8, 1, 4, 9], [7, 8, 1, 4, 9], [7, 8, 1, 4, 9]]}, {"input": [[0, 0, 9, 0, 0, 8, 0, 0, 6, 0, 0, 3, 0, 0, 1, 0, 0], [0, 0, 9, 0, 0, 8, 0, 0, 6, 0, 0, 3, 0, 0, 1, 0, 0], [0, 0, 9, 0, 0, 8, 0, 0, 6, 0, 0, 3, 0, 0, 1, 0, 0], [0, 0, 9, 0, 0, 8, 0, 0, 6, 0, 0, 3, 0, 0, 1, 0, 0], [0, 0, 9, 0, 0, 8, 0, 0, 6, 0, 0, 3, 0, 0, 1, 0, 0], [0, 0, 9, 0, 0, 8, 0, 0, 6, 0, 0, 3, 0, 0, 1, 0, 0], [0, 0, 9, 0, 0, 8, 0, 0, 6, 0, 0, 3, 0, 0, 1, 0, 0], [0, 0, 9, 0, 0, 8, 0, 0, 6, 0, 0, 3, 0, 0, 1, 0, 0], [0, 0, 9, 0, 0, 8, 0, 0, 6, 0, 0, 3, 0, 0, 1, 0, 0], [0, 0, 9, 0, 0, 8, 0, 0, 6, 0, 0, 0, 0, 0, 0, 0, 0], [0, 0, 9, 0, 0, 8, 0, 0, 6, 0, 5, 5, 5, 5, 5, 0, 0], [0, 0, 9, 0, 0, 8, 0, 0, 6, 0, 5, 5, 5, 5, 5, 0, 0], [0, 0, 9, 0, 0, 8, 0, 0, 6, 0, 5, 5, 5, 5, 5, 0, 0], [0, 0, 9, 0, 0, 8, 0, 0, 6, 0, 5, 5, 5, 5, 5, 0, 0], [0, 0, 9, 0, 0, 8, 0, 0, 6, 0, 5, 5, 5, 5, 5, 0, 0], [0, 0, 9, 0, 0, 8, 0, 0, 6, 0, 0, 0, 0, 0, 0, 0, 0], [0, 0, 9, 0, 0, 8, 0, 0, 6, 0, 0, 3, 0, 0, 1, 0, 0]], "output": [[9, 8, 6, 3, 1], [9, 8, 6, 3, 1], [9, 8, 6, 3, 1], [9, 8, 6, 3, 1], [9, 8, 6, 3, 1]]}, {"input": [[0, 0, 0, 0, 0, 0, 0, 0, 0, 0, 0, 0, 0, 0], [0, 0, 0, 0, 0, 0, 5, 5, 5, 5, 5, 5, 0, 0], [1, 1, 1, 1, 1, 0, 5, 5, 5, 5, 5, 5, 0, 1], [0, 0, 0, 0, 0, 0, 5, 5, 5, 5, 5, 5, 0, 0], [0, 0, 0, 0, 0, 0, 5, 5, 5, 5, 5, 5, 0, 0], [2, 2, 2, 2, 2, 0, 5, 5, 5, 5, 5, 5, 0, 2], [0, 0, 0, 0, 0, 0, 5, 5, 5, 5, 5, 5, 0, 0], [0, 0, 0, 0, 0, 0, 0, 0, 0, 0, 0, 0, 0, 0], [8, 8, 8, 8, 8, 8, 8, 8, 8, 8, 8, 8, 8, 8], [0, 0, 0, 0, 0, 0, 0, 0, 0, 0, 0, 0, 0, 0], [0, 0, 0, 0, 0, 0, 0, 0, 0, 0, 0, 0, 0, 0], [6, 6, 6, 6, 6, 6, 6, 6, 6, 6, 6, 6, 6, 6], [0, 0, 0, 0, 0, 0, 0, 0, 0, 0, 0, 0, 0, 0], [0, 0, 0, 0, 0, 0, 0, 0, 0, 0, 0, 0, 0, 0], [9, 9, 9, 9, 9, 9, 9, 9, 9, 9, 9, 9, 9, 9], [0, 0, 0, 0, 0, 0, 0, 0, 0, 0, 0, 0, 0, 0], [0, 0, 0, 0, 0, 0, 0, 0, 0, 0, 0, 0, 0, 0], [4, 4, 4, 4, 4, 4, 4, 4, 4, 4, 4, 4, 4, 4], [0, 0, 0, 0, 0, 0, 0, 0, 0, 0, 0, 0, 0, 0], [0, 0, 0, 0, 0, 0, 0, 0, 0, 0, 0, 0, 0, 0]], "output": [[1, 1, 1, 1, 1, 1], [2, 2, 2, 2, 2, 2], [8, 8, 8, 8, 8, 8], [6, 6, 6, 6, 6, 6], [9, 9, 9, 9, 9, 9], [4, 4, 4, 4, 4, 4]]}, {"input": [[0, 0, 0, 0, 0, 0, 0, 0, 0, 0, 0, 0, 0], [0, 0, 0, 0, 0, 0, 0, 0, 5, 5, 5, 0, 0], [7, 7, 7, 7, 7, 7, 7, 0, 5, 5, 5, 0, 7], [0, 0, 0, 0, 0, 0, 0, 0, 5, 5, 5, 0, 0], [0, 0, 0, 0, 0, 0, 0, 0, 0, 0, 0, 0, 0], [4, 4, 4, 4, 4, 4, 4, 4, 4, 4, 4, 4, 4], [0, 0, 0, 0, 0, 0, 0, 0, 0, 0, 0, 0, 0], [0, 0, 0, 0, 0, 0, 0, 0, 0, 0, 0, 0, 0], [6, 6, 6, 6, 6, 6, 6, 6, 6, 6, 6, 6, 6], [0, 0, 0, 0, 0, 0, 0, 0, 0, 0, 0, 0, 0]], "output": [[7, 7, 7], [4, 4, 4], [6, 6, 6]]}, {"input": [[0, 0, 0, 0, 0, 0, 0, 0, 0, 0, 0, 0, 0, 0, 0, 0, 0, 0], [0, 0, 0, 0, 0, 0, 0, 0, 0, 0, 0, 0, 0, 0, 0, 0, 0, 0], [2, 2, 2, 2, 2, 2, 2, 2, 2, 2, 2, 2, 2, 2, 2, 2, 2, 2], [0, 0, 0, 0, 0, 0, 0, 0, 0, 0, 0, 0, 0, 0, 0, 0, 0, 0], [0, 0, 5, 5, 5, 5, 5, 5, 5, 0, 0, 0, 0, 0, 0, 0, 0, 0], [1, 0, 5, 5, 5, 5, 5, 5, 5, 0, 1, 1, 1, 1, 1, 1, 1, 1], [0, 0, 5, 5, 5, 5, 5, 5, 5, 0, 0, 0, 0, 0, 0, 0, 0, 0], [0, 0, 5, 5, 5, 5, 5, 5, 5, 0, 0, 0, 0, 0, 0, 0, 0, 0], [4, 0, 5, 5, 5, 5, 5, 5, 5, 0, 4, 4, 4, 4, 4, 4, 4, 4], [0, 0, 5, 5, 5, 5, 5, 5, 5, 0, 0, 0, 0, 0, 0, 0, 0, 0], [0, 0, 5, 5, 5, 5, 5, 5, 5, 0, 0, 0, 0, 0, 0, 0, 0, 0], [7, 0, 0, 0, 0, 0, 0, 0, 0, 0, 7, 7, 7, 7, 7, 7, 7, 7], [0, 0, 0, 0, 0, 0, 0, 0, 0, 0, 0, 0, 0, 0, 0, 0, 0, 0], [0, 0, 0, 0, 0, 0, 0, 0, 0, 0, 0, 0, 0, 0, 0, 0, 0, 0], [6, 6, 6, 6, 6, 6, 6, 6, 6, 6, 6, 6, 6, 6, 6, 6, 6, 6], [0, 0, 0, 0, 0, 0, 0, 0, 0, 0, 0, 0, 0, 0, 0, 0, 0, 0], [0, 0, 0, 0, 0, 0, 0, 0, 0, 0, 0, 0, 0, 0, 0, 0, 0, 0], [3, 3, 3, 3, 3, 3, 3, 3, 3, 3, 3, 3, 3, 3, 3, 3, 3, 3], [0, 0, 0, 0, 0, 0, 0, 0, 0, 0, 0, 0, 0, 0, 0, 0, 0, 0], [0, 0, 0, 0, 0, 0, 0, 0, 0, 0, 0, 0, 0, 0, 0, 0, 0, 0], [8, 8, 8, 8, 8, 8, 8, 8, 8, 8, 8, 8, 8, 8, 8, 8, 8, 8], [0, 0, 0, 0, 0, 0, 0, 0, 0, 0, 0, 0, 0, 0, 0, 0, 0, 0]], "output": [[2, 2, 2, 2, 2, 2, 2], [1, 1, 1, 1, 1, 1, 1], [4, 4, 4, 4, 4, 4, 4], [7, 7, 7, 7, 7, 7, 7], [6, 6, 6, 6, 6, 6, 6], [3, 3, 3, 3, 3, 3, 3], [8, 8, 8, 8, 8, 8, 8]]}, {"input": [[7, 0, 0, 4, 0, 0, 8, 0, 0, 2, 0, 0, 9, 0, 0, 6, 0, 0, 1], [7, 0, 0, 4, 0, 0, 8, 0, 0, 2, 0, 0, 0, 0, 0, 0, 0, 0, 0], [7, 0, 0, 4, 0, 0, 8, 0, 0, 2, 0, 5, 5, 5, 5, 5, 5, 5, 0], [7, 0, 0, 4, 0, 0, 8, 0, 0, 2, 0, 5, 5, 5, 5, 5, 5, 5, 0], [7, 0, 0, 4, 0, 0, 8, 0, 0, 2, 0, 5, 5, 5, 5, 5, 5, 5, 0], [7, 0, 0, 4, 0, 0, 8, 0, 0, 2, 0, 5, 5, 5, 5, 5, 5, 5, 0], [7, 0, 0, 4, 0, 0, 8, 0, 0, 2, 0, 5, 5, 5, 5, 5, 5, 5, 0], [7, 0, 0, 4, 0, 0, 8, 0, 0, 2, 0, 5, 5, 5, 5, 5, 5, 5, 0], [7, 0, 0, 4, 0, 0, 8, 0, 0, 2, 0, 5, 5, 5, 5, 5, 5, 5, 0], [7, 0, 0, 4, 0, 0, 8, 0, 0, 2, 0, 0, 0, 0, 0, 0, 0, 0, 0], [7, 0, 0, 4, 0, 0, 8, 0, 0, 2, 0, 0, 9, 0, 0, 6, 0, 0, 1], [7, 0, 0, 4, 0, 0, 8, 0, 0, 2, 0, 0, 9, 0, 0, 6, 0, 0, 1], [7, 0, 0, 4, 0, 0, 8, 0, 0, 2, 0, 0, 9, 0, 0, 6, 0, 0, 1], [7, 0, 0, 4, 0, 0, 8, 0, 0, 2, 0, 0, 9, 0, 0, 6, 0, 0, 1], [7, 0, 0, 4, 0, 0, 8, 0, 0, 2, 0, 0, 9, 0, 0, 6, 0, 0, 1], [7, 0, 0, 4, 0, 0, 8, 0, 0, 2, 0, 0, 9, 0, 0, 6, 0, 0, 1], [7, 0, 0, 4, 0, 0, 8, 0, 0, 2, 0, 0, 9, 0, 0, 6, 0, 0, 1], [7, 0, 0, 4, 0, 0, 8, 0, 0, 2, 0, 0, 9, 0, 0, 6, 0, 0, 1], [7, 0, 0, 4, 0, 0, 8, 0, 0, 2, 0, 0, 9, 0, 0, 6, 0, 0, 1], [7, 0, 0, 4, 0, 0, 8, 0, 0, 2, 0, 0, 9, 0, 0, 6, 0, 0, 1]], "output": [[7, 4, 8, 2, 9, 6, 1], [7, 4, 8, 2, 9, 6, 1], [7, 4, 8, 2, 9, 6, 1], [7, 4, 8, 2, 9, 6, 1], [7, 4, 8, 2, 9, 6, 1], [7, 4, 8, 2, 9, 6, 1], [7, 4, 8, 2, 9, 6, 1]]}, {"input": [[0, 0, 0, 0, 0, 0, 0, 0, 0, 0, 0], [0, 0, 0, 0, 0, 0, 0, 0, 0, 0, 0], [4, 4, 4, 4, 4, 4, 4, 4, 4, 4, 4], [0, 0, 0, 0, 0, 0, 0, 0, 0, 0, 0], [0, 0, 0, 0, 0, 0, 0, 0, 0, 0, 0], [2, 2, 2, 2, 2, 2, 2, 2, 2, 2, 2], [0, 0, 0, 0, 0, 0, 0, 0, 0, 0, 0], [0, 0, 0, 0, 0, 5, 5, 5, 5, 0, 0], [8, 8, 8, 8, 0, 5, 5, 5, 5, 0, 8], [0, 0, 0, 0, 0, 5, 5, 5, 5, 0, 0], [0, 0, 0, 0, 0, 5, 5, 5, 5, 0, 0], [6, 6, 6, 6, 0, 0, 0, 0, 0, 0, 6]], "output": [[4, 4, 4, 4], [2, 2, 2, 2], [8, 8, 8, 8], [6, 6, 6, 6]]}, {"input": [[0, 0, 7, 0, 0, 4, 0, 0, 6, 0, 0, 3], [0, 0, 7, 0, 0, 4, 0, 0, 6, 0, 0, 3], [0, 0, 7, 0, 0, 4, 0, 0, 6, 0, 0, 3], [0, 0, 7, 0, 0, 4, 0, 0, 6, 0, 0, 3], [0, 0, 7, 0, 0, 4, 0, 0, 6, 0, 0, 3], [0, 0, 7, 0, 0, 4, 0, 0, 6, 0, 0, 3], [0, 0, 0, 0, 0, 0, 0, 0, 6, 0, 0, 3], [0, 0, 0, 5, 5, 5, 5, 0, 6, 0, 0, 3], [0, 0, 0, 5, 5, 5, 5, 0, 6, 0, 0, 3], [0, 0, 0, 5, 5, 5, 5, 0, 6, 0, 0, 3], [0, 0, 0, 5, 5, 5, 5, 0, 6, 0, 0, 3], [0, 0, 0, 0, 0, 0, 0, 0, 6, 0, 0, 3], [0, 0, 7, 0, 0, 4, 0, 0, 6, 0, 0, 3]], "output": [[7, 4, 6, 3], [7, 4, 6, 3], [7, 4, 6, 3], [7, 4, 6, 3]]}, {"input": [[4, 0, 0, 9, 0, 0, 3, 0, 0, 7, 0, 0, 2, 0, 0, 1, 0], [4, 0, 0, 9, 0, 0, 3, 0, 0, 7, 0, 0, 2, 0, 0, 1, 0], [4, 0, 0, 9, 0, 0, 3, 0, 0, 7, 0, 0, 2, 0, 0, 1, 0], [4, 0, 0, 9, 0, 0, 3, 0, 0, 7, 0, 0, 2, 0, 0, 1, 0], [4, 0, 0, 9, 0, 0, 3, 0, 0, 7, 0, 0, 2, 0, 0, 1, 0], [4, 0, 0, 9, 0, 0, 3, 0, 0, 7, 0, 0, 2, 0, 0, 1, 0], [4, 0, 0, 9, 0, 0, 3, 0, 0, 7, 0, 0, 2, 0, 0, 1, 0], [4, 0, 0, 9, 0, 0, 3, 0, 0, 7, 0, 0, 2, 0, 0, 1, 0], [4, 0, 0, 9, 0, 0, 3, 0, 0, 7, 0, 0, 2, 0, 0, 1, 0], [4, 0, 0, 9, 0, 0, 3, 0, 0, 7, 0, 0, 2, 0, 0, 1, 0], [4, 0, 0, 9, 0, 0, 3, 0, 0, 7, 0, 0, 2, 0, 0, 1, 0], [4, 0, 0, 9, 0, 0, 3, 0, 0, 0, 0, 0, 0, 0, 0, 0, 0], [4, 0, 0, 9, 0, 0, 3, 0, 0, 0, 5, 5, 5, 5, 5, 5, 0], [4, 0, 0, 9, 0, 0, 3, 0, 0, 0, 5, 5, 5, 5, 5, 5, 0], [4, 0, 0, 9, 0, 0, 3, 0, 0, 0, 5, 5, 5, 5, 5, 5, 0], [4, 0, 0, 9, 0, 0, 3, 0, 0, 0, 5, 5, 5, 5, 5, 5, 0], [4, 0, 0, 9, 0, 0, 3, 0, 0, 0, 5, 5, 5, 5, 5, 5, 0], [4, 0, 0, 9, 0, 0, 3, 0, 0, 0, 5, 5, 5, 5, 5, 5, 0], [4, 0, 0, 9, 0, 0, 3, 0, 0, 0, 0, 0, 0, 0, 0, 0, 0], [4, 0, 0, 9, 0, 0, 3, 0, 0, 7, 0, 0, 2, 0, 0, 1, 0]], "output": [[4, 9, 3, 7, 2, 1], [4, 9, 3, 7, 2, 1], [4, 9, 3, 7, 2, 1], [4, 9, 3, 7, 2, 1], [4, 9, 3, 7, 2, 1], [4, 9, 3, 7, 2, 1]]}, {"input": [[0, 0, 0, 0, 0, 0, 0, 0, 0, 0, 4, 0, 0, 6, 0, 0, 7, 0, 0, 8, 0], [0, 5, 5, 5, 5, 5, 5, 5, 0, 0, 4, 0, 0, 6, 0, 0, 7, 0, 0, 8, 0], [0, 5, 5, 5, 5, 5, 5, 5, 0, 0, 4, 0, 0, 6, 0, 0, 7, 0, 0, 8, 0], [0, 5, 5, 5, 5, 5, 5, 5, 0, 0, 4, 0, 0, 6, 0, 0, 7, 0, 0, 8, 0], [0, 5, 5, 5, 5, 5, 5, 5, 0, 0, 4, 0, 0, 6, 0, 0, 7, 0, 0, 8, 0], [0, 5, 5, 5, 5, 5, 5, 5, 0, 0, 4, 0, 0, 6, 0, 0, 7, 0, 0, 8, 0], [0, 5, 5, 5, 5, 5, 5, 5, 0, 0, 4, 0, 0, 6, 0, 0, 7, 0, 0, 8, 0], [0, 5, 5, 5, 5, 5, 5, 5, 0, 0, 4, 0, 0, 6, 0, 0, 7, 0, 0, 8, 0], [0, 0, 0, 0, 0, 0, 0, 0, 0, 0, 4, 0, 0, 6, 0, 0, 7, 0, 0, 8, 0], [0, 2, 0, 0, 3, 0, 0, 9, 0, 0, 4, 0, 0, 6, 0, 0, 7, 0, 0, 8, 0], [0, 2, 0, 0, 3, 0, 0, 9, 0, 0, 4, 0, 0, 6, 0, 0, 7, 0, 0, 8, 0], [0, 2, 0, 0, 3, 0, 0, 9, 0, 0, 4, 0, 0, 6, 0, 0, 7, 0, 0, 8, 0], [0, 2, 0, 0, 3, 0, 0, 9, 0, 0, 4, 0, 0, 6, 0, 0, 7, 0, 0, 8, 0], [0, 2, 0, 0, 3, 0, 0, 9, 0, 0, 4, 0, 0, 6, 0, 0, 7, 0, 0, 8, 0], [0, 2, 0, 0, 3, 0, 0, 9, 0, 0, 4, 0, 0, 6, 0, 0, 7, 0, 0, 8, 0], [0, 2, 0, 0, 3, 0, 0, 9, 0, 0, 4, 0, 0, 6, 0, 0, 7, 0, 0, 8, 0]], "output": [[2, 3, 9, 4, 6, 7, 8], [2, 3, 9, 4, 6, 7, 8], [2, 3, 9, 4, 6, 7, 8], [2, 3, 9, 4, 6, 7, 8], [2, 3, 9, 4, 6, 7, 8], [2, 3, 9, 4, 6, 7, 8], [2, 3, 9, 4, 6, 7, 8]]}, {"input": [[0, 0, 7, 0, 0, 3, 0, 0, 9, 0, 0], [0, 0, 7, 0, 0, 3, 0, 0, 9, 0, 0], [0, 0, 7, 0, 0, 3, 0, 0, 9, 0, 0], [0, 0, 7, 0, 0, 3, 0, 0, 9, 0, 0], [0, 0, 7, 0, 0, 0, 0, 0, 0, 0, 0], [0, 0, 7, 0, 0, 5, 5, 5, 0, 0, 0], [0, 0, 7, 0, 0, 5, 5, 5, 0, 0, 0], [0, 0, 7, 0, 0, 5, 5, 5, 0, 0, 0], [0, 0, 7, 0, 0, 0, 0, 0, 0, 0, 0]], "output": [[7, 3, 9], [7, 3, 9], [7, 3, 9]]}, {"input": [[0, 0, 0, 0, 0, 0, 0, 0, 0, 0, 0, 0, 0, 0, 0, 0, 0, 0, 0], [0, 0, 0, 0, 0, 0, 0, 0, 0, 0, 0, 0, 0, 0, 0, 0, 0, 0, 0], [2, 2, 2, 2, 2, 2, 2, 2, 2, 2, 2, 2, 2, 2, 2, 2, 2, 2, 2], [0, 0, 0, 0, 0, 0, 0, 0, 0, 0, 0, 0, 0, 0, 0, 0, 0, 0, 0], [0, 0, 0, 0, 0, 0, 0, 0, 0, 5, 5, 5, 5, 5, 0, 0, 0, 0, 0], [7, 7, 7, 7, 7, 7, 7, 7, 0, 5, 5, 5, 5, 5, 0, 7, 7, 7, 7], [0, 0, 0, 0, 0, 0, 0, 0, 0, 5, 5, 5, 5, 5, 0, 0, 0, 0, 0], [0, 0, 0, 0, 0, 0, 0, 0, 0, 5, 5, 5, 5, 5, 0, 0, 0, 0, 0], [6, 6, 6, 6, 6, 6, 6, 6, 0, 5, 5, 5, 5, 5, 0, 6, 6, 6, 6], [0, 0, 0, 0, 0, 0, 0, 0, 0, 0, 0, 0, 0, 0, 0, 0, 0, 0, 0], [0, 0, 0, 0, 0, 0, 0, 0, 0, 0, 0, 0, 0, 0, 0, 0, 0, 0, 0], [4, 4, 4, 4, 4, 4, 4, 4, 4, 4, 4, 4, 4, 4, 4, 4, 4, 4, 4], [0, 0, 0, 0, 0, 0, 0, 0, 0, 0, 0, 0, 0, 0, 0, 0, 0, 0, 0], [0, 0, 0, 0, 0, 0, 0, 0, 0, 0, 0, 0, 0, 0, 0, 0, 0, 0, 0], [8, 8, 8, 8, 8, 8, 8, 8, 8, 8, 8, 8, 8, 8, 8, 8, 8, 8, 8]], "output": [[2, 2, 2, 2, 2], [7, 7, 7, 7, 7], [6, 6, 6, 6, 6], [4, 4, 4, 4, 4], [8, 8, 8, 8, 8]]}, {"input": [[0, 1, 0, 0, 7, 0, 0, 2, 0, 0, 8, 0, 0, 3, 0, 0], [0, 1, 0, 0, 7, 0, 0, 2, 0, 0, 8, 0, 0, 3, 0, 0], [0, 1, 0, 0, 7, 0, 0, 2, 0, 0, 8, 0, 0, 3, 0, 0], [0, 1, 0, 0, 0, 0, 0, 0, 0, 0, 8, 0, 0, 3, 0, 0], [0, 1, 0, 0, 5, 5, 5, 5, 5, 0, 8, 0, 0, 3, 0, 0], [0, 1, 0, 0, 5, 5, 5, 5, 5, 0, 8, 0, 0, 3, 0, 0], [0, 1, 0, 0, 5, 5, 5, 5, 5, 0, 8, 0, 0, 3, 0, 0], [0, 1, 0, 0, 5, 5, 5, 5, 5, 0, 8, 0, 0, 3, 0, 0], [0, 1, 0, 0, 5, 5, 5, 5, 5, 0, 8, 0, 0, 3, 0, 0], [0, 1, 0, 0, 0, 0, 0, 0, 0, 0, 8, 0, 0, 3, 0, 0], [0, 1, 0, 0, 7, 0, 0, 2, 0, 0, 8, 0, 0, 3, 0, 0], [0, 1, 0, 0, 7, 0, 0, 2, 0, 0, 8, 0, 0, 3, 0, 0], [0, 1, 0, 0, 7, 0, 0, 2, 0, 0, 8, 0, 0, 3, 0, 0], [0, 1, 0, 0, 7, 0, 0, 2, 0, 0, 8, 0, 0, 3, 0, 0], [0, 1, 0, 0, 7, 0, 0, 2, 0, 0, 8, 0, 0, 3, 0, 0], [0, 1, 0, 0, 7, 0, 0, 2, 0, 0, 8, 0, 0, 3, 0, 0], [0, 1, 0, 0, 7, 0, 0, 2, 0, 0, 8, 0, 0, 3, 0, 0], [0, 1, 0, 0, 7, 0, 0, 2, 0, 0, 8, 0, 0, 3, 0, 0], [0, 1, 0, 0, 7, 0, 0, 2, 0, 0, 8, 0, 0, 3, 0, 0], [0, 1, 0, 0, 7, 0, 0, 2, 0, 0, 8, 0, 0, 3, 0, 0], [0, 1, 0, 0, 7, 0, 0, 2, 0, 0, 8, 0, 0, 3, 0, 0], [0, 1, 0, 0, 7, 0, 0, 2, 0, 0, 8, 0, 0, 3, 0, 0]], "output": [[1, 7, 2, 8, 3], [1, 7, 2, 8, 3], [1, 7, 2, 8, 3], [1, 7, 2, 8, 3], [1, 7, 2, 8, 3]]}, {"input": [[4, 4, 4, 4, 4, 4, 4, 4, 4, 4, 4, 4, 4, 4, 4], [0, 0, 0, 0, 0, 0, 0, 0, 0, 0, 0, 0, 0, 0, 0], [0, 0, 0, 0, 0, 0, 0, 0, 0, 0, 0, 0, 0, 0, 0], [3, 3, 3, 3, 3, 3, 3, 3, 3, 3, 3, 3, 3, 3, 3], [0, 0, 0, 0, 0, 0, 0, 0, 0, 0, 0, 0, 0, 0, 0], [0, 0, 0, 0, 0, 0, 0, 0, 0, 0, 0, 0, 0, 0, 0], [9, 9, 9, 9, 9, 9, 9, 9, 9, 9, 9, 9, 9, 9, 9], [0, 0, 0, 0, 0, 0, 0, 0, 0, 0, 0, 0, 0, 0, 0], [0, 0, 0, 0, 0, 0, 0, 0, 0, 0, 0, 0, 0, 0, 0], [1, 1, 0, 5, 5, 5, 5, 5, 5, 5, 0, 1, 1, 1, 1], [0, 0, 0, 5, 5, 5, 5, 5, 5, 5, 0, 0, 0, 0, 0], [0, 0, 0, 5, 5, 5, 5, 5, 5, 5, 0, 0, 0, 0, 0], [6, 6, 0, 5, 5, 5, 5, 5, 5, 5, 0, 6, 6, 6, 6], [0, 0, 0, 5, 5, 5, 5, 5, 5, 5, 0, 0, 0, 0, 0], [0, 0, 0, 5, 5, 5, 5, 5, 5, 5, 0, 0, 0, 0, 0], [8, 8, 0, 5, 5, 5, 5, 5, 5, 5, 0, 8, 8, 8, 8], [0, 0, 0, 0, 0, 0, 0, 0, 0, 0, 0, 0, 0, 0, 0], [0, 0, 0, 0, 0, 0, 0, 0, 0, 0, 0, 0, 0, 0, 0], [2, 2, 2, 2, 2, 2, 2, 2, 2, 2, 2, 2, 2, 2, 2], [0, 0, 0, 0, 0, 0, 0, 0, 0, 0, 0, 0, 0, 0, 0], [0, 0, 0, 0, 0, 0, 0, 0, 0, 0, 0, 0, 0, 0, 0]], "output": [[4, 4, 4, 4, 4, 4, 4], [3, 3, 3, 3, 3, 3, 3], [9, 9, 9, 9, 9, 9, 9], [1, 1, 1, 1, 1, 1, 1], [6, 6, 6, 6, 6, 6, 6], [8, 8, 8, 8, 8, 8, 8], [2, 2, 2, 2, 2, 2, 2]]}, {"input": [[0, 0, 3, 0, 0, 8, 0, 0, 7, 0, 0, 9, 0, 0, 4, 0, 0, 6, 0, 0, 2, 0], [0, 0, 3, 0, 0, 8, 0, 0, 0, 0, 0, 0, 0, 0, 0, 0, 0, 6, 0, 0, 2, 0], [0, 0, 3, 0, 0, 8, 0, 0, 0, 5, 5, 5, 5, 5, 5, 5, 0, 6, 0, 0, 2, 0], [0, 0, 3, 0, 0, 8, 0, 0, 0, 5, 5, 5, 5, 5, 5, 5, 0, 6, 0, 0, 2, 0], [0, 0, 3, 0, 0, 8, 0, 0, 0, 5, 5, 5, 5, 5, 5, 5, 0, 6, 0, 0, 2, 0], [0, 0, 3, 0, 0, 8, 0, 0, 0, 5, 5, 5, 5, 5, 5, 5, 0, 6, 0, 0, 2, 0], [0, 0, 3, 0, 0, 8, 0, 0, 0, 5, 5, 5, 5, 5, 5, 5, 0, 6, 0, 0, 2, 0], [0, 0, 3, 0, 0, 8, 0, 0, 0, 5, 5, 5, 5, 5, 5, 5, 0, 6, 0, 0, 2, 0], [0, 0, 3, 0, 0, 8, 0, 0, 0, 5, 5, 5, 5, 5, 5, 5, 0, 6, 0, 0, 2, 0], [0, 0, 3, 0, 0, 8, 0, 0, 0, 0, 0, 0, 0, 0, 0, 0, 0, 6, 0, 0, 2, 0], [0, 0, 3, 0, 0, 8, 0, 0, 7, 0, 0, 9, 0, 0, 4, 0, 0, 6, 0, 0, 2, 0], [0, 0, 3, 0, 0, 8, 0, 0, 7, 0, 0, 9, 0, 0, 4, 0, 0, 6, 0, 0, 2, 0], [0, 0, 3, 0, 0, 8, 0, 0, 7, 0, 0, 9, 0, 0, 4, 0, 0, 6, 0, 0, 2, 0], [0, 0, 3, 0, 0, 8, 0, 0, 7, 0, 0, 9, 0, 0, 4, 0, 0, 6, 0, 0, 2, 0], [0, 0, 3, 0, 0, 8, 0, 0, 7, 0, 0, 9, 0, 0, 4, 0, 0, 6, 0, 0, 2, 0]], "output": [[3, 8, 7, 9, 4, 6, 2], [3, 8, 7, 9, 4, 6, 2], [3, 8, 7, 9, 4, 6, 2], [3, 8, 7, 9, 4, 6, 2], [3, 8, 7, 9, 4, 6, 2], [3, 8, 7, 9, 4, 6, 2], [3, 8, 7, 9, 4, 6, 2]]}, {"input": [[0, 0, 9, 0, 0, 3, 0, 0, 6, 0, 0, 1, 0, 0, 8, 0, 0, 7, 0, 0], [0, 0, 9, 0, 0, 3, 0, 0, 6, 0, 0, 1, 0, 0, 8, 0, 0, 7, 0, 0], [0, 0, 9, 0, 0, 3, 0, 0, 6, 0, 0, 1, 0, 0, 8, 0, 0, 7, 0, 0], [0, 0, 9, 0, 0, 3, 0, 0, 6, 0, 0, 1, 0, 0, 8, 0, 0, 7, 0, 0], [0, 0, 9, 0, 0, 3, 0, 0, 6, 0, 0, 1, 0, 0, 8, 0, 0, 7, 0, 0], [0, 0, 9, 0, 0, 3, 0, 0, 6, 0, 0, 1, 0, 0, 8, 0, 0, 7, 0, 0], [0, 0, 9, 0, 0, 3, 0, 0, 6, 0, 0, 1, 0, 0, 8, 0, 0, 7, 0, 0], [0, 0, 9, 0, 0, 3, 0, 0, 6, 0, 0, 1, 0, 0, 8, 0, 0, 7, 0, 0], [0, 0, 9, 0, 0, 3, 0, 0, 6, 0, 0, 1, 0, 0, 8, 0, 0, 7, 0, 0], [0, 0, 9, 0, 0, 0, 0, 0, 0, 0, 0, 0, 0, 0, 8, 0, 0, 7, 0, 0], [0, 0, 9, 0, 0, 0, 5, 5, 5, 5, 5, 5, 0, 0, 8, 0, 0, 7, 0, 0], [0, 0, 9, 0, 0, 0, 5, 5, 5, 5, 5, 5, 0, 0, 8, 0, 0, 7, 0, 0], [0, 0, 9, 0, 0, 0, 5, 5, 5, 5, 5, 5, 0, 0, 8, 0, 0, 7, 0, 0], [0, 0, 9, 0, 0, 0, 5, 5, 5, 5, 5, 5, 0, 0, 8, 0, 0, 7, 0, 0], [0, 0, 9, 0, 0, 0, 5, 5, 5, 5, 5, 5, 0, 0, 8, 0, 0, 7, 0, 0], [0, 0, 9, 0, 0, 0, 5, 5, 5, 5, 5, 5, 0, 0, 8, 0, 0, 7, 0, 0], [0, 0, 9, 0, 0, 0, 0, 0, 0, 0, 0, 0, 0, 0, 8, 0, 0, 7, 0, 0], [0, 0, 9, 0, 0, 3, 0, 0, 6, 0, 0, 1, 0, 0, 8, 0, 0, 7, 0, 0], [0, 0, 9, 0, 0, 3, 0, 0, 6, 0, 0, 1, 0, 0, 8, 0, 0, 7, 0, 0], [0, 0, 9, 0, 0, 3, 0, 0, 6, 0, 0, 1, 0, 0, 8, 0, 0, 7, 0, 0], [0, 0, 9, 0, 0, 3, 0, 0, 6, 0, 0, 1, 0, 0, 8, 0, 0, 7, 0, 0], [0, 0, 9, 0, 0, 3, 0, 0, 6, 0, 0, 1, 0, 0, 8, 0, 0, 7, 0, 0], [0, 0, 9, 0, 0, 3, 0, 0, 6, 0, 0, 1, 0, 0, 8, 0, 0, 7, 0, 0]], "output": [[9, 3, 6, 1, 8, 7], [9, 3, 6, 1, 8, 7], [9, 3, 6, 1, 8, 7], [9, 3, 6, 1, 8, 7], [9, 3, 6, 1, 8, 7], [9, 3, 6, 1, 8, 7]]}, {"input": [[3, 0, 0, 7, 0, 0, 2, 0, 0, 6, 0], [3, 0, 0, 7, 0, 0, 2, 0, 0, 6, 0], [3, 0, 0, 7, 0, 0, 2, 0, 0, 6, 0], [3, 0, 0, 7, 0, 0, 2, 0, 0, 6, 0], [3, 0, 0, 7, 0, 0, 2, 0, 0, 6, 0], [3, 0, 0, 7, 0, 0, 0, 0, 0, 0, 0], [3, 0, 0, 7, 0, 0, 5, 5, 5, 5, 0], [3, 0, 0, 7, 0, 0, 5, 5, 5, 5, 0], [3, 0, 0, 7, 0, 0, 5, 5, 5, 5, 0], [3, 0, 0, 7, 0, 0, 5, 5, 5, 5, 0], [3, 0, 0, 7, 0, 0, 0, 0, 0, 0, 0]], "output": [[3, 7, 2, 6], [3, 7, 2, 6], [3, 7, 2, 6], [3, 7, 2, 6]]}, {"input": [[0, 0, 0, 0, 0, 0, 0, 0, 0, 0, 0, 0, 0, 0], [0, 0, 0, 0, 0, 0, 0, 0, 0, 0, 0, 0, 0, 0], [9, 9, 9, 9, 9, 9, 9, 9, 9, 9, 9, 9, 9, 9], [0, 0, 0, 0, 0, 0, 0, 0, 0, 0, 0, 0, 0, 0], [0, 0, 0, 0, 0, 0, 0, 0, 5, 5, 5, 5, 0, 0], [3, 3, 3, 3, 3, 3, 3, 0, 5, 5, 5, 5, 0, 3], [0, 0, 0, 0, 0, 0, 0, 0, 5, 5, 5, 5, 0, 0], [0, 0, 0, 0, 0, 0, 0, 0, 5, 5, 5, 5, 0, 0], [7, 7, 7, 7, 7, 7, 7, 0, 0, 0, 0, 0, 0, 7], [0, 0, 0, 0, 0, 0, 0, 0, 0, 0, 0, 0, 0, 0], [0, 0, 0, 0, 0, 0, 0, 0, 0, 0, 0, 0, 0, 0], [4, 4, 4, 4, 4, 4, 4, 4, 4, 4, 4, 4, 4, 4]], "output": [[9, 9, 9, 9], [3, 3, 3, 3], [7, 7, 7, 7], [4, 4, 4, 4]]}, {"input": [[3, 0, 0, 9, 0, 0, 8, 0, 0, 7, 0, 0, 6, 0, 0, 1], [3, 0, 0, 9, 0, 0, 8, 0, 0, 7, 0, 0, 6, 0, 0, 1], [3, 0, 0, 9, 0, 0, 8, 0, 0, 7, 0, 0, 6, 0, 0, 1], [3, 0, 0, 0, 0, 0, 0, 0, 0, 0, 0, 0, 6, 0, 0, 1], [3, 0, 0, 0, 5, 5, 5, 5, 5, 5, 0, 0, 6, 0, 0, 1], [3, 0, 0, 0, 5, 5, 5, 5, 5, 5, 0, 0, 6, 0, 0, 1], [3, 0, 0, 0, 5, 5, 5, 5, 5, 5, 0, 0, 6, 0, 0, 1], [3, 0, 0, 0, 5, 5, 5, 5, 5, 5, 0, 0, 6, 0, 0, 1], [3, 0, 0, 0, 5, 5, 5, 5, 5, 5, 0, 0, 6, 0, 0, 1], [3, 0, 0, 0, 5, 5, 5, 5, 5, 5, 0, 0, 6, 0, 0, 1], [3, 0, 0, 0, 0, 0, 0, 0, 0, 0, 0, 0, 6, 0, 0, 1], [3, 0, 0, 9, 0, 0, 8, 0, 0, 7, 0, 0, 6, 0, 0, 1], [3, 0, 0, 9, 0, 0, 8, 0, 0, 7, 0, 0, 6, 0, 0, 1], [3, 0, 0, 9, 0, 0, 8, 0, 0, 7, 0, 0, 6, 0, 0, 1]], "output": [[3, 9, 8, 7, 6, 1], [3, 9, 8, 7, 6, 1], [3, 9, 8, 7, 6, 1], [3, 9, 8, 7, 6, 1], [3, 9, 8, 7, 6, 1], [3, 9, 8, 7, 6, 1]]}]
