[{"input": [[6, 9, 3, 1], [7, 7, 1, 1], [7, 7, 1, 1], [6, 9, 3, 1], [5, 5, 5, 5], [0, 0, 0, 0], [0, 0, 0, 0], [0, 0, 0, 0], [0, 0, 0, 0], [5, 5, 5, 5], [0, 0, 0, 0], [0, 0, 0, 0], [0, 0, 0, 0], [0, 0, 0, 0]], "output": [[6, 9, 3, 1], [7, 7, 1, 1], [7, 7, 1, 1], [6, 9, 3, 1], [5, 5, 5, 5], [1, 1, 1, 1], [3, 1, 1, 3], [9, 7, 7, 9], [6, 7, 7, 6], [5, 5, 5, 5], [1, 3, 9, 6], [1, 1, 7, 7], [1, 1, 7, 7], [1, 3, 9, 6]]}, {"input": [[1, 6, 4, 6, 1], [6, 6, 2, 6, 6], [3, 3, 2, 3, 3], [6, 6, 2, 6, 6], [1, 6, 4, 6, 1], [5, 5, 5, 5, 5], [0, 0, 0, 0, 0], [0, 0, 0, 0, 0], [0, 0, 0, 0, 0], [0, 0, 0, 0, 0], [0, 0, 0, 0, 0], [5, 5, 5, 5, 5], [0, 0, 0, 0, 0], [0, 0, 0, 0, 0], [0, 0, 0, 0, 0], [0, 0, 0, 0, 0], [0, 0, 0, 0, 0]], "output": [[1, 6, 4, 6, 1], [6, 6, 2, 6, 6], [3, 3, 2, 3, 3], [6, 6, 2, 6, 6], [1, 6, 4, 6, 1], [5, 5, 5, 5, 5], [1, 6, 3, 6, 1], [6, 6, 3, 6, 6], [4, 2, 2, 2, 4], [6, 6, 3, 6, 6], [1, 6, 3, 6, 1], [5, 5, 5, 5, 5], [1, 6, 4, 6, 1], [6, 6, 2, 6, 6], [3, 3, 2, 3, 3], [6, 6, 2, 6, 6], [1, 6, 4, 6, 1]]}, {"input": [[8, 1, 8, 7, 9], [1, 1, 9, 9, 9], [1, 6, 2, 2, 9], [6, 6, 2, 1, 9], [6, 6, 4, 6, 7], [5, 5, 5, 5, 5], [0, 0, 0, 0, 0], [0, 0, 0, 0, 0], [0, 0, 0, 0, 0], [0, 0, 0, 0, 0], [0, 0, 0, 0, 0], [5, 5, 5, 5, 5], [0, 0, 0, 0, 0], [0, 0, 0, 0, 0], [0, 0, 0, 0, 0], [0, 0, 0, 0, 0], [0, 0, 0, 0, 0], [5, 5, 5, 5, 5], [0, 0, 0, 0, 0], [0, 0, 0, 0, 0], [0, 0, 0, 0, 0], [0, 0, 0, 0, 0], [0, 0, 0, 0, 0]], "output": [[8, 1, 8, 7, 9], [1, 1, 9, 9, 9], [1, 6, 2, 2, 9], [6, 6, 2, 1, 9], [6, 6, 4, 6, 7], [5, 5, 5, 5, 5], [9, 9, 9, 9, 7], [7, 9, 2, 1, 6], [8, 9, 2, 2, 4], [1, 1, 6, 6, 6], [8, 1, 1, 6, 6], [5, 5, 5, 5, 5], [7, 6, 4, 6, 6], [9, 1, 2, 6, 6], [9, 2, 2, 6, 1], [9, 9, 9, 1, 1], [9, 7, 8, 1, 8], [5, 5, 5, 5, 5], [6, 6, 1, 1, 8], [6, 6, 6, 1, 1], [4, 2, 2, 9, 8], [6, 1, 2, 9, 7], [7, 9, 9, 9, 9]]}, {"input": [[7, 7, 4], [6, 1, 2], [7, 7, 4], [5, 5, 5], [0, 0, 0], [0, 0, 0], [0, 0, 0]], "output": [[7, 7, 4], [6, 1, 2], [7, 7, 4], [5, 5, 5], [4, 2, 4], [7, 1, 7], [7, 6, 7]]}, {"input": [[3, 3, 9, 4, 4], [1, 8, 9, 9, 4], [1, 6, 9, 9, 9], [8, 3, 6, 8, 3], [4, 8, 1, 1, 3], [5, 5, 5, 5, 5], [0, 0, 0, 0, 0], [0, 0, 0, 0, 0], [0, 0, 0, 0, 0], [0, 0, 0, 0, 0], [0, 0, 0, 0, 0], [5, 5, 5, 5, 5], [0, 0, 0, 0, 0], [0, 0, 0, 0, 0], [0, 0, 0, 0, 0], [0, 0, 0, 0, 0], [0, 0, 0, 0, 0], [5, 5, 5, 5, 5], [0, 0, 0, 0, 0], [0, 0, 0, 0, 0], [0, 0, 0, 0, 0], [0, 0, 0, 0, 0], [0, 0, 0, 0, 0]], "output": [[3, 3, 9, 4, 4], [1, 8, 9, 9, 4], [1, 6, 9, 9, 9], [8, 3, 6, 8, 3], [4, 8, 1, 1, 3], [5, 5, 5, 5, 5], [4, 4, 9, 3, 3], [4, 9, 9, 8, 1], [9, 9, 9, 6, 1], [3, 8, 6, 3, 8], [3, 1, 1, 8, 4], [5, 5, 5, 5, 5], [3, 1, 1, 8, 4], [3, 8, 6, 3, 8], [9, 9, 9, 6, 1], [4, 9, 9, 8, 1], [4, 4, 9, 3, 3], [5, 5, 5, 5, 5], [4, 8, 1, 1, 3], [8, 3, 6, 8, 3], [1, 6, 9, 9, 9], [1, 8, 9, 9, 4], [3, 3, 9, 4, 4]]}, {"input": [[2, 4, 8, 6, 6], [2, 6, 9, 9, 1], [2, 9, 9, 9, 6], [2, 6, 9, 9, 1], [2, 4, 8, 6, 6], [5, 5, 5, 5, 5], [0, 0, 0, 0, 0], [0, 0, 0, 0, 0], [0, 0, 0, 0, 0], [0, 0, 0, 0, 0], [0, 0, 0, 0, 0], [5, 5, 5, 5, 5], [0, 0, 0, 0, 0], [0, 0, 0, 0, 0], [0, 0, 0, 0, 0], [0, 0, 0, 0, 0], [0, 0, 0, 0, 0], [5, 5, 5, 5, 5], [0, 0, 0, 0, 0], [0, 0, 0, 0, 0], [0, 0, 0, 0, 0], [0, 0, 0, 0, 0], [0, 0, 0, 0, 0], [5, 5, 5, 5, 5], [0, 0, 0, 0, 0], [0, 0, 0, 0, 0], [0, 0, 0, 0, 0], [0, 0, 0, 0, 0], [0, 0, 0, 0, 0]], "output": [[2, 4, 8, 6, 6], [2, 6, 9, 9, 1], [2, 9, 9, 9, 6], [2, 6, 9, 9, 1], [2, 4, 8, 6, 6], [5, 5, 5, 5, 5], [6, 1, 6, 1, 6], [6, 9, 9, 9, 6], [8, 9, 9, 9, 8], [4, 6, 9, 6, 4], [2, 2, 2, 2, 2], [5, 5, 5, 5, 5], [6, 6, 8, 4, 2], [1, 9, 9, 6, 2], [6, 9, 9, 9, 2], [1, 9, 9, 6, 2], [6, 6, 8, 4, 2], [5, 5, 5, 5, 5], [2, 2, 2, 2, 2], [4, 6, 9, 6, 4], [8, 9, 9, 9, 8], [6, 9, 9, 9, 6], [6, 1, 6, 1, 6], [5, 5, 5, 5, 5], [2, 4, 8, 6, 6], [2, 6, 9, 9, 1], [2, 9, 9, 9, 6], [2, 6, 9, 9, 1], [2, 4, 8, 6, 6]]}, {"input": [[6, 6, 7, 7], [6, 7, 4, 4], [6, 7, 4, 4], [6, 6, 7, 7], [5, 5, 5, 5], [0, 0, 0, 0], [0, 0, 0, 0], [0, 0, 0, 0], [0, 0, 0, 0], [5, 5, 5, 5], [0, 0, 0, 0], [0, 0, 0, 0], [0, 0, 0, 0], [0, 0, 0, 0], [5, 5, 5, 5], [0, 0, 0, 0], [0, 0, 0, 0], [0, 0, 0, 0], [0, 0, 0, 0]], "output": [[6, 6, 7, 7], [6, 7, 4, 4], [6, 7, 4, 4], [6, 6, 7, 7], [5, 5, 5, 5], [7, 4, 4, 7], [7, 4, 4, 7], [6, 7, 7, 6], [6, 6, 6, 6], [5, 5, 5, 5], [7, 7, 6, 6], [4, 4, 7, 6], [4, 4, 7, 6], [7, 7, 6, 6], [5, 5, 5, 5], [6, 6, 6, 6], [6, 7, 7, 6], [7, 4, 4, 7], [7, 4, 4, 7]]}, {"input": [[1, 1, 7], [8, 8, 1], [8, 8, 1], [5, 5, 5], [0, 0, 0], [0, 0, 0], [0, 0, 0], [5, 5, 5], [0, 0, 0], [0, 0, 0], [0, 0, 0], [5, 5, 5], [0, 0, 0], [0, 0, 0], [0, 0, 0], [5, 5, 5], [0, 0, 0], [0, 0, 0], [0, 0, 0]], "output": [[1, 1, 7], [8, 8, 1], [8, 8, 1], [5, 5, 5], [7, 1, 1], [1, 8, 8], [1, 8, 8], [5, 5, 5], [1, 8, 8], [1, 8, 8], [7, 1, 1], [5, 5, 5], [8, 8, 1], [8, 8, 1], [1, 1, 7], [5, 5, 5], [1, 1, 7], [8, 8, 1], [8, 8, 1]]}, {"input": [[2, 2, 2, 2], [9, 9, 9, 9], [9, 9, 9, 9], [2, 2, 2, 2], [5, 5, 5, 5], [0, 0, 0, 0], [0, 0, 0, 0], [0, 0, 0, 0], [0, 0, 0, 0], [5, 5, 5, 5], [0, 0, 0, 0], [0, 0, 0, 0], [0, 0, 0, 0], [0, 0, 0, 0]], "output": [[2, 2, 2, 2], [9, 9, 9, 9], [9, 9, 9, 9], [2, 2, 2, 2], [5, 5, 5, 5], [2, 9, 9, 2], [2, 9, 9, 2], [2, 9, 9, 2], [2, 9, 9, 2], [5, 5, 5, 5], [2, 2, 2, 2], [9, 9, 9, 9], [9, 9, 9, 9], [2, 2, 2, 2]]}, {"input": [[7, 1, 7], [7, 1, 7], [7, 1, 7], [5, 5, 5], [0, 0, 0], [0, 0, 0], [0, 0, 0], [5, 5, 5], [0, 0, 0], [0, 0, 0], [0, 0, 0], [5, 5, 5], [0, 0, 0], [0, 0, 0], [0, 0, 0]], "output": [[7, 1, 7], [7, 1, 7], [7, 1, 7], [5, 5, 5], [7, 7, 7], [1, 1, 1], [7, 7, 7], [5, 5, 5], [7, 1, 7], [7, 1, 7], [7, 1, 7], [5, 5, 5], [7, 7, 7], [1, 1, 1], [7, 7, 7]]}, {"input": [[4, 4, 4, 9], [3, 4, 9, 9], [3, 4, 2, 3], [3, 3, 3, 3], [5, 5, 5, 5], [0, 0, 0, 0], [0, 0, 0, 0], [0, 0, 0, 0], [0, 0, 0, 0], [5, 5, 5, 5], [0, 0, 0, 0], [0, 0, 0, 0], [0, 0, 0, 0], [0, 0, 0, 0], [5, 5, 5, 5], [0, 0, 0, 0], [0, 0, 0, 0], [0, 0, 0, 0], [0, 0, 0, 0], [5, 5, 5, 5], [0, 0, 0, 0], [0, 0, 0, 0], [0, 0, 0, 0], [0, 0, 0, 0]], "output": [[4, 4, 4, 9], [3, 4, 9, 9], [3, 4, 2, 3], [3, 3, 3, 3], [5, 5, 5, 5], [9, 9, 3, 3], [4, 9, 2, 3], [4, 4, 4, 3], [4, 3, 3, 3], [5, 5, 5, 5], [3, 3, 3, 3], [3, 2, 4, 3], [9, 9, 4, 3], [9, 4, 4, 4], [5, 5, 5, 5], [3, 3, 3, 4], [3, 4, 4, 4], [3, 2, 9, 4], [3, 3, 9, 9], [5, 5, 5, 5], [4, 4, 4, 9], [3, 4, 9, 9], [3, 4, 2, 3], [3, 3, 3, 3]]}, {"input": [[6, 6, 6, 6], [6, 6, 6, 6], [6, 6, 6, 6], [6, 6, 6, 6], [5, 5, 5, 5], [0, 0, 0, 0], [0, 0, 0, 0], [0, 0, 0, 0], [0, 0, 0, 0], [5, 5, 5, 5], [0, 0, 0, 0], [0, 0, 0, 0], [0, 0, 0, 0], [0, 0, 0, 0], [5, 5, 5, 5], [0, 0, 0, 0], [0, 0, 0, 0], [0, 0, 0, 0], [0, 0, 0, 0]], "output": [[6, 6, 6, 6], [6, 6, 6, 6], [6, 6, 6, 6], [6, 6, 6, 6], [5, 5, 5, 5], [6, 6, 6, 6], [6, 6, 6, 6], [6, 6, 6, 6], [6, 6, 6, 6], [5, 5, 5, 5], [6, 6, 6, 6], [6, 6, 6, 6], [6, 6, 6, 6], [6, 6, 6, 6], [5, 5, 5, 5], [6, 6, 6, 6], [6, 6, 6, 6], [6, 6, 6, 6], [6, 6, 6, 6]]}, {"input": [[8, 8, 8], [3, 8, 3], [3, 3, 3], [5, 5, 5], [0, 0, 0], [0, 0, 0], [0, 0, 0], [5, 5, 5], [0, 0, 0], [0, 0, 0], [0, 0, 0], [5, 5, 5], [0, 0, 0], [0, 0, 0], [0, 0, 0]], "output": [[8, 8, 8], [3, 8, 3], [3, 3, 3], [5, 5, 5], [8, 3, 3], [8, 8, 3], [8, 3, 3], [5, 5, 5], [3, 3, 3], [3, 8, 3], [8, 8, 8], [5, 5, 5], [3, 3, 8], [3, 8, 8], [3, 3, 8]]}, {"input": [[1, 6, 6, 1], [1, 1, 1, 1], [1, 1, 1, 1], [1, 6, 6, 1], [5, 5, 5, 5], [0, 0, 0, 0], [0, 0, 0, 0], [0, 0, 0, 0], [0, 0, 0, 0], [5, 5, 5, 5], [0, 0, 0, 0], [0, 0, 0, 0], [0, 0, 0, 0], [0, 0, 0, 0], [5, 5, 5, 5], [0, 0, 0, 0], [0, 0, 0, 0], [0, 0, 0, 0], [0, 0, 0, 0]], "output": [[1, 6, 6, 1], [1, 1, 1, 1], [1, 1, 1, 1], [1, 6, 6, 1], [5, 5, 5, 5], [1, 1, 1, 1], [6, 1, 1, 6], [6, 1, 1, 6], [1, 1, 1, 1], [5, 5, 5, 5], [1, 6, 6, 1], [1, 1, 1, 1], [1, 1, 1, 1], [1, 6, 6, 1], [5, 5, 5, 5], [1, 1, 1, 1], [6, 1, 1, 6], [6, 1, 1, 6], [1, 1, 1, 1]]}, {"input": [[2, 2, 2], [1, 2, 1], [2, 2, 2], [5, 5, 5], [0, 0, 0], [0, 0, 0], [0, 0, 0], [5, 5, 5], [0, 0, 0], [0, 0, 0], [0, 0, 0]], "output": [[2, 2, 2], [1, 2, 1], [2, 2, 2], [5, 5, 5], [2, 1, 2], [2, 2, 2], [2, 1, 2], [5, 5, 5], [2, 2, 2], [1, 2, 1], [2, 2, 2]]}, {"input": [[2, 2, 1], [8, 6, 6], [1, 6, 4], [5, 5, 5], [0, 0, 0], [0, 0, 0], [0, 0, 0]], "output": [[2, 2, 1], [8, 6, 6], [1, 6, 4], [5, 5, 5], [1, 6, 4], [2, 6, 6], [2, 8, 1]]}, {"input": [[9, 9, 3], [3, 9, 1], [3, 3, 3], [5, 5, 5], [0, 0, 0], [0, 0, 0], [0, 0, 0], [5, 5, 5], [0, 0, 0], [0, 0, 0], [0, 0, 0], [5, 5, 5], [0, 0, 0], [0, 0, 0], [0, 0, 0]], "output": [[9, 9, 3], [3, 9, 1], [3, 3, 3], [5, 5, 5], [3, 1, 3], [9, 9, 3], [9, 3, 3], [5, 5, 5], [3, 3, 3], [1, 9, 3], [3, 9, 9], [5, 5, 5], [3, 3, 9], [3, 9, 9], [3, 1, 3]]}, {"input": [[7, 7, 7, 7], [2, 2, 2, 2], [2, 2, 2, 2], [7, 7, 7, 7], [5, 5, 5, 5], [0, 0, 0, 0], [0, 0, 0, 0], [0, 0, 0, 0], [0, 0, 0, 0], [5, 5, 5, 5], [0, 0, 0, 0], [0, 0, 0, 0], [0, 0, 0, 0], [0, 0, 0, 0], [5, 5, 5, 5], [0, 0, 0, 0], [0, 0, 0, 0], [0, 0, 0, 0], [0, 0, 0, 0], [5, 5, 5, 5], [0, 0, 0, 0], [0, 0, 0, 0], [0, 0, 0, 0], [0, 0, 0, 0]], "output": [[7, 7, 7, 7], [2, 2, 2, 2], [2, 2, 2, 2], [7, 7, 7, 7], [5, 5, 5, 5], [7, 2, 2, 7], [7, 2, 2, 7], [7, 2, 2, 7], [7, 2, 2, 7], [5, 5, 5, 5], [7, 7, 7, 7], [2, 2, 2, 2], [2, 2, 2, 2], [7, 7, 7, 7], [5, 5, 5, 5], [7, 2, 2, 7], [7, 2, 2, 7], [7, 2, 2, 7], [7, 2, 2, 7], [5, 5, 5, 5], [7, 7, 7, 7], [2, 2, 2, 2], [2, 2, 2, 2], [7, 7, 7, 7]]}, {"input": [[2, 2, 6, 2], [6, 6, 6, 2], [2, 6, 6, 6], [2, 6, 2, 2], [5, 5, 5, 5], [0, 0, 0, 0], [0, 0, 0, 0], [0, 0, 0, 0], [0, 0, 0, 0]], "output": [[2, 2, 6, 2], [6, 6, 6, 2], [2, 6, 6, 6], [2, 6, 2, 2], [5, 5, 5, 5], [2, 2, 6, 2], [6, 6, 6, 2], [2, 6, 6, 6], [2, 6, 2, 2]]}, {"input": [[2, 1, 1, 1, 2], [2, 9, 4, 8, 1], [2, 2, 8, 4, 1], [4, 4, 2, 9, 1], [9, 4, 2, 2, 2], [5, 5, 5, 5, 5], [0, 0, 0, 0, 0], [0, 0, 0, 0, 0], [0, 0, 0, 0, 0], [0, 0, 0, 0, 0], [0, 0, 0, 0, 0]], "output": [[2, 1, 1, 1, 2], [2, 9, 4, 8, 1], [2, 2, 8, 4, 1], [4, 4, 2, 9, 1], [9, 4, 2, 2, 2], [5, 5, 5, 5, 5], [2, 1, 1, 1, 2], [1, 8, 4, 9, 2], [1, 4, 8, 2, 2], [1, 9, 2, 4, 4], [2, 2, 2, 4, 9]]}, {"input": [[9, 8, 8, 3, 9], [3, 8, 3, 8, 8], [8, 3, 3, 3, 8], [8, 8, 3, 8, 3], [9, 3, 8, 8, 9], [5, 5, 5, 5, 5], [0, 0, 0, 0, 0], [0, 0, 0, 0, 0], [0, 0, 0, 0, 0], [0, 0, 0, 0, 0], [0, 0, 0, 0, 0], [5, 5, 5, 5, 5], [0, 0, 0, 0, 0], [0, 0, 0, 0, 0], [0, 0, 0, 0, 0], [0, 0, 0, 0, 0], [0, 0, 0, 0, 0]], "output": [[9, 8, 8, 3, 9], [3, 8, 3, 8, 8], [8, 3, 3, 3, 8], [8, 8, 3, 8, 3], [9, 3, 8, 8, 9], [5, 5, 5, 5, 5], [9, 8, 8, 3, 9], [3, 8, 3, 8, 8], [8, 3, 3, 3, 8], [8, 8, 3, 8, 3], [9, 3, 8, 8, 9], [5, 5, 5, 5, 5], [9, 8, 8, 3, 9], [3, 8, 3, 8, 8], [8, 3, 3, 3, 8], [8, 8, 3, 8, 3], [9, 3, 8, 8, 9]]}, {"input": [[8, 8, 8, 1, 9], [8, 8, 1, 1, 1], [8, 7, 8, 2, 2], [4, 4, 1, 2, 2], [4, 9, 8, 2, 2], [5, 5, 5, 5, 5], [0, 0, 0, 0, 0], [0, 0, 0, 0, 0], [0, 0, 0, 0, 0], [0, 0, 0, 0, 0], [0, 0, 0, 0, 0], [5, 5, 5, 5, 5], [0, 0, 0, 0, 0], [0, 0, 0, 0, 0], [0, 0, 0, 0, 0], [0, 0, 0, 0, 0], [0, 0, 0, 0, 0], [5, 5, 5, 5, 5], [0, 0, 0, 0, 0], [0, 0, 0, 0, 0], [0, 0, 0, 0, 0], [0, 0, 0, 0, 0], [0, 0, 0, 0, 0], [5, 5, 5, 5, 5], [0, 0, 0, 0, 0], [0, 0, 0, 0, 0], [0, 0, 0, 0, 0], [0, 0, 0, 0, 0], [0, 0, 0, 0, 0]], "output": [[8, 8, 8, 1, 9], [8, 8, 1, 1, 1], [8, 7, 8, 2, 2], [4, 4, 1, 2, 2], [4, 9, 8, 2, 2], [5, 5, 5, 5, 5], [9, 1, 2, 2, 2], [1, 1, 2, 2, 2], [8, 1, 8, 1, 8], [8, 8, 7, 4, 9], [8, 8, 8, 4, 4], [5, 5, 5, 5, 5], [2, 2, 8, 9, 4], [2, 2, 1, 4, 4], [2, 2, 8, 7, 8], [1, 1, 1, 8, 8], [9, 1, 8, 8, 8], [5, 5, 5, 5, 5], [4, 4, 8, 8, 8], [9, 4, 7, 8, 8], [8, 1, 8, 1, 8], [2, 2, 2, 1, 1], [2, 2, 2, 1, 9], [5, 5, 5, 5, 5], [8, 8, 8, 1, 9], [8, 8, 1, 1, 1], [8, 7, 8, 2, 2], [4, 4, 1, 2, 2], [4, 9, 8, 2, 2]]}, {"input": [[9, 7, 7, 7, 9], [7, 9, 8, 9, 7], [7, 8, 8, 8, 7], [7, 9, 8, 9, 7], [9, 7, 7, 7, 9], [5, 5, 5, 5, 5], [0, 0, 0, 0, 0], [0, 0, 0, 0, 0], [0, 0, 0, 0, 0], [0, 0, 0, 0, 0], [0, 0, 0, 0, 0], [5, 5, 5, 5, 5], [0, 0, 0, 0, 0], [0, 0, 0, 0, 0], [0, 0, 0, 0, 0], [0, 0, 0, 0, 0], [0, 0, 0, 0, 0]], "output": [[9, 7, 7, 7, 9], [7, 9, 8, 9, 7], [7, 8, 8, 8, 7], [7, 9, 8, 9, 7], [9, 7, 7, 7, 9], [5, 5, 5, 5, 5], [9, 7, 7, 7, 9], [7, 9, 8, 9, 7], [7, 8, 8, 8, 7], [7, 9, 8, 9, 7], [9, 7, 7, 7, 9], [5, 5, 5, 5, 5], [9, 7, 7, 7, 9], [7, 9, 8, 9, 7], [7, 8, 8, 8, 7], [7, 9, 8, 9, 7], [9, 7, 7, 7, 9]]}, {"input": [[8, 4, 9, 8], [9, 4, 4, 4], [4, 4, 4, 9], [8, 9, 4, 8], [5, 5, 5, 5], [0, 0, 0, 0], [0, 0, 0, 0], [0, 0, 0, 0], [0, 0, 0, 0], [5, 5, 5, 5], [0, 0, 0, 0], [0, 0, 0, 0], [0, 0, 0, 0], [0, 0, 0, 0]], "output": [[8, 4, 9, 8], [9, 4, 4, 4], [4, 4, 4, 9], [8, 9, 4, 8], [5, 5, 5, 5], [8, 4, 9, 8], [9, 4, 4, 4], [4, 4, 4, 9], [8, 9, 4, 8], [5, 5, 5, 5], [8, 4, 9, 8], [9, 4, 4, 4], [4, 4, 4, 9], [8, 9, 4, 8]]}, {"input": [[8, 8, 9], [8, 2, 9], [8, 8, 9], [5, 5, 5], [0, 0, 0], [0, 0, 0], [0, 0, 0], [5, 5, 5], [0, 0, 0], [0, 0, 0], [0, 0, 0]], "output": [[8, 8, 9], [8, 2, 9], [8, 8, 9], [5, 5, 5], [9, 9, 9], [8, 2, 8], [8, 8, 8], [5, 5, 5], [9, 8, 8], [9, 2, 8], [9, 8, 8]]}]
