[{"input": [[5, 5, 5, 5], [5, 5, 5, 5], [5, 5, 5, 5], [5, 5, 5, 5], [0, 0, 0, 0], [5, 0, 0, 5], [5, 5, 5, 5], [5, 5, 5, 5], [5, 0, 0, 5], [0, 0, 0, 0], [5, 5, 5, 5], [5, 5, 0, 0], [5, 5, 0, 0], [5, 5, 5, 5]], "output": [[2, 3, 4], [2, 3, 4], [2, 3, 4]]}, {"input": [[5, 0, 0, 5], [5, 5, 5, 5], [5, 5, 5, 5], [5, 0, 0, 5], [0, 0, 0, 0], [5, 5, 5, 5], [5, 5, 5, 5], [5, 5, 5, 5], [5, 5, 5, 5], [0, 0, 0, 0], [5, 5, 5, 5], [5, 0, 0, 5], [5, 0, 0, 5], [5, 5, 5, 5]], "output": [[3, 2, 8], [3, 2, 8], [3, 2, 8]]}, {"input": [[5, 5, 5, 5], [5, 0, 0, 5], [5, 0, 0, 5], [5, 5, 5, 5], [0, 0, 0, 0], [5, 5, 5, 5], [5, 5, 5, 5], [5, 5, 5, 5], [5, 5, 5, 5], [0, 0, 0, 0], [5, 0, 0, 5], [5, 5, 5, 5], [5, 5, 5, 5], [5, 0, 0, 5]], "output": [[8, 2, 3], [8, 2, 3], [8, 2, 3]]}, {"input": [[5, 5, 5, 5], [5, 5, 0, 0], [5, 5, 0, 0], [5, 5, 5, 5], [0, 0, 0, 0], [5, 5, 5, 5], [5, 0, 0, 5], [5, 0, 0, 5], [5, 5, 5, 5], [0, 0, 0, 0], [5, 0, 0, 5], [5, 5, 5, 5], [5, 5, 5, 5], [5, 0, 0, 5]], "output": [[4, 8, 3], [4, 8, 3], [4, 8, 3]]}, {"input": [[5, 5, 5, 5], [5, 5, 5, 5], [5, 5, 5, 5], [5, 5, 5, 5], [0, 0, 0, 0], [5, 5, 5, 5], [5, 0, 0, 5], [5, 0, 0, 5], [5, 5, 5, 5], [0, 0, 0, 0], [5, 5, 5, 5], [5, 5, 0, 0], [5, 5, 0, 0], [5, 5, 5, 5]], "output": [[2, 8, 4], [2, 8, 4], [2, 8, 4]]}, {"input": [[5, 0, 0, 5], [5, 5, 5, 5], [5, 5, 5, 5], [5, 0, 0, 5], [0, 0, 0, 0], [5, 5, 5, 5], [5, 5, 5, 5], [5, 5, 5, 5], [5, 5, 5, 5], [0, 0, 0, 0], [5, 5, 5, 5], [5, 5, 0, 0], [5, 5, 0, 0], [5, 5, 5, 5]], "output": [[3, 2, 4], [3, 2, 4], [3, 2, 4]]}, {"input": [[5, 0, 0, 5], [5, 5, 5, 5], [5, 5, 5, 5], [5, 0, 0, 5], [0, 0, 0, 0], [5, 5, 5, 5], [5, 5, 0, 0], [5, 5, 0, 0], [5, 5, 5, 5], [0, 0, 0, 0], [5, 5, 5, 5], [5, 0, 0, 5], [5, 0, 0, 5], [5, 5, 5, 5]], "output": [[3, 4, 8], [3, 4, 8], [3, 4, 8]]}, {"input": [[5, 5, 5, 5], [5, 5, 5, 5], [5, 5, 5, 5], [5, 5, 5, 5], [0, 0, 0, 0], [5, 5, 5, 5], [5, 5, 0, 0], [5, 5, 0, 0], [5, 5, 5, 5], [0, 0, 0, 0], [5, 5, 5, 5], [5, 0, 0, 5], [5, 0, 0, 5], [5, 5, 5, 5]], "output": [[2, 4, 8], [2, 4, 8], [2, 4, 8]]}, {"input": [[5, 5, 5, 5], [5, 5, 5, 5], [5, 5, 5, 5], [5, 5, 5, 5], [0, 0, 0, 0], [5, 5, 5, 5], [5, 5, 0, 0], [5, 5, 0, 0], [5, 5, 5, 5], [0, 0, 0, 0], [5, 0, 0, 5], [5, 5, 5, 5], [5, 5, 5, 5], [5, 0, 0, 5]], "output": [[2, 4, 3], [2, 4, 3], [2, 4, 3]]}, {"input": [[5, 5, 5, 5], [5, 0, 0, 5], [5, 0, 0, 5], [5, 5, 5, 5], [0, 0, 0, 0], [5, 0, 0, 5], [5, 5, 5, 5], [5, 5, 5, 5], [5, 0, 0, 5], [0, 0, 0, 0], [5, 5, 5, 5], [5, 5, 0, 0], [5, 5, 0, 0], [5, 5, 5, 5]], "output": [[8, 3, 4], [8, 3, 4], [8, 3, 4]]}, {"input": [[5, 5, 5, 5], [5, 5, 0, 0], [5, 5, 0, 0], [5, 5, 5, 5], [0, 0, 0, 0], [5, 5, 5, 5], [5, 5, 5, 5], [5, 5, 5, 5], [5, 5, 5, 5], [0, 0, 0, 0], [5, 0, 0, 5], [5, 5, 5, 5], [5, 5, 5, 5], [5, 0, 0, 5]], "output": [[4, 2, 3], [4, 2, 3], [4, 2, 3]]}, {"input": [[5, 5, 5, 5], [5, 5, 0, 0], [5, 5, 0, 0], [5, 5, 5, 5], [0, 0, 0, 0], [5, 5, 5, 5], [5, 0, 0, 5], [5, 0, 0, 5], [5, 5, 5, 5], [0, 0, 0, 0], [5, 5, 5, 5], [5, 5, 5, 5], [5, 5, 5, 5], [5, 5, 5, 5]], "output": [[4, 8, 2], [4, 8, 2], [4, 8, 2]]}, {"input": [[5, 0, 0, 5], [5, 5, 5, 5], [5, 5, 5, 5], [5, 0, 0, 5], [0, 0, 0, 0], [5, 5, 5, 5], [5, 5, 0, 0], [5, 5, 0, 0], [5, 5, 5, 5], [0, 0, 0, 0], [5, 5, 5, 5], [5, 5, 5, 5], [5, 5, 5, 5], [5, 5, 5, 5]], "output": [[3, 4, 2], [3, 4, 2], [3, 4, 2]]}, {"input": [[5, 5, 5, 5], [5, 5, 5, 5], [5, 5, 5, 5], [5, 5, 5, 5], [0, 0, 0, 0], [5, 5, 5, 5], [5, 0, 0, 5], [5, 0, 0, 5], [5, 5, 5, 5], [0, 0, 0, 0], [5, 0, 0, 5], [5, 5, 5, 5], [5, 5, 5, 5], [5, 0, 0, 5]], "output": [[2, 8, 3], [2, 8, 3], [2, 8, 3]]}, {"input": [[5, 5, 5, 5], [5, 5, 0, 0], [5, 5, 0, 0], [5, 5, 5, 5], [0, 0, 0, 0], [5, 0, 0, 5], [5, 5, 5, 5], [5, 5, 5, 5], [5, 0, 0, 5], [0, 0, 0, 0], [5, 5, 5, 5], [5, 5, 5, 5], [5, 5, 5, 5], [5, 5, 5, 5]], "output": [[4, 3, 2], [4, 3, 2], [4, 3, 2]]}, {"input": [[5, 5, 5, 5], [5, 0, 0, 5], [5, 0, 0, 5], [5, 5, 5, 5], [0, 0, 0, 0], [5, 0, 0, 5], [5, 5, 5, 5], [5, 5, 5, 5], [5, 0, 0, 5], [0, 0, 0, 0], [5, 5, 5, 5], [5, 5, 5, 5], [5, 5, 5, 5], [5, 5, 5, 5]], "output": [[8, 3, 2], [8, 3, 2], [8, 3, 2]]}, {"input": [[5, 5, 5, 5], [5, 5, 0, 0], [5, 5, 0, 0], [5, 5, 5, 5], [0, 0, 0, 0], [5, 5, 5, 5], [5, 5, 5, 5], [5, 5, 5, 5], [5, 5, 5, 5], [0, 0, 0, 0], [5, 5, 5, 5], [5, 0, 0, 5], [5, 0, 0, 5], [5, 5, 5, 5]], "output": [[4, 2, 8], [4, 2, 8], [4, 2, 8]]}, {"input": [[5, 5, 5, 5], [5, 0, 0, 5], [5, 0, 0, 5], [5, 5, 5, 5], [0, 0, 0, 0], [5, 5, 5, 5], [5, 5, 0, 0], [5, 5, 0, 0], [5, 5, 5, 5], [0, 0, 0, 0], [5, 5, 5, 5], [5, 5, 5, 5], [5, 5, 5, 5], [5, 5, 5, 5]], "output": [[8, 4, 2], [8, 4, 2], [8, 4, 2]]}, {"input": [[5, 5, 5, 5], [5, 0, 0, 5], [5, 0, 0, 5], [5, 5, 5, 5], [0, 0, 0, 0], [5, 5, 5, 5], [5, 5, 0, 0], [5, 5, 0, 0], [5, 5, 5, 5], [0, 0, 0, 0], [5, 0, 0, 5], [5, 5, 5, 5], [5, 5, 5, 5], [5, 0, 0, 5]], "output": [[8, 4, 3], [8, 4, 3], [8, 4, 3]]}, {"input": [[5, 5, 5, 5], [5, 0, 0, 5], [5, 0, 0, 5], [5, 5, 5, 5], [0, 0, 0, 0], [5, 5, 5, 5], [5, 5, 5, 5], [5, 5, 5, 5], [5, 5, 5, 5], [0, 0, 0, 0], [5, 5, 5, 5], [5, 5, 0, 0], [5, 5, 0, 0], [5, 5, 5, 5]], "output": [[8, 2, 4], [8, 2, 4], [8, 2, 4]]}, {"input": [[5, 5, 5, 5], [5, 5, 0, 0], [5, 5, 0, 0], [5, 5, 5, 5], [0, 0, 0, 0], [5, 0, 0, 5], [5, 5, 5, 5], [5, 5, 5, 5], [5, 0, 0, 5], [0, 0, 0, 0], [5, 5, 5, 5], [5, 0, 0, 5], [5, 0, 0, 5], [5, 5, 5, 5]], "output": [[4, 3, 8], [4, 3, 8], [4, 3, 8]]}, {"input": [[5, 0, 0, 5], [5, 5, 5, 5], [5, 5, 5, 5], [5, 0, 0, 5], [0, 0, 0, 0], [5, 5, 5, 5], [5, 0, 0, 5], [5, 0, 0, 5], [5, 5, 5, 5], [0, 0, 0, 0], [5, 5, 5, 5], [5, 5, 5, 5], [5, 5, 5, 5], [5, 5, 5, 5]], "output": [[3, 8, 2], [3, 8, 2], [3, 8, 2]]}]
