[{"input": [[0, 0, 0, 0, 9, 5, 5, 5, 5, 9, 8, 8, 8, 8, 9, 5, 5, 5, 5, 9, 5, 5, 5, 5], [0, 0, 0, 0, 9, 5, 5, 5, 5, 9, 8, 8, 8, 8, 9, 5, 5, 5, 5, 9, 5, 5, 5, 5], [0, 0, 0, 0, 9, 5, 5, 5, 5, 9, 8, 8, 8, 8, 9, 5, 5, 5, 5, 9, 5, 5, 5, 5], [0, 0, 0, 0, 9, 5, 5, 5, 5, 9, 8, 8, 8, 8, 9, 5, 5, 5, 5, 9, 5, 5, 5, 5], [9, 9, 9, 9, 9, 9, 9, 9, 9, 9, 9, 9, 9, 9, 9, 9, 9, 9, 9, 9, 9, 9, 9, 9], [5, 5, 5, 5, 9, 0, 0, 0, 0, 9, 0, 0, 0, 0, 9, 5, 5, 5, 5, 9, 0, 0, 0, 0], [5, 5, 5, 5, 9, 0, 0, 0, 0, 9, 0, 0, 0, 0, 9, 5, 5, 5, 5, 9, 0, 0, 0, 0], [5, 5, 5, 5, 9, 0, 0, 0, 0, 9, 0, 0, 0, 0, 9, 5, 5, 5, 5, 9, 0, 0, 0, 0], [5, 5, 5, 5, 9, 0, 0, 0, 0, 9, 0, 0, 0, 0, 9, 5, 5, 5, 5, 9, 0, 0, 0, 0], [9, 9, 9, 9, 9, 9, 9, 9, 9, 9, 9, 9, 9, 9, 9, 9, 9, 9, 9, 9, 9, 9, 9, 9], [0, 0, 0, 0, 9, 5, 5, 5, 5, 9, 5, 5, 5, 5, 9, 0, 0, 0, 0, 9, 0, 0, 0, 0], [0, 0, 0, 0, 9, 5, 5, 5, 5, 9, 5, 5, 5, 5, 9, 0, 0, 0, 0, 9, 0, 0, 0, 0], [0, 0, 0, 0, 9, 5, 5, 5, 5, 9, 5, 5, 5, 5, 9, 0, 0, 0, 0, 9, 0, 0, 0, 0], [0, 0, 0, 0, 9, 5, 5, 5, 5, 9, 5, 5, 5, 5, 9, 0, 0, 0, 0, 9, 0, 0, 0, 0], [9, 9, 9, 9, 9, 9, 9, 9, 9, 9, 9, 9, 9, 9, 9, 9, 9, 9, 9, 9, 9, 9, 9, 9], [0, 0, 0, 0, 9, 8, 8, 8, 8, 9, 0, 0, 0, 0, 9, 8, 8, 8, 8, 9, 8, 8, 8, 8], [0, 0, 0, 0, 9, 8, 8, 8, 8, 9, 0, 0, 0, 0, 9, 8, 8, 8, 8, 9, 8, 8, 8, 8], [0, 0, 0, 0, 9, 8, 8, 8, 8, 9, 0, 0, 0, 0, 9, 8, 8, 8, 8, 9, 8, 8, 8, 8], [0, 0, 0, 0, 9, 8, 8, 8, 8, 9, 0, 0, 0, 0, 9, 8, 8, 8, 8, 9, 8, 8, 8, 8]], "output": [[0, 8, 0, 8, 8], [0, 5, 5, 0, 0], [5, 0, 0, 5, 0], [0, 5, 8, 5, 5]]}, {"input": [[5, 5, 5, 7, 6, 6, 6, 7, 0, 0, 0, 7, 5, 5, 5], [5, 5, 5, 7, 6, 6, 6, 7, 0, 0, 0, 7, 5, 5, 5], [5, 5, 5, 7, 6, 6, 6, 7, 0, 0, 0, 7, 5, 5, 5], [7, 7, 7, 7, 7, 7, 7, 7, 7, 7, 7, 7, 7, 7, 7], [0, 0, 0, 7, 0, 0, 0, 7, 8, 8, 8, 7, 8, 8, 8], [0, 0, 0, 7, 0, 0, 0, 7, 8, 8, 8, 7, 8, 8, 8], [0, 0, 0, 7, 0, 0, 0, 7, 8, 8, 8, 7, 8, 8, 8], [7, 7, 7, 7, 7, 7, 7, 7, 7, 7, 7, 7, 7, 7, 7], [6, 6, 6, 7, 8, 8, 8, 7, 8, 8, 8, 7, 0, 0, 0], [6, 6, 6, 7, 8, 8, 8, 7, 8, 8, 8, 7, 0, 0, 0], [6, 6, 6, 7, 8, 8, 8, 7, 8, 8, 8, 7, 0, 0, 0], [7, 7, 7, 7, 7, 7, 7, 7, 7, 7, 7, 7, 7, 7, 7], [8, 8, 8, 7, 8, 8, 8, 7, 0, 0, 0, 7, 6, 6, 6], [8, 8, 8, 7, 8, 8, 8, 7, 0, 0, 0, 7, 6, 6, 6], [8, 8, 8, 7, 8, 8, 8, 7, 0, 0, 0, 7, 6, 6, 6], [7, 7, 7, 7, 7, 7, 7, 7, 7, 7, 7, 7, 7, 7, 7], [5, 5, 5, 7, 0, 0, 0, 7, 6, 6, 6, 7, 6, 6, 6], [5, 5, 5, 7, 0, 0, 0, 7, 6, 6, 6, 7, 6, 6, 6], [5, 5, 5, 7, 0, 0, 0, 7, 6, 6, 6, 7, 6, 6, 6]], "output": [[5, 0, 6, 6], [8, 8, 0, 6], [6, 8, 8, 0], [0, 0, 8, 8], [5, 6, 0, 5]]}, {"input": [[1, 1, 6, 1, 1, 6, 1, 1, 6, 0, 0, 6, 0, 0], [1, 1, 6, 1, 1, 6, 1, 1, 6, 0, 0, 6, 0, 0], [6, 6, 6, 6, 6, 6, 6, 6, 6, 6, 6, 6, 6, 6], [0, 0, 6, 1, 1, 6, 1, 1, 6, 0, 0, 6, 0, 0], [0, 0, 6, 1, 1, 6, 1, 1, 6, 0, 0, 6, 0, 0], [6, 6, 6, 6, 6, 6, 6, 6, 6, 6, 6, 6, 6, 6], [0, 0, 6, 1, 1, 6, 0, 0, 6, 0, 0, 6, 0, 0], [0, 0, 6, 1, 1, 6, 0, 0, 6, 0, 0, 6, 0, 0], [6, 6, 6, 6, 6, 6, 6, 6, 6, 6, 6, 6, 6, 6], [1, 1, 6, 1, 1, 6, 1, 1, 6, 1, 1, 6, 1, 1], [1, 1, 6, 1, 1, 6, 1, 1, 6, 1, 1, 6, 1, 1], [6, 6, 6, 6, 6, 6, 6, 6, 6, 6, 6, 6, 6, 6], [0, 0, 6, 1, 1, 6, 1, 1, 6, 0, 0, 6, 0, 0], [0, 0, 6, 1, 1, 6, 1, 1, 6, 0, 0, 6, 0, 0]], "output": [[0, 1, 1, 0, 0], [1, 1, 1, 1, 1], [0, 1, 0, 0, 0], [0, 1, 1, 0, 0], [1, 1, 1, 0, 0]]}, {"input": [[0, 0, 0, 0, 4, 9, 9, 9, 9, 4, 1, 1, 1, 1], [0, 0, 0, 0, 4, 9, 9, 9, 9, 4, 1, 1, 1, 1], [0, 0, 0, 0, 4, 9, 9, 9, 9, 4, 1, 1, 1, 1], [0, 0, 0, 0, 4, 9, 9, 9, 9, 4, 1, 1, 1, 1], [4, 4, 4, 4, 4, 4, 4, 4, 4, 4, 4, 4, 4, 4], [1, 1, 1, 1, 4, 0, 0, 0, 0, 4, 1, 1, 1, 1], [1, 1, 1, 1, 4, 0, 0, 0, 0, 4, 1, 1, 1, 1], [1, 1, 1, 1, 4, 0, 0, 0, 0, 4, 1, 1, 1, 1], [1, 1, 1, 1, 4, 0, 0, 0, 0, 4, 1, 1, 1, 1], [4, 4, 4, 4, 4, 4, 4, 4, 4, 4, 4, 4, 4, 4], [1, 1, 1, 1, 4, 1, 1, 1, 1, 4, 0, 0, 0, 0], [1, 1, 1, 1, 4, 1, 1, 1, 1, 4, 0, 0, 0, 0], [1, 1, 1, 1, 4, 1, 1, 1, 1, 4, 0, 0, 0, 0], [1, 1, 1, 1, 4, 1, 1, 1, 1, 4, 0, 0, 0, 0]], "output": [[1, 1, 0], [1, 0, 1], [0, 9, 1]]}, {"input": [[0, 0, 0, 0, 9, 0, 0, 0, 0, 9, 0, 0, 0, 0], [0, 0, 0, 0, 9, 0, 0, 0, 0, 9, 0, 0, 0, 0], [0, 0, 0, 0, 9, 0, 0, 0, 0, 9, 0, 0, 0, 0], [0, 0, 0, 0, 9, 0, 0, 0, 0, 9, 0, 0, 0, 0], [9, 9, 9, 9, 9, 9, 9, 9, 9, 9, 9, 9, 9, 9], [6, 6, 6, 6, 9, 0, 0, 0, 0, 9, 6, 6, 6, 6], [6, 6, 6, 6, 9, 0, 0, 0, 0, 9, 6, 6, 6, 6], [6, 6, 6, 6, 9, 0, 0, 0, 0, 9, 6, 6, 6, 6], [6, 6, 6, 6, 9, 0, 0, 0, 0, 9, 6, 6, 6, 6], [9, 9, 9, 9, 9, 9, 9, 9, 9, 9, 9, 9, 9, 9], [0, 0, 0, 0, 9, 6, 6, 6, 6, 9, 0, 0, 0, 0], [0, 0, 0, 0, 9, 6, 6, 6, 6, 9, 0, 0, 0, 0], [0, 0, 0, 0, 9, 6, 6, 6, 6, 9, 0, 0, 0, 0], [0, 0, 0, 0, 9, 6, 6, 6, 6, 9, 0, 0, 0, 0], [9, 9, 9, 9, 9, 9, 9, 9, 9, 9, 9, 9, 9, 9], [0, 0, 0, 0, 9, 0, 0, 0, 0, 9, 6, 6, 6, 6], [0, 0, 0, 0, 9, 0, 0, 0, 0, 9, 6, 6, 6, 6], [0, 0, 0, 0, 9, 0, 0, 0, 0, 9, 6, 6, 6, 6], [0, 0, 0, 0, 9, 0, 0, 0, 0, 9, 6, 6, 6, 6], [9, 9, 9, 9, 9, 9, 9, 9, 9, 9, 9, 9, 9, 9], [6, 6, 6, 6, 9, 0, 0, 0, 0, 9, 6, 6, 6, 6], [6, 6, 6, 6, 9, 0, 0, 0, 0, 9, 6, 6, 6, 6], [6, 6, 6, 6, 9, 0, 0, 0, 0, 9, 6, 6, 6, 6], [6, 6, 6, 6, 9, 0, 0, 0, 0, 9, 6, 6, 6, 6]], "output": [[6, 0, 6], [0, 0, 6], [0, 6, 0], [6, 0, 6], [0, 0, 0]]}, {"input": [[8, 8, 8, 8, 5, 0, 0, 0, 0, 5, 0, 0, 0, 0, 5, 0, 0, 0, 0], [8, 8, 8, 8, 5, 0, 0, 0, 0, 5, 0, 0, 0, 0, 5, 0, 0, 0, 0], [8, 8, 8, 8, 5, 0, 0, 0, 0, 5, 0, 0, 0, 0, 5, 0, 0, 0, 0], [8, 8, 8, 8, 5, 0, 0, 0, 0, 5, 0, 0, 0, 0, 5, 0, 0, 0, 0], [5, 5, 5, 5, 5, 5, 5, 5, 5, 5, 5, 5, 5, 5, 5, 5, 5, 5, 5], [8, 8, 8, 8, 5, 8, 8, 8, 8, 5, 0, 0, 0, 0, 5, 0, 0, 0, 0], [8, 8, 8, 8, 5, 8, 8, 8, 8, 5, 0, 0, 0, 0, 5, 0, 0, 0, 0], [8, 8, 8, 8, 5, 8, 8, 8, 8, 5, 0, 0, 0, 0, 5, 0, 0, 0, 0], [8, 8, 8, 8, 5, 8, 8, 8, 8, 5, 0, 0, 0, 0, 5, 0, 0, 0, 0], [5, 5, 5, 5, 5, 5, 5, 5, 5, 5, 5, 5, 5, 5, 5, 5, 5, 5, 5], [9, 9, 9, 9, 5, 9, 9, 9, 9, 5, 0, 0, 0, 0, 5, 0, 0, 0, 0], [9, 9, 9, 9, 5, 9, 9, 9, 9, 5, 0, 0, 0, 0, 5, 0, 0, 0, 0], [9, 9, 9, 9, 5, 9, 9, 9, 9, 5, 0, 0, 0, 0, 5, 0, 0, 0, 0], [9, 9, 9, 9, 5, 9, 9, 9, 9, 5, 0, 0, 0, 0, 5, 0, 0, 0, 0], [5, 5, 5, 5, 5, 5, 5, 5, 5, 5, 5, 5, 5, 5, 5, 5, 5, 5, 5], [0, 0, 0, 0, 5, 0, 0, 0, 0, 5, 0, 0, 0, 0, 5, 9, 9, 9, 9], [0, 0, 0, 0, 5, 0, 0, 0, 0, 5, 0, 0, 0, 0, 5, 9, 9, 9, 9], [0, 0, 0, 0, 5, 0, 0, 0, 0, 5, 0, 0, 0, 0, 5, 9, 9, 9, 9], [0, 0, 0, 0, 5, 0, 0, 0, 0, 5, 0, 0, 0, 0, 5, 9, 9, 9, 9], [5, 5, 5, 5, 5, 5, 5, 5, 5, 5, 5, 5, 5, 5, 5, 5, 5, 5, 5], [9, 9, 9, 9, 5, 8, 8, 8, 8, 5, 8, 8, 8, 8, 5, 0, 0, 0, 0], [9, 9, 9, 9, 5, 8, 8, 8, 8, 5, 8, 8, 8, 8, 5, 0, 0, 0, 0], [9, 9, 9, 9, 5, 8, 8, 8, 8, 5, 8, 8, 8, 8, 5, 0, 0, 0, 0], [9, 9, 9, 9, 5, 8, 8, 8, 8, 5, 8, 8, 8, 8, 5, 0, 0, 0, 0]], "output": [[9, 8, 8, 0], [0, 0, 0, 9], [9, 9, 0, 0], [8, 8, 0, 0], [8, 0, 0, 0]]}, {"input": [[0, 0, 0, 0, 4, 5, 5, 5, 5, 4, 0, 0, 0, 0, 4, 0, 0, 0, 0, 4, 0, 0, 0, 0], [0, 0, 0, 0, 4, 5, 5, 5, 5, 4, 0, 0, 0, 0, 4, 0, 0, 0, 0, 4, 0, 0, 0, 0], [0, 0, 0, 0, 4, 5, 5, 5, 5, 4, 0, 0, 0, 0, 4, 0, 0, 0, 0, 4, 0, 0, 0, 0], [0, 0, 0, 0, 4, 5, 5, 5, 5, 4, 0, 0, 0, 0, 4, 0, 0, 0, 0, 4, 0, 0, 0, 0], [4, 4, 4, 4, 4, 4, 4, 4, 4, 4, 4, 4, 4, 4, 4, 4, 4, 4, 4, 4, 4, 4, 4, 4], [0, 0, 0, 0, 4, 5, 5, 5, 5, 4, 5, 5, 5, 5, 4, 5, 5, 5, 5, 4, 0, 0, 0, 0], [0, 0, 0, 0, 4, 5, 5, 5, 5, 4, 5, 5, 5, 5, 4, 5, 5, 5, 5, 4, 0, 0, 0, 0], [0, 0, 0, 0, 4, 5, 5, 5, 5, 4, 5, 5, 5, 5, 4, 5, 5, 5, 5, 4, 0, 0, 0, 0], [0, 0, 0, 0, 4, 5, 5, 5, 5, 4, 5, 5, 5, 5, 4, 5, 5, 5, 5, 4, 0, 0, 0, 0], [4, 4, 4, 4, 4, 4, 4, 4, 4, 4, 4, 4, 4, 4, 4, 4, 4, 4, 4, 4, 4, 4, 4, 4], [0, 0, 0, 0, 4, 5, 5, 5, 5, 4, 5, 5, 5, 5, 4, 5, 5, 5, 5, 4, 5, 5, 5, 5], [0, 0, 0, 0, 4, 5, 5, 5, 5, 4, 5, 5, 5, 5, 4, 5, 5, 5, 5, 4, 5, 5, 5, 5], [0, 0, 0, 0, 4, 5, 5, 5, 5, 4, 5, 5, 5, 5, 4, 5, 5, 5, 5, 4, 5, 5, 5, 5], [0, 0, 0, 0, 4, 5, 5, 5, 5, 4, 5, 5, 5, 5, 4, 5, 5, 5, 5, 4, 5, 5, 5, 5], [4, 4, 4, 4, 4, 4, 4, 4, 4, 4, 4, 4, 4, 4, 4, 4, 4, 4, 4, 4, 4, 4, 4, 4], [5, 5, 5, 5, 4, 5, 5, 5, 5, 4, 0, 0, 0, 0, 4, 0, 0, 0, 0, 4, 0, 0, 0, 0], [5, 5, 5, 5, 4, 5, 5, 5, 5, 4, 0, 0, 0, 0, 4, 0, 0, 0, 0, 4, 0, 0, 0, 0], [5, 5, 5, 5, 4, 5, 5, 5, 5, 4, 0, 0, 0, 0, 4, 0, 0, 0, 0, 4, 0, 0, 0, 0], [5, 5, 5, 5, 4, 5, 5, 5, 5, 4, 0, 0, 0, 0, 4, 0, 0, 0, 0, 4, 0, 0, 0, 0]], "output": [[5, 5, 0, 0, 0], [0, 5, 5, 5, 5], [0, 5, 5, 5, 0], [0, 5, 0, 0, 0]]}, {"input": [[3, 3, 3, 9, 1, 1, 1, 9, 0, 0, 0], [3, 3, 3, 9, 1, 1, 1, 9, 0, 0, 0], [3, 3, 3, 9, 1, 1, 1, 9, 0, 0, 0], [9, 9, 9, 9, 9, 9, 9, 9, 9, 9, 9], [1, 1, 1, 9, 0, 0, 0, 9, 1, 1, 1], [1, 1, 1, 9, 0, 0, 0, 9, 1, 1, 1], [1, 1, 1, 9, 0, 0, 0, 9, 1, 1, 1], [9, 9, 9, 9, 9, 9, 9, 9, 9, 9, 9], [3, 3, 3, 9, 0, 0, 0, 9, 1, 1, 1], [3, 3, 3, 9, 0, 0, 0, 9, 1, 1, 1], [3, 3, 3, 9, 0, 0, 0, 9, 1, 1, 1]], "output": [[3, 0, 1], [1, 0, 1], [3, 1, 0]]}, {"input": [[0, 0, 0, 0, 8, 0, 0, 0, 0, 8, 0, 0, 0, 0, 8, 0, 0, 0, 0, 8, 0, 0, 0, 0], [0, 0, 0, 0, 8, 0, 0, 0, 0, 8, 0, 0, 0, 0, 8, 0, 0, 0, 0, 8, 0, 0, 0, 0], [0, 0, 0, 0, 8, 0, 0, 0, 0, 8, 0, 0, 0, 0, 8, 0, 0, 0, 0, 8, 0, 0, 0, 0], [0, 0, 0, 0, 8, 0, 0, 0, 0, 8, 0, 0, 0, 0, 8, 0, 0, 0, 0, 8, 0, 0, 0, 0], [8, 8, 8, 8, 8, 8, 8, 8, 8, 8, 8, 8, 8, 8, 8, 8, 8, 8, 8, 8, 8, 8, 8, 8], [0, 0, 0, 0, 8, 0, 0, 0, 0, 8, 9, 9, 9, 9, 8, 0, 0, 0, 0, 8, 0, 0, 0, 0], [0, 0, 0, 0, 8, 0, 0, 0, 0, 8, 9, 9, 9, 9, 8, 0, 0, 0, 0, 8, 0, 0, 0, 0], [0, 0, 0, 0, 8, 0, 0, 0, 0, 8, 9, 9, 9, 9, 8, 0, 0, 0, 0, 8, 0, 0, 0, 0], [0, 0, 0, 0, 8, 0, 0, 0, 0, 8, 9, 9, 9, 9, 8, 0, 0, 0, 0, 8, 0, 0, 0, 0], [8, 8, 8, 8, 8, 8, 8, 8, 8, 8, 8, 8, 8, 8, 8, 8, 8, 8, 8, 8, 8, 8, 8, 8], [9, 9, 9, 9, 8, 7, 7, 7, 7, 8, 7, 7, 7, 7, 8, 0, 0, 0, 0, 8, 0, 0, 0, 0], [9, 9, 9, 9, 8, 7, 7, 7, 7, 8, 7, 7, 7, 7, 8, 0, 0, 0, 0, 8, 0, 0, 0, 0], [9, 9, 9, 9, 8, 7, 7, 7, 7, 8, 7, 7, 7, 7, 8, 0, 0, 0, 0, 8, 0, 0, 0, 0], [9, 9, 9, 9, 8, 7, 7, 7, 7, 8, 7, 7, 7, 7, 8, 0, 0, 0, 0, 8, 0, 0, 0, 0], [8, 8, 8, 8, 8, 8, 8, 8, 8, 8, 8, 8, 8, 8, 8, 8, 8, 8, 8, 8, 8, 8, 8, 8], [0, 0, 0, 0, 8, 0, 0, 0, 0, 8, 0, 0, 0, 0, 8, 0, 0, 0, 0, 8, 0, 0, 0, 0], [0, 0, 0, 0, 8, 0, 0, 0, 0, 8, 0, 0, 0, 0, 8, 0, 0, 0, 0, 8, 0, 0, 0, 0], [0, 0, 0, 0, 8, 0, 0, 0, 0, 8, 0, 0, 0, 0, 8, 0, 0, 0, 0, 8, 0, 0, 0, 0], [0, 0, 0, 0, 8, 0, 0, 0, 0, 8, 0, 0, 0, 0, 8, 0, 0, 0, 0, 8, 0, 0, 0, 0]], "output": [[0, 0, 0, 0, 0], [9, 7, 7, 0, 0], [0, 0, 9, 0, 0], [0, 0, 0, 0, 0]]}, {"input": [[1, 1, 9, 0, 0, 9, 0, 0, 9, 4, 4], [1, 1, 9, 0, 0, 9, 0, 0, 9, 4, 4], [9, 9, 9, 9, 9, 9, 9, 9, 9, 9, 9], [4, 4, 9, 0, 0, 9, 4, 4, 9, 0, 0], [4, 4, 9, 0, 0, 9, 4, 4, 9, 0, 0], [9, 9, 9, 9, 9, 9, 9, 9, 9, 9, 9], [1, 1, 9, 0, 0, 9, 0, 0, 9, 0, 0], [1, 1, 9, 0, 0, 9, 0, 0, 9, 0, 0]], "output": [[1, 0, 0, 0], [4, 0, 4, 0], [1, 0, 0, 4]]}, {"input": [[0, 0, 0, 0, 9, 0, 0, 0, 0, 9, 0, 0, 0, 0, 9, 0, 0, 0, 0], [0, 0, 0, 0, 9, 0, 0, 0, 0, 9, 0, 0, 0, 0, 9, 0, 0, 0, 0], [0, 0, 0, 0, 9, 0, 0, 0, 0, 9, 0, 0, 0, 0, 9, 0, 0, 0, 0], [0, 0, 0, 0, 9, 0, 0, 0, 0, 9, 0, 0, 0, 0, 9, 0, 0, 0, 0], [9, 9, 9, 9, 9, 9, 9, 9, 9, 9, 9, 9, 9, 9, 9, 9, 9, 9, 9], [4, 4, 4, 4, 9, 0, 0, 0, 0, 9, 1, 1, 1, 1, 9, 4, 4, 4, 4], [4, 4, 4, 4, 9, 0, 0, 0, 0, 9, 1, 1, 1, 1, 9, 4, 4, 4, 4], [4, 4, 4, 4, 9, 0, 0, 0, 0, 9, 1, 1, 1, 1, 9, 4, 4, 4, 4], [4, 4, 4, 4, 9, 0, 0, 0, 0, 9, 1, 1, 1, 1, 9, 4, 4, 4, 4], [9, 9, 9, 9, 9, 9, 9, 9, 9, 9, 9, 9, 9, 9, 9, 9, 9, 9, 9], [0, 0, 0, 0, 9, 4, 4, 4, 4, 9, 1, 1, 1, 1, 9, 0, 0, 0, 0], [0, 0, 0, 0, 9, 4, 4, 4, 4, 9, 1, 1, 1, 1, 9, 0, 0, 0, 0], [0, 0, 0, 0, 9, 4, 4, 4, 4, 9, 1, 1, 1, 1, 9, 0, 0, 0, 0], [0, 0, 0, 0, 9, 4, 4, 4, 4, 9, 1, 1, 1, 1, 9, 0, 0, 0, 0], [9, 9, 9, 9, 9, 9, 9, 9, 9, 9, 9, 9, 9, 9, 9, 9, 9, 9, 9], [1, 1, 1, 1, 9, 0, 0, 0, 0, 9, 0, 0, 0, 0, 9, 1, 1, 1, 1], [1, 1, 1, 1, 9, 0, 0, 0, 0, 9, 0, 0, 0, 0, 9, 1, 1, 1, 1], [1, 1, 1, 1, 9, 0, 0, 0, 0, 9, 0, 0, 0, 0, 9, 1, 1, 1, 1], [1, 1, 1, 1, 9, 0, 0, 0, 0, 9, 0, 0, 0, 0, 9, 1, 1, 1, 1]], "output": [[1, 0, 0, 1], [0, 4, 1, 0], [4, 0, 1, 4], [0, 0, 0, 0]]}, {"input": [[7, 7, 7, 6, 7, 7, 7, 6, 9, 9, 9, 6, 7, 7, 7], [7, 7, 7, 6, 7, 7, 7, 6, 9, 9, 9, 6, 7, 7, 7], [7, 7, 7, 6, 7, 7, 7, 6, 9, 9, 9, 6, 7, 7, 7], [6, 6, 6, 6, 6, 6, 6, 6, 6, 6, 6, 6, 6, 6, 6], [5, 5, 5, 6, 9, 9, 9, 6, 0, 0, 0, 6, 0, 0, 0], [5, 5, 5, 6, 9, 9, 9, 6, 0, 0, 0, 6, 0, 0, 0], [5, 5, 5, 6, 9, 9, 9, 6, 0, 0, 0, 6, 0, 0, 0], [6, 6, 6, 6, 6, 6, 6, 6, 6, 6, 6, 6, 6, 6, 6], [9, 9, 9, 6, 0, 0, 0, 6, 0, 0, 0, 6, 5, 5, 5], [9, 9, 9, 6, 0, 0, 0, 6, 0, 0, 0, 6, 5, 5, 5], [9, 9, 9, 6, 0, 0, 0, 6, 0, 0, 0, 6, 5, 5, 5], [6, 6, 6, 6, 6, 6, 6, 6, 6, 6, 6, 6, 6, 6, 6], [5, 5, 5, 6, 7, 7, 7, 6, 0, 0, 0, 6, 9, 9, 9], [5, 5, 5, 6, 7, 7, 7, 6, 0, 0, 0, 6, 9, 9, 9], [5, 5, 5, 6, 7, 7, 7, 6, 0, 0, 0, 6, 9, 9, 9]], "output": [[5, 7, 0, 9], [9, 0, 0, 5], [5, 9, 0, 0], [7, 7, 9, 7]]}, {"input": [[3, 3, 3, 6, 0, 0, 0, 6, 3, 3, 3, 6, 3, 3, 3, 6, 2, 2, 2], [3, 3, 3, 6, 0, 0, 0, 6, 3, 3, 3, 6, 3, 3, 3, 6, 2, 2, 2], [3, 3, 3, 6, 0, 0, 0, 6, 3, 3, 3, 6, 3, 3, 3, 6, 2, 2, 2], [6, 6, 6, 6, 6, 6, 6, 6, 6, 6, 6, 6, 6, 6, 6, 6, 6, 6, 6], [0, 0, 0, 6, 3, 3, 3, 6, 9, 9, 9, 6, 3, 3, 3, 6, 3, 3, 3], [0, 0, 0, 6, 3, 3, 3, 6, 9, 9, 9, 6, 3, 3, 3, 6, 3, 3, 3], [0, 0, 0, 6, 3, 3, 3, 6, 9, 9, 9, 6, 3, 3, 3, 6, 3, 3, 3], [6, 6, 6, 6, 6, 6, 6, 6, 6, 6, 6, 6, 6, 6, 6, 6, 6, 6, 6], [9, 9, 9, 6, 0, 0, 0, 6, 0, 0, 0, 6, 3, 3, 3, 6, 3, 3, 3], [9, 9, 9, 6, 0, 0, 0, 6, 0, 0, 0, 6, 3, 3, 3, 6, 3, 3, 3], [9, 9, 9, 6, 0, 0, 0, 6, 0, 0, 0, 6, 3, 3, 3, 6, 3, 3, 3]], "output": [[9, 0, 0, 3, 3], [0, 3, 9, 3, 3], [3, 0, 3, 3, 2]]}, {"input": [[0, 0, 0, 1, 0, 0, 0, 1, 0, 0, 0, 1, 6, 6, 6], [0, 0, 0, 1, 0, 0, 0, 1, 0, 0, 0, 1, 6, 6, 6], [0, 0, 0, 1, 0, 0, 0, 1, 0, 0, 0, 1, 6, 6, 6], [1, 1, 1, 1, 1, 1, 1, 1, 1, 1, 1, 1, 1, 1, 1], [6, 6, 6, 1, 2, 2, 2, 1, 0, 0, 0, 1, 0, 0, 0], [6, 6, 6, 1, 2, 2, 2, 1, 0, 0, 0, 1, 0, 0, 0], [6, 6, 6, 1, 2, 2, 2, 1, 0, 0, 0, 1, 0, 0, 0], [1, 1, 1, 1, 1, 1, 1, 1, 1, 1, 1, 1, 1, 1, 1], [6, 6, 6, 1, 8, 8, 8, 1, 2, 2, 2, 1, 2, 2, 2], [6, 6, 6, 1, 8, 8, 8, 1, 2, 2, 2, 1, 2, 2, 2], [6, 6, 6, 1, 8, 8, 8, 1, 2, 2, 2, 1, 2, 2, 2], [1, 1, 1, 1, 1, 1, 1, 1, 1, 1, 1, 1, 1, 1, 1], [0, 0, 0, 1, 6, 6, 6, 1, 2, 2, 2, 1, 8, 8, 8], [0, 0, 0, 1, 6, 6, 6, 1, 2, 2, 2, 1, 8, 8, 8], [0, 0, 0, 1, 6, 6, 6, 1, 2, 2, 2, 1, 8, 8, 8]], "output": [[0, 6, 2, 8], [6, 8, 2, 2], [6, 2, 0, 0], [0, 0, 0, 6]]}, {"input": [[0, 0, 7, 0, 0, 7, 0, 0, 7, 0, 0], [0, 0, 7, 0, 0, 7, 0, 0, 7, 0, 0], [7, 7, 7, 7, 7, 7, 7, 7, 7, 7, 7], [6, 6, 7, 6, 6, 7, 6, 6, 7, 6, 6], [6, 6, 7, 6, 6, 7, 6, 6, 7, 6, 6], [7, 7, 7, 7, 7, 7, 7, 7, 7, 7, 7], [0, 0, 7, 6, 6, 7, 6, 6, 7, 0, 0], [0, 0, 7, 6, 6, 7, 6, 6, 7, 0, 0]], "output": [[0, 6, 6, 0], [6, 6, 6, 6], [0, 0, 0, 0]]}, {"input": [[3, 3, 3, 3, 9, 0, 0, 0, 0, 9, 3, 3, 3, 3, 9, 3, 3, 3, 3], [3, 3, 3, 3, 9, 0, 0, 0, 0, 9, 3, 3, 3, 3, 9, 3, 3, 3, 3], [3, 3, 3, 3, 9, 0, 0, 0, 0, 9, 3, 3, 3, 3, 9, 3, 3, 3, 3], [3, 3, 3, 3, 9, 0, 0, 0, 0, 9, 3, 3, 3, 3, 9, 3, 3, 3, 3], [9, 9, 9, 9, 9, 9, 9, 9, 9, 9, 9, 9, 9, 9, 9, 9, 9, 9, 9], [0, 0, 0, 0, 9, 3, 3, 3, 3, 9, 3, 3, 3, 3, 9, 3, 3, 3, 3], [0, 0, 0, 0, 9, 3, 3, 3, 3, 9, 3, 3, 3, 3, 9, 3, 3, 3, 3], [0, 0, 0, 0, 9, 3, 3, 3, 3, 9, 3, 3, 3, 3, 9, 3, 3, 3, 3], [0, 0, 0, 0, 9, 3, 3, 3, 3, 9, 3, 3, 3, 3, 9, 3, 3, 3, 3], [9, 9, 9, 9, 9, 9, 9, 9, 9, 9, 9, 9, 9, 9, 9, 9, 9, 9, 9], [0, 0, 0, 0, 9, 0, 0, 0, 0, 9, 0, 0, 0, 0, 9, 0, 0, 0, 0], [0, 0, 0, 0, 9, 0, 0, 0, 0, 9, 0, 0, 0, 0, 9, 0, 0, 0, 0], [0, 0, 0, 0, 9, 0, 0, 0, 0, 9, 0, 0, 0, 0, 9, 0, 0, 0, 0], [0, 0, 0, 0, 9, 0, 0, 0, 0, 9, 0, 0, 0, 0, 9, 0, 0, 0, 0]], "output": [[0, 0, 0, 0], [0, 3, 3, 3], [3, 0, 3, 3]]}, {"input": [[0, 0, 3, 4, 4, 3, 0, 0, 3, 0, 0, 3, 0, 0], [0, 0, 3, 4, 4, 3, 0, 0, 3, 0, 0, 3, 0, 0], [3, 3, 3, 3, 3, 3, 3, 3, 3, 3, 3, 3, 3, 3], [0, 0, 3, 0, 0, 3, 4, 4, 3, 0, 0, 3, 7, 7], [0, 0, 3, 0, 0, 3, 4, 4, 3, 0, 0, 3, 7, 7], [3, 3, 3, 3, 3, 3, 3, 3, 3, 3, 3, 3, 3, 3], [0, 0, 3, 2, 2, 3, 2, 2, 3, 0, 0, 3, 2, 2], [0, 0, 3, 2, 2, 3, 2, 2, 3, 0, 0, 3, 2, 2]], "output": [[0, 2, 2, 0, 2], [0, 0, 4, 0, 7], [0, 4, 0, 0, 0]]}, {"input": [[4, 4, 4, 4, 5, 0, 0, 0, 0, 5, 9, 9, 9, 9], [4, 4, 4, 4, 5, 0, 0, 0, 0, 5, 9, 9, 9, 9], [4, 4, 4, 4, 5, 0, 0, 0, 0, 5, 9, 9, 9, 9], [4, 4, 4, 4, 5, 0, 0, 0, 0, 5, 9, 9, 9, 9], [5, 5, 5, 5, 5, 5, 5, 5, 5, 5, 5, 5, 5, 5], [0, 0, 0, 0, 5, 4, 4, 4, 4, 5, 0, 0, 0, 0], [0, 0, 0, 0, 5, 4, 4, 4, 4, 5, 0, 0, 0, 0], [0, 0, 0, 0, 5, 4, 4, 4, 4, 5, 0, 0, 0, 0], [0, 0, 0, 0, 5, 4, 4, 4, 4, 5, 0, 0, 0, 0], [5, 5, 5, 5, 5, 5, 5, 5, 5, 5, 5, 5, 5, 5], [2, 2, 2, 2, 5, 2, 2, 2, 2, 5, 0, 0, 0, 0], [2, 2, 2, 2, 5, 2, 2, 2, 2, 5, 0, 0, 0, 0], [2, 2, 2, 2, 5, 2, 2, 2, 2, 5, 0, 0, 0, 0], [2, 2, 2, 2, 5, 2, 2, 2, 2, 5, 0, 0, 0, 0], [5, 5, 5, 5, 5, 5, 5, 5, 5, 5, 5, 5, 5, 5], [9, 9, 9, 9, 5, 0, 0, 0, 0, 5, 0, 0, 0, 0], [9, 9, 9, 9, 5, 0, 0, 0, 0, 5, 0, 0, 0, 0], [9, 9, 9, 9, 5, 0, 0, 0, 0, 5, 0, 0, 0, 0], [9, 9, 9, 9, 5, 0, 0, 0, 0, 5, 0, 0, 0, 0]], "output": [[9, 0, 0], [2, 2, 0], [0, 4, 0], [4, 0, 9]]}, {"input": [[0, 0, 0, 2, 0, 0, 0, 2, 0, 0, 0, 2, 0, 0, 0], [0, 0, 0, 2, 0, 0, 0, 2, 0, 0, 0, 2, 0, 0, 0], [0, 0, 0, 2, 0, 0, 0, 2, 0, 0, 0, 2, 0, 0, 0], [2, 2, 2, 2, 2, 2, 2, 2, 2, 2, 2, 2, 2, 2, 2], [8, 8, 8, 2, 0, 0, 0, 2, 3, 3, 3, 2, 0, 0, 0], [8, 8, 8, 2, 0, 0, 0, 2, 3, 3, 3, 2, 0, 0, 0], [8, 8, 8, 2, 0, 0, 0, 2, 3, 3, 3, 2, 0, 0, 0], [2, 2, 2, 2, 2, 2, 2, 2, 2, 2, 2, 2, 2, 2, 2], [0, 0, 0, 2, 8, 8, 8, 2, 3, 3, 3, 2, 0, 0, 0], [0, 0, 0, 2, 8, 8, 8, 2, 3, 3, 3, 2, 0, 0, 0], [0, 0, 0, 2, 8, 8, 8, 2, 3, 3, 3, 2, 0, 0, 0], [2, 2, 2, 2, 2, 2, 2, 2, 2, 2, 2, 2, 2, 2, 2], [0, 0, 0, 2, 8, 8, 8, 2, 0, 0, 0, 2, 0, 0, 0], [0, 0, 0, 2, 8, 8, 8, 2, 0, 0, 0, 2, 0, 0, 0], [0, 0, 0, 2, 8, 8, 8, 2, 0, 0, 0, 2, 0, 0, 0]], "output": [[0, 8, 0, 0], [0, 8, 3, 0], [8, 0, 3, 0], [0, 0, 0, 0]]}, {"input": [[3, 3, 1, 6, 6, 1, 4, 4, 1, 3, 3, 1, 4, 4], [3, 3, 1, 6, 6, 1, 4, 4, 1, 3, 3, 1, 4, 4], [1, 1, 1, 1, 1, 1, 1, 1, 1, 1, 1, 1, 1, 1], [0, 0, 1, 3, 3, 1, 0, 0, 1, 0, 0, 1, 0, 0], [0, 0, 1, 3, 3, 1, 0, 0, 1, 0, 0, 1, 0, 0], [1, 1, 1, 1, 1, 1, 1, 1, 1, 1, 1, 1, 1, 1], [4, 4, 1, 6, 6, 1, 0, 0, 1, 0, 0, 1, 4, 4], [4, 4, 1, 6, 6, 1, 0, 0, 1, 0, 0, 1, 4, 4], [1, 1, 1, 1, 1, 1, 1, 1, 1, 1, 1, 1, 1, 1], [6, 6, 1, 4, 4, 1, 3, 3, 1, 3, 3, 1, 0, 0], [6, 6, 1, 4, 4, 1, 3, 3, 1, 3, 3, 1, 0, 0], [1, 1, 1, 1, 1, 1, 1, 1, 1, 1, 1, 1, 1, 1], [0, 0, 1, 4, 4, 1, 6, 6, 1, 4, 4, 1, 0, 0], [0, 0, 1, 4, 4, 1, 6, 6, 1, 4, 4, 1, 0, 0]], "output": [[0, 4, 6, 4, 0], [6, 4, 3, 3, 0], [4, 6, 0, 0, 4], [0, 3, 0, 0, 0], [3, 6, 4, 3, 4]]}, {"input": [[0, 0, 0, 3, 0, 0, 0, 3, 9, 9, 9, 3, 4, 4, 4], [0, 0, 0, 3, 0, 0, 0, 3, 9, 9, 9, 3, 4, 4, 4], [0, 0, 0, 3, 0, 0, 0, 3, 9, 9, 9, 3, 4, 4, 4], [3, 3, 3, 3, 3, 3, 3, 3, 3, 3, 3, 3, 3, 3, 3], [4, 4, 4, 3, 4, 4, 4, 3, 0, 0, 0, 3, 4, 4, 4], [4, 4, 4, 3, 4, 4, 4, 3, 0, 0, 0, 3, 4, 4, 4], [4, 4, 4, 3, 4, 4, 4, 3, 0, 0, 0, 3, 4, 4, 4], [3, 3, 3, 3, 3, 3, 3, 3, 3, 3, 3, 3, 3, 3, 3], [0, 0, 0, 3, 9, 9, 9, 3, 5, 5, 5, 3, 9, 9, 9], [0, 0, 0, 3, 9, 9, 9, 3, 5, 5, 5, 3, 9, 9, 9], [0, 0, 0, 3, 9, 9, 9, 3, 5, 5, 5, 3, 9, 9, 9], [3, 3, 3, 3, 3, 3, 3, 3, 3, 3, 3, 3, 3, 3, 3], [0, 0, 0, 3, 0, 0, 0, 3, 0, 0, 0, 3, 0, 0, 0], [0, 0, 0, 3, 0, 0, 0, 3, 0, 0, 0, 3, 0, 0, 0], [0, 0, 0, 3, 0, 0, 0, 3, 0, 0, 0, 3, 0, 0, 0], [3, 3, 3, 3, 3, 3, 3, 3, 3, 3, 3, 3, 3, 3, 3], [4, 4, 4, 3, 0, 0, 0, 3, 0, 0, 0, 3, 9, 9, 9], [4, 4, 4, 3, 0, 0, 0, 3, 0, 0, 0, 3, 9, 9, 9], [4, 4, 4, 3, 0, 0, 0, 3, 0, 0, 0, 3, 9, 9, 9]], "output": [[4, 0, 0, 9], [0, 0, 0, 0], [0, 9, 5, 9], [4, 4, 0, 4], [0, 0, 9, 4]]}, {"input": [[0, 0, 5, 0, 0, 5, 3, 3, 5, 0, 0, 5, 0, 0], [0, 0, 5, 0, 0, 5, 3, 3, 5, 0, 0, 5, 0, 0], [5, 5, 5, 5, 5, 5, 5, 5, 5, 5, 5, 5, 5, 5], [2, 2, 5, 0, 0, 5, 2, 2, 5, 0, 0, 5, 2, 2], [2, 2, 5, 0, 0, 5, 2, 2, 5, 0, 0, 5, 2, 2], [5, 5, 5, 5, 5, 5, 5, 5, 5, 5, 5, 5, 5, 5], [3, 3, 5, 3, 3, 5, 2, 2, 5, 3, 3, 5, 3, 3], [3, 3, 5, 3, 3, 5, 2, 2, 5, 3, 3, 5, 3, 3], [5, 5, 5, 5, 5, 5, 5, 5, 5, 5, 5, 5, 5, 5], [0, 0, 5, 3, 3, 5, 0, 0, 5, 2, 2, 5, 0, 0], [0, 0, 5, 3, 3, 5, 0, 0, 5, 2, 2, 5, 0, 0], [5, 5, 5, 5, 5, 5, 5, 5, 5, 5, 5, 5, 5, 5], [2, 2, 5, 2, 2, 5, 3, 3, 5, 0, 0, 5, 3, 3], [2, 2, 5, 2, 2, 5, 3, 3, 5, 0, 0, 5, 3, 3]], "output": [[2, 2, 3, 0, 3], [0, 3, 0, 2, 0], [3, 3, 2, 3, 3], [2, 0, 2, 0, 2], [0, 0, 3, 0, 0]]}, {"input": [[1, 1, 1, 7, 1, 1, 1, 7, 1, 1, 1, 7, 0, 0, 0, 7, 0, 0, 0], [1, 1, 1, 7, 1, 1, 1, 7, 1, 1, 1, 7, 0, 0, 0, 7, 0, 0, 0], [1, 1, 1, 7, 1, 1, 1, 7, 1, 1, 1, 7, 0, 0, 0, 7, 0, 0, 0], [7, 7, 7, 7, 7, 7, 7, 7, 7, 7, 7, 7, 7, 7, 7, 7, 7, 7, 7], [1, 1, 1, 7, 0, 0, 0, 7, 0, 0, 0, 7, 1, 1, 1, 7, 0, 0, 0], [1, 1, 1, 7, 0, 0, 0, 7, 0, 0, 0, 7, 1, 1, 1, 7, 0, 0, 0], [1, 1, 1, 7, 0, 0, 0, 7, 0, 0, 0, 7, 1, 1, 1, 7, 0, 0, 0], [7, 7, 7, 7, 7, 7, 7, 7, 7, 7, 7, 7, 7, 7, 7, 7, 7, 7, 7], [0, 0, 0, 7, 0, 0, 0, 7, 1, 1, 1, 7, 1, 1, 1, 7, 1, 1, 1], [0, 0, 0, 7, 0, 0, 0, 7, 1, 1, 1, 7, 1, 1, 1, 7, 1, 1, 1], [0, 0, 0, 7, 0, 0, 0, 7, 1, 1, 1, 7, 1, 1, 1, 7, 1, 1, 1], [7, 7, 7, 7, 7, 7, 7, 7, 7, 7, 7, 7, 7, 7, 7, 7, 7, 7, 7], [0, 0, 0, 7, 1, 1, 1, 7, 1, 1, 1, 7, 1, 1, 1, 7, 0, 0, 0], [0, 0, 0, 7, 1, 1, 1, 7, 1, 1, 1, 7, 1, 1, 1, 7, 0, 0, 0], [0, 0, 0, 7, 1, 1, 1, 7, 1, 1, 1, 7, 1, 1, 1, 7, 0, 0, 0], [7, 7, 7, 7, 7, 7, 7, 7, 7, 7, 7, 7, 7, 7, 7, 7, 7, 7, 7], [1, 1, 1, 7, 1, 1, 1, 7, 0, 0, 0, 7, 1, 1, 1, 7, 1, 1, 1], [1, 1, 1, 7, 1, 1, 1, 7, 0, 0, 0, 7, 1, 1, 1, 7, 1, 1, 1], [1, 1, 1, 7, 1, 1, 1, 7, 0, 0, 0, 7, 1, 1, 1, 7, 1, 1, 1]], "output": [[1, 1, 0, 1, 1], [0, 1, 1, 1, 0], [0, 0, 1, 1, 1], [1, 0, 0, 1, 0], [1, 1, 1, 0, 0]]}, {"input": [[0, 0, 0, 2, 0, 0, 0, 2, 0, 0, 0], [0, 0, 0, 2, 0, 0, 0, 2, 0, 0, 0], [0, 0, 0, 2, 0, 0, 0, 2, 0, 0, 0], [2, 2, 2, 2, 2, 2, 2, 2, 2, 2, 2], [5, 5, 5, 2, 5, 5, 5, 2, 5, 5, 5], [5, 5, 5, 2, 5, 5, 5, 2, 5, 5, 5], [5, 5, 5, 2, 5, 5, 5, 2, 5, 5, 5], [2, 2, 2, 2, 2, 2, 2, 2, 2, 2, 2], [5, 5, 5, 2, 5, 5, 5, 2, 0, 0, 0], [5, 5, 5, 2, 5, 5, 5, 2, 0, 0, 0], [5, 5, 5, 2, 5, 5, 5, 2, 0, 0, 0], [2, 2, 2, 2, 2, 2, 2, 2, 2, 2, 2], [5, 5, 5, 2, 0, 0, 0, 2, 0, 0, 0], [5, 5, 5, 2, 0, 0, 0, 2, 0, 0, 0], [5, 5, 5, 2, 0, 0, 0, 2, 0, 0, 0]], "output": [[5, 0, 0], [5, 5, 0], [5, 5, 5], [0, 0, 0]]}, {"input": [[0, 0, 1, 0, 0, 1, 0, 0], [0, 0, 1, 0, 0, 1, 0, 0], [1, 1, 1, 1, 1, 1, 1, 1], [0, 0, 1, 6, 6, 1, 6, 6], [0, 0, 1, 6, 6, 1, 6, 6], [1, 1, 1, 1, 1, 1, 1, 1], [6, 6, 1, 6, 6, 1, 2, 2], [6, 6, 1, 6, 6, 1, 2, 2]], "output": [[6, 6, 2], [0, 6, 6], [0, 0, 0]]}]
