[{"input": [[0, 0, 0, 0, 0, 0, 0, 0, 0, 0, 0, 0, 0, 0, 0], [0, 0, 0, 0, 0, 0, 5, 5, 5, 0, 0, 8, 5, 5, 0], [5, 5, 5, 0, 0, 0, 5, 5, 5, 0, 0, 8, 8, 5, 0], [5, 5, 3, 0, 0, 0, 5, 5, 5, 0, 0, 8, 5, 5, 0], [5, 3, 3, 0, 0, 0, 0, 0, 0, 0, 0, 0, 0, 0, 0], [0, 0, 0, 0, 0, 0, 0, 0, 0, 0, 0, 0, 0, 0, 0], [0, 0, 0, 0, 0, 0, 0, 0, 0, 0, 0, 0, 0, 0, 0], [0, 0, 0, 0, 5, 9, 9, 0, 0, 5, 5, 7, 0, 0, 0], [5, 5, 5, 0, 5, 5, 9, 0, 0, 5, 7, 7, 0, 0, 0], [4, 5, 5, 0, 5, 5, 5, 0, 0, 5, 5, 7, 0, 0, 0], [4, 4, 5, 0, 0, 0, 0, 0, 0, 0, 0, 0, 0, 0, 0], [0, 0, 0, 0, 0, 0, 0, 7, 7, 5, 0, 0, 0, 0, 0], [0, 0, 0, 0, 0, 0, 0, 7, 5, 5, 0, 0, 0, 0, 0], [0, 0, 0, 4, 4, 4, 0, 5, 5, 5, 0, 0, 5, 5, 5], [0, 0, 0, 5, 4, 5, 0, 0, 0, 0, 0, 0, 5, 2, 5], [0, 0, 0, 5, 5, 5, 0, 0, 0, 0, 0, 0, 2, 2, 2]], "output": [[7, 7, 5, 4, 4, 4, 5, 9, 9], [7, 5, 5, 5, 4, 5, 5, 5, 9], [5, 5, 5, 5, 5, 5, 5, 5, 5], [8, 5, 5, 5, 5, 5, 5, 5, 7], [8, 8, 5, 5, 5, 5, 5, 7, 7], [8, 5, 5, 5, 5, 5, 5, 5, 7], [5, 5, 5, 5, 5, 5, 5, 5, 5], [4, 5, 5, 5, 2, 5, 5, 5, 3], [4, 4, 5, 2, 2, 2, 5, 3, 3]]}, {"input": [[0, 0, 0, 0, 0, 0, 0, 0, 0, 0, 0, 0, 0, 0, 0, 0], [0, 0, 0, 0, 0, 0, 0, 0, 0, 0, 0, 0, 0, 0, 0, 0], [0, 5, 5, 5, 0, 0, 0, 0, 0, 0, 0, 0, 3, 3, 5, 0], [0, 5, 5, 5, 0, 0, 5, 5, 4, 0, 0, 0, 3, 5, 5, 0], [0, 5, 5, 5, 0, 0, 5, 4, 4, 0, 0, 0, 5, 5, 5, 0], [0, 0, 0, 0, 0, 0, 5, 5, 4, 0, 0, 0, 0, 0, 0, 0], [0, 5, 5, 5, 0, 0, 0, 0, 0, 0, 0, 0, 0, 5, 5, 5], [0, 5, 4, 5, 0, 0, 0, 0, 0, 0, 0, 0, 0, 1, 5, 5], [0, 4, 4, 4, 0, 0, 0, 0, 0, 0, 0, 0, 0, 1, 1, 5], [0, 0, 0, 0, 5, 8, 8, 0, 0, 7, 7, 7, 0, 0, 0, 0], [3, 5, 5, 0, 5, 5, 8, 0, 0, 5, 7, 5, 0, 0, 0, 0], [3, 3, 5, 0, 5, 5, 5, 0, 0, 5, 5, 5, 0, 0, 0, 0], [3, 5, 5, 0, 0, 0, 0, 0, 0, 0, 0, 0, 5, 5, 5, 0], [0, 0, 0, 0, 0, 0, 0, 0, 0, 0, 0, 0, 5, 5, 3, 0], [0, 0, 0, 0, 0, 0, 0, 0, 0, 0, 0, 0, 5, 3, 3, 0]], "output": [[3, 3, 5, 7, 7, 7, 5, 8, 8], [3, 5, 5, 5, 7, 5, 5, 5, 8], [5, 5, 5, 5, 5, 5, 5, 5, 5], [3, 5, 5, 5, 5, 5, 5, 5, 4], [3, 3, 5, 5, 5, 5, 5, 4, 4], [3, 5, 5, 5, 5, 5, 5, 5, 4], [5, 5, 5, 5, 5, 5, 5, 5, 5], [1, 5, 5, 5, 4, 5, 5, 5, 3], [1, 1, 5, 4, 4, 4, 5, 3, 3]]}, {"input": [[0, 0, 5, 5, 5, 0, 0, 0, 1, 5, 5, 0, 0, 0, 0], [0, 0, 4, 5, 5, 0, 0, 0, 1, 1, 5, 0, 0, 0, 0], [0, 0, 4, 4, 5, 0, 0, 0, 1, 5, 5, 0, 0, 0, 0], [0, 0, 0, 0, 0, 0, 0, 0, 0, 0, 0, 0, 0, 0, 0], [0, 0, 0, 0, 0, 5, 5, 5, 0, 0, 0, 0, 0, 0, 0], [0, 8, 8, 8, 0, 5, 9, 5, 0, 3, 3, 5, 0, 0, 0], [0, 5, 8, 5, 0, 9, 9, 9, 0, 3, 5, 5, 0, 0, 0], [0, 5, 5, 5, 0, 0, 0, 0, 0, 5, 5, 5, 0, 0, 0], [0, 0, 0, 0, 0, 5, 6, 6, 0, 0, 0, 0, 0, 0, 0], [0, 0, 0, 0, 0, 5, 5, 6, 0, 0, 0, 0, 0, 0, 0], [0, 0, 0, 0, 0, 5, 5, 5, 0, 0, 0, 0, 5, 5, 5], [5, 5, 5, 0, 0, 0, 0, 0, 0, 0, 0, 0, 5, 5, 3], [5, 5, 5, 0, 0, 0, 5, 5, 4, 0, 0, 0, 5, 3, 3], [5, 5, 5, 0, 0, 0, 5, 4, 4, 0, 0, 0, 0, 0, 0], [0, 0, 0, 0, 0, 0, 5, 5, 4, 0, 0, 0, 0, 0, 0]], "output": [[3, 3, 5, 8, 8, 8, 5, 6, 6], [3, 5, 5, 5, 8, 5, 5, 5, 6], [5, 5, 5, 5, 5, 5, 5, 5, 5], [1, 5, 5, 5, 5, 5, 5, 5, 4], [1, 1, 5, 5, 5, 5, 5, 4, 4], [1, 5, 5, 5, 5, 5, 5, 5, 4], [5, 5, 5, 5, 5, 5, 5, 5, 5], [4, 5, 5, 5, 9, 5, 5, 5, 3], [4, 4, 5, 9, 9, 9, 5, 3, 3]]}, {"input": [[0, 0, 0, 0, 0, 0, 0, 0, 0, 0, 0, 0, 0, 0, 0, 0, 0], [0, 0, 0, 0, 0, 0, 0, 0, 0, 0, 0, 0, 0, 0, 0, 0, 0], [0, 6, 6, 6, 0, 0, 0, 0, 0, 5, 7, 7, 0, 0, 0, 0, 0], [0, 5, 6, 5, 0, 0, 0, 0, 0, 5, 5, 7, 0, 5, 5, 5, 0], [0, 5, 5, 5, 0, 0, 0, 0, 0, 5, 5, 5, 0, 5, 5, 5, 0], [0, 0, 0, 0, 0, 0, 5, 5, 6, 0, 0, 0, 0, 5, 5, 5, 0], [5, 5, 5, 0, 0, 0, 5, 6, 6, 0, 0, 0, 0, 0, 0, 0, 0], [5, 6, 5, 0, 0, 0, 5, 5, 6, 0, 0, 0, 0, 0, 0, 0, 0], [6, 6, 6, 0, 0, 0, 0, 0, 0, 0, 0, 0, 0, 0, 5, 5, 5], [0, 0, 0, 0, 0, 0, 0, 0, 0, 7, 5, 5, 0, 0, 5, 5, 3], [0, 0, 0, 0, 0, 0, 0, 0, 0, 7, 7, 5, 0, 0, 5, 3, 3], [0, 0, 6, 6, 5, 0, 0, 0, 0, 7, 5, 5, 0, 0, 0, 0, 0], [0, 0, 6, 5, 5, 0, 0, 0, 0, 0, 0, 0, 5, 5, 5, 0, 0], [0, 0, 5, 5, 5, 0, 0, 0, 0, 0, 0, 0, 2, 5, 5, 0, 0], [0, 0, 0, 0, 0, 0, 0, 0, 0, 0, 0, 0, 2, 2, 5, 0, 0]], "output": [[6, 6, 5, 6, 6, 6, 5, 7, 7], [6, 5, 5, 5, 6, 5, 5, 5, 7], [5, 5, 5, 5, 5, 5, 5, 5, 5], [7, 5, 5, 5, 5, 5, 5, 5, 6], [7, 7, 5, 5, 5, 5, 5, 6, 6], [7, 5, 5, 5, 5, 5, 5, 5, 6], [5, 5, 5, 5, 5, 5, 5, 5, 5], [2, 5, 5, 5, 6, 5, 5, 5, 3], [2, 2, 5, 6, 6, 6, 5, 3, 3]]}, {"input": [[0, 0, 0, 0, 0, 0, 0, 0, 0, 0, 0, 0, 0, 0], [0, 0, 0, 5, 5, 9, 0, 5, 5, 5, 0, 0, 0, 0], [0, 0, 0, 5, 9, 9, 0, 4, 5, 5, 0, 6, 5, 5], [0, 0, 0, 5, 5, 9, 0, 4, 4, 5, 0, 6, 6, 5], [0, 0, 0, 0, 0, 0, 0, 0, 0, 0, 0, 6, 5, 5], [0, 0, 0, 0, 0, 8, 8, 8, 0, 0, 0, 0, 0, 0], [0, 0, 0, 0, 0, 5, 8, 5, 0, 0, 5, 5, 5, 0], [0, 0, 0, 0, 0, 5, 5, 5, 0, 0, 5, 5, 6, 0], [0, 0, 0, 0, 0, 0, 0, 0, 0, 0, 5, 6, 6, 0], [5, 5, 5, 0, 0, 0, 0, 0, 0, 0, 0, 0, 0, 0], [5, 5, 5, 0, 0, 0, 0, 5, 9, 9, 0, 5, 5, 5], [5, 5, 5, 0, 0, 0, 0, 5, 5, 9, 0, 5, 9, 5], [0, 0, 0, 4, 4, 5, 0, 5, 5, 5, 0, 9, 9, 9], [0, 0, 0, 4, 5, 5, 0, 0, 0, 0, 0, 0, 0, 0], [0, 0, 0, 5, 5, 5, 0, 0, 0, 0, 0, 0, 0, 0], [0, 0, 0, 0, 0, 0, 0, 0, 0, 0, 0, 0, 0, 0], [0, 0, 0, 0, 0, 0, 0, 0, 0, 0, 0, 0, 0, 0]], "output": [[4, 4, 5, 8, 8, 8, 5, 9, 9], [4, 5, 5, 5, 8, 5, 5, 5, 9], [5, 5, 5, 5, 5, 5, 5, 5, 5], [6, 5, 5, 5, 5, 5, 5, 5, 9], [6, 6, 5, 5, 5, 5, 5, 9, 9], [6, 5, 5, 5, 5, 5, 5, 5, 9], [5, 5, 5, 5, 5, 5, 5, 5, 5], [4, 5, 5, 5, 9, 5, 5, 5, 6], [4, 4, 5, 9, 9, 9, 5, 6, 6]]}, {"input": [[0, 0, 0, 5, 5, 5, 0, 0, 0, 0, 0, 5, 5, 5, 0], [0, 0, 0, 3, 5, 5, 0, 8, 8, 8, 0, 5, 9, 5, 0], [0, 0, 0, 3, 3, 5, 0, 5, 8, 5, 0, 9, 9, 9, 0], [5, 5, 5, 0, 0, 0, 0, 5, 5, 5, 0, 0, 0, 0, 0], [5, 5, 5, 0, 0, 0, 0, 0, 0, 0, 0, 0, 0, 0, 0], [5, 5, 5, 0, 0, 0, 0, 0, 0, 0, 0, 0, 0, 0, 0], [0, 0, 0, 0, 0, 0, 0, 0, 0, 0, 0, 0, 0, 0, 0], [0, 0, 0, 0, 0, 0, 0, 0, 0, 0, 9, 9, 5, 0, 0], [0, 0, 0, 0, 0, 0, 5, 2, 2, 0, 9, 5, 5, 0, 0], [0, 0, 0, 0, 0, 0, 5, 5, 2, 0, 5, 5, 5, 0, 0], [7, 5, 5, 0, 0, 0, 5, 5, 5, 0, 0, 0, 0, 0, 0], [7, 7, 5, 0, 0, 0, 0, 0, 0, 0, 0, 0, 0, 0, 0], [7, 5, 5, 0, 0, 0, 5, 5, 5, 0, 0, 5, 5, 1, 0], [0, 0, 0, 0, 0, 0, 5, 5, 4, 0, 0, 5, 1, 1, 0], [0, 0, 0, 0, 0, 0, 5, 4, 4, 0, 0, 5, 5, 1, 0]], "output": [[9, 9, 5, 8, 8, 8, 5, 2, 2], [9, 5, 5, 5, 8, 5, 5, 5, 2], [5, 5, 5, 5, 5, 5, 5, 5, 5], [7, 5, 5, 5, 5, 5, 5, 5, 1], [7, 7, 5, 5, 5, 5, 5, 1, 1], [7, 5, 5, 5, 5, 5, 5, 5, 1], [5, 5, 5, 5, 5, 5, 5, 5, 5], [3, 5, 5, 5, 9, 5, 5, 5, 4], [3, 3, 5, 9, 9, 9, 5, 4, 4]]}, {"input": [[0, 5, 5, 3, 0, 5, 8, 8, 0, 0, 0, 0, 0, 0, 0], [0, 5, 3, 3, 0, 5, 5, 8, 0, 0, 5, 5, 5, 0, 0], [0, 5, 5, 3, 0, 5, 5, 5, 0, 0, 8, 5, 5, 0, 0], [0, 0, 0, 0, 0, 0, 0, 0, 0, 0, 8, 8, 5, 0, 0], [0, 0, 0, 0, 0, 0, 0, 5, 5, 5, 0, 0, 0, 0, 0], [0, 0, 0, 0, 0, 0, 0, 5, 5, 9, 0, 0, 0, 0, 0], [5, 5, 5, 0, 0, 0, 0, 5, 9, 9, 0, 0, 0, 0, 0], [5, 1, 5, 0, 2, 2, 5, 0, 0, 0, 0, 0, 5, 5, 5], [1, 1, 1, 0, 2, 5, 5, 0, 1, 5, 5, 0, 5, 5, 5], [0, 0, 0, 0, 5, 5, 5, 0, 1, 1, 5, 0, 5, 5, 5], [0, 0, 0, 0, 0, 0, 0, 0, 1, 5, 5, 0, 0, 0, 0], [0, 0, 0, 0, 0, 0, 0, 0, 0, 0, 0, 0, 9, 9, 9], [0, 0, 0, 0, 0, 0, 0, 0, 0, 0, 0, 0, 5, 9, 5], [0, 0, 0, 0, 0, 0, 0, 0, 0, 0, 0, 0, 5, 5, 5]], "output": [[2, 2, 5, 9, 9, 9, 5, 8, 8], [2, 5, 5, 5, 9, 5, 5, 5, 8], [5, 5, 5, 5, 5, 5, 5, 5, 5], [1, 5, 5, 5, 5, 5, 5, 5, 3], [1, 1, 5, 5, 5, 5, 5, 3, 3], [1, 5, 5, 5, 5, 5, 5, 5, 3], [5, 5, 5, 5, 5, 5, 5, 5, 5], [8, 5, 5, 5, 1, 5, 5, 5, 9], [8, 8, 5, 1, 1, 1, 5, 9, 9]]}, {"input": [[0, 0, 0, 0, 0, 0, 0, 0, 0, 3, 5, 5, 0, 0, 0, 0, 0], [0, 0, 0, 0, 0, 0, 0, 0, 0, 3, 3, 5, 0, 0, 0, 0, 0], [0, 0, 0, 0, 0, 0, 0, 0, 0, 3, 5, 5, 0, 0, 0, 0, 0], [0, 0, 0, 0, 0, 0, 5, 5, 5, 0, 0, 0, 0, 0, 0, 0, 0], [0, 0, 0, 0, 0, 0, 2, 5, 5, 0, 0, 0, 0, 0, 0, 0, 0], [0, 0, 5, 5, 5, 0, 2, 2, 5, 0, 0, 0, 0, 0, 0, 0, 0], [0, 0, 5, 9, 5, 0, 0, 0, 0, 0, 0, 0, 0, 0, 0, 0, 0], [0, 0, 9, 9, 9, 0, 0, 0, 1, 1, 5, 0, 0, 0, 5, 4, 4], [0, 0, 0, 0, 0, 0, 0, 0, 1, 5, 5, 0, 0, 0, 5, 5, 4], [0, 0, 0, 0, 0, 0, 0, 0, 5, 5, 5, 0, 0, 0, 5, 5, 5], [0, 0, 0, 0, 0, 0, 0, 0, 0, 0, 0, 0, 0, 0, 0, 0, 0], [0, 0, 0, 0, 5, 5, 5, 0, 0, 0, 0, 0, 0, 0, 0, 0, 0], [0, 0, 0, 0, 5, 5, 5, 0, 0, 0, 0, 1, 1, 1, 0, 0, 0], [5, 5, 5, 0, 5, 5, 5, 0, 0, 0, 0, 5, 1, 5, 0, 0, 0], [5, 5, 6, 0, 0, 0, 0, 5, 5, 2, 0, 5, 5, 5, 0, 0, 0], [5, 6, 6, 0, 0, 0, 0, 5, 2, 2, 0, 0, 0, 0, 0, 0, 0], [0, 0, 0, 0, 0, 0, 0, 5, 5, 2, 0, 0, 0, 0, 0, 0, 0]], "output": [[1, 1, 5, 1, 1, 1, 5, 4, 4], [1, 5, 5, 5, 1, 5, 5, 5, 4], [5, 5, 5, 5, 5, 5, 5, 5, 5], [3, 5, 5, 5, 5, 5, 5, 5, 2], [3, 3, 5, 5, 5, 5, 5, 2, 2], [3, 5, 5, 5, 5, 5, 5, 5, 2], [5, 5, 5, 5, 5, 5, 5, 5, 5], [2, 5, 5, 5, 9, 5, 5, 5, 6], [2, 2, 5, 9, 9, 9, 5, 6, 6]]}, {"input": [[5, 5, 5, 0, 0, 5, 5, 9, 0, 0, 0, 0, 0, 0, 0], [5, 5, 6, 0, 0, 5, 9, 9, 0, 0, 0, 5, 5, 5, 0], [5, 6, 6, 0, 0, 5, 5, 9, 0, 0, 0, 5, 5, 5, 0], [0, 0, 0, 0, 0, 0, 0, 0, 0, 0, 0, 5, 5, 5, 0], [0, 0, 7, 7, 5, 0, 0, 5, 5, 5, 0, 0, 0, 0, 0], [0, 0, 7, 5, 5, 0, 0, 5, 7, 5, 0, 0, 0, 0, 0], [0, 0, 5, 5, 5, 0, 0, 7, 7, 7, 0, 0, 0, 0, 0], [0, 0, 0, 0, 0, 0, 0, 0, 0, 0, 0, 7, 5, 5, 0], [0, 0, 0, 5, 3, 3, 0, 0, 0, 0, 0, 7, 7, 5, 0], [0, 0, 0, 5, 5, 3, 0, 0, 0, 0, 0, 7, 5, 5, 0], [0, 0, 0, 5, 5, 5, 0, 0, 0, 0, 0, 0, 0, 0, 0], [0, 0, 0, 0, 0, 0, 0, 0, 0, 0, 0, 0, 0, 0, 0], [0, 0, 0, 4, 4, 4, 0, 0, 0, 5, 5, 5, 0, 0, 0], [0, 0, 0, 5, 4, 5, 0, 0, 0, 9, 5, 5, 0, 0, 0], [0, 0, 0, 5, 5, 5, 0, 0, 0, 9, 9, 5, 0, 0, 0], [0, 0, 0, 0, 0, 0, 0, 0, 0, 0, 0, 0, 0, 0, 0]], "output": [[7, 7, 5, 4, 4, 4, 5, 3, 3], [7, 5, 5, 5, 4, 5, 5, 5, 3], [5, 5, 5, 5, 5, 5, 5, 5, 5], [7, 5, 5, 5, 5, 5, 5, 5, 9], [7, 7, 5, 5, 5, 5, 5, 9, 9], [7, 5, 5, 5, 5, 5, 5, 5, 9], [5, 5, 5, 5, 5, 5, 5, 5, 5], [9, 5, 5, 5, 7, 5, 5, 5, 6], [9, 9, 5, 7, 7, 7, 5, 6, 6]]}, {"input": [[0, 0, 0, 0, 8, 5, 5, 0, 0, 0, 0, 0, 5, 5, 9], [0, 0, 0, 0, 8, 8, 5, 0, 0, 0, 0, 0, 5, 9, 9], [0, 0, 0, 0, 8, 5, 5, 0, 0, 0, 0, 0, 5, 5, 9], [0, 0, 0, 0, 0, 0, 0, 0, 5, 5, 5, 0, 0, 0, 0], [0, 0, 0, 0, 0, 0, 0, 0, 5, 3, 5, 0, 5, 5, 5], [0, 0, 6, 6, 5, 0, 0, 0, 3, 3, 3, 0, 5, 5, 9], [0, 0, 6, 5, 5, 0, 0, 0, 0, 0, 0, 0, 5, 9, 9], [0, 0, 5, 5, 5, 0, 0, 0, 0, 5, 5, 5, 0, 0, 0], [0, 0, 0, 0, 0, 0, 0, 0, 0, 5, 5, 5, 0, 0, 0], [0, 0, 0, 0, 0, 0, 0, 0, 0, 5, 5, 5, 0, 0, 0], [0, 0, 0, 0, 0, 5, 2, 2, 0, 0, 0, 0, 0, 0, 0], [0, 2, 2, 2, 0, 5, 5, 2, 0, 0, 0, 0, 0, 0, 0], [0, 5, 2, 5, 0, 5, 5, 5, 0, 0, 0, 5, 5, 5, 0], [0, 5, 5, 5, 0, 0, 0, 0, 0, 0, 0, 7, 5, 5, 0], [0, 0, 0, 0, 0, 0, 0, 0, 0, 0, 0, 7, 7, 5, 0], [0, 0, 0, 0, 0, 0, 0, 0, 0, 0, 0, 0, 0, 0, 0]], "output": [[6, 6, 5, 2, 2, 2, 5, 2, 2], [6, 5, 5, 5, 2, 5, 5, 5, 2], [5, 5, 5, 5, 5, 5, 5, 5, 5], [8, 5, 5, 5, 5, 5, 5, 5, 9], [8, 8, 5, 5, 5, 5, 5, 9, 9], [8, 5, 5, 5, 5, 5, 5, 5, 9], [5, 5, 5, 5, 5, 5, 5, 5, 5], [7, 5, 5, 5, 3, 5, 5, 5, 9], [7, 7, 5, 3, 3, 3, 5, 9, 9]]}, {"input": [[0, 5, 5, 5, 0, 0, 0, 0, 0, 0, 0, 0, 0, 0, 0, 0, 0], [0, 5, 2, 5, 0, 0, 0, 0, 0, 0, 0, 0, 0, 0, 0, 0, 0], [0, 2, 2, 2, 0, 0, 0, 0, 0, 0, 0, 0, 0, 0, 0, 0, 0], [0, 0, 0, 0, 0, 0, 0, 0, 0, 5, 5, 5, 0, 0, 0, 0, 0], [0, 0, 0, 0, 0, 0, 0, 0, 0, 7, 5, 5, 0, 0, 0, 0, 0], [0, 0, 0, 0, 0, 0, 0, 0, 0, 7, 7, 5, 0, 0, 0, 0, 0], [0, 0, 0, 0, 0, 0, 0, 0, 0, 0, 0, 0, 2, 2, 2, 0, 0], [0, 0, 0, 0, 9, 9, 5, 0, 0, 0, 0, 0, 5, 2, 5, 0, 0], [0, 0, 0, 0, 9, 5, 5, 0, 0, 0, 0, 0, 5, 5, 5, 0, 0], [5, 5, 7, 0, 5, 5, 5, 0, 5, 7, 7, 0, 0, 0, 0, 0, 0], [5, 7, 7, 0, 0, 0, 0, 0, 5, 5, 7, 0, 0, 0, 0, 0, 0], [5, 5, 7, 0, 0, 0, 0, 0, 5, 5, 5, 0, 0, 0, 0, 0, 0], [0, 0, 0, 0, 0, 5, 5, 5, 0, 0, 0, 0, 0, 0, 0, 0, 0], [4, 5, 5, 0, 0, 5, 5, 3, 0, 0, 0, 0, 0, 5, 5, 5, 0], [4, 4, 5, 0, 0, 5, 3, 3, 0, 0, 0, 0, 0, 5, 5, 5, 0], [4, 5, 5, 0, 0, 0, 0, 0, 0, 0, 0, 0, 0, 5, 5, 5, 0]], "output": [[9, 9, 5, 2, 2, 2, 5, 7, 7], [9, 5, 5, 5, 2, 5, 5, 5, 7], [5, 5, 5, 5, 5, 5, 5, 5, 5], [4, 5, 5, 5, 5, 5, 5, 5, 7], [4, 4, 5, 5, 5, 5, 5, 7, 7], [4, 5, 5, 5, 5, 5, 5, 5, 7], [5, 5, 5, 5, 5, 5, 5, 5, 5], [7, 5, 5, 5, 2, 5, 5, 5, 3], [7, 7, 5, 2, 2, 2, 5, 3, 3]]}, {"input": [[0, 0, 0, 0, 5, 5, 5, 0, 0, 0, 0, 0, 0, 0, 0, 0, 0], [0, 0, 0, 0, 5, 2, 5, 0, 0, 0, 0, 0, 5, 5, 5, 0, 0], [5, 5, 5, 0, 2, 2, 2, 0, 5, 5, 9, 0, 5, 5, 9, 0, 0], [5, 5, 5, 0, 0, 0, 0, 0, 5, 9, 9, 0, 5, 9, 9, 0, 0], [5, 5, 5, 0, 0, 0, 0, 0, 5, 5, 9, 0, 0, 0, 0, 0, 0], [0, 0, 0, 0, 5, 5, 5, 0, 0, 0, 0, 0, 2, 2, 5, 0, 0], [0, 0, 0, 0, 1, 5, 5, 0, 0, 0, 0, 0, 2, 5, 5, 0, 0], [0, 0, 0, 0, 1, 1, 5, 0, 0, 0, 0, 0, 5, 5, 5, 0, 0], [0, 0, 0, 0, 0, 0, 0, 0, 0, 0, 0, 0, 0, 0, 0, 0, 0], [0, 0, 2, 2, 2, 0, 0, 0, 0, 0, 0, 0, 0, 0, 0, 0, 0], [0, 0, 5, 2, 5, 0, 0, 0, 0, 0, 0, 0, 0, 0, 0, 0, 0], [0, 0, 5, 5, 5, 0, 0, 0, 0, 0, 5, 4, 4, 0, 0, 0, 0], [0, 0, 0, 0, 0, 0, 0, 0, 0, 0, 5, 5, 4, 0, 0, 0, 0], [0, 0, 0, 0, 0, 3, 5, 5, 0, 0, 5, 5, 5, 0, 0, 0, 0], [0, 0, 0, 0, 0, 3, 3, 5, 0, 0, 0, 0, 0, 0, 0, 0, 0], [0, 0, 0, 0, 0, 3, 5, 5, 0, 0, 0, 0, 0, 0, 0, 0, 0]], "output": [[2, 2, 5, 2, 2, 2, 5, 4, 4], [2, 5, 5, 5, 2, 5, 5, 5, 4], [5, 5, 5, 5, 5, 5, 5, 5, 5], [3, 5, 5, 5, 5, 5, 5, 5, 9], [3, 3, 5, 5, 5, 5, 5, 9, 9], [3, 5, 5, 5, 5, 5, 5, 5, 9], [5, 5, 5, 5, 5, 5, 5, 5, 5], [1, 5, 5, 5, 2, 5, 5, 5, 9], [1, 1, 5, 2, 2, 2, 5, 9, 9]]}, {"input": [[0, 0, 0, 0, 0, 0, 0, 0, 0, 0, 0, 0, 0, 0, 0, 0], [0, 0, 0, 0, 5, 5, 5, 0, 0, 0, 0, 0, 0, 0, 0, 0], [0, 0, 0, 0, 6, 5, 5, 0, 0, 5, 5, 5, 0, 5, 5, 5], [0, 0, 0, 0, 6, 6, 5, 0, 0, 5, 5, 5, 0, 5, 5, 6], [0, 0, 0, 0, 0, 0, 0, 0, 0, 5, 5, 5, 0, 5, 6, 6], [0, 0, 0, 5, 5, 5, 0, 0, 0, 0, 0, 0, 0, 0, 0, 0], [0, 0, 0, 5, 1, 5, 0, 0, 0, 0, 0, 0, 0, 0, 0, 0], [0, 0, 0, 1, 1, 1, 0, 0, 0, 0, 0, 0, 0, 0, 0, 0], [0, 0, 0, 0, 0, 0, 0, 5, 3, 3, 0, 0, 0, 0, 0, 0], [0, 0, 3, 3, 3, 0, 0, 5, 5, 3, 0, 0, 0, 5, 5, 6], [0, 0, 5, 3, 5, 0, 0, 5, 5, 5, 0, 0, 0, 5, 6, 6], [0, 0, 5, 5, 5, 0, 0, 0, 0, 0, 0, 0, 0, 5, 5, 6], [0, 0, 0, 0, 0, 0, 0, 0, 0, 1, 1, 5, 0, 0, 0, 0], [0, 0, 0, 4, 5, 5, 0, 0, 0, 1, 5, 5, 0, 0, 0, 0], [0, 0, 0, 4, 4, 5, 0, 0, 0, 5, 5, 5, 0, 0, 0, 0], [0, 0, 0, 4, 5, 5, 0, 0, 0, 0, 0, 0, 0, 0, 0, 0]], "output": [[1, 1, 5, 3, 3, 3, 5, 3, 3], [1, 5, 5, 5, 3, 5, 5, 5, 3], [5, 5, 5, 5, 5, 5, 5, 5, 5], [4, 5, 5, 5, 5, 5, 5, 5, 6], [4, 4, 5, 5, 5, 5, 5, 6, 6], [4, 5, 5, 5, 5, 5, 5, 5, 6], [5, 5, 5, 5, 5, 5, 5, 5, 5], [6, 5, 5, 5, 1, 5, 5, 5, 6], [6, 6, 5, 1, 1, 1, 5, 6, 6]]}, {"input": [[5, 5, 5, 0, 5, 5, 6, 0, 0, 0, 0, 0, 0, 0, 0, 0], [4, 5, 5, 0, 5, 6, 6, 0, 0, 0, 0, 0, 0, 0, 0, 0], [4, 4, 5, 0, 5, 5, 6, 0, 0, 0, 0, 0, 0, 5, 5, 5], [0, 0, 0, 0, 0, 0, 0, 0, 0, 0, 0, 0, 0, 5, 5, 4], [4, 5, 5, 0, 0, 0, 0, 0, 0, 0, 0, 0, 0, 5, 4, 4], [4, 4, 5, 0, 0, 0, 0, 0, 0, 0, 0, 0, 0, 0, 0, 0], [4, 5, 5, 0, 0, 0, 5, 8, 8, 0, 2, 2, 5, 0, 0, 0], [0, 0, 0, 0, 0, 0, 5, 5, 8, 0, 2, 5, 5, 0, 0, 0], [0, 0, 0, 0, 0, 0, 5, 5, 5, 0, 5, 5, 5, 0, 0, 0], [0, 0, 0, 0, 0, 0, 0, 0, 0, 0, 0, 0, 0, 0, 0, 0], [0, 0, 0, 0, 2, 2, 2, 0, 0, 0, 0, 0, 0, 0, 0, 0], [0, 0, 0, 0, 5, 2, 5, 0, 0, 0, 5, 5, 5, 0, 0, 0], [0, 0, 0, 0, 5, 5, 5, 0, 0, 0, 5, 5, 5, 0, 0, 0], [5, 5, 5, 0, 0, 0, 0, 0, 0, 0, 5, 5, 5, 0, 0, 0], [5, 9, 5, 0, 0, 0, 0, 0, 0, 0, 0, 0, 0, 0, 0, 0], [9, 9, 9, 0, 0, 0, 0, 0, 0, 0, 0, 0, 0, 0, 0, 0]], "output": [[2, 2, 5, 2, 2, 2, 5, 8, 8], [2, 5, 5, 5, 2, 5, 5, 5, 8], [5, 5, 5, 5, 5, 5, 5, 5, 5], [4, 5, 5, 5, 5, 5, 5, 5, 6], [4, 4, 5, 5, 5, 5, 5, 6, 6], [4, 5, 5, 5, 5, 5, 5, 5, 6], [5, 5, 5, 5, 5, 5, 5, 5, 5], [4, 5, 5, 5, 9, 5, 5, 5, 4], [4, 4, 5, 9, 9, 9, 5, 4, 4]]}, {"input": [[0, 0, 0, 0, 0, 0, 5, 5, 5, 0, 0, 0, 0, 0], [0, 0, 0, 0, 0, 0, 5, 2, 5, 0, 0, 0, 0, 0], [5, 5, 5, 0, 0, 0, 2, 2, 2, 0, 0, 5, 5, 6], [4, 5, 5, 0, 0, 0, 0, 0, 0, 0, 0, 5, 6, 6], [4, 4, 5, 0, 0, 0, 5, 4, 4, 0, 0, 5, 5, 6], [0, 0, 0, 0, 0, 0, 5, 5, 4, 0, 0, 0, 0, 0], [0, 0, 0, 0, 0, 0, 5, 5, 5, 0, 0, 5, 5, 5], [0, 0, 0, 0, 0, 0, 0, 0, 0, 0, 0, 5, 5, 5], [0, 1, 5, 5, 0, 0, 0, 0, 0, 0, 0, 5, 5, 5], [0, 1, 1, 5, 0, 0, 0, 0, 0, 0, 0, 0, 0, 0], [0, 1, 5, 5, 0, 0, 0, 0, 0, 0, 0, 0, 0, 0], [0, 0, 0, 0, 0, 0, 0, 0, 0, 0, 0, 0, 0, 0], [0, 0, 0, 0, 0, 0, 0, 0, 0, 0, 0, 0, 0, 0], [5, 5, 5, 0, 0, 0, 6, 6, 5, 0, 0, 2, 2, 2], [5, 5, 9, 0, 0, 0, 6, 5, 5, 0, 0, 5, 2, 5], [5, 9, 9, 0, 0, 0, 5, 5, 5, 0, 0, 5, 5, 5], [0, 0, 0, 0, 0, 0, 0, 0, 0, 0, 0, 0, 0, 0]], "output": [[6, 6, 5, 2, 2, 2, 5, 4, 4], [6, 5, 5, 5, 2, 5, 5, 5, 4], [5, 5, 5, 5, 5, 5, 5, 5, 5], [1, 5, 5, 5, 5, 5, 5, 5, 6], [1, 1, 5, 5, 5, 5, 5, 6, 6], [1, 5, 5, 5, 5, 5, 5, 5, 6], [5, 5, 5, 5, 5, 5, 5, 5, 5], [4, 5, 5, 5, 2, 5, 5, 5, 9], [4, 4, 5, 2, 2, 2, 5, 9, 9]]}, {"input": [[0, 0, 0, 0, 0, 0, 0, 0, 0, 0, 0, 0, 0, 0, 0, 0, 0], [0, 0, 0, 0, 0, 0, 9, 9, 5, 0, 0, 0, 0, 0, 0, 0, 0], [0, 0, 0, 0, 0, 0, 9, 5, 5, 0, 0, 0, 0, 0, 0, 0, 0], [0, 5, 5, 5, 0, 0, 5, 5, 5, 0, 0, 0, 0, 0, 0, 0, 0], [0, 5, 7, 5, 0, 0, 0, 0, 0, 0, 0, 0, 0, 0, 0, 0, 0], [0, 7, 7, 7, 0, 0, 5, 2, 2, 0, 0, 0, 0, 0, 0, 0, 0], [0, 0, 0, 0, 0, 0, 5, 5, 2, 0, 0, 0, 0, 0, 0, 0, 0], [0, 0, 6, 6, 6, 0, 5, 5, 5, 0, 0, 0, 5, 5, 1, 0, 0], [0, 0, 5, 6, 5, 0, 0, 0, 0, 0, 0, 0, 5, 1, 1, 0, 0], [0, 0, 5, 5, 5, 0, 0, 0, 0, 0, 0, 0, 5, 5, 1, 0, 0], [0, 0, 0, 0, 0, 0, 0, 5, 5, 5, 0, 0, 0, 0, 0, 0, 0], [0, 0, 0, 0, 0, 0, 0, 2, 5, 5, 0, 0, 0, 0, 0, 0, 0], [0, 0, 0, 0, 0, 0, 0, 2, 2, 5, 0, 0, 5, 5, 5, 0, 0], [0, 5, 5, 5, 0, 0, 0, 0, 0, 0, 0, 0, 5, 5, 2, 0, 0], [0, 5, 5, 5, 0, 1, 5, 5, 0, 0, 0, 0, 5, 2, 2, 0, 0], [0, 5, 5, 5, 0, 1, 1, 5, 0, 0, 0, 0, 0, 0, 0, 0, 0], [0, 0, 0, 0, 0, 1, 5, 5, 0, 0, 0, 0, 0, 0, 0, 0, 0]], "output": [[9, 9, 5, 6, 6, 6, 5, 2, 2], [9, 5, 5, 5, 6, 5, 5, 5, 2], [5, 5, 5, 5, 5, 5, 5, 5, 5], [1, 5, 5, 5, 5, 5, 5, 5, 1], [1, 1, 5, 5, 5, 5, 5, 1, 1], [1, 5, 5, 5, 5, 5, 5, 5, 1], [5, 5, 5, 5, 5, 5, 5, 5, 5], [2, 5, 5, 5, 7, 5, 5, 5, 2], [2, 2, 5, 7, 7, 7, 5, 2, 2]]}, {"input": [[0, 0, 0, 0, 0, 0, 0, 0, 0, 5, 5, 5, 0, 0, 0, 0, 0], [0, 0, 0, 0, 0, 0, 0, 0, 0, 5, 5, 5, 0, 0, 0, 0, 0], [0, 5, 5, 6, 0, 0, 0, 0, 0, 5, 5, 5, 0, 0, 0, 0, 0], [0, 5, 6, 6, 0, 0, 0, 0, 0, 0, 0, 0, 0, 5, 5, 5, 0], [0, 5, 5, 6, 0, 0, 0, 0, 0, 0, 0, 0, 0, 5, 5, 7, 0], [0, 0, 0, 0, 0, 0, 0, 3, 3, 3, 0, 0, 0, 5, 7, 7, 0], [1, 1, 5, 0, 0, 0, 0, 5, 3, 5, 0, 0, 0, 0, 0, 0, 0], [1, 5, 5, 0, 0, 0, 0, 5, 5, 5, 0, 0, 9, 5, 5, 0, 0], [5, 5, 5, 0, 0, 0, 0, 0, 0, 0, 0, 0, 9, 9, 5, 0, 0], [0, 0, 0, 0, 0, 0, 0, 0, 0, 0, 0, 0, 9, 5, 5, 0, 0], [0, 0, 5, 5, 5, 0, 0, 0, 0, 0, 0, 0, 0, 0, 0, 0, 0], [0, 0, 5, 7, 5, 0, 5, 8, 8, 0, 0, 0, 0, 5, 5, 5, 0], [0, 0, 7, 7, 7, 0, 5, 5, 8, 0, 0, 0, 0, 6, 5, 5, 0], [0, 0, 0, 0, 0, 0, 5, 5, 5, 0, 0, 0, 0, 6, 6, 5, 0]], "output": [[1, 1, 5, 3, 3, 3, 5, 8, 8], [1, 5, 5, 5, 3, 5, 5, 5, 8], [5, 5, 5, 5, 5, 5, 5, 5, 5], [9, 5, 5, 5, 5, 5, 5, 5, 6], [9, 9, 5, 5, 5, 5, 5, 6, 6], [9, 5, 5, 5, 5, 5, 5, 5, 6], [5, 5, 5, 5, 5, 5, 5, 5, 5], [6, 5, 5, 5, 7, 5, 5, 5, 7], [6, 6, 5, 7, 7, 7, 5, 7, 7]]}, {"input": [[0, 0, 0, 0, 0, 0, 0, 0, 0, 0, 0, 0, 0, 0, 0, 0], [0, 0, 0, 0, 0, 5, 5, 5, 0, 0, 0, 0, 0, 0, 0, 0], [0, 0, 0, 0, 0, 1, 5, 5, 0, 0, 5, 1, 1, 0, 0, 0], [0, 5, 5, 8, 0, 1, 1, 5, 0, 0, 5, 5, 1, 0, 0, 0], [0, 5, 8, 8, 0, 0, 0, 0, 0, 0, 5, 5, 5, 0, 0, 0], [0, 5, 5, 8, 0, 0, 0, 0, 0, 0, 0, 0, 0, 0, 0, 0], [0, 0, 0, 0, 0, 0, 0, 0, 5, 5, 5, 0, 5, 5, 5, 0], [0, 0, 0, 0, 2, 2, 5, 0, 5, 5, 7, 0, 5, 5, 5, 0], [0, 0, 0, 0, 2, 5, 5, 0, 5, 7, 7, 0, 5, 5, 5, 0], [0, 0, 0, 0, 5, 5, 5, 0, 0, 0, 0, 0, 0, 0, 0, 0], [5, 5, 5, 0, 0, 0, 0, 0, 0, 0, 3, 5, 5, 0, 0, 0], [5, 1, 5, 0, 0, 0, 0, 0, 0, 0, 3, 3, 5, 0, 0, 0], [1, 1, 1, 0, 9, 9, 9, 0, 0, 0, 3, 5, 5, 0, 0, 0], [0, 0, 0, 0, 5, 9, 5, 0, 0, 0, 0, 0, 0, 0, 0, 0], [0, 0, 0, 0, 5, 5, 5, 0, 0, 0, 0, 0, 0, 0, 0, 0], [0, 0, 0, 0, 0, 0, 0, 0, 0, 0, 0, 0, 0, 0, 0, 0]], "output": [[2, 2, 5, 9, 9, 9, 5, 1, 1], [2, 5, 5, 5, 9, 5, 5, 5, 1], [5, 5, 5, 5, 5, 5, 5, 5, 5], [3, 5, 5, 5, 5, 5, 5, 5, 8], [3, 3, 5, 5, 5, 5, 5, 8, 8], [3, 5, 5, 5, 5, 5, 5, 5, 8], [5, 5, 5, 5, 5, 5, 5, 5, 5], [1, 5, 5, 5, 1, 5, 5, 5, 7], [1, 1, 5, 1, 1, 1, 5, 7, 7]]}, {"input": [[0, 0, 0, 0, 0, 5, 5, 5, 0, 5, 5, 4, 0, 0], [0, 0, 0, 0, 0, 5, 5, 5, 0, 5, 4, 4, 0, 0], [0, 0, 0, 0, 0, 5, 5, 5, 0, 5, 5, 4, 0, 0], [0, 5, 7, 7, 0, 0, 0, 0, 0, 0, 0, 0, 0, 0], [0, 5, 5, 7, 0, 0, 0, 0, 0, 0, 7, 7, 5, 0], [0, 5, 5, 5, 0, 5, 5, 5, 0, 0, 7, 5, 5, 0], [0, 0, 0, 0, 0, 5, 5, 4, 0, 0, 5, 5, 5, 0], [0, 5, 5, 5, 0, 5, 4, 4, 0, 0, 0, 0, 0, 0], [0, 5, 8, 5, 0, 0, 0, 0, 0, 0, 0, 0, 0, 0], [0, 8, 8, 8, 0, 0, 0, 0, 0, 0, 0, 0, 0, 0], [0, 0, 0, 0, 0, 9, 9, 9, 0, 0, 4, 5, 5, 0], [0, 5, 5, 5, 0, 5, 9, 5, 0, 0, 4, 4, 5, 0], [0, 7, 5, 5, 0, 5, 5, 5, 0, 0, 4, 5, 5, 0], [0, 7, 7, 5, 0, 0, 0, 0, 0, 0, 0, 0, 0, 0]], "output": [[7, 7, 5, 9, 9, 9, 5, 7, 7], [7, 5, 5, 5, 9, 5, 5, 5, 7], [5, 5, 5, 5, 5, 5, 5, 5, 5], [4, 5, 5, 5, 5, 5, 5, 5, 4], [4, 4, 5, 5, 5, 5, 5, 4, 4], [4, 5, 5, 5, 5, 5, 5, 5, 4], [5, 5, 5, 5, 5, 5, 5, 5, 5], [7, 5, 5, 5, 8, 5, 5, 5, 4], [7, 7, 5, 8, 8, 8, 5, 4, 4]]}, {"input": [[0, 0, 0, 0, 0, 0, 0, 0, 0, 0, 0, 0, 0, 0, 0, 0], [0, 0, 0, 0, 0, 0, 0, 0, 0, 0, 0, 0, 0, 0, 0, 0], [0, 0, 0, 5, 5, 5, 0, 0, 0, 0, 0, 0, 0, 5, 8, 8], [0, 0, 0, 5, 5, 5, 0, 3, 3, 3, 0, 0, 0, 5, 5, 8], [0, 0, 0, 5, 5, 5, 0, 5, 3, 5, 0, 0, 0, 5, 5, 5], [0, 0, 0, 0, 0, 0, 0, 5, 5, 5, 0, 0, 0, 0, 0, 0], [0, 0, 0, 3, 3, 5, 0, 0, 0, 0, 0, 0, 0, 0, 0, 0], [0, 0, 0, 3, 5, 5, 0, 0, 0, 0, 0, 0, 0, 0, 0, 0], [0, 0, 0, 5, 5, 5, 0, 0, 0, 0, 0, 0, 0, 0, 0, 0], [5, 5, 5, 0, 0, 0, 0, 0, 0, 5, 5, 5, 0, 6, 5, 5], [3, 5, 5, 0, 0, 5, 5, 9, 0, 5, 3, 5, 0, 6, 6, 5], [3, 3, 5, 0, 0, 5, 9, 9, 0, 3, 3, 3, 0, 6, 5, 5], [0, 0, 0, 0, 0, 5, 5, 9, 0, 0, 0, 0, 0, 0, 0, 0], [0, 0, 0, 0, 0, 0, 0, 0, 0, 0, 0, 0, 0, 0, 0, 0], [0, 0, 0, 0, 0, 0, 5, 5, 5, 0, 0, 0, 0, 0, 0, 0], [0, 0, 0, 0, 0, 0, 5, 5, 6, 0, 0, 0, 0, 0, 0, 0], [0, 0, 0, 0, 0, 0, 5, 6, 6, 0, 0, 0, 0, 0, 0, 0]], "output": [[3, 3, 5, 3, 3, 3, 5, 8, 8], [3, 5, 5, 5, 3, 5, 5, 5, 8], [5, 5, 5, 5, 5, 5, 5, 5, 5], [6, 5, 5, 5, 5, 5, 5, 5, 9], [6, 6, 5, 5, 5, 5, 5, 9, 9], [6, 5, 5, 5, 5, 5, 5, 5, 9], [5, 5, 5, 5, 5, 5, 5, 5, 5], [3, 5, 5, 5, 3, 5, 5, 5, 6], [3, 3, 5, 3, 3, 3, 5, 6, 6]]}, {"input": [[0, 0, 0, 0, 0, 0, 0, 0, 0, 0, 0, 0, 0, 0, 0, 0, 0], [0, 0, 0, 0, 0, 0, 0, 0, 0, 0, 0, 0, 0, 0, 0, 0, 0], [0, 5, 5, 5, 0, 0, 0, 0, 0, 8, 8, 5, 0, 0, 0, 0, 0], [0, 5, 1, 5, 0, 0, 0, 0, 0, 8, 5, 5, 0, 0, 0, 0, 0], [0, 1, 1, 1, 0, 0, 0, 0, 0, 5, 5, 5, 0, 0, 0, 0, 0], [0, 0, 0, 0, 0, 0, 0, 0, 0, 0, 0, 0, 0, 0, 0, 0, 0], [0, 0, 2, 5, 5, 0, 0, 0, 0, 5, 5, 5, 0, 0, 0, 0, 0], [0, 0, 2, 2, 5, 0, 0, 0, 0, 7, 5, 5, 0, 0, 0, 0, 0], [0, 0, 2, 5, 5, 0, 0, 0, 0, 7, 7, 5, 0, 5, 8, 8, 0], [0, 0, 0, 0, 0, 0, 0, 0, 0, 0, 0, 0, 0, 5, 5, 8, 0], [0, 0, 0, 0, 0, 0, 0, 0, 0, 0, 0, 0, 0, 5, 5, 5, 0], [0, 0, 0, 0, 0, 5, 5, 5, 0, 0, 0, 0, 0, 0, 0, 0, 0], [0, 0, 0, 0, 0, 5, 5, 1, 0, 0, 0, 0, 0, 0, 0, 0, 0], [0, 0, 0, 0, 0, 5, 1, 1, 0, 0, 0, 0, 0, 0, 0, 0, 0], [0, 0, 5, 5, 1, 0, 0, 0, 7, 7, 7, 0, 5, 5, 5, 0, 0], [0, 0, 5, 1, 1, 0, 0, 0, 5, 7, 5, 0, 5, 5, 5, 0, 0], [0, 0, 5, 5, 1, 0, 0, 0, 5, 5, 5, 0, 5, 5, 5, 0, 0]], "output": [[8, 8, 5, 7, 7, 7, 5, 8, 8], [8, 5, 5, 5, 7, 5, 5, 5, 8], [5, 5, 5, 5, 5, 5, 5, 5, 5], [2, 5, 5, 5, 5, 5, 5, 5, 1], [2, 2, 5, 5, 5, 5, 5, 1, 1], [2, 5, 5, 5, 5, 5, 5, 5, 1], [5, 5, 5, 5, 5, 5, 5, 5, 5], [7, 5, 5, 5, 1, 5, 5, 5, 1], [7, 7, 5, 1, 1, 1, 5, 1, 1]]}, {"input": [[0, 0, 0, 0, 0, 0, 0, 0, 0, 0, 0, 0, 0, 0], [0, 0, 2, 5, 5, 0, 0, 0, 0, 0, 0, 0, 0, 0], [0, 0, 2, 2, 5, 0, 0, 0, 0, 0, 0, 0, 0, 0], [0, 0, 2, 5, 5, 0, 5, 5, 5, 0, 0, 0, 0, 0], [0, 0, 0, 0, 0, 0, 5, 5, 5, 0, 0, 0, 0, 0], [0, 0, 0, 0, 0, 0, 5, 5, 5, 0, 0, 0, 0, 0], [5, 5, 7, 0, 0, 0, 0, 0, 0, 0, 4, 4, 4, 0], [5, 7, 7, 0, 0, 5, 8, 8, 0, 0, 5, 4, 5, 0], [5, 5, 7, 0, 0, 5, 5, 8, 0, 0, 5, 5, 5, 0], [0, 0, 0, 0, 0, 5, 5, 5, 0, 0, 0, 0, 0, 0], [0, 8, 8, 5, 0, 0, 0, 0, 0, 0, 0, 0, 0, 0], [0, 8, 5, 5, 0, 0, 0, 0, 0, 0, 5, 5, 5, 0], [0, 5, 5, 5, 0, 0, 0, 0, 0, 0, 5, 5, 1, 0], [0, 0, 0, 0, 0, 0, 0, 0, 0, 0, 5, 1, 1, 0], [0, 5, 5, 5, 0, 0, 5, 5, 5, 0, 0, 0, 0, 0], [0, 7, 5, 5, 0, 0, 5, 4, 5, 0, 0, 0, 0, 0], [0, 7, 7, 5, 0, 0, 4, 4, 4, 0, 0, 0, 0, 0]], "output": [[8, 8, 5, 4, 4, 4, 5, 8, 8], [8, 5, 5, 5, 4, 5, 5, 5, 8], [5, 5, 5, 5, 5, 5, 5, 5, 5], [2, 5, 5, 5, 5, 5, 5, 5, 7], [2, 2, 5, 5, 5, 5, 5, 7, 7], [2, 5, 5, 5, 5, 5, 5, 5, 7], [5, 5, 5, 5, 5, 5, 5, 5, 5], [7, 5, 5, 5, 4, 5, 5, 5, 1], [7, 7, 5, 4, 4, 4, 5, 1, 1]]}, {"input": [[0, 0, 0, 0, 0, 0, 0, 0, 0, 0, 0, 0, 0, 0, 0, 0, 0], [0, 0, 0, 0, 0, 0, 0, 0, 0, 0, 0, 0, 0, 7, 5, 5, 0], [0, 0, 0, 0, 0, 0, 0, 0, 0, 0, 0, 0, 0, 7, 7, 5, 0], [3, 3, 5, 0, 0, 0, 0, 0, 5, 6, 6, 0, 0, 7, 5, 5, 0], [3, 5, 5, 0, 0, 0, 0, 0, 5, 5, 6, 0, 0, 0, 0, 0, 0], [5, 5, 5, 0, 5, 5, 5, 0, 5, 5, 5, 0, 0, 0, 5, 5, 5], [0, 0, 0, 0, 5, 5, 6, 0, 0, 0, 0, 0, 0, 0, 9, 5, 5], [0, 0, 0, 0, 5, 6, 6, 0, 0, 0, 0, 0, 0, 0, 9, 9, 5], [0, 0, 0, 0, 0, 0, 0, 0, 0, 0, 0, 0, 0, 0, 0, 0, 0], [0, 0, 0, 0, 0, 0, 0, 0, 0, 5, 5, 7, 0, 0, 0, 0, 0], [5, 5, 5, 0, 0, 0, 0, 0, 0, 5, 7, 7, 0, 0, 0, 0, 0], [5, 2, 5, 0, 0, 0, 0, 0, 0, 5, 5, 7, 0, 0, 0, 0, 0], [2, 2, 2, 0, 0, 0, 0, 0, 0, 0, 0, 0, 0, 0, 0, 0, 0], [0, 0, 0, 0, 0, 0, 0, 0, 0, 0, 0, 0, 0, 5, 5, 5, 0], [0, 0, 0, 0, 0, 3, 3, 3, 0, 0, 0, 0, 0, 5, 5, 5, 0], [0, 0, 0, 0, 0, 5, 3, 5, 0, 0, 0, 0, 0, 5, 5, 5, 0], [0, 0, 0, 0, 0, 5, 5, 5, 0, 0, 0, 0, 0, 0, 0, 0, 0]], "output": [[3, 3, 5, 3, 3, 3, 5, 6, 6], [3, 5, 5, 5, 3, 5, 5, 5, 6], [5, 5, 5, 5, 5, 5, 5, 5, 5], [7, 5, 5, 5, 5, 5, 5, 5, 7], [7, 7, 5, 5, 5, 5, 5, 7, 7], [7, 5, 5, 5, 5, 5, 5, 5, 7], [5, 5, 5, 5, 5, 5, 5, 5, 5], [9, 5, 5, 5, 2, 5, 5, 5, 6], [9, 9, 5, 2, 2, 2, 5, 6, 6]]}, {"input": [[0, 0, 0, 0, 0, 0, 0, 0, 0, 0, 0, 0, 0, 0, 0, 0, 0], [0, 0, 0, 0, 0, 0, 0, 0, 0, 0, 0, 0, 0, 0, 0, 0, 0], [5, 5, 5, 0, 0, 0, 0, 0, 0, 0, 0, 5, 5, 5, 0, 0, 0], [5, 5, 9, 0, 0, 0, 4, 4, 4, 0, 0, 5, 9, 5, 0, 0, 0], [5, 9, 9, 0, 0, 0, 5, 4, 5, 0, 0, 9, 9, 9, 0, 0, 0], [0, 0, 0, 0, 0, 0, 5, 5, 5, 0, 0, 0, 0, 0, 0, 0, 0], [0, 0, 0, 0, 0, 0, 0, 0, 0, 0, 0, 0, 0, 0, 0, 0, 0], [0, 0, 0, 0, 0, 0, 0, 5, 5, 5, 0, 0, 0, 0, 0, 0, 0], [5, 5, 4, 0, 0, 0, 0, 1, 5, 5, 0, 0, 0, 0, 5, 6, 6], [5, 4, 4, 0, 0, 0, 0, 1, 1, 5, 0, 0, 0, 0, 5, 5, 6], [5, 5, 4, 0, 0, 0, 0, 0, 0, 0, 0, 0, 0, 0, 5, 5, 5], [0, 0, 0, 0, 0, 9, 5, 5, 0, 5, 5, 5, 0, 0, 0, 0, 0], [0, 0, 0, 0, 0, 9, 9, 5, 0, 5, 5, 5, 0, 0, 0, 0, 0], [0, 0, 0, 0, 0, 9, 5, 5, 0, 5, 5, 5, 0, 0, 0, 0, 0], [0, 0, 0, 0, 0, 0, 0, 0, 0, 0, 0, 0, 7, 7, 5, 0, 0], [0, 0, 0, 0, 0, 0, 0, 0, 0, 0, 0, 0, 7, 5, 5, 0, 0], [0, 0, 0, 0, 0, 0, 0, 0, 0, 0, 0, 0, 5, 5, 5, 0, 0]], "output": [[7, 7, 5, 4, 4, 4, 5, 6, 6], [7, 5, 5, 5, 4, 5, 5, 5, 6], [5, 5, 5, 5, 5, 5, 5, 5, 5], [9, 5, 5, 5, 5, 5, 5, 5, 4], [9, 9, 5, 5, 5, 5, 5, 4, 4], [9, 5, 5, 5, 5, 5, 5, 5, 4], [5, 5, 5, 5, 5, 5, 5, 5, 5], [1, 5, 5, 5, 9, 5, 5, 5, 9], [1, 1, 5, 9, 9, 9, 5, 9, 9]]}, {"input": [[0, 0, 0, 0, 0, 0, 0, 0, 0, 0, 0, 0, 0, 0, 0, 0, 0], [0, 0, 0, 0, 0, 0, 0, 0, 0, 0, 0, 0, 5, 5, 5, 0, 0], [0, 0, 0, 0, 0, 0, 0, 6, 6, 5, 0, 0, 5, 4, 5, 0, 0], [0, 0, 0, 0, 0, 0, 0, 6, 5, 5, 0, 0, 4, 4, 4, 0, 0], [5, 5, 5, 0, 0, 0, 0, 5, 5, 5, 0, 0, 0, 0, 0, 0, 0], [6, 5, 5, 0, 0, 0, 0, 0, 0, 0, 0, 0, 0, 0, 0, 0, 0], [6, 6, 5, 0, 0, 0, 0, 0, 0, 0, 5, 5, 5, 0, 6, 6, 6], [0, 0, 0, 0, 0, 0, 0, 0, 0, 0, 5, 5, 5, 0, 5, 6, 5], [0, 0, 0, 0, 0, 5, 5, 9, 0, 0, 5, 5, 5, 0, 5, 5, 5], [0, 5, 9, 9, 0, 5, 9, 9, 0, 0, 0, 0, 0, 0, 0, 0, 0], [0, 5, 5, 9, 0, 5, 5, 9, 0, 0, 0, 0, 0, 0, 0, 0, 0], [0, 5, 5, 5, 0, 0, 0, 0, 0, 0, 0, 0, 0, 0, 0, 0, 0], [0, 0, 0, 0, 0, 0, 0, 0, 0, 0, 0, 0, 0, 0, 0, 0, 0], [0, 0, 0, 0, 0, 0, 0, 7, 5, 5, 0, 0, 0, 5, 5, 5, 0], [0, 0, 0, 0, 0, 0, 0, 7, 7, 5, 0, 0, 0, 5, 5, 3, 0], [0, 0, 0, 0, 0, 0, 0, 7, 5, 5, 0, 0, 0, 5, 3, 3, 0], [0, 0, 0, 0, 0, 0, 0, 0, 0, 0, 0, 0, 0, 0, 0, 0, 0]], "output": [[6, 6, 5, 6, 6, 6, 5, 9, 9], [6, 5, 5, 5, 6, 5, 5, 5, 9], [5, 5, 5, 5, 5, 5, 5, 5, 5], [7, 5, 5, 5, 5, 5, 5, 5, 9], [7, 7, 5, 5, 5, 5, 5, 9, 9], [7, 5, 5, 5, 5, 5, 5, 5, 9], [5, 5, 5, 5, 5, 5, 5, 5, 5], [6, 5, 5, 5, 4, 5, 5, 5, 3], [6, 6, 5, 4, 4, 4, 5, 3, 3]]}]
