[{"input": [[0, 0, 0], [0, 2, 0], [0, 0, 0], [0, 0, 0], [0, 0, 0]], "output": [[3, 0, 8], [0, 0, 0], [6, 0, 7], [0, 0, 0], [0, 0, 0]]}, {"input": [[0, 0, 0], [0, 0, 0], [0, 2, 0], [0, 0, 0], [0, 0, 0]], "output": [[0, 0, 0], [3, 0, 8], [0, 0, 0], [6, 0, 7], [0, 0, 0]]}, {"input": [[0, 0, 0], [0, 0, 0], [2, 0, 0], [0, 0, 0], [0, 0, 0]], "output": [[0, 0, 0], [0, 8, 0], [0, 0, 0], [0, 7, 0], [0, 0, 0]]}, {"input": [[2, 0, 0], [0, 0, 0], [0, 0, 0], [0, 0, 0], [0, 0, 0]], "output": [[0, 0, 0], [0, 7, 0], [0, 0, 0], [0, 0, 0], [0, 0, 0]]}, {"input": [[0, 0, 0], [0, 0, 0], [0, 0, 0], [2, 0, 0], [0, 0, 0]], "output": [[0, 0, 0], [0, 0, 0], [0, 8, 0], [0, 0, 0], [0, 7, 0]]}, {"input": [[0, 2, 0], [0, 0, 0], [0, 0, 0], [0, 0, 0], [0, 0, 0]], "output": [[0, 0, 0], [6, 0, 7], [0, 0, 0], [0, 0, 0], [0, 0, 0]]}, {"input": [[0, 0, 0], [0, 0, 0], [0, 0, 0], [0, 2, 0], [0, 0, 0]], "output": [[0, 0, 0], [0, 0, 0], [3, 0, 8], [0, 0, 0], [6, 0, 7]]}, {"input": [[0, 0, 0], [2, 0, 0], [0, 0, 0], [0, 0, 0], [0, 0, 0]], "output": [[0, 8, 0], [0, 0, 0], [0, 7, 0], [0, 0, 0], [0, 0, 0]]}]
