[{"input": [[8, 0, 0, 8, 8, 8, 8, 0, 8, 8, 8, 0, 8, 8, 8, 0, 8, 0], [8, 8, 0, 0, 0, 0, 8, 0, 8, 0, 8, 0, 8, 0, 8, 0, 8, 0], [0, 8, 8, 8, 8, 0, 0, 8, 8, 0, 8, 0, 0, 8, 8, 0, 8, 8], [0, 0, 0, 0, 8, 8, 8, 8, 0, 0, 8, 8, 8, 8, 0, 0, 0, 8], [8, 8, 8, 0, 0, 0, 0, 0, 8, 0, 0, 0, 0, 0, 0, 0, 8, 8], [0, 0, 8, 0, 8, 0, 8, 0, 8, 8, 8, 0, 0, 0, 8, 8, 8, 0], [0, 8, 8, 0, 8, 8, 8, 0, 0, 0, 8, 8, 8, 0, 8, 0, 0, 8], [0, 8, 0, 8, 0, 0, 0, 8, 8, 0, 0, 0, 8, 0, 8, 8, 0, 8], [8, 8, 0, 8, 8, 0, 0, 0, 8, 0, 8, 0, 8, 8, 0, 8, 0, 8], [8, 5, 1, 0, 0, 0, 0, 0, 0, 0, 8, 0, 0, 8, 0, 8, 8, 8], [8, 1, 0, 8, 8, 8, 8, 0, 8, 0, 8, 0, 0, 8, 0, 0, 0, 0], [8, 0, 0, 8, 0, 0, 8, 0, 8, 0, 8, 8, 0, 8, 0, 8, 8, 8], [8, 8, 0, 8, 8, 0, 8, 0, 8, 8, 0, 8, 0, 8, 0, 0, 0, 0], [0, 8, 0, 0, 8, 0, 8, 0, 0, 0, 0, 0, 0, 8, 8, 8, 8, 8], [8, 8, 0, 8, 8, 0, 8, 8, 8, 8, 8, 8, 8, 0, 0, 0, 0, 8], [8, 0, 8, 8, 0, 0, 0, 0, 0, 0, 0, 0, 8, 8, 0, 0, 8, 8], [8, 8, 8, 0, 8, 8, 0, 8, 8, 8, 8, 8, 0, 8, 0, 0, 8, 0], [0, 0, 0, 0, 8, 0, 0, 8, 0, 0, 0, 8, 0, 8, 8, 8, 8, 0], [8, 0, 8, 8, 8, 0, 0, 0, 0, 0, 8, 8, 0, 0, 0, 0, 0, 8], [8, 8, 8, 0, 0, 8, 8, 0, 0, 0, 8, 0, 0, 8, 8, 8, 0, 8], [0, 0, 0, 0, 0, 0, 8, 8, 0, 0, 8, 0, 8, 0, 0, 8, 0, 8], [0, 8, 8, 8, 8, 8, 0, 8, 0, 8, 8, 0, 8, 8, 0, 8, 0, 8], [8, 8, 0, 0, 0, 8, 0, 8, 0, 8, 0, 8, 0, 0, 8, 8, 0, 8], [8, 0, 8, 8, 0, 8, 8, 8, 0, 8, 0, 8, 8, 0, 8, 0, 0, 8], [8, 0, 8, 0, 0, 0, 0, 0, 8, 8, 0, 0, 0, 8, 8, 0, 0, 8], [8, 8, 0, 8, 8, 8, 0, 8, 8, 0, 8, 8, 0, 8, 0, 0, 0, 8], [0, 8, 0, 8, 0, 8, 8, 8, 0, 0, 0, 8, 0, 8, 8, 0, 0, 8], [8, 8, 0, 8, 8, 0, 0, 0, 8, 8, 8, 0, 0, 0, 8, 8, 8, 8]], "output": [[8, 0, 0, 8, 8, 8, 8, 0, 8, 8, 8, 0, 8, 8, 8, 0, 8, 0], [8, 8, 0, 0, 0, 0, 8, 0, 8, 0, 8, 0, 8, 0, 8, 0, 8, 0], [5, 8, 8, 8, 8, 0, 0, 8, 8, 0, 8, 0, 0, 8, 8, 0, 8, 8], [1, 5, 1, 5, 8, 8, 8, 8, 0, 0, 8, 8, 8, 8, 0, 0, 0, 8], [8, 8, 8, 1, 5, 1, 5, 1, 8, 0, 0, 0, 0, 0, 0, 0, 8, 8], [0, 0, 8, 5, 8, 5, 8, 5, 8, 8, 8, 0, 0, 0, 8, 8, 8, 0], [0, 8, 8, 1, 8, 8, 8, 1, 5, 1, 8, 8, 8, 0, 8, 0, 0, 8], [0, 8, 1, 8, 1, 5, 1, 8, 8, 5, 1, 5, 8, 0, 8, 8, 0, 8], [8, 8, 5, 8, 8, 1, 5, 1, 8, 1, 8, 1, 8, 8, 0, 8, 0, 8], [8, 5, 1, 5, 1, 5, 1, 5, 1, 5, 8, 5, 1, 8, 0, 8, 8, 8], [8, 1, 5, 8, 8, 8, 8, 1, 8, 1, 8, 1, 5, 8, 0, 0, 0, 0], [8, 5, 1, 8, 0, 0, 8, 5, 8, 5, 8, 8, 1, 8, 0, 8, 8, 8], [8, 8, 5, 8, 8, 0, 8, 1, 8, 8, 5, 8, 5, 8, 0, 0, 0, 0], [0, 8, 1, 5, 8, 0, 8, 5, 1, 5, 1, 5, 1, 8, 8, 8, 8, 8], [8, 8, 5, 8, 8, 0, 8, 8, 8, 8, 8, 8, 8, 0, 0, 0, 0, 8], [8, 0, 8, 8, 0, 0, 0, 0, 0, 0, 0, 0, 8, 8, 0, 0, 8, 8], [8, 8, 8, 0, 8, 8, 0, 8, 8, 8, 8, 8, 0, 8, 0, 0, 8, 0], [0, 0, 0, 0, 8, 0, 0, 8, 0, 0, 0, 8, 0, 8, 8, 8, 8, 0], [8, 0, 8, 8, 8, 0, 0, 0, 0, 0, 8, 8, 0, 0, 0, 0, 0, 8], [8, 8, 8, 0, 0, 8, 8, 0, 0, 0, 8, 0, 0, 8, 8, 8, 0, 8], [0, 0, 0, 0, 0, 0, 8, 8, 0, 0, 8, 0, 8, 0, 0, 8, 0, 8], [0, 8, 8, 8, 8, 8, 0, 8, 0, 8, 8, 0, 8, 8, 0, 8, 0, 8], [8, 8, 0, 0, 0, 8, 0, 8, 0, 8, 0, 8, 0, 0, 8, 8, 0, 8], [8, 0, 8, 8, 0, 8, 8, 8, 0, 8, 0, 8, 8, 0, 8, 0, 0, 8], [8, 0, 8, 0, 0, 0, 0, 0, 8, 8, 0, 0, 0, 8, 8, 0, 0, 8], [8, 8, 0, 8, 8, 8, 0, 8, 8, 0, 8, 8, 0, 8, 0, 0, 0, 8], [0, 8, 0, 8, 0, 8, 8, 8, 0, 0, 0, 8, 0, 8, 8, 0, 0, 8], [8, 8, 0, 8, 8, 0, 0, 0, 8, 8, 8, 0, 0, 0, 8, 8, 8, 8]]}, {"input": [[8, 8, 8, 8, 0, 8, 8, 0, 0, 8, 8, 8, 0, 0, 8, 8, 8, 8, 8, 0], [8, 0, 0, 8, 0, 8, 0, 0, 0, 8, 0, 8, 8, 0, 0, 0, 0, 0, 8, 8], [0, 0, 8, 8, 0, 8, 8, 8, 8, 8, 0, 0, 8, 8, 0, 8, 8, 0, 0, 8], [8, 8, 8, 0, 8, 0, 0, 0, 0, 0, 8, 8, 0, 8, 0, 0, 8, 8, 0, 8], [8, 0, 0, 0, 8, 8, 8, 0, 8, 8, 8, 0, 0, 8, 0, 0, 0, 8, 8, 8], [8, 8, 0, 0, 0, 0, 8, 0, 8, 0, 0, 8, 8, 8, 0, 8, 8, 0, 0, 0], [0, 8, 8, 0, 0, 8, 8, 0, 0, 8, 8, 8, 0, 0, 8, 0, 8, 8, 8, 0], [8, 0, 8, 8, 8, 8, 0, 8, 0, 8, 0, 0, 0, 0, 8, 0, 0, 0, 8, 8], [8, 8, 0, 0, 0, 0, 0, 8, 0, 8, 8, 8, 8, 0, 8, 0, 8, 8, 0, 8], [0, 0, 8, 8, 8, 8, 0, 8, 8, 0, 0, 0, 8, 0, 0, 0, 0, 0, 0, 8], [8, 8, 8, 0, 0, 8, 8, 0, 0, 8, 8, 8, 8, 0, 0, 8, 8, 8, 0, 8], [8, 0, 0, 0, 0, 0, 0, 8, 8, 8, 0, 0, 0, 8, 8, 8, 0, 8, 0, 8], [8, 0, 0, 8, 8, 8, 0, 8, 0, 0, 8, 8, 8, 0, 0, 0, 0, 8, 0, 8], [8, 0, 0, 8, 0, 8, 0, 8, 0, 8, 8, 0, 8, 8, 8, 8, 8, 8, 0, 8], [8, 0, 0, 8, 0, 8, 0, 8, 8, 8, 0, 0, 2, 5, 2, 0, 0, 0, 0, 8], [8, 0, 8, 8, 0, 8, 8, 0, 0, 0, 8, 8, 8, 8, 0, 0, 0, 8, 8, 8], [8, 8, 8, 0, 0, 0, 8, 8, 8, 8, 8, 0, 0, 8, 8, 8, 8, 8, 0, 0]], "output": [[8, 8, 8, 8, 0, 8, 8, 0, 0, 8, 8, 8, 0, 0, 8, 8, 8, 8, 8, 0], [8, 0, 0, 8, 0, 8, 0, 0, 0, 8, 0, 8, 8, 0, 0, 0, 0, 0, 8, 8], [0, 0, 8, 8, 0, 8, 8, 8, 8, 8, 0, 0, 8, 8, 0, 8, 8, 0, 0, 8], [8, 8, 8, 0, 8, 0, 0, 0, 0, 0, 8, 8, 0, 8, 0, 0, 8, 8, 0, 8], [8, 0, 0, 0, 8, 8, 8, 0, 8, 8, 8, 0, 0, 8, 0, 0, 0, 8, 8, 8], [8, 8, 0, 0, 0, 0, 8, 0, 8, 0, 0, 8, 8, 8, 0, 8, 8, 0, 0, 0], [0, 8, 8, 0, 0, 8, 8, 0, 0, 8, 8, 8, 2, 5, 8, 5, 8, 8, 8, 0], [8, 0, 8, 8, 8, 8, 0, 8, 0, 8, 5, 2, 5, 2, 8, 2, 5, 2, 8, 8], [8, 8, 0, 0, 0, 0, 0, 8, 0, 8, 8, 8, 8, 5, 8, 5, 8, 8, 2, 8], [0, 0, 8, 8, 8, 8, 0, 8, 8, 0, 0, 0, 8, 2, 5, 2, 5, 2, 5, 8], [8, 8, 8, 0, 0, 8, 8, 0, 0, 8, 8, 8, 8, 5, 2, 8, 8, 8, 2, 8], [8, 0, 0, 0, 0, 0, 0, 8, 8, 8, 0, 0, 0, 8, 8, 8, 0, 8, 5, 8], [8, 0, 0, 8, 8, 8, 0, 8, 0, 0, 8, 8, 8, 0, 0, 0, 0, 8, 2, 8], [8, 0, 0, 8, 0, 8, 0, 8, 0, 8, 8, 2, 8, 8, 8, 8, 8, 8, 5, 8], [8, 0, 0, 8, 0, 8, 0, 8, 8, 8, 2, 5, 2, 5, 2, 5, 2, 5, 2, 8], [8, 0, 8, 8, 0, 8, 8, 0, 0, 0, 8, 8, 8, 8, 5, 2, 5, 8, 8, 8], [8, 8, 8, 0, 0, 0, 8, 8, 8, 8, 8, 0, 0, 8, 8, 8, 8, 8, 0, 0]]}, {"input": [[8, 8, 0, 8, 8, 8, 0, 8, 8, 8, 0, 8, 0, 8, 8, 8, 8, 0, 0, 8, 8], [0, 8, 0, 8, 0, 8, 0, 0, 0, 8, 0, 8, 0, 0, 0, 0, 8, 0, 8, 8, 0], [8, 8, 0, 0, 8, 8, 0, 8, 8, 8, 0, 8, 8, 8, 8, 8, 0, 8, 8, 0, 0], [8, 0, 0, 8, 8, 0, 0, 8, 0, 0, 0, 0, 0, 0, 0, 8, 8, 8, 0, 0, 8], [8, 8, 8, 8, 0, 0, 8, 8, 0, 8, 0, 8, 8, 0, 8, 0, 0, 0, 0, 0, 8], [0, 0, 0, 0, 8, 8, 8, 0, 0, 8, 0, 8, 0, 0, 8, 8, 0, 0, 0, 0, 8], [8, 0, 8, 8, 8, 0, 0, 8, 0, 8, 0, 8, 8, 8, 0, 8, 0, 8, 8, 8, 8], [8, 0, 8, 0, 0, 0, 8, 8, 0, 8, 0, 0, 0, 8, 0, 8, 0, 8, 0, 0, 0], [8, 0, 8, 0, 8, 8, 7, 2, 0, 8, 0, 0, 0, 8, 8, 8, 0, 8, 8, 0, 8], [0, 8, 8, 0, 0, 8, 8, 8, 0, 8, 8, 0, 0, 0, 0, 0, 8, 0, 8, 8, 8], [0, 8, 0, 8, 0, 0, 0, 8, 0, 0, 8, 8, 8, 8, 0, 0, 8, 8, 0, 0, 0], [8, 8, 0, 8, 8, 0, 0, 8, 8, 8, 0, 0, 0, 8, 8, 0, 0, 8, 8, 8, 0], [8, 0, 0, 0, 0, 0, 0, 0, 0, 8, 0, 8, 8, 0, 8, 8, 8, 0, 0, 8, 8], [8, 8, 0, 8, 0, 0, 0, 0, 8, 8, 0, 8, 0, 8, 0, 0, 8, 0, 8, 0, 8], [0, 8, 0, 8, 8, 0, 8, 8, 8, 0, 8, 8, 0, 8, 8, 0, 8, 0, 8, 0, 8], [0, 8, 0, 0, 8, 0, 8, 0, 0, 0, 8, 0, 0, 0, 0, 8, 8, 0, 0, 0, 8], [8, 8, 0, 8, 8, 0, 8, 8, 8, 0, 8, 8, 8, 8, 8, 8, 0, 8, 8, 8, 8]], "output": [[8, 8, 0, 8, 8, 8, 0, 8, 8, 8, 7, 8, 0, 8, 8, 8, 8, 0, 0, 8, 8], [0, 8, 0, 8, 0, 8, 0, 0, 0, 8, 2, 8, 0, 0, 0, 0, 8, 0, 8, 8, 0], [8, 8, 0, 0, 8, 8, 0, 8, 8, 8, 7, 8, 8, 8, 8, 8, 0, 8, 8, 0, 0], [8, 0, 0, 8, 8, 0, 0, 8, 2, 7, 2, 7, 2, 7, 2, 8, 8, 8, 0, 0, 8], [8, 8, 8, 8, 0, 0, 8, 8, 7, 8, 7, 8, 8, 2, 8, 0, 0, 0, 0, 0, 8], [0, 0, 0, 0, 8, 8, 8, 7, 2, 8, 2, 8, 2, 7, 8, 8, 0, 0, 0, 0, 8], [8, 0, 8, 8, 8, 0, 0, 8, 7, 8, 7, 8, 8, 8, 0, 8, 0, 8, 8, 8, 8], [8, 0, 8, 0, 0, 0, 8, 8, 2, 8, 2, 7, 2, 8, 0, 8, 0, 8, 0, 0, 0], [8, 0, 8, 0, 8, 8, 7, 2, 7, 8, 7, 2, 7, 8, 8, 8, 0, 8, 8, 0, 8], [0, 8, 8, 0, 0, 8, 8, 8, 2, 8, 8, 7, 2, 7, 2, 7, 8, 0, 8, 8, 8], [0, 8, 0, 8, 0, 0, 0, 8, 7, 2, 8, 8, 8, 8, 7, 2, 8, 8, 0, 0, 0], [8, 8, 0, 8, 8, 0, 0, 8, 8, 8, 0, 0, 0, 8, 8, 7, 2, 8, 8, 8, 0], [8, 0, 0, 0, 0, 0, 0, 0, 0, 8, 0, 8, 8, 0, 8, 8, 8, 0, 0, 8, 8], [8, 8, 0, 8, 0, 0, 0, 0, 8, 8, 0, 8, 0, 8, 0, 0, 8, 0, 8, 0, 8], [0, 8, 0, 8, 8, 0, 8, 8, 8, 0, 8, 8, 0, 8, 8, 0, 8, 0, 8, 0, 8], [0, 8, 0, 0, 8, 0, 8, 0, 0, 0, 8, 0, 0, 0, 0, 8, 8, 0, 0, 0, 8], [8, 8, 0, 8, 8, 0, 8, 8, 8, 0, 8, 8, 8, 8, 8, 8, 0, 8, 8, 8, 8]]}, {"input": [[8, 8, 8, 0, 0, 0, 8, 8, 8, 0, 8, 8, 8, 0, 0, 8, 8, 8, 8], [8, 0, 8, 8, 8, 8, 0, 0, 0, 8, 8, 0, 8, 8, 8, 8, 0, 0, 8], [0, 0, 0, 0, 0, 8, 8, 8, 8, 8, 0, 0, 0, 0, 0, 0, 8, 8, 8], [8, 8, 8, 8, 8, 0, 0, 0, 0, 0, 0, 8, 8, 8, 8, 8, 8, 0, 0], [0, 0, 0, 0, 8, 0, 8, 8, 8, 0, 0, 8, 0, 0, 0, 0, 0, 0, 8], [8, 0, 8, 0, 8, 8, 0, 0, 0, 0, 0, 8, 8, 8, 8, 8, 0, 0, 8], [8, 0, 8, 8, 0, 0, 8, 8, 8, 8, 8, 0, 0, 0, 0, 8, 0, 8, 8], [8, 8, 0, 8, 8, 0, 8, 0, 0, 0, 8, 8, 0, 0, 0, 8, 0, 8, 0], [0, 8, 0, 0, 8, 0, 8, 8, 8, 0, 0, 8, 8, 0, 8, 8, 0, 8, 8], [0, 8, 8, 0, 0, 0, 0, 0, 8, 8, 0, 0, 0, 0, 8, 0, 7, 4, 8], [0, 0, 8, 8, 8, 8, 8, 8, 0, 8, 8, 8, 8, 0, 8, 0, 8, 8, 8], [8, 0, 0, 0, 0, 0, 0, 8, 0, 0, 0, 0, 8, 0, 8, 0, 8, 0, 0], [8, 8, 8, 8, 0, 8, 8, 0, 8, 8, 0, 8, 8, 0, 8, 0, 8, 8, 8], [0, 0, 0, 8, 8, 8, 0, 0, 8, 0, 8, 8, 0, 8, 8, 0, 0, 0, 8], [8, 8, 0, 0, 0, 0, 8, 0, 8, 0, 8, 0, 8, 8, 0, 8, 8, 8, 8], [0, 8, 8, 0, 8, 8, 8, 0, 8, 0, 8, 0, 8, 0, 8, 8, 0, 0, 0], [0, 0, 8, 0, 8, 0, 0, 0, 8, 0, 8, 8, 8, 0, 8, 0, 0, 8, 0], [8, 0, 8, 8, 8, 0, 8, 0, 8, 8, 0, 0, 0, 0, 8, 0, 8, 8, 0], [8, 8, 0, 0, 0, 8, 8, 0, 0, 8, 8, 8, 8, 8, 8, 0, 8, 0, 0]], "output": [[8, 8, 8, 0, 0, 0, 8, 8, 8, 0, 8, 8, 8, 0, 0, 8, 8, 8, 8], [8, 0, 8, 8, 8, 8, 0, 0, 0, 8, 8, 0, 8, 8, 8, 8, 0, 0, 8], [0, 0, 0, 0, 0, 8, 8, 8, 8, 8, 0, 0, 0, 0, 0, 0, 8, 8, 8], [8, 8, 8, 8, 8, 0, 0, 0, 0, 0, 0, 8, 8, 8, 8, 8, 8, 4, 7], [0, 0, 0, 0, 8, 0, 8, 8, 8, 0, 0, 8, 4, 7, 4, 7, 4, 7, 8], [8, 0, 8, 0, 8, 8, 0, 0, 0, 0, 0, 8, 8, 8, 8, 8, 7, 4, 8], [8, 0, 8, 8, 0, 0, 8, 8, 8, 8, 8, 0, 0, 0, 0, 8, 4, 8, 8], [8, 8, 0, 8, 8, 0, 8, 0, 0, 0, 8, 8, 0, 0, 0, 8, 7, 8, 0], [0, 8, 0, 0, 8, 0, 8, 8, 8, 0, 0, 8, 8, 0, 8, 8, 4, 8, 8], [0, 8, 8, 0, 0, 0, 0, 0, 8, 8, 0, 0, 0, 0, 8, 4, 7, 4, 8], [0, 0, 8, 8, 8, 8, 8, 8, 0, 8, 8, 8, 8, 0, 8, 7, 8, 8, 8], [8, 0, 0, 0, 0, 0, 0, 8, 0, 0, 0, 0, 8, 0, 8, 4, 8, 0, 0], [8, 8, 8, 8, 0, 8, 8, 0, 8, 8, 0, 8, 8, 0, 8, 7, 8, 8, 8], [0, 0, 0, 8, 8, 8, 0, 0, 8, 0, 8, 8, 0, 8, 8, 4, 7, 4, 8], [8, 8, 0, 0, 0, 0, 8, 0, 8, 0, 8, 0, 8, 8, 0, 8, 8, 8, 8], [0, 8, 8, 0, 8, 8, 8, 0, 8, 0, 8, 0, 8, 0, 8, 8, 0, 0, 0], [0, 0, 8, 0, 8, 0, 0, 0, 8, 0, 8, 8, 8, 0, 8, 0, 0, 8, 0], [8, 0, 8, 8, 8, 0, 8, 0, 8, 8, 0, 0, 0, 0, 8, 0, 8, 8, 0], [8, 8, 0, 0, 0, 8, 8, 0, 0, 8, 8, 8, 8, 8, 8, 0, 8, 0, 0]]}, {"input": [[8, 8, 8, 8, 8, 8, 0, 8, 8, 8, 0, 0, 8, 8, 8, 0, 0, 8, 0, 0, 8, 8, 8, 0, 8, 0, 8, 8, 8], [0, 0, 0, 0, 0, 8, 0, 8, 0, 0, 8, 8, 8, 0, 8, 8, 0, 8, 8, 8, 8, 0, 8, 0, 8, 0, 8, 0, 8], [8, 8, 0, 8, 0, 8, 8, 0, 0, 8, 8, 0, 0, 0, 0, 8, 0, 0, 0, 0, 0, 8, 8, 0, 8, 8, 0, 0, 8], [8, 0, 0, 8, 8, 0, 8, 8, 8, 8, 0, 0, 0, 0, 8, 8, 0, 0, 0, 8, 8, 8, 0, 0, 0, 8, 0, 8, 8], [8, 8, 0, 0, 8, 0, 0, 0, 0, 0, 0, 0, 0, 8, 8, 0, 0, 0, 8, 8, 0, 0, 0, 0, 8, 8, 0, 0, 0], [0, 8, 0, 0, 8, 8, 0, 0, 8, 8, 0, 0, 8, 8, 0, 0, 8, 8, 8, 0, 0, 8, 0, 0, 8, 0, 8, 8, 8], [0, 8, 0, 0, 0, 8, 8, 8, 0, 8, 8, 0, 8, 0, 8, 8, 8, 0, 0, 0, 8, 8, 0, 8, 8, 0, 0, 0, 8], [0, 8, 8, 8, 8, 0, 0, 8, 8, 0, 0, 8, 8, 0, 8, 0, 0, 0, 0, 0, 8, 0, 0, 8, 0, 8, 8, 8, 8], [8, 0, 0, 0, 8, 8, 8, 0, 8, 8, 0, 8, 0, 0, 8, 8, 8, 8, 0, 0, 8, 0, 0, 8, 8, 8, 0, 0, 0], [8, 8, 0, 0, 0, 0, 8, 8, 0, 8, 0, 8, 0, 8, 0, 0, 0, 8, 0, 8, 8, 0, 0, 0, 0, 0, 8, 8, 8], [0, 8, 0, 8, 8, 0, 0, 8, 0, 8, 0, 8, 0, 8, 8, 0, 0, 8, 8, 0, 0, 0, 0, 0, 0, 0, 8, 0, 8], [0, 8, 8, 0, 8, 8, 0, 8, 0, 8, 0, 8, 8, 0, 0, 8, 8, 0, 8, 8, 0, 0, 0, 8, 8, 8, 0, 8, 8], [0, 0, 8, 8, 0, 0, 0, 8, 8, 0, 8, 0, 8, 8, 0, 8, 0, 0, 0, 8, 8, 8, 8, 8, 0, 8, 8, 8, 0], [8, 0, 0, 8, 8, 8, 0, 0, 8, 0, 8, 8, 0, 8, 0, 0, 0, 8, 0, 0, 0, 0, 0, 0, 0, 0, 0, 0, 2], [8, 0, 8, 0, 0, 8, 8, 0, 8, 0, 0, 8, 0, 8, 0, 8, 0, 8, 0, 0, 8, 0, 8, 8, 0, 8, 8, 8, 3], [8, 0, 8, 8, 0, 0, 8, 0, 8, 8, 0, 8, 0, 8, 0, 8, 0, 8, 8, 0, 8, 8, 8, 0, 0, 8, 0, 8, 8], [8, 8, 0, 8, 8, 0, 8, 8, 0, 8, 0, 0, 8, 8, 0, 8, 0, 0, 8, 0, 0, 0, 0, 0, 0, 8, 8, 0, 8], [0, 8, 8, 0, 8, 8, 0, 8, 8, 8, 0, 0, 8, 0, 8, 8, 0, 0, 8, 8, 0, 8, 8, 8, 8, 0, 8, 0, 8], [0, 0, 8, 0, 0, 8, 8, 0, 0, 0, 0, 8, 8, 0, 8, 0, 0, 0, 0, 0, 8, 8, 0, 0, 8, 8, 0, 0, 8], [8, 0, 8, 8, 0, 0, 8, 0, 0, 0, 8, 8, 0, 0, 0, 8, 8, 8, 8, 8, 8, 0, 0, 0, 0, 8, 8, 0, 8], [8, 8, 0, 8, 8, 8, 8, 0, 0, 8, 8, 0, 0, 8, 8, 8, 0, 0, 0, 0, 0, 8, 8, 0, 8, 0, 8, 0, 8], [0, 8, 8, 0, 0, 0, 0, 8, 8, 8, 0, 0, 8, 8, 0, 0, 8, 8, 8, 8, 0, 8, 0, 0, 8, 0, 8, 0, 8], [8, 0, 8, 0, 8, 0, 8, 8, 0, 0, 8, 8, 8, 0, 8, 8, 0, 0, 0, 8, 0, 8, 8, 0, 8, 0, 8, 8, 8], [8, 0, 8, 0, 8, 0, 8, 0, 0, 0, 8, 0, 0, 8, 8, 0, 8, 8, 8, 0, 0, 0, 8, 0, 8, 0, 0, 0, 0], [8, 8, 8, 0, 8, 0, 8, 8, 8, 8, 8, 0, 0, 8, 0, 0, 8, 0, 8, 0, 8, 8, 8, 0, 8, 8, 8, 0, 8], [0, 0, 0, 8, 8, 0, 0, 0, 0, 0, 0, 0, 0, 8, 8, 8, 8, 0, 8, 8, 8, 0, 0, 0, 0, 0, 8, 8, 8]], "output": [[8, 8, 8, 8, 8, 8, 0, 8, 8, 8, 0, 0, 8, 8, 8, 0, 0, 8, 0, 0, 8, 8, 8, 0, 8, 0, 8, 8, 8], [0, 0, 0, 0, 0, 8, 0, 8, 0, 0, 8, 8, 8, 0, 8, 8, 0, 8, 8, 8, 8, 0, 8, 0, 8, 0, 8, 0, 8], [8, 8, 0, 8, 0, 8, 8, 0, 0, 8, 8, 0, 0, 0, 0, 8, 0, 0, 0, 0, 0, 8, 8, 0, 8, 8, 0, 0, 8], [8, 0, 0, 8, 8, 0, 8, 8, 8, 8, 0, 0, 0, 0, 8, 8, 0, 0, 0, 8, 8, 8, 0, 0, 0, 8, 0, 8, 8], [8, 8, 0, 0, 8, 0, 0, 0, 0, 0, 0, 0, 0, 8, 8, 0, 0, 0, 8, 8, 0, 0, 0, 0, 8, 8, 0, 0, 0], [0, 8, 0, 0, 8, 8, 0, 0, 8, 8, 0, 0, 8, 8, 0, 0, 8, 8, 8, 0, 0, 8, 0, 0, 8, 0, 8, 8, 8], [0, 8, 0, 0, 0, 8, 8, 8, 0, 8, 8, 0, 8, 0, 8, 8, 8, 0, 0, 0, 8, 8, 0, 8, 8, 0, 0, 0, 8], [0, 8, 8, 8, 8, 0, 0, 8, 8, 0, 0, 8, 8, 0, 8, 0, 0, 0, 0, 0, 8, 0, 0, 8, 0, 8, 8, 8, 8], [8, 0, 0, 0, 8, 8, 8, 0, 8, 8, 0, 8, 0, 0, 8, 8, 8, 8, 0, 0, 8, 0, 0, 8, 8, 8, 0, 0, 0], [8, 8, 0, 0, 0, 0, 8, 8, 0, 8, 0, 8, 0, 8, 0, 0, 0, 8, 0, 8, 8, 0, 0, 0, 0, 0, 8, 8, 8], [0, 8, 0, 8, 8, 0, 0, 8, 0, 8, 0, 8, 0, 8, 8, 0, 0, 8, 8, 0, 0, 0, 0, 0, 0, 0, 8, 0, 8], [0, 8, 8, 0, 8, 8, 0, 8, 0, 8, 0, 8, 8, 3, 2, 8, 8, 3, 8, 8, 0, 0, 0, 8, 8, 8, 0, 8, 8], [0, 0, 8, 8, 0, 0, 0, 8, 8, 0, 8, 0, 8, 8, 3, 8, 3, 2, 3, 8, 8, 8, 8, 8, 3, 8, 8, 8, 3], [8, 0, 0, 8, 8, 8, 0, 0, 8, 0, 8, 8, 0, 8, 2, 3, 2, 8, 2, 3, 2, 3, 2, 3, 2, 3, 2, 3, 2], [8, 0, 8, 0, 0, 8, 8, 0, 8, 0, 0, 8, 0, 8, 3, 8, 3, 8, 3, 2, 8, 2, 8, 8, 3, 8, 8, 8, 3], [8, 0, 8, 8, 0, 0, 8, 0, 8, 8, 0, 8, 0, 8, 2, 8, 2, 8, 8, 3, 8, 8, 8, 3, 2, 8, 0, 8, 8], [8, 8, 0, 8, 8, 0, 8, 8, 0, 8, 0, 0, 8, 8, 3, 8, 3, 2, 8, 2, 3, 2, 3, 2, 3, 8, 8, 0, 8], [0, 8, 8, 0, 8, 8, 0, 8, 8, 8, 0, 0, 8, 0, 8, 8, 2, 3, 8, 8, 2, 8, 8, 8, 8, 0, 8, 0, 8], [0, 0, 8, 0, 0, 8, 8, 0, 0, 0, 0, 8, 8, 0, 8, 2, 3, 2, 3, 2, 8, 8, 0, 0, 8, 8, 0, 0, 8], [8, 0, 8, 8, 0, 0, 8, 0, 0, 0, 8, 8, 0, 0, 0, 8, 8, 8, 8, 8, 8, 0, 0, 0, 0, 8, 8, 0, 8], [8, 8, 0, 8, 8, 8, 8, 0, 0, 8, 8, 0, 0, 8, 8, 8, 0, 0, 0, 0, 0, 8, 8, 0, 8, 0, 8, 0, 8], [0, 8, 8, 0, 0, 0, 0, 8, 8, 8, 0, 0, 8, 8, 0, 0, 8, 8, 8, 8, 0, 8, 0, 0, 8, 0, 8, 0, 8], [8, 0, 8, 0, 8, 0, 8, 8, 0, 0, 8, 8, 8, 0, 8, 8, 0, 0, 0, 8, 0, 8, 8, 0, 8, 0, 8, 8, 8], [8, 0, 8, 0, 8, 0, 8, 0, 0, 0, 8, 0, 0, 8, 8, 0, 8, 8, 8, 0, 0, 0, 8, 0, 8, 0, 0, 0, 0], [8, 8, 8, 0, 8, 0, 8, 8, 8, 8, 8, 0, 0, 8, 0, 0, 8, 0, 8, 0, 8, 8, 8, 0, 8, 8, 8, 0, 8], [0, 0, 0, 8, 8, 0, 0, 0, 0, 0, 0, 0, 0, 8, 8, 8, 8, 0, 8, 8, 8, 0, 0, 0, 0, 0, 8, 8, 8]]}, {"input": [[8, 0, 8, 8, 0, 0, 8, 8, 8, 8, 0, 8, 8, 8, 0, 0, 8, 0, 8, 8, 8, 8, 0, 8], [8, 0, 0, 8, 8, 0, 0, 0, 0, 8, 8, 8, 0, 8, 8, 0, 8, 8, 0, 0, 0, 8, 8, 8], [8, 0, 0, 0, 8, 0, 8, 8, 0, 0, 0, 0, 0, 0, 8, 8, 0, 8, 8, 8, 8, 0, 0, 0], [8, 8, 0, 8, 8, 0, 8, 0, 8, 8, 8, 8, 8, 8, 0, 8, 0, 0, 0, 0, 8, 0, 8, 8], [0, 8, 8, 0, 0, 0, 8, 8, 8, 0, 0, 0, 0, 8, 0, 8, 8, 8, 8, 0, 8, 8, 0, 0], [8, 0, 8, 8, 8, 0, 0, 0, 0, 8, 8, 8, 0, 8, 8, 0, 0, 0, 8, 0, 0, 8, 8, 8], [8, 0, 0, 0, 8, 0, 8, 8, 8, 8, 0, 8, 8, 0, 0, 8, 8, 8, 8, 0, 0, 0, 0, 8], [8, 0, 0, 0, 8, 8, 8, 0, 0, 0, 0, 0, 8, 8, 8, 0, 0, 0, 0, 8, 8, 0, 0, 8], [8, 0, 8, 8, 0, 0, 0, 8, 8, 8, 8, 0, 0, 0, 8, 8, 0, 8, 8, 0, 8, 8, 8, 8], [8, 0, 8, 0, 8, 8, 0, 8, 0, 0, 8, 8, 0, 0, 0, 8, 0, 0, 8, 8, 0, 0, 0, 0], [8, 8, 8, 0, 8, 0, 0, 8, 8, 8, 0, 8, 8, 0, 0, 8, 8, 8, 0, 8, 8, 0, 8, 8], [0, 0, 0, 8, 8, 0, 8, 0, 0, 8, 0, 0, 8, 8, 0, 0, 0, 8, 0, 0, 8, 8, 0, 8], [8, 0, 0, 8, 0, 0, 8, 0, 8, 8, 0, 8, 0, 8, 0, 8, 0, 8, 8, 8, 0, 8, 0, 0], [8, 0, 8, 8, 0, 0, 8, 0, 8, 0, 0, 8, 8, 8, 0, 8, 8, 0, 0, 8, 0, 8, 8, 8], [8, 0, 8, 0, 0, 8, 8, 0, 8, 8, 0, 0, 0, 0, 8, 0, 0, 8, 8, 8, 0, 0, 0, 8], [8, 0, 8, 8, 0, 8, 0, 8, 0, 8, 8, 8, 0, 8, 8, 0, 8, 8, 0, 0, 8, 8, 0, 8], [8, 8, 0, 8, 8, 8, 0, 8, 8, 0, 0, 8, 0, 0, 0, 8, 8, 0, 0, 0, 0, 8, 8, 8], [0, 8, 8, 0, 0, 0, 8, 0, 8, 8, 0, 8, 8, 0, 8, 8, 0, 0, 8, 0, 0, 0, 0, 0], [0, 0, 8, 8, 8, 0, 8, 0, 0, 8, 8, 0, 8, 8, 8, 0, 8, 0, 8, 0, 8, 8, 8, 8], [0, 8, 0, 0, 8, 0, 8, 0, 0, 0, 8, 8, 0, 0, 0, 0, 8, 0, 8, 8, 8, 0, 0, 8], [8, 8, 0, 0, 8, 0, 0, 8, 8, 8, 0, 8, 0, 0, 8, 8, 8, 0, 0, 0, 0, 0, 0, 8], [8, 0, 0, 8, 8, 0, 8, 0, 0, 8, 0, 8, 8, 0, 8, 0, 0, 8, 8, 8, 0, 8, 8, 8], [8, 8, 8, 8, 0, 0, 8, 8, 0, 0, 0, 0, 8, 0, 8, 8, 0, 8, 0, 8, 8, 8, 0, 0], [0, 0, 0, 0, 0, 0, 0, 0, 9, 8, 8, 8, 8, 0, 0, 8, 8, 8, 0, 0, 0, 0, 8, 8], [0, 8, 8, 8, 0, 8, 8, 8, 7, 8, 0, 0, 0, 8, 8, 0, 0, 0, 8, 8, 0, 0, 0, 8], [8, 8, 0, 8, 8, 0, 0, 0, 8, 8, 0, 8, 8, 8, 0, 8, 8, 8, 8, 0, 0, 0, 8, 8], [8, 0, 0, 0, 8, 8, 8, 8, 8, 0, 8, 8, 0, 0, 0, 8, 0, 0, 0, 0, 0, 0, 8, 0], [8, 8, 0, 8, 0, 0, 0, 0, 0, 0, 8, 0, 8, 8, 8, 0, 0, 0, 0, 0, 0, 8, 8, 0], [0, 8, 8, 8, 0, 8, 8, 8, 8, 0, 8, 8, 8, 0, 8, 8, 8, 8, 8, 8, 8, 8, 0, 0]], "output": [[8, 0, 8, 8, 0, 0, 8, 8, 8, 8, 0, 8, 8, 8, 0, 0, 8, 0, 8, 8, 8, 8, 0, 8], [8, 0, 0, 8, 8, 0, 0, 0, 0, 8, 8, 8, 0, 8, 8, 0, 8, 8, 0, 0, 0, 8, 8, 8], [8, 0, 0, 0, 8, 0, 8, 8, 0, 0, 0, 0, 0, 0, 8, 8, 0, 8, 8, 8, 8, 0, 0, 0], [8, 8, 0, 8, 8, 0, 8, 0, 8, 8, 8, 8, 8, 8, 0, 8, 0, 0, 0, 0, 8, 0, 8, 8], [0, 8, 8, 0, 0, 0, 8, 8, 8, 0, 0, 0, 0, 8, 0, 8, 8, 8, 8, 0, 8, 8, 0, 0], [8, 0, 8, 8, 8, 0, 0, 0, 0, 8, 8, 8, 0, 8, 8, 0, 0, 0, 8, 0, 0, 8, 8, 8], [8, 0, 0, 0, 8, 0, 8, 8, 8, 8, 0, 8, 8, 0, 0, 8, 8, 8, 8, 0, 0, 0, 0, 8], [8, 0, 0, 0, 8, 8, 8, 0, 0, 0, 0, 0, 8, 8, 8, 0, 0, 0, 0, 8, 8, 0, 0, 8], [8, 0, 8, 8, 0, 0, 0, 8, 8, 8, 8, 0, 0, 0, 8, 8, 0, 8, 8, 0, 8, 8, 8, 8], [8, 0, 8, 0, 8, 8, 0, 8, 0, 0, 8, 8, 0, 0, 0, 8, 0, 0, 8, 8, 0, 0, 0, 0], [8, 8, 8, 0, 8, 0, 0, 8, 8, 8, 0, 8, 8, 0, 0, 8, 8, 8, 0, 8, 8, 0, 8, 8], [0, 0, 0, 8, 8, 0, 8, 0, 0, 8, 0, 0, 8, 8, 0, 0, 0, 8, 0, 0, 8, 8, 0, 8], [8, 0, 0, 8, 0, 0, 8, 0, 8, 8, 0, 8, 0, 8, 0, 8, 0, 8, 8, 8, 0, 8, 0, 0], [8, 0, 8, 8, 0, 0, 8, 0, 8, 0, 0, 8, 8, 8, 0, 8, 8, 0, 0, 8, 0, 8, 8, 8], [8, 0, 8, 0, 0, 8, 8, 0, 8, 8, 0, 0, 0, 0, 8, 0, 0, 8, 8, 8, 0, 0, 0, 8], [8, 0, 8, 8, 0, 8, 0, 8, 0, 8, 8, 8, 0, 8, 8, 0, 8, 8, 0, 0, 8, 8, 0, 8], [8, 8, 0, 8, 8, 8, 0, 8, 8, 0, 0, 8, 0, 0, 0, 8, 8, 0, 0, 0, 0, 8, 8, 8], [0, 8, 8, 7, 9, 7, 8, 0, 8, 8, 0, 8, 8, 0, 8, 8, 0, 0, 8, 0, 0, 0, 0, 0], [0, 0, 8, 8, 8, 9, 8, 0, 0, 8, 8, 0, 8, 8, 8, 0, 8, 0, 8, 0, 8, 8, 8, 8], [0, 8, 0, 0, 8, 7, 8, 0, 0, 0, 8, 8, 0, 0, 0, 0, 8, 0, 8, 8, 8, 0, 0, 8], [8, 8, 0, 0, 8, 9, 7, 8, 8, 8, 7, 8, 0, 0, 8, 8, 8, 0, 0, 0, 0, 0, 0, 8], [8, 0, 0, 8, 8, 7, 8, 7, 9, 8, 9, 8, 8, 0, 8, 0, 0, 8, 8, 8, 0, 8, 8, 8], [8, 8, 8, 8, 7, 9, 8, 8, 7, 9, 7, 9, 8, 0, 8, 8, 0, 8, 0, 8, 8, 8, 0, 0], [9, 7, 9, 7, 9, 7, 9, 7, 9, 8, 8, 8, 8, 0, 0, 8, 8, 8, 0, 0, 0, 0, 8, 8], [7, 8, 8, 8, 7, 8, 8, 8, 7, 8, 0, 0, 0, 8, 8, 0, 0, 0, 8, 8, 0, 0, 0, 8], [8, 8, 0, 8, 8, 0, 0, 0, 8, 8, 0, 8, 8, 8, 0, 8, 8, 8, 8, 0, 0, 0, 8, 8], [8, 0, 0, 0, 8, 8, 8, 8, 8, 0, 8, 8, 0, 0, 0, 8, 0, 0, 0, 0, 0, 0, 8, 0], [8, 8, 0, 8, 0, 0, 0, 0, 0, 0, 8, 0, 8, 8, 8, 0, 0, 0, 0, 0, 0, 8, 8, 0], [0, 8, 8, 8, 0, 8, 8, 8, 8, 0, 8, 8, 8, 0, 8, 8, 8, 8, 8, 8, 8, 8, 0, 0]]}, {"input": [[8, 8, 0, 8, 8, 0, 8, 8, 8, 0, 8, 8, 0, 8, 0, 0, 0, 8, 8, 8, 8], [8, 0, 0, 0, 8, 0, 0, 0, 8, 8, 0, 8, 0, 8, 8, 8, 0, 8, 0, 0, 8], [8, 8, 0, 8, 8, 0, 8, 0, 0, 8, 0, 8, 8, 0, 0, 8, 0, 8, 0, 0, 8], [0, 8, 8, 0, 0, 0, 8, 8, 8, 8, 0, 0, 8, 0, 0, 0, 0, 8, 0, 8, 8], [0, 0, 8, 0, 0, 0, 0, 0, 0, 0, 0, 0, 8, 8, 8, 8, 0, 8, 0, 8, 0], [8, 0, 8, 8, 0, 0, 8, 0, 0, 8, 8, 8, 0, 0, 0, 8, 0, 0, 8, 8, 0], [8, 8, 0, 8, 8, 0, 8, 8, 0, 8, 0, 0, 0, 0, 0, 8, 8, 0, 8, 0, 0], [0, 8, 0, 0, 8, 0, 0, 8, 8, 0, 0, 8, 8, 8, 8, 0, 8, 0, 8, 8, 8], [8, 8, 0, 0, 8, 8, 8, 0, 8, 8, 0, 8, 0, 0, 8, 8, 8, 0, 0, 0, 8], [8, 0, 0, 0, 0, 0, 8, 0, 0, 8, 0, 8, 0, 0, 0, 0, 0, 0, 7, 8, 8], [0, 8, 8, 8, 8, 0, 8, 8, 8, 0, 0, 8, 8, 0, 0, 8, 8, 8, 4, 8, 0], [8, 8, 0, 0, 8, 0, 0, 0, 8, 8, 8, 0, 8, 8, 0, 0, 0, 8, 7, 8, 8], [8, 0, 8, 0, 8, 0, 0, 0, 0, 0, 8, 0, 0, 8, 0, 8, 0, 8, 8, 0, 8], [8, 0, 8, 0, 8, 8, 8, 8, 0, 8, 8, 0, 0, 8, 0, 8, 8, 0, 8, 0, 8], [8, 0, 8, 0, 0, 0, 0, 8, 8, 8, 0, 8, 0, 8, 8, 0, 0, 0, 0, 8, 8], [8, 8, 8, 0, 8, 8, 8, 0, 0, 0, 8, 8, 0, 0, 8, 8, 8, 8, 8, 8, 0]], "output": [[8, 8, 0, 8, 8, 0, 8, 8, 8, 0, 8, 8, 0, 8, 4, 7, 4, 8, 8, 8, 8], [8, 0, 0, 0, 8, 0, 0, 0, 8, 8, 0, 8, 0, 8, 8, 8, 7, 8, 0, 0, 8], [8, 8, 0, 8, 8, 0, 8, 0, 0, 8, 0, 8, 8, 7, 4, 8, 4, 8, 0, 0, 8], [0, 8, 8, 0, 0, 0, 8, 8, 8, 8, 0, 0, 8, 4, 7, 4, 7, 8, 0, 8, 8], [0, 0, 8, 0, 0, 0, 0, 0, 0, 0, 0, 0, 8, 8, 8, 8, 4, 8, 0, 8, 0], [8, 0, 8, 8, 0, 0, 8, 0, 0, 8, 8, 8, 0, 0, 0, 8, 7, 4, 8, 8, 0], [8, 8, 0, 8, 8, 0, 8, 8, 0, 8, 0, 0, 0, 0, 0, 8, 8, 7, 8, 0, 0], [0, 8, 0, 0, 8, 0, 0, 8, 8, 0, 0, 8, 8, 8, 8, 0, 8, 4, 8, 8, 8], [8, 8, 0, 0, 8, 8, 8, 0, 8, 8, 0, 8, 4, 7, 8, 8, 8, 7, 4, 7, 8], [8, 0, 0, 0, 0, 0, 8, 0, 0, 8, 0, 8, 7, 4, 7, 4, 7, 4, 7, 8, 8], [0, 8, 8, 8, 8, 0, 8, 8, 8, 0, 0, 8, 8, 7, 4, 8, 8, 8, 4, 8, 0], [8, 8, 0, 0, 8, 0, 0, 0, 8, 8, 8, 0, 8, 8, 7, 4, 7, 8, 7, 8, 8], [8, 0, 8, 0, 8, 0, 0, 0, 0, 0, 8, 0, 0, 8, 4, 8, 4, 8, 8, 0, 8], [8, 0, 8, 0, 8, 8, 8, 8, 0, 8, 8, 0, 0, 8, 7, 8, 8, 0, 8, 0, 8], [8, 0, 8, 0, 0, 0, 0, 8, 8, 8, 0, 8, 0, 8, 8, 0, 0, 0, 0, 8, 8], [8, 8, 8, 0, 8, 8, 8, 0, 0, 0, 8, 8, 0, 0, 8, 8, 8, 8, 8, 8, 0]]}, {"input": [[8, 8, 8, 8, 0, 0, 8, 8, 8, 8, 8, 8, 0, 0, 0, 0, 0, 8, 8, 8, 8, 0, 0], [0, 0, 0, 8, 8, 8, 8, 0, 0, 0, 0, 8, 8, 0, 8, 8, 8, 0, 0, 5, 8, 8, 8], [8, 8, 0, 0, 0, 0, 0, 8, 8, 8, 8, 0, 8, 0, 8, 0, 8, 0, 8, 7, 5, 0, 8], [0, 8, 8, 0, 8, 8, 0, 8, 0, 0, 8, 0, 8, 0, 0, 8, 8, 0, 8, 5, 0, 8, 8], [8, 0, 8, 8, 0, 8, 0, 8, 8, 0, 8, 8, 8, 0, 0, 8, 0, 0, 8, 0, 0, 8, 0], [8, 8, 0, 8, 8, 0, 8, 0, 8, 0, 0, 0, 0, 0, 8, 8, 0, 0, 8, 8, 0, 8, 8], [0, 8, 0, 0, 8, 0, 8, 0, 8, 8, 8, 8, 8, 8, 8, 0, 0, 0, 0, 8, 8, 0, 8], [8, 8, 0, 0, 8, 0, 8, 8, 0, 0, 0, 0, 0, 0, 0, 0, 0, 0, 0, 0, 0, 8, 8], [8, 0, 0, 0, 8, 0, 0, 8, 8, 0, 0, 8, 8, 0, 8, 8, 8, 0, 0, 0, 8, 8, 0], [8, 0, 0, 0, 8, 0, 0, 0, 8, 0, 0, 8, 0, 8, 8, 0, 8, 0, 0, 8, 8, 0, 0], [8, 8, 0, 0, 8, 8, 0, 0, 8, 8, 8, 8, 0, 8, 0, 0, 8, 0, 8, 8, 0, 8, 8], [0, 8, 8, 0, 0, 8, 8, 0, 0, 0, 0, 0, 0, 8, 8, 8, 0, 0, 8, 0, 0, 8, 0], [8, 0, 8, 8, 0, 0, 8, 8, 8, 0, 8, 8, 8, 0, 0, 8, 0, 0, 8, 0, 0, 8, 8], [8, 8, 0, 8, 8, 8, 0, 0, 8, 0, 0, 0, 8, 8, 0, 8, 8, 8, 8, 0, 0, 0, 8], [0, 0, 0, 0, 0, 8, 0, 8, 8, 0, 8, 8, 0, 8, 8, 0, 0, 0, 0, 0, 0, 0, 8], [8, 8, 8, 0, 8, 8, 0, 8, 0, 0, 8, 0, 0, 0, 0, 0, 8, 8, 8, 0, 0, 8, 8], [8, 0, 8, 0, 8, 0, 8, 8, 0, 8, 8, 0, 8, 8, 8, 8, 0, 0, 8, 0, 0, 8, 0], [0, 8, 8, 0, 0, 8, 8, 0, 8, 8, 0, 0, 8, 0, 0, 8, 0, 8, 8, 0, 8, 8, 0], [0, 8, 0, 0, 8, 8, 0, 0, 8, 0, 8, 8, 8, 0, 0, 8, 8, 0, 0, 8, 8, 0, 8], [0, 8, 8, 0, 8, 0, 8, 8, 0, 0, 8, 0, 0, 0, 0, 0, 8, 0, 0, 8, 0, 8, 8], [8, 0, 8, 0, 8, 0, 0, 8, 8, 0, 8, 8, 8, 0, 8, 0, 8, 8, 0, 8, 0, 8, 0], [8, 0, 8, 8, 8, 0, 8, 0, 8, 8, 0, 0, 8, 0, 8, 0, 0, 8, 8, 8, 0, 8, 8], [8, 0, 0, 0, 0, 0, 8, 8, 0, 8, 8, 8, 8, 0, 8, 8, 8, 0, 0, 0, 0, 0, 8]], "output": [[8, 8, 8, 8, 0, 0, 8, 8, 8, 8, 8, 8, 0, 0, 0, 0, 0, 8, 8, 8, 8, 0, 0], [0, 0, 0, 8, 8, 8, 8, 0, 0, 0, 0, 8, 8, 0, 8, 8, 8, 5, 7, 5, 8, 8, 8], [8, 8, 0, 0, 0, 0, 0, 8, 8, 8, 8, 0, 8, 0, 8, 0, 8, 7, 8, 7, 5, 7, 8], [0, 8, 8, 0, 8, 8, 0, 8, 0, 0, 8, 0, 8, 0, 0, 8, 8, 5, 8, 5, 7, 8, 8], [8, 0, 8, 8, 0, 8, 0, 8, 8, 0, 8, 8, 8, 0, 0, 8, 5, 7, 8, 7, 5, 8, 0], [8, 8, 0, 8, 8, 0, 8, 0, 8, 0, 0, 0, 0, 0, 8, 8, 7, 5, 8, 8, 7, 8, 8], [0, 8, 0, 0, 8, 0, 8, 0, 8, 8, 8, 8, 8, 8, 8, 7, 5, 7, 5, 8, 8, 0, 8], [8, 8, 0, 0, 8, 0, 8, 8, 7, 5, 7, 5, 7, 5, 7, 5, 7, 5, 7, 5, 7, 8, 8], [8, 0, 0, 0, 8, 0, 0, 8, 8, 7, 5, 8, 8, 7, 8, 8, 8, 7, 5, 7, 8, 8, 0], [8, 0, 0, 0, 8, 0, 0, 0, 8, 5, 7, 8, 0, 8, 8, 0, 8, 5, 7, 8, 8, 0, 0], [8, 8, 0, 0, 8, 8, 0, 0, 8, 8, 8, 8, 0, 8, 0, 0, 8, 7, 8, 8, 0, 8, 8], [0, 8, 8, 0, 0, 8, 8, 0, 0, 0, 0, 0, 0, 8, 8, 8, 7, 5, 8, 0, 0, 8, 0], [8, 0, 8, 8, 0, 0, 8, 8, 8, 0, 8, 8, 8, 0, 0, 8, 5, 7, 8, 0, 0, 8, 8], [8, 8, 0, 8, 8, 8, 0, 0, 8, 0, 0, 0, 8, 8, 0, 8, 8, 8, 8, 0, 0, 0, 8], [0, 0, 0, 0, 0, 8, 0, 8, 8, 0, 8, 8, 0, 8, 8, 0, 0, 0, 0, 0, 0, 0, 8], [8, 8, 8, 0, 8, 8, 0, 8, 0, 0, 8, 0, 0, 0, 0, 0, 8, 8, 8, 0, 0, 8, 8], [8, 0, 8, 0, 8, 0, 8, 8, 0, 8, 8, 0, 8, 8, 8, 8, 0, 0, 8, 0, 0, 8, 0], [0, 8, 8, 0, 0, 8, 8, 0, 8, 8, 0, 0, 8, 0, 0, 8, 0, 8, 8, 0, 8, 8, 0], [0, 8, 0, 0, 8, 8, 0, 0, 8, 0, 8, 8, 8, 0, 0, 8, 8, 0, 0, 8, 8, 0, 8], [0, 8, 8, 0, 8, 0, 8, 8, 0, 0, 8, 0, 0, 0, 0, 0, 8, 0, 0, 8, 0, 8, 8], [8, 0, 8, 0, 8, 0, 0, 8, 8, 0, 8, 8, 8, 0, 8, 0, 8, 8, 0, 8, 0, 8, 0], [8, 0, 8, 8, 8, 0, 8, 0, 8, 8, 0, 0, 8, 0, 8, 0, 0, 8, 8, 8, 0, 8, 8], [8, 0, 0, 0, 0, 0, 8, 8, 0, 8, 8, 8, 8, 0, 8, 8, 8, 0, 0, 0, 0, 0, 8]]}, {"input": [[8, 8, 0, 0, 8, 8, 8, 0, 8, 8, 8, 8, 8, 8, 0, 0, 0, 8, 8, 8, 8, 8, 8, 0, 8, 8], [0, 8, 8, 8, 8, 0, 8, 0, 0, 0, 0, 0, 0, 8, 8, 8, 0, 8, 0, 0, 0, 0, 8, 0, 0, 8], [8, 0, 0, 0, 0, 0, 8, 0, 8, 8, 8, 0, 8, 0, 0, 8, 0, 8, 0, 0, 8, 8, 8, 0, 8, 8], [8, 8, 8, 0, 0, 0, 8, 0, 0, 0, 8, 8, 8, 0, 0, 8, 0, 8, 0, 8, 8, 0, 0, 0, 0, 0], [0, 0, 8, 0, 8, 8, 8, 0, 0, 0, 0, 0, 0, 0, 0, 8, 0, 8, 0, 8, 0, 8, 8, 8, 8, 0], [8, 8, 0, 8, 8, 0, 0, 8, 8, 0, 8, 0, 8, 0, 8, 8, 0, 8, 8, 0, 8, 8, 0, 0, 8, 8], [0, 8, 0, 8, 0, 0, 0, 0, 8, 0, 8, 8, 8, 0, 8, 0, 0, 0, 8, 8, 8, 0, 0, 0, 0, 8], [0, 8, 0, 8, 8, 0, 8, 8, 8, 0, 0, 0, 0, 0, 8, 8, 8, 8, 0, 0, 0, 0, 8, 8, 0, 8], [0, 8, 0, 0, 8, 8, 8, 0, 0, 8, 8, 0, 8, 8, 0, 0, 0, 8, 8, 0, 0, 0, 0, 8, 0, 8], [0, 8, 8, 0, 0, 0, 0, 0, 8, 8, 0, 0, 8, 0, 0, 8, 0, 0, 8, 8, 8, 8, 8, 0, 8, 8], [0, 0, 8, 8, 8, 8, 8, 0, 8, 0, 0, 8, 8, 0, 8, 8, 0, 0, 0, 0, 0, 0, 8, 8, 8, 0], [8, 8, 0, 0, 0, 0, 8, 0, 0, 0, 8, 8, 0, 0, 8, 0, 0, 8, 8, 0, 8, 8, 0, 0, 0, 0], [0, 8, 0, 8, 8, 0, 8, 8, 8, 8, 0, 0, 8, 8, 8, 0, 0, 0, 8, 0, 0, 8, 0, 8, 8, 8], [0, 8, 8, 0, 8, 8, 0, 0, 0, 8, 0, 0, 8, 0, 0, 8, 8, 8, 8, 0, 8, 8, 0, 0, 0, 8], [0, 0, 8, 8, 0, 0, 8, 8, 0, 8, 8, 8, 0, 0, 0, 0, 0, 1, 4, 1, 0, 0, 0, 0, 0, 8], [8, 0, 0, 8, 8, 8, 0, 0, 0, 0, 0, 8, 8, 8, 8, 8, 0, 0, 1, 0, 8, 8, 8, 8, 8, 0], [8, 8, 8, 0, 0, 8, 8, 8, 0, 0, 0, 0, 0, 0, 0, 8, 8, 8, 0, 0, 8, 0, 0, 0, 8, 0], [0, 0, 8, 0, 0, 0, 0, 8, 8, 8, 0, 0, 0, 0, 0, 0, 0, 8, 0, 8, 8, 0, 8, 0, 8, 8], [8, 8, 8, 0, 8, 8, 8, 0, 0, 8, 8, 8, 0, 8, 8, 8, 0, 8, 8, 8, 0, 0, 0, 0, 0, 8], [8, 0, 0, 0, 0, 0, 8, 8, 8, 0, 0, 8, 8, 8, 0, 8, 8, 0, 0, 0, 8, 8, 8, 8, 8, 8]], "output": [[8, 8, 0, 0, 8, 8, 8, 0, 8, 8, 8, 8, 8, 8, 0, 0, 0, 8, 8, 8, 8, 8, 8, 0, 8, 8], [0, 8, 8, 8, 8, 0, 8, 0, 0, 0, 0, 0, 0, 8, 8, 8, 0, 8, 0, 0, 0, 0, 8, 0, 0, 8], [8, 0, 0, 0, 0, 0, 8, 0, 8, 8, 8, 0, 8, 0, 0, 8, 0, 8, 0, 0, 8, 8, 8, 0, 8, 8], [8, 8, 8, 0, 0, 0, 8, 0, 0, 0, 8, 8, 8, 0, 0, 8, 0, 8, 0, 8, 8, 0, 0, 0, 0, 0], [0, 0, 8, 0, 8, 8, 8, 0, 0, 0, 0, 0, 0, 0, 0, 8, 0, 8, 0, 8, 0, 8, 8, 8, 8, 0], [8, 8, 0, 8, 8, 0, 0, 8, 8, 0, 8, 0, 8, 0, 8, 8, 0, 8, 8, 0, 8, 8, 0, 0, 8, 8], [0, 8, 0, 8, 0, 0, 0, 0, 8, 0, 8, 8, 8, 0, 8, 0, 0, 0, 8, 8, 8, 0, 0, 0, 0, 8], [0, 8, 0, 8, 8, 0, 8, 8, 8, 0, 0, 0, 0, 0, 8, 8, 8, 8, 0, 0, 0, 0, 8, 8, 0, 8], [0, 8, 0, 0, 8, 8, 8, 0, 0, 8, 8, 0, 8, 8, 4, 1, 4, 8, 8, 0, 0, 0, 0, 8, 0, 8], [0, 8, 8, 0, 0, 0, 0, 0, 8, 8, 0, 0, 8, 4, 1, 8, 1, 4, 8, 8, 8, 8, 8, 0, 8, 8], [0, 0, 8, 8, 8, 8, 8, 0, 8, 0, 0, 8, 8, 1, 8, 8, 4, 1, 4, 1, 4, 1, 8, 8, 8, 1], [8, 8, 0, 0, 0, 0, 8, 0, 0, 0, 8, 8, 1, 4, 8, 4, 1, 8, 8, 4, 8, 8, 1, 4, 1, 4], [0, 8, 0, 8, 8, 0, 8, 8, 8, 8, 0, 0, 8, 8, 8, 1, 4, 1, 8, 1, 4, 8, 4, 8, 8, 8], [0, 8, 8, 0, 8, 8, 0, 0, 0, 8, 0, 0, 8, 4, 1, 8, 8, 8, 8, 4, 8, 8, 1, 4, 1, 8], [0, 0, 8, 8, 0, 0, 8, 8, 0, 8, 8, 8, 4, 1, 4, 1, 4, 1, 4, 1, 4, 1, 4, 1, 4, 8], [8, 0, 0, 8, 8, 8, 0, 0, 0, 0, 0, 8, 8, 8, 8, 8, 1, 4, 1, 4, 8, 8, 8, 8, 8, 0], [8, 8, 8, 0, 0, 8, 8, 8, 0, 0, 0, 0, 0, 0, 0, 8, 8, 8, 4, 1, 8, 0, 0, 0, 8, 0], [0, 0, 8, 0, 0, 0, 0, 8, 8, 8, 0, 0, 0, 0, 0, 0, 0, 8, 1, 8, 8, 0, 8, 0, 8, 8], [8, 8, 8, 0, 8, 8, 8, 0, 0, 8, 8, 8, 0, 8, 8, 8, 0, 8, 8, 8, 0, 0, 0, 0, 0, 8], [8, 0, 0, 0, 0, 0, 8, 8, 8, 0, 0, 8, 8, 8, 0, 8, 8, 0, 0, 0, 8, 8, 8, 8, 8, 8]]}, {"input": [[8, 8, 0, 8, 8, 8, 8, 0, 0, 0, 8, 8, 8, 0, 8, 8], [8, 0, 8, 8, 0, 0, 8, 8, 8, 9, 1, 9, 8, 8, 0, 8], [8, 8, 8, 0, 8, 8, 0, 0, 8, 0, 8, 8, 0, 8, 0, 8], [0, 0, 0, 0, 8, 0, 0, 0, 8, 0, 8, 0, 0, 8, 8, 8], [8, 8, 0, 0, 8, 0, 0, 0, 8, 0, 8, 8, 0, 0, 0, 0], [8, 0, 0, 0, 0, 8, 0, 8, 8, 0, 0, 8, 0, 8, 8, 0], [8, 8, 0, 8, 8, 8, 0, 8, 0, 8, 0, 8, 0, 0, 8, 0], [0, 8, 8, 8, 0, 0, 8, 8, 0, 8, 0, 8, 0, 8, 8, 0], [0, 0, 0, 0, 8, 8, 8, 0, 0, 8, 0, 8, 8, 0, 0, 8], [8, 8, 0, 0, 8, 0, 0, 8, 0, 0, 0, 0, 8, 0, 8, 8], [0, 8, 8, 0, 8, 0, 0, 8, 8, 8, 8, 8, 8, 0, 0, 0], [0, 0, 8, 0, 8, 8, 0, 0, 0, 0, 0, 0, 0, 0, 8, 8], [8, 8, 8, 0, 0, 8, 8, 8, 8, 8, 0, 8, 8, 8, 0, 8], [8, 0, 0, 8, 8, 0, 0, 0, 0, 8, 8, 8, 0, 8, 0, 8], [8, 0, 0, 8, 0, 8, 8, 8, 8, 0, 0, 0, 0, 8, 8, 0], [8, 0, 8, 8, 0, 8, 0, 0, 8, 8, 8, 8, 8, 0, 8, 8], [8, 0, 8, 0, 8, 8, 0, 8, 0, 0, 0, 0, 8, 8, 0, 8], [8, 0, 8, 0, 8, 0, 8, 8, 0, 8, 8, 8, 0, 8, 0, 8], [8, 8, 8, 0, 8, 8, 8, 0, 0, 8, 0, 8, 0, 8, 8, 8]], "output": [[8, 8, 0, 8, 8, 8, 8, 1, 9, 1, 8, 8, 8, 0, 8, 8], [8, 0, 8, 8, 0, 0, 8, 8, 8, 9, 1, 9, 8, 8, 0, 8], [8, 8, 8, 0, 8, 8, 0, 0, 8, 1, 8, 8, 0, 8, 0, 8], [0, 0, 0, 0, 8, 0, 0, 0, 8, 9, 8, 0, 0, 8, 8, 8], [8, 8, 0, 0, 8, 0, 0, 0, 8, 1, 8, 8, 0, 0, 0, 0], [8, 0, 0, 0, 0, 8, 0, 8, 8, 9, 1, 8, 0, 8, 8, 0], [8, 8, 0, 8, 8, 8, 0, 8, 9, 8, 9, 8, 0, 0, 8, 0], [0, 8, 8, 8, 0, 0, 8, 8, 1, 8, 1, 8, 0, 8, 8, 0], [0, 0, 0, 0, 8, 8, 8, 1, 9, 8, 9, 8, 8, 0, 0, 8], [8, 8, 0, 0, 8, 0, 0, 8, 1, 9, 1, 9, 8, 0, 8, 8], [0, 8, 8, 0, 8, 0, 0, 8, 8, 8, 8, 8, 8, 0, 0, 0], [0, 0, 8, 0, 8, 8, 0, 0, 0, 0, 0, 0, 0, 0, 8, 8], [8, 8, 8, 0, 0, 8, 8, 8, 8, 8, 0, 8, 8, 8, 0, 8], [8, 0, 0, 8, 8, 0, 0, 0, 0, 8, 8, 8, 0, 8, 0, 8], [8, 0, 0, 8, 0, 8, 8, 8, 8, 0, 0, 0, 0, 8, 8, 0], [8, 0, 8, 8, 0, 8, 0, 0, 8, 8, 8, 8, 8, 0, 8, 8], [8, 0, 8, 0, 8, 8, 0, 8, 0, 0, 0, 0, 8, 8, 0, 8], [8, 0, 8, 0, 8, 0, 8, 8, 0, 8, 8, 8, 0, 8, 0, 8], [8, 8, 8, 0, 8, 8, 8, 0, 0, 8, 0, 8, 0, 8, 8, 8]]}, {"input": [[8, 8, 8, 0, 0, 8, 8, 8, 0, 8, 8, 0, 8, 8, 0, 0, 0, 8, 8, 8, 8, 0, 8, 8, 8, 8, 0, 0], [0, 0, 8, 8, 0, 8, 0, 8, 8, 0, 8, 0, 0, 8, 0, 0, 8, 8, 0, 0, 8, 8, 8, 0, 0, 8, 8, 0], [8, 0, 0, 8, 8, 8, 0, 0, 8, 8, 0, 0, 0, 8, 0, 0, 8, 0, 0, 0, 0, 0, 0, 8, 0, 0, 8, 8], [8, 8, 8, 0, 0, 0, 8, 8, 0, 8, 0, 0, 0, 8, 0, 8, 8, 0, 0, 0, 8, 8, 0, 8, 8, 0, 0, 8], [0, 0, 0, 8, 8, 8, 0, 8, 0, 8, 8, 0, 0, 8, 8, 8, 0, 8, 8, 8, 0, 8, 8, 0, 8, 0, 8, 8], [0, 8, 8, 8, 0, 8, 0, 0, 0, 0, 8, 0, 8, 0, 0, 0, 8, 8, 0, 8, 0, 0, 8, 8, 8, 0, 8, 0], [0, 8, 0, 0, 8, 8, 0, 0, 8, 8, 8, 0, 8, 8, 0, 8, 8, 0, 0, 8, 0, 0, 0, 0, 0, 8, 8, 0], [8, 8, 0, 0, 0, 0, 0, 0, 8, 0, 0, 0, 0, 0, 8, 8, 0, 0, 0, 8, 0, 8, 8, 0, 0, 8, 0, 8], [8, 0, 0, 8, 8, 8, 8, 0, 8, 8, 0, 0, 8, 8, 8, 0, 0, 8, 8, 8, 0, 8, 0, 8, 8, 8, 0, 8], [8, 0, 8, 8, 0, 0, 8, 0, 0, 8, 0, 0, 8, 0, 0, 0, 0, 8, 0, 0, 0, 0, 8, 8, 0, 0, 0, 0], [8, 0, 8, 0, 0, 0, 8, 8, 8, 8, 0, 0, 8, 8, 0, 0, 0, 8, 0, 0, 0, 0, 8, 0, 8, 8, 8, 8], [8, 0, 8, 8, 0, 0, 0, 0, 0, 0, 8, 8, 0, 8, 8, 8, 0, 8, 8, 8, 0, 0, 8, 8, 8, 0, 0, 8], [8, 0, 0, 8, 0, 8, 8, 8, 8, 8, 0, 8, 0, 0, 0, 8, 0, 0, 0, 8, 0, 0, 0, 0, 0, 0, 0, 8], [8, 0, 0, 8, 0, 0, 0, 0, 0, 8, 0, 8, 8, 8, 8, 8, 0, 8, 0, 8, 0, 0, 8, 8, 0, 0, 8, 8], [8, 0, 8, 8, 0, 8, 0, 8, 0, 8, 0, 0, 0, 0, 0, 0, 8, 8, 0, 8, 8, 0, 0, 8, 8, 0, 8, 0], [8, 8, 8, 0, 0, 8, 0, 8, 0, 8, 0, 8, 8, 8, 0, 0, 8, 0, 8, 0, 8, 8, 8, 0, 0, 8, 8, 0], [0, 0, 0, 0, 8, 8, 0, 8, 0, 8, 0, 8, 0, 8, 8, 8, 8, 0, 8, 0, 0, 0, 8, 8, 8, 8, 0, 8], [8, 8, 8, 0, 8, 0, 8, 8, 0, 8, 8, 8, 0, 0, 0, 0, 0, 0, 8, 0, 8, 8, 0, 0, 0, 0, 0, 8], [0, 0, 0, 8, 8, 0, 8, 0, 0, 0, 0, 0, 0, 0, 8, 8, 0, 0, 0, 8, 0, 8, 8, 0, 8, 0, 8, 8], [0, 0, 8, 8, 0, 0, 8, 8, 0, 5, 8, 8, 8, 0, 0, 8, 0, 0, 8, 8, 0, 0, 8, 0, 8, 0, 8, 0], [8, 8, 8, 0, 0, 0, 0, 8, 8, 1, 8, 0, 8, 0, 0, 8, 8, 8, 0, 0, 0, 0, 8, 0, 8, 0, 8, 0], [8, 0, 0, 0, 0, 0, 0, 0, 8, 5, 8, 0, 8, 8, 0, 0, 0, 8, 0, 0, 0, 0, 8, 0, 0, 0, 8, 0], [8, 8, 8, 8, 8, 8, 0, 0, 0, 8, 8, 0, 0, 8, 0, 8, 0, 8, 8, 8, 0, 0, 8, 8, 8, 8, 8, 0], [0, 0, 0, 0, 0, 8, 8, 8, 8, 8, 0, 8, 8, 8, 0, 8, 8, 0, 0, 8, 8, 8, 0, 0, 0, 0, 0, 0]], "output": [[8, 8, 8, 0, 0, 8, 8, 8, 0, 8, 8, 0, 8, 8, 0, 0, 0, 8, 8, 8, 8, 0, 8, 8, 8, 8, 0, 0], [0, 0, 8, 8, 0, 8, 0, 8, 8, 0, 8, 0, 0, 8, 0, 0, 8, 8, 0, 0, 8, 8, 8, 0, 0, 8, 8, 0], [8, 0, 0, 8, 8, 8, 0, 0, 8, 8, 0, 0, 0, 8, 0, 0, 8, 0, 0, 0, 0, 0, 0, 8, 0, 0, 8, 8], [8, 8, 8, 0, 0, 0, 8, 8, 0, 8, 0, 0, 0, 8, 0, 8, 8, 0, 0, 0, 8, 8, 0, 8, 8, 0, 0, 8], [0, 0, 0, 8, 8, 8, 0, 8, 0, 8, 8, 0, 0, 8, 8, 8, 0, 8, 8, 8, 0, 8, 8, 0, 8, 0, 8, 8], [0, 8, 8, 8, 0, 8, 0, 0, 0, 0, 8, 0, 8, 0, 0, 0, 8, 8, 0, 8, 0, 0, 8, 8, 8, 0, 8, 0], [0, 8, 0, 0, 8, 8, 0, 0, 8, 8, 8, 0, 8, 8, 0, 8, 8, 0, 0, 8, 0, 0, 0, 0, 0, 8, 8, 0], [8, 8, 0, 0, 0, 0, 0, 0, 8, 0, 0, 0, 0, 0, 8, 8, 0, 0, 0, 8, 0, 8, 8, 0, 0, 8, 0, 8], [8, 0, 0, 8, 8, 8, 8, 0, 8, 8, 0, 0, 8, 8, 8, 0, 0, 8, 8, 8, 0, 8, 0, 8, 8, 8, 0, 8], [8, 0, 8, 8, 1, 5, 8, 0, 0, 8, 0, 0, 8, 0, 0, 0, 0, 8, 0, 0, 0, 0, 8, 8, 0, 0, 0, 0], [8, 0, 8, 1, 5, 1, 8, 8, 8, 8, 0, 0, 8, 8, 0, 0, 0, 8, 0, 0, 0, 0, 8, 0, 8, 8, 8, 8], [8, 0, 8, 8, 1, 5, 1, 5, 1, 5, 8, 8, 0, 8, 8, 8, 0, 8, 8, 8, 0, 0, 8, 8, 8, 0, 0, 8], [8, 0, 0, 8, 5, 8, 8, 8, 8, 8, 0, 8, 0, 0, 0, 8, 0, 0, 0, 8, 0, 0, 0, 0, 0, 0, 0, 8], [8, 0, 0, 8, 1, 5, 1, 5, 1, 8, 0, 8, 8, 8, 8, 8, 0, 8, 0, 8, 0, 0, 8, 8, 0, 0, 8, 8], [8, 0, 8, 8, 5, 8, 5, 8, 5, 8, 0, 0, 0, 0, 0, 0, 8, 8, 0, 8, 8, 0, 0, 8, 8, 0, 8, 0], [8, 8, 8, 5, 1, 8, 1, 8, 1, 8, 0, 8, 8, 8, 0, 0, 8, 5, 8, 0, 8, 8, 8, 0, 0, 8, 8, 0], [5, 1, 5, 1, 8, 8, 5, 8, 5, 8, 0, 8, 5, 8, 8, 8, 8, 1, 8, 0, 0, 0, 8, 8, 8, 8, 0, 8], [8, 8, 8, 5, 8, 0, 8, 8, 1, 8, 8, 8, 1, 5, 1, 5, 1, 5, 8, 0, 8, 8, 0, 0, 0, 0, 0, 8], [0, 0, 0, 8, 8, 0, 8, 1, 5, 1, 5, 1, 5, 1, 8, 8, 5, 1, 5, 8, 0, 8, 8, 0, 8, 0, 8, 8], [0, 0, 8, 8, 0, 0, 8, 8, 1, 5, 8, 8, 8, 5, 1, 8, 1, 5, 8, 8, 0, 0, 8, 0, 8, 0, 8, 0], [8, 8, 8, 0, 0, 0, 0, 8, 8, 1, 8, 0, 8, 1, 5, 8, 8, 8, 0, 0, 0, 0, 8, 0, 8, 0, 8, 0], [8, 0, 0, 0, 0, 0, 0, 0, 8, 5, 8, 0, 8, 8, 1, 5, 1, 8, 0, 0, 0, 0, 8, 0, 0, 0, 8, 0], [8, 8, 8, 8, 8, 8, 0, 0, 0, 8, 8, 0, 0, 8, 5, 8, 5, 8, 8, 8, 0, 0, 8, 8, 8, 8, 8, 0], [0, 0, 0, 0, 0, 8, 8, 8, 8, 8, 0, 8, 8, 8, 1, 8, 8, 0, 0, 8, 8, 8, 0, 0, 0, 0, 0, 0]]}, {"input": [[8, 8, 8, 0, 8, 8, 8, 0, 8, 8, 8, 0, 8, 8, 8, 0, 0, 8, 8, 8, 8, 8, 8, 8], [0, 0, 8, 8, 8, 0, 8, 0, 0, 0, 8, 8, 8, 0, 8, 0, 0, 8, 0, 0, 0, 0, 0, 8], [8, 8, 0, 0, 0, 0, 8, 0, 8, 8, 0, 0, 0, 0, 8, 8, 0, 8, 0, 0, 8, 8, 8, 8], [8, 0, 8, 8, 8, 8, 8, 0, 8, 0, 8, 8, 8, 0, 0, 8, 0, 0, 8, 8, 8, 0, 0, 0], [8, 0, 8, 0, 0, 0, 0, 8, 8, 0, 8, 0, 8, 0, 0, 8, 8, 8, 8, 0, 0, 0, 8, 8], [0, 8, 8, 0, 0, 0, 0, 8, 0, 0, 8, 0, 8, 0, 0, 0, 0, 0, 0, 8, 8, 8, 0, 8], [8, 8, 0, 8, 8, 8, 0, 8, 8, 0, 8, 0, 0, 8, 8, 8, 8, 8, 5, 8, 0, 8, 0, 8], [8, 0, 8, 8, 0, 8, 0, 0, 0, 0, 8, 8, 0, 8, 0, 0, 0, 8, 6, 8, 8, 0, 0, 8], [8, 0, 8, 0, 8, 8, 0, 8, 8, 8, 0, 8, 8, 8, 0, 8, 8, 8, 5, 0, 8, 8, 8, 8], [8, 8, 8, 0, 8, 0, 0, 8, 0, 8, 0, 0, 0, 0, 8, 8, 0, 0, 0, 0, 0, 0, 0, 0], [0, 0, 0, 8, 8, 0, 8, 8, 0, 8, 8, 8, 8, 8, 8, 0, 0, 8, 8, 8, 0, 8, 8, 0], [8, 0, 0, 8, 0, 8, 8, 0, 0, 0, 0, 0, 0, 0, 0, 8, 8, 0, 0, 8, 0, 0, 8, 0], [8, 8, 0, 8, 8, 8, 0, 0, 0, 0, 0, 8, 8, 8, 0, 0, 8, 0, 0, 8, 8, 0, 8, 8], [0, 8, 0, 0, 0, 0, 8, 8, 8, 0, 0, 8, 0, 8, 8, 0, 8, 0, 0, 0, 8, 0, 0, 8], [0, 8, 8, 8, 0, 8, 8, 0, 8, 8, 0, 8, 0, 0, 8, 0, 8, 8, 8, 8, 8, 0, 8, 8], [0, 0, 0, 8, 8, 8, 0, 0, 0, 8, 8, 8, 0, 8, 8, 0, 0, 0, 0, 0, 0, 8, 8, 0]], "output": [[8, 8, 8, 0, 8, 8, 8, 0, 8, 8, 8, 0, 8, 8, 8, 0, 0, 8, 8, 8, 8, 8, 8, 8], [0, 0, 8, 8, 8, 0, 8, 0, 0, 0, 8, 8, 8, 5, 8, 0, 0, 8, 0, 0, 0, 0, 0, 8], [8, 8, 0, 0, 0, 0, 8, 0, 8, 8, 5, 6, 5, 6, 8, 8, 0, 8, 0, 0, 8, 8, 8, 8], [8, 0, 8, 8, 8, 8, 8, 0, 8, 0, 8, 8, 8, 5, 6, 8, 0, 0, 8, 8, 8, 0, 0, 0], [8, 0, 8, 0, 0, 0, 0, 8, 8, 0, 8, 0, 8, 6, 5, 8, 8, 8, 8, 0, 0, 0, 8, 8], [0, 8, 8, 0, 0, 0, 0, 8, 0, 0, 8, 0, 8, 5, 6, 5, 6, 5, 6, 8, 8, 8, 0, 8], [8, 8, 0, 8, 8, 8, 0, 8, 8, 0, 8, 0, 0, 8, 8, 8, 8, 8, 5, 8, 0, 8, 0, 8], [8, 0, 8, 8, 0, 8, 0, 0, 0, 0, 8, 8, 0, 8, 0, 0, 0, 8, 6, 8, 8, 0, 0, 8], [8, 0, 8, 0, 8, 8, 0, 8, 8, 8, 0, 8, 8, 8, 0, 8, 8, 8, 5, 6, 8, 8, 8, 8], [8, 8, 8, 0, 8, 0, 0, 8, 0, 8, 0, 0, 0, 0, 8, 8, 6, 5, 6, 5, 6, 5, 6, 5], [0, 0, 0, 8, 8, 0, 8, 8, 0, 8, 8, 8, 8, 8, 8, 6, 5, 8, 8, 8, 5, 8, 8, 6], [8, 0, 0, 8, 0, 8, 8, 0, 0, 0, 0, 0, 0, 0, 0, 8, 8, 0, 0, 8, 6, 5, 8, 5], [8, 8, 0, 8, 8, 8, 0, 0, 0, 0, 0, 8, 8, 8, 0, 0, 8, 0, 0, 8, 8, 6, 8, 8], [0, 8, 0, 0, 0, 0, 8, 8, 8, 0, 0, 8, 0, 8, 8, 0, 8, 0, 0, 0, 8, 5, 6, 8], [0, 8, 8, 8, 0, 8, 8, 0, 8, 8, 0, 8, 0, 0, 8, 0, 8, 8, 8, 8, 8, 6, 8, 8], [0, 0, 0, 8, 8, 8, 0, 0, 0, 8, 8, 8, 0, 8, 8, 0, 0, 0, 0, 0, 0, 8, 8, 0]]}, {"input": [[8, 8, 8, 8, 0, 0, 0, 8, 8, 8, 8, 8, 0, 8, 0, 8, 8, 8, 0, 8, 8, 0, 8, 8, 0], [0, 0, 0, 8, 8, 8, 8, 8, 0, 0, 0, 8, 0, 8, 8, 8, 0, 8, 0, 8, 0, 0, 0, 8, 8], [8, 8, 0, 0, 0, 0, 0, 0, 8, 8, 0, 8, 8, 0, 0, 0, 0, 8, 0, 8, 8, 0, 0, 0, 8], [8, 0, 0, 0, 0, 8, 8, 8, 0, 8, 0, 0, 8, 0, 8, 8, 8, 8, 0, 0, 8, 0, 8, 8, 8], [8, 0, 0, 0, 8, 8, 0, 8, 0, 0, 0, 0, 8, 8, 0, 0, 0, 0, 0, 0, 8, 0, 8, 0, 0], [8, 0, 0, 8, 8, 0, 0, 8, 8, 8, 0, 0, 0, 8, 8, 0, 8, 0, 0, 0, 8, 8, 0, 8, 8], [8, 0, 8, 8, 0, 0, 8, 0, 0, 8, 9, 8, 8, 0, 8, 0, 8, 8, 0, 0, 0, 8, 0, 8, 0], [8, 0, 8, 0, 0, 8, 8, 0, 0, 8, 2, 8, 0, 0, 8, 8, 0, 8, 8, 0, 0, 8, 0, 8, 8], [8, 0, 8, 8, 0, 8, 0, 0, 8, 8, 9, 0, 0, 0, 0, 8, 0, 0, 8, 8, 0, 8, 0, 0, 8], [8, 8, 0, 8, 0, 0, 8, 8, 8, 0, 0, 0, 0, 0, 0, 8, 0, 0, 0, 0, 8, 8, 0, 0, 8], [0, 8, 0, 8, 0, 8, 8, 0, 0, 0, 8, 8, 8, 0, 8, 8, 0, 8, 8, 0, 8, 0, 8, 8, 0], [0, 8, 0, 8, 8, 0, 0, 0, 8, 8, 8, 0, 8, 8, 8, 0, 8, 8, 0, 8, 8, 0, 0, 8, 8], [8, 8, 0, 0, 8, 0, 8, 8, 8, 0, 0, 8, 0, 0, 0, 8, 8, 0, 0, 8, 0, 0, 0, 0, 8], [8, 0, 8, 0, 8, 0, 8, 0, 0, 8, 0, 8, 8, 0, 0, 8, 0, 8, 0, 8, 0, 8, 8, 8, 8], [8, 8, 8, 0, 8, 8, 8, 0, 8, 8, 0, 0, 8, 8, 8, 8, 0, 8, 0, 8, 8, 8, 0, 0, 0]], "output": [[8, 8, 8, 8, 0, 0, 0, 8, 8, 8, 8, 8, 0, 8, 0, 8, 8, 8, 0, 8, 8, 0, 8, 8, 0], [0, 0, 0, 8, 8, 8, 8, 8, 2, 9, 2, 8, 0, 8, 8, 8, 0, 8, 0, 8, 0, 0, 0, 8, 8], [8, 8, 0, 0, 0, 0, 0, 0, 8, 8, 9, 8, 8, 0, 0, 0, 0, 8, 0, 8, 8, 0, 0, 0, 8], [8, 0, 0, 0, 0, 8, 8, 8, 2, 8, 2, 9, 8, 0, 8, 8, 8, 8, 0, 0, 8, 0, 8, 8, 8], [8, 0, 0, 0, 8, 8, 0, 8, 9, 2, 9, 2, 8, 8, 0, 0, 0, 0, 0, 0, 8, 0, 8, 0, 0], [8, 0, 0, 8, 8, 0, 0, 8, 8, 8, 2, 9, 2, 8, 8, 0, 8, 0, 0, 0, 8, 8, 0, 8, 8], [8, 0, 8, 8, 0, 0, 8, 0, 0, 8, 9, 8, 8, 2, 8, 0, 8, 8, 0, 0, 0, 8, 0, 8, 0], [8, 0, 8, 0, 0, 8, 8, 0, 0, 8, 2, 8, 2, 9, 8, 8, 0, 8, 8, 0, 0, 8, 0, 8, 8], [8, 0, 8, 8, 0, 8, 0, 0, 8, 8, 9, 2, 9, 2, 9, 8, 0, 0, 8, 8, 0, 8, 0, 0, 8], [8, 8, 0, 8, 0, 0, 8, 8, 8, 9, 2, 9, 2, 9, 2, 8, 0, 0, 0, 0, 8, 8, 0, 0, 8], [0, 8, 0, 8, 0, 8, 8, 2, 9, 2, 8, 8, 8, 2, 8, 8, 0, 8, 8, 0, 8, 0, 8, 8, 0], [0, 8, 0, 8, 8, 9, 2, 9, 8, 8, 8, 0, 8, 8, 8, 0, 8, 8, 0, 8, 8, 0, 0, 8, 8], [8, 8, 0, 0, 8, 2, 8, 8, 8, 0, 0, 8, 0, 0, 0, 8, 8, 0, 0, 8, 0, 0, 0, 0, 8], [8, 0, 8, 0, 8, 9, 8, 0, 0, 8, 0, 8, 8, 0, 0, 8, 0, 8, 0, 8, 0, 8, 8, 8, 8], [8, 8, 8, 0, 8, 8, 8, 0, 8, 8, 0, 0, 8, 8, 8, 8, 0, 8, 0, 8, 8, 8, 0, 0, 0]]}, {"input": [[8, 8, 8, 8, 0, 8, 8, 8, 8, 8, 8, 8, 8, 8, 0, 0], [0, 0, 0, 8, 0, 0, 0, 0, 0, 0, 0, 0, 0, 8, 8, 8], [8, 8, 0, 8, 0, 8, 8, 0, 8, 0, 8, 8, 8, 0, 0, 8], [0, 8, 0, 8, 8, 0, 8, 0, 8, 8, 8, 0, 8, 0, 0, 8], [0, 8, 0, 0, 8, 8, 0, 0, 0, 0, 0, 8, 8, 0, 0, 8], [0, 8, 8, 8, 0, 8, 0, 0, 0, 0, 0, 8, 0, 0, 0, 8], [0, 0, 0, 0, 8, 8, 0, 8, 8, 8, 8, 8, 0, 0, 8, 8], [0, 0, 0, 0, 8, 0, 8, 8, 0, 0, 0, 0, 8, 8, 8, 0], [0, 8, 8, 8, 8, 0, 8, 0, 8, 8, 8, 0, 8, 0, 0, 0], [8, 8, 0, 0, 0, 8, 8, 0, 0, 0, 0, 0, 8, 0, 8, 0], [8, 0, 8, 8, 0, 8, 0, 0, 8, 8, 8, 0, 8, 0, 8, 8], [8, 8, 0, 8, 0, 8, 0, 8, 8, 0, 8, 0, 8, 0, 0, 8], [0, 8, 0, 8, 8, 0, 8, 8, 0, 0, 8, 0, 8, 0, 0, 8], [0, 8, 8, 0, 8, 8, 8, 0, 0, 8, 8, 0, 8, 0, 0, 8], [0, 0, 8, 0, 0, 0, 0, 0, 0, 8, 0, 0, 8, 0, 8, 8], [8, 8, 8, 0, 8, 0, 1, 0, 0, 8, 0, 8, 8, 0, 8, 0], [8, 0, 0, 0, 8, 8, 2, 8, 8, 8, 0, 8, 0, 8, 8, 0], [8, 8, 8, 0, 0, 8, 1, 8, 0, 0, 8, 8, 0, 8, 0, 8], [0, 0, 8, 8, 8, 0, 0, 8, 8, 8, 0, 0, 0, 8, 8, 8], [8, 0, 0, 0, 8, 8, 0, 0, 0, 8, 8, 8, 0, 0, 0, 0], [8, 0, 8, 8, 0, 8, 8, 8, 8, 0, 0, 8, 8, 8, 8, 0], [8, 0, 0, 0, 0, 0, 0, 0, 8, 8, 0, 0, 0, 0, 8, 8], [8, 0, 8, 8, 8, 8, 0, 8, 0, 8, 8, 8, 8, 0, 0, 8], [8, 8, 8, 0, 0, 8, 8, 8, 0, 0, 0, 0, 8, 8, 8, 8]], "output": [[8, 8, 8, 8, 0, 8, 8, 8, 8, 8, 8, 8, 8, 8, 0, 0], [0, 0, 0, 8, 0, 0, 0, 0, 0, 0, 0, 0, 0, 8, 8, 8], [8, 8, 0, 8, 0, 8, 8, 0, 8, 0, 8, 8, 8, 0, 0, 8], [0, 8, 0, 8, 8, 0, 8, 0, 8, 8, 8, 0, 8, 0, 0, 8], [0, 8, 0, 0, 8, 8, 0, 0, 0, 0, 0, 8, 8, 0, 0, 8], [0, 8, 8, 8, 0, 8, 0, 0, 0, 0, 0, 8, 0, 0, 0, 8], [0, 0, 0, 0, 8, 8, 0, 8, 8, 8, 8, 8, 0, 0, 8, 8], [0, 0, 0, 0, 8, 0, 8, 8, 0, 0, 0, 0, 8, 8, 8, 0], [0, 8, 8, 8, 8, 0, 8, 0, 8, 8, 8, 0, 8, 0, 0, 0], [8, 8, 0, 0, 0, 8, 8, 0, 0, 0, 0, 0, 8, 0, 8, 0], [8, 0, 8, 8, 0, 8, 0, 0, 8, 8, 8, 0, 8, 0, 8, 8], [8, 8, 0, 8, 0, 8, 0, 8, 8, 2, 8, 0, 8, 0, 0, 8], [0, 8, 0, 8, 8, 0, 8, 8, 2, 1, 8, 0, 8, 0, 0, 8], [0, 8, 8, 2, 8, 8, 8, 2, 1, 8, 8, 0, 8, 0, 0, 8], [0, 0, 8, 1, 2, 1, 2, 1, 2, 8, 0, 0, 8, 0, 8, 8], [8, 8, 8, 2, 8, 2, 1, 2, 1, 8, 0, 8, 8, 0, 8, 0], [8, 1, 2, 1, 8, 8, 2, 8, 8, 8, 0, 8, 0, 8, 8, 0], [8, 8, 8, 2, 1, 8, 1, 8, 0, 0, 8, 8, 0, 8, 0, 8], [0, 0, 8, 8, 8, 1, 2, 8, 8, 8, 0, 0, 0, 8, 8, 8], [8, 0, 0, 0, 8, 8, 1, 2, 1, 8, 8, 8, 0, 0, 0, 0], [8, 0, 8, 8, 0, 8, 8, 8, 8, 0, 0, 8, 8, 8, 8, 0], [8, 0, 0, 0, 0, 0, 0, 0, 8, 8, 0, 0, 0, 0, 8, 8], [8, 0, 8, 8, 8, 8, 0, 8, 0, 8, 8, 8, 8, 0, 0, 8], [8, 8, 8, 0, 0, 8, 8, 8, 0, 0, 0, 0, 8, 8, 8, 8]]}, {"input": [[8, 8, 8, 0, 0, 8, 8, 0, 0, 8, 0, 8, 8, 8, 0, 8], [0, 0, 8, 8, 8, 0, 8, 8, 0, 8, 8, 8, 0, 8, 8, 8], [0, 0, 0, 0, 8, 0, 0, 8, 0, 0, 0, 0, 0, 0, 0, 0], [0, 8, 8, 8, 8, 0, 0, 8, 8, 0, 8, 8, 0, 8, 8, 8], [8, 8, 0, 0, 6, 0, 0, 0, 8, 8, 0, 8, 8, 0, 0, 8], [8, 0, 8, 8, 3, 8, 0, 0, 0, 8, 0, 0, 8, 8, 0, 8], [8, 8, 0, 8, 6, 8, 8, 0, 0, 8, 8, 0, 0, 8, 8, 8], [0, 8, 0, 0, 0, 0, 8, 0, 0, 0, 8, 8, 8, 0, 0, 0], [0, 8, 0, 8, 0, 0, 8, 0, 8, 8, 0, 0, 8, 8, 0, 0], [0, 8, 0, 8, 8, 0, 8, 0, 8, 0, 0, 0, 0, 8, 8, 0], [0, 8, 0, 0, 8, 0, 8, 0, 0, 0, 8, 8, 8, 0, 8, 8], [0, 8, 0, 0, 8, 0, 8, 8, 8, 0, 0, 0, 8, 8, 0, 8], [0, 8, 8, 8, 0, 8, 0, 0, 8, 8, 0, 0, 0, 0, 8, 8], [0, 0, 0, 8, 0, 8, 8, 0, 0, 0, 8, 8, 8, 0, 8, 0], [8, 8, 0, 8, 8, 0, 0, 8, 8, 0, 8, 0, 8, 8, 8, 0], [0, 8, 0, 0, 8, 8, 0, 8, 0, 8, 8, 0, 0, 0, 0, 0], [8, 8, 0, 0, 0, 8, 0, 0, 0, 8, 0, 8, 8, 8, 0, 0], [8, 0, 0, 8, 0, 8, 8, 8, 0, 8, 8, 0, 0, 8, 8, 0], [8, 0, 0, 8, 8, 0, 0, 8, 0, 0, 8, 8, 8, 0, 8, 0], [8, 8, 0, 0, 8, 8, 0, 8, 0, 0, 0, 0, 8, 0, 8, 8], [0, 8, 8, 0, 0, 8, 0, 8, 8, 8, 8, 0, 8, 0, 0, 8], [0, 0, 8, 8, 0, 8, 0, 0, 0, 0, 8, 0, 8, 8, 0, 8], [8, 8, 0, 8, 0, 8, 8, 8, 8, 0, 8, 0, 0, 8, 8, 0], [8, 0, 8, 8, 0, 0, 0, 0, 8, 0, 8, 0, 0, 0, 8, 8], [8, 0, 8, 0, 8, 8, 8, 8, 8, 0, 8, 0, 0, 0, 0, 8], [8, 0, 8, 0, 8, 0, 0, 0, 0, 0, 8, 8, 0, 8, 8, 8], [8, 8, 8, 0, 8, 8, 8, 8, 8, 8, 0, 8, 8, 8, 0, 0]], "output": [[8, 8, 8, 0, 0, 8, 8, 0, 0, 8, 0, 8, 8, 8, 0, 8], [0, 0, 8, 8, 8, 6, 8, 8, 0, 8, 8, 8, 0, 8, 8, 8], [0, 0, 0, 0, 8, 3, 6, 8, 0, 0, 0, 0, 0, 0, 0, 0], [0, 8, 8, 8, 8, 6, 3, 8, 8, 0, 8, 8, 0, 8, 8, 8], [8, 8, 6, 3, 6, 3, 6, 3, 8, 8, 0, 8, 8, 0, 0, 8], [8, 0, 8, 8, 3, 8, 3, 6, 3, 8, 0, 0, 8, 8, 0, 8], [8, 8, 6, 8, 6, 8, 8, 3, 6, 8, 8, 0, 0, 8, 8, 8], [0, 8, 3, 6, 3, 6, 8, 6, 3, 6, 8, 8, 8, 0, 0, 0], [0, 8, 6, 8, 6, 3, 8, 3, 8, 8, 6, 3, 8, 8, 0, 0], [0, 8, 3, 8, 8, 6, 8, 6, 8, 6, 3, 6, 3, 8, 8, 0], [0, 8, 6, 3, 8, 3, 8, 3, 6, 3, 8, 8, 8, 0, 8, 8], [0, 8, 3, 6, 8, 6, 8, 8, 8, 6, 3, 6, 8, 8, 0, 8], [0, 8, 8, 8, 0, 8, 0, 0, 8, 8, 6, 3, 6, 3, 8, 8], [0, 0, 0, 8, 0, 8, 8, 0, 0, 0, 8, 8, 8, 6, 8, 0], [8, 8, 0, 8, 8, 0, 0, 8, 8, 0, 8, 0, 8, 8, 8, 0], [0, 8, 0, 0, 8, 8, 0, 8, 0, 8, 8, 0, 0, 0, 0, 0], [8, 8, 0, 0, 0, 8, 0, 0, 0, 8, 0, 8, 8, 8, 0, 0], [8, 0, 0, 8, 0, 8, 8, 8, 0, 8, 8, 0, 0, 8, 8, 0], [8, 0, 0, 8, 8, 0, 0, 8, 0, 0, 8, 8, 8, 0, 8, 0], [8, 8, 0, 0, 8, 8, 0, 8, 0, 0, 0, 0, 8, 0, 8, 8], [0, 8, 8, 0, 0, 8, 0, 8, 8, 8, 8, 0, 8, 0, 0, 8], [0, 0, 8, 8, 0, 8, 0, 0, 0, 0, 8, 0, 8, 8, 0, 8], [8, 8, 0, 8, 0, 8, 8, 8, 8, 0, 8, 0, 0, 8, 8, 0], [8, 0, 8, 8, 0, 0, 0, 0, 8, 0, 8, 0, 0, 0, 8, 8], [8, 0, 8, 0, 8, 8, 8, 8, 8, 0, 8, 0, 0, 0, 0, 8], [8, 0, 8, 0, 8, 0, 0, 0, 0, 0, 8, 8, 0, 8, 8, 8], [8, 8, 8, 0, 8, 8, 8, 8, 8, 8, 0, 8, 8, 8, 0, 0]]}, {"input": [[8, 0, 8, 8, 0, 8, 8, 8, 0, 0, 8, 8, 8, 0, 8, 8, 0, 0, 0, 0, 8, 8, 8, 8, 0, 8, 8], [8, 8, 0, 8, 8, 0, 0, 8, 8, 8, 0, 0, 8, 0, 0, 0, 8, 8, 8, 0, 8, 0, 0, 8, 0, 8, 0], [0, 8, 8, 0, 8, 8, 8, 0, 0, 8, 8, 0, 0, 8, 8, 8, 8, 0, 8, 0, 0, 8, 8, 8, 0, 8, 0], [0, 0, 8, 0, 0, 0, 8, 8, 8, 0, 8, 0, 8, 8, 0, 0, 0, 0, 8, 8, 8, 8, 0, 0, 0, 8, 8], [8, 8, 8, 0, 0, 0, 0, 0, 8, 8, 0, 0, 8, 0, 8, 8, 8, 0, 0, 0, 0, 0, 8, 8, 8, 0, 8], [8, 0, 0, 0, 0, 8, 8, 8, 0, 8, 0, 8, 8, 0, 8, 0, 8, 8, 0, 8, 8, 8, 0, 0, 0, 0, 8], [8, 0, 8, 8, 0, 8, 0, 8, 8, 8, 0, 8, 0, 0, 8, 8, 0, 8, 8, 8, 0, 8, 8, 8, 8, 8, 8], [8, 0, 0, 8, 0, 8, 8, 0, 0, 0, 8, 8, 0, 0, 0, 8, 0, 0, 0, 0, 8, 0, 0, 0, 0, 0, 0], [8, 8, 0, 8, 8, 0, 8, 0, 8, 8, 8, 0, 0, 0, 8, 8, 0, 8, 0, 8, 8, 0, 0, 8, 8, 8, 8], [0, 8, 0, 0, 0, 0, 0, 8, 8, 0, 0, 0, 8, 0, 8, 0, 8, 8, 0, 0, 0, 0, 0, 8, 0, 0, 8], [0, 8, 0, 8, 8, 8, 8, 8, 0, 8, 8, 8, 8, 0, 8, 8, 0, 0, 8, 8, 8, 8, 8, 0, 0, 8, 8], [8, 8, 0, 8, 0, 0, 0, 0, 8, 8, 3, 6, 3, 8, 0, 8, 8, 8, 8, 0, 0, 0, 8, 8, 8, 8, 0], [8, 0, 0, 8, 0, 0, 0, 8, 8, 0, 0, 8, 8, 8, 0, 0, 0, 0, 0, 0, 8, 0, 0, 0, 0, 0, 0], [8, 8, 8, 8, 0, 0, 8, 8, 0, 0, 0, 0, 0, 0, 0, 8, 8, 0, 8, 0, 8, 8, 0, 8, 8, 8, 8], [0, 0, 0, 0, 8, 8, 8, 0, 8, 8, 0, 8, 8, 8, 0, 0, 8, 0, 0, 0, 0, 8, 0, 0, 0, 0, 8], [8, 0, 0, 8, 8, 0, 0, 8, 8, 0, 0, 8, 0, 8, 8, 0, 0, 8, 8, 8, 8, 8, 0, 8, 8, 8, 8], [8, 8, 0, 8, 0, 0, 0, 8, 0, 0, 0, 8, 0, 0, 0, 8, 8, 8, 0, 0, 0, 0, 0, 8, 0, 0, 0], [0, 8, 8, 8, 0, 8, 0, 8, 8, 8, 0, 8, 0, 0, 8, 8, 0, 0, 0, 0, 8, 8, 0, 8, 0, 8, 8], [8, 0, 0, 0, 0, 8, 8, 0, 0, 8, 0, 8, 0, 0, 8, 0, 8, 8, 8, 0, 8, 0, 0, 8, 8, 8, 0], [8, 8, 0, 8, 0, 0, 8, 0, 0, 8, 0, 8, 8, 0, 8, 0, 8, 0, 8, 0, 8, 0, 0, 0, 0, 0, 0], [0, 0, 0, 8, 0, 0, 8, 8, 0, 8, 8, 0, 8, 0, 8, 8, 0, 0, 8, 0, 8, 8, 0, 8, 8, 8, 0], [8, 8, 8, 8, 0, 0, 0, 8, 8, 0, 8, 8, 8, 0, 0, 8, 8, 8, 8, 0, 0, 8, 8, 8, 0, 8, 8]], "output": [[8, 0, 8, 8, 0, 8, 8, 8, 0, 0, 8, 8, 8, 0, 8, 8, 0, 0, 0, 0, 8, 8, 8, 8, 0, 8, 8], [8, 8, 0, 8, 8, 0, 0, 8, 8, 8, 0, 0, 8, 0, 0, 0, 8, 8, 8, 0, 8, 0, 0, 8, 0, 8, 0], [0, 8, 8, 0, 8, 8, 8, 0, 0, 8, 8, 0, 0, 8, 8, 8, 8, 0, 8, 0, 0, 8, 8, 8, 0, 8, 0], [0, 0, 8, 0, 0, 0, 8, 8, 8, 0, 8, 0, 8, 8, 0, 0, 0, 0, 8, 8, 8, 8, 0, 0, 0, 8, 8], [8, 8, 8, 0, 0, 0, 0, 0, 8, 8, 0, 0, 8, 0, 8, 8, 8, 0, 0, 0, 0, 0, 8, 8, 8, 0, 8], [8, 0, 0, 0, 0, 8, 8, 8, 0, 8, 0, 8, 8, 0, 8, 0, 8, 8, 0, 8, 8, 8, 0, 0, 0, 0, 8], [8, 0, 8, 8, 0, 8, 0, 8, 8, 8, 0, 8, 0, 0, 8, 8, 0, 8, 8, 8, 0, 8, 8, 8, 8, 8, 8], [8, 0, 0, 8, 0, 8, 8, 0, 0, 0, 8, 8, 0, 0, 0, 8, 0, 0, 0, 0, 8, 0, 0, 0, 0, 0, 0], [8, 8, 0, 8, 8, 0, 8, 0, 8, 8, 8, 0, 0, 0, 8, 8, 0, 8, 0, 8, 8, 0, 0, 8, 8, 8, 8], [0, 8, 0, 0, 0, 0, 0, 8, 8, 0, 0, 0, 8, 0, 8, 0, 8, 8, 0, 0, 0, 0, 0, 8, 0, 0, 8], [0, 8, 0, 8, 8, 8, 8, 8, 0, 8, 8, 8, 8, 0, 8, 8, 0, 0, 8, 8, 8, 8, 8, 0, 0, 8, 8], [8, 8, 0, 8, 0, 0, 0, 0, 8, 8, 3, 6, 3, 8, 3, 8, 8, 8, 8, 6, 3, 6, 8, 8, 8, 8, 3], [8, 0, 0, 8, 0, 0, 0, 8, 8, 3, 6, 8, 8, 8, 6, 3, 6, 3, 6, 3, 8, 3, 6, 3, 6, 3, 6], [8, 8, 8, 8, 0, 0, 8, 8, 3, 6, 3, 6, 3, 6, 3, 8, 8, 6, 8, 6, 8, 8, 3, 8, 8, 8, 8], [0, 0, 0, 0, 8, 8, 8, 0, 8, 8, 6, 8, 8, 8, 6, 3, 8, 3, 6, 3, 6, 8, 6, 3, 6, 3, 8], [8, 0, 0, 8, 8, 0, 0, 8, 8, 6, 3, 8, 0, 8, 8, 6, 3, 8, 8, 8, 8, 8, 3, 8, 8, 8, 8], [8, 8, 0, 8, 0, 0, 0, 8, 6, 3, 6, 8, 0, 0, 0, 8, 8, 8, 6, 3, 6, 3, 6, 8, 0, 0, 0], [0, 8, 8, 8, 0, 8, 0, 8, 8, 8, 3, 8, 0, 0, 8, 8, 3, 6, 3, 6, 8, 8, 3, 8, 0, 8, 8], [8, 0, 0, 0, 0, 8, 8, 0, 0, 8, 6, 8, 0, 0, 8, 0, 8, 8, 8, 3, 8, 3, 6, 8, 8, 8, 6], [8, 8, 0, 8, 0, 0, 8, 0, 0, 8, 3, 8, 8, 0, 8, 0, 8, 0, 8, 6, 8, 6, 3, 6, 3, 6, 3], [0, 0, 0, 8, 0, 0, 8, 8, 0, 8, 8, 0, 8, 0, 8, 8, 0, 0, 8, 3, 8, 8, 6, 8, 8, 8, 6], [8, 8, 8, 8, 0, 0, 0, 8, 8, 0, 8, 8, 8, 0, 0, 8, 8, 8, 8, 6, 3, 8, 8, 8, 0, 8, 8]]}, {"input": [[8, 8, 8, 0, 8, 8, 8, 8, 0, 8, 8, 8, 8, 0, 8, 8, 0], [0, 0, 8, 0, 8, 0, 0, 8, 8, 8, 0, 0, 8, 0, 0, 8, 8], [8, 8, 8, 0, 8, 8, 0, 0, 0, 0, 0, 0, 8, 8, 0, 0, 8], [8, 0, 0, 8, 0, 8, 0, 8, 8, 0, 0, 8, 0, 8, 0, 0, 8], [8, 8, 0, 8, 0, 8, 0, 0, 8, 8, 8, 8, 0, 8, 8, 0, 8], [0, 8, 0, 0, 0, 8, 0, 0, 0, 0, 0, 0, 0, 0, 8, 0, 8], [8, 8, 0, 8, 8, 8, 0, 8, 8, 8, 8, 8, 0, 0, 8, 0, 0], [8, 0, 8, 8, 0, 0, 0, 0, 0, 6, 3, 8, 0, 0, 8, 8, 8], [8, 8, 8, 0, 8, 8, 0, 0, 0, 0, 6, 8, 0, 0, 0, 0, 8], [0, 0, 0, 0, 0, 8, 8, 0, 8, 8, 8, 8, 0, 8, 0, 0, 8], [8, 8, 8, 0, 0, 0, 0, 8, 8, 0, 0, 0, 0, 8, 8, 0, 8], [8, 0, 8, 0, 0, 8, 8, 8, 0, 0, 8, 0, 0, 0, 8, 0, 8], [0, 8, 8, 0, 8, 8, 0, 0, 0, 0, 8, 8, 0, 0, 0, 8, 8], [0, 8, 0, 8, 8, 0, 8, 8, 0, 8, 0, 8, 8, 0, 0, 8, 0], [0, 8, 8, 8, 0, 0, 0, 8, 8, 8, 0, 0, 8, 8, 0, 8, 8]], "output": [[8, 8, 8, 0, 8, 8, 8, 8, 0, 8, 8, 8, 8, 0, 8, 8, 0], [0, 0, 8, 0, 8, 6, 3, 8, 8, 8, 3, 6, 8, 0, 0, 8, 8], [8, 8, 8, 0, 8, 8, 6, 3, 6, 3, 6, 3, 8, 8, 0, 0, 8], [8, 0, 0, 8, 0, 8, 3, 8, 8, 6, 3, 8, 3, 8, 0, 0, 8], [8, 8, 0, 8, 0, 8, 6, 3, 8, 8, 8, 8, 6, 8, 8, 0, 8], [0, 8, 0, 0, 0, 8, 3, 6, 3, 6, 3, 6, 3, 6, 8, 0, 8], [8, 8, 0, 8, 8, 8, 6, 8, 8, 8, 8, 8, 6, 3, 8, 0, 0], [8, 0, 8, 8, 3, 6, 3, 6, 3, 6, 3, 8, 3, 6, 8, 8, 8], [8, 8, 8, 0, 8, 8, 6, 3, 6, 3, 6, 8, 6, 3, 6, 3, 8], [0, 0, 0, 0, 0, 8, 8, 6, 8, 8, 8, 8, 3, 8, 3, 6, 8], [8, 8, 8, 0, 0, 0, 0, 8, 8, 3, 6, 3, 6, 8, 8, 3, 8], [8, 0, 8, 0, 0, 8, 8, 8, 3, 6, 8, 6, 3, 6, 8, 6, 8], [0, 8, 8, 0, 8, 8, 6, 3, 6, 3, 8, 8, 6, 3, 6, 8, 8], [0, 8, 0, 8, 8, 0, 8, 8, 3, 8, 0, 8, 8, 6, 3, 8, 0], [0, 8, 8, 8, 0, 0, 0, 8, 8, 8, 0, 0, 8, 8, 6, 8, 8]]}, {"input": [[8, 0, 0, 8, 8, 8, 0, 8, 0, 8, 8, 0, 8, 8, 8], [8, 8, 0, 0, 0, 8, 0, 8, 8, 0, 8, 0, 0, 0, 8], [0, 8, 8, 8, 0, 8, 8, 0, 8, 0, 8, 8, 0, 0, 8], [8, 0, 0, 8, 0, 0, 8, 0, 8, 0, 0, 8, 8, 8, 0], [8, 8, 8, 8, 0, 8, 8, 0, 8, 0, 0, 0, 0, 8, 0], [0, 0, 0, 0, 0, 8, 0, 0, 8, 8, 8, 0, 0, 8, 0], [8, 0, 0, 0, 0, 8, 8, 0, 0, 0, 8, 8, 0, 8, 0], [8, 0, 8, 8, 8, 5, 8, 0, 0, 0, 0, 8, 8, 8, 0], [8, 8, 8, 0, 8, 4, 8, 8, 8, 0, 8, 0, 0, 0, 0], [0, 0, 0, 0, 8, 5, 0, 0, 8, 0, 8, 8, 8, 0, 0], [8, 8, 8, 0, 8, 0, 8, 0, 8, 0, 0, 0, 8, 8, 0], [8, 0, 0, 0, 8, 0, 8, 0, 8, 0, 8, 8, 0, 8, 0], [8, 8, 8, 8, 8, 0, 8, 0, 8, 0, 0, 0, 0, 8, 8], [0, 0, 0, 0, 0, 0, 8, 0, 8, 0, 8, 8, 8, 0, 8], [8, 8, 8, 8, 8, 0, 8, 0, 8, 0, 8, 0, 8, 8, 8], [8, 0, 0, 0, 8, 0, 8, 0, 8, 8, 0, 0, 0, 0, 0], [8, 8, 0, 0, 8, 8, 0, 0, 0, 8, 0, 8, 0, 8, 8], [0, 8, 0, 0, 0, 8, 8, 0, 0, 8, 0, 8, 8, 0, 8], [0, 8, 0, 0, 0, 0, 8, 8, 8, 8, 0, 0, 8, 0, 8], [0, 8, 8, 0, 0, 8, 0, 0, 0, 0, 8, 8, 8, 0, 8], [0, 0, 8, 8, 8, 8, 0, 0, 8, 8, 8, 0, 0, 8, 8], [0, 0, 0, 0, 0, 0, 0, 0, 8, 0, 0, 0, 0, 8, 0], [8, 8, 8, 0, 8, 8, 8, 8, 8, 0, 8, 0, 0, 8, 8], [8, 0, 8, 8, 8, 0, 0, 0, 0, 8, 8, 0, 0, 0, 8]], "output": [[8, 0, 0, 8, 8, 8, 0, 8, 0, 8, 8, 0, 8, 8, 8], [8, 8, 0, 0, 0, 8, 0, 8, 8, 0, 8, 0, 0, 0, 8], [0, 8, 8, 8, 0, 8, 8, 0, 8, 0, 8, 8, 0, 0, 8], [8, 0, 0, 8, 0, 0, 8, 0, 8, 0, 0, 8, 8, 8, 0], [8, 8, 8, 8, 0, 8, 8, 0, 8, 0, 0, 0, 0, 8, 0], [0, 0, 0, 0, 0, 8, 0, 0, 8, 8, 8, 0, 0, 8, 0], [8, 0, 0, 0, 0, 8, 8, 0, 0, 0, 8, 8, 0, 8, 0], [8, 0, 8, 8, 8, 5, 8, 0, 0, 0, 0, 8, 8, 8, 0], [8, 8, 8, 0, 8, 4, 8, 8, 8, 0, 8, 0, 0, 0, 0], [0, 0, 0, 0, 8, 5, 4, 5, 8, 0, 8, 8, 8, 0, 0], [8, 8, 8, 0, 8, 4, 8, 4, 8, 0, 0, 0, 8, 8, 0], [8, 0, 0, 0, 8, 5, 8, 5, 8, 0, 8, 8, 0, 8, 0], [8, 8, 8, 8, 8, 4, 8, 4, 8, 0, 0, 0, 0, 8, 8], [4, 5, 4, 5, 4, 5, 8, 5, 8, 0, 8, 8, 8, 0, 8], [8, 8, 8, 8, 8, 4, 8, 4, 8, 0, 8, 0, 8, 8, 8], [8, 0, 0, 0, 8, 5, 8, 5, 8, 8, 0, 0, 0, 0, 0], [8, 8, 0, 0, 8, 8, 5, 4, 5, 8, 0, 8, 0, 8, 8], [0, 8, 0, 0, 0, 8, 8, 5, 4, 8, 0, 8, 8, 0, 8], [0, 8, 0, 0, 0, 0, 8, 8, 8, 8, 0, 0, 8, 0, 8], [0, 8, 8, 0, 0, 8, 0, 0, 0, 0, 8, 8, 8, 0, 8], [0, 0, 8, 8, 8, 8, 0, 0, 8, 8, 8, 0, 0, 8, 8], [0, 0, 0, 0, 0, 0, 0, 0, 8, 0, 0, 0, 0, 8, 0], [8, 8, 8, 0, 8, 8, 8, 8, 8, 0, 8, 0, 0, 8, 8], [8, 0, 8, 8, 8, 0, 0, 0, 0, 8, 8, 0, 0, 0, 8]]}, {"input": [[8, 0, 0, 8, 8, 8, 0, 0, 8, 8, 0, 0, 8, 0, 0, 0, 8, 8, 8, 8, 8, 0], [8, 8, 0, 8, 0, 8, 8, 0, 0, 8, 8, 0, 8, 8, 8, 8, 8, 0, 0, 0, 8, 8], [0, 8, 8, 0, 0, 0, 8, 0, 8, 0, 8, 0, 0, 0, 0, 0, 0, 0, 8, 8, 0, 8], [8, 0, 8, 0, 0, 0, 8, 0, 8, 8, 8, 0, 8, 0, 0, 8, 8, 8, 0, 8, 0, 8], [8, 0, 8, 8, 0, 0, 8, 0, 0, 0, 0, 8, 8, 0, 0, 8, 0, 8, 8, 8, 0, 8], [8, 0, 0, 8, 0, 8, 8, 0, 8, 8, 5, 8, 0, 0, 0, 8, 0, 0, 0, 0, 0, 8], [8, 0, 0, 8, 0, 0, 0, 0, 0, 8, 2, 8, 0, 0, 0, 8, 0, 0, 8, 8, 8, 8], [8, 8, 0, 8, 8, 8, 0, 0, 0, 0, 5, 8, 8, 0, 8, 8, 0, 0, 8, 0, 0, 0], [0, 8, 8, 0, 0, 8, 8, 0, 8, 8, 8, 0, 8, 0, 8, 0, 0, 0, 8, 0, 8, 8], [0, 0, 8, 8, 0, 0, 8, 0, 8, 0, 8, 0, 8, 0, 8, 8, 0, 0, 8, 0, 8, 0], [8, 8, 0, 8, 0, 0, 8, 0, 8, 0, 8, 0, 8, 8, 0, 8, 8, 8, 8, 0, 0, 0], [0, 8, 0, 0, 8, 8, 8, 0, 8, 8, 0, 0, 0, 8, 0, 0, 0, 0, 0, 8, 8, 0], [8, 8, 0, 8, 8, 0, 0, 0, 0, 8, 0, 0, 8, 8, 0, 8, 8, 8, 0, 8, 0, 0], [8, 0, 8, 8, 0, 8, 8, 8, 0, 8, 8, 0, 8, 0, 0, 8, 0, 8, 0, 8, 8, 0], [8, 0, 8, 0, 8, 8, 0, 0, 0, 0, 8, 0, 8, 8, 8, 8, 0, 8, 0, 0, 8, 0], [0, 0, 8, 0, 8, 0, 0, 8, 0, 0, 8, 8, 0, 0, 0, 0, 8, 8, 0, 0, 8, 0], [8, 8, 8, 0, 8, 0, 0, 8, 8, 0, 0, 8, 8, 0, 8, 8, 8, 0, 0, 0, 8, 8], [8, 0, 0, 0, 8, 8, 0, 0, 8, 8, 8, 0, 8, 8, 8, 0, 0, 0, 8, 0, 0, 8], [8, 8, 0, 0, 0, 8, 8, 8, 0, 0, 0, 0, 0, 0, 0, 8, 8, 0, 8, 8, 0, 8], [0, 8, 0, 0, 0, 0, 0, 8, 0, 8, 8, 8, 0, 0, 0, 8, 0, 0, 0, 0, 0, 8], [8, 8, 0, 0, 8, 8, 8, 0, 0, 8, 0, 8, 8, 8, 0, 8, 0, 8, 8, 8, 0, 8], [8, 0, 8, 8, 8, 0, 8, 8, 0, 8, 0, 0, 0, 8, 0, 8, 0, 8, 0, 8, 8, 8], [8, 0, 8, 0, 0, 0, 0, 8, 0, 8, 8, 0, 0, 8, 8, 0, 0, 8, 8, 0, 0, 0], [8, 8, 0, 0, 8, 8, 0, 8, 8, 0, 8, 0, 0, 0, 8, 0, 0, 0, 8, 8, 0, 8], [0, 8, 0, 0, 0, 8, 8, 0, 8, 8, 8, 0, 0, 8, 8, 0, 8, 0, 0, 8, 0, 8], [8, 8, 0, 0, 0, 0, 8, 8, 0, 0, 0, 0, 0, 8, 0, 8, 8, 0, 0, 8, 0, 8], [8, 0, 0, 8, 8, 8, 0, 0, 0, 0, 0, 8, 8, 8, 0, 8, 0, 8, 0, 8, 8, 0], [8, 8, 8, 8, 0, 8, 8, 8, 8, 8, 8, 8, 0, 0, 0, 8, 8, 8, 0, 0, 8, 8]], "output": [[8, 0, 0, 8, 8, 8, 2, 5, 8, 8, 0, 0, 8, 0, 0, 0, 8, 8, 8, 8, 8, 0], [8, 8, 0, 8, 5, 8, 8, 2, 5, 8, 8, 0, 8, 8, 8, 8, 8, 0, 0, 0, 8, 8], [0, 8, 8, 5, 2, 5, 8, 5, 8, 0, 8, 0, 0, 0, 0, 0, 0, 0, 8, 8, 0, 8], [8, 0, 8, 2, 5, 2, 8, 2, 8, 8, 8, 0, 8, 0, 0, 8, 8, 8, 0, 8, 0, 8], [8, 0, 8, 8, 2, 5, 8, 5, 2, 5, 2, 8, 8, 0, 0, 8, 0, 8, 8, 8, 0, 8], [8, 0, 0, 8, 5, 8, 8, 2, 8, 8, 5, 8, 0, 0, 0, 8, 0, 0, 0, 0, 0, 8], [8, 0, 0, 8, 2, 5, 2, 5, 2, 8, 2, 8, 0, 0, 0, 8, 0, 0, 8, 8, 8, 8], [8, 8, 0, 8, 8, 8, 5, 2, 5, 2, 5, 8, 8, 0, 8, 8, 0, 0, 8, 0, 0, 0], [0, 8, 8, 0, 0, 8, 8, 5, 8, 8, 8, 0, 8, 0, 8, 0, 0, 0, 8, 0, 8, 8], [0, 0, 8, 8, 0, 0, 8, 2, 8, 0, 8, 0, 8, 0, 8, 8, 0, 0, 8, 0, 8, 0], [8, 8, 0, 8, 0, 0, 8, 5, 8, 0, 8, 0, 8, 8, 0, 8, 8, 8, 8, 0, 0, 0], [0, 8, 0, 0, 8, 8, 8, 2, 8, 8, 0, 0, 0, 8, 0, 0, 0, 0, 0, 8, 8, 0], [8, 8, 0, 8, 8, 5, 2, 5, 2, 8, 0, 0, 8, 8, 0, 8, 8, 8, 0, 8, 0, 0], [8, 0, 8, 8, 0, 8, 8, 8, 5, 8, 8, 0, 8, 0, 0, 8, 0, 8, 0, 8, 8, 0], [8, 0, 8, 0, 8, 8, 2, 5, 2, 5, 8, 0, 8, 8, 8, 8, 0, 8, 0, 0, 8, 0], [0, 0, 8, 0, 8, 2, 5, 8, 5, 2, 8, 8, 0, 0, 0, 0, 8, 8, 0, 0, 8, 0], [8, 8, 8, 0, 8, 5, 2, 8, 8, 5, 2, 8, 8, 0, 8, 8, 8, 0, 0, 0, 8, 8], [8, 0, 0, 0, 8, 8, 5, 2, 8, 8, 8, 0, 8, 8, 8, 0, 0, 0, 8, 0, 0, 8], [8, 8, 0, 0, 0, 8, 8, 8, 0, 0, 0, 0, 0, 0, 0, 8, 8, 0, 8, 8, 0, 8], [0, 8, 0, 0, 0, 0, 0, 8, 0, 8, 8, 8, 0, 0, 0, 8, 0, 0, 0, 0, 0, 8], [8, 8, 0, 0, 8, 8, 8, 0, 0, 8, 0, 8, 8, 8, 0, 8, 0, 8, 8, 8, 0, 8], [8, 0, 8, 8, 8, 0, 8, 8, 0, 8, 0, 0, 0, 8, 0, 8, 0, 8, 0, 8, 8, 8], [8, 0, 8, 0, 0, 0, 0, 8, 0, 8, 8, 0, 0, 8, 8, 0, 0, 8, 8, 0, 0, 0], [8, 8, 0, 0, 8, 8, 0, 8, 8, 0, 8, 0, 0, 0, 8, 0, 0, 0, 8, 8, 0, 8], [0, 8, 0, 0, 0, 8, 8, 0, 8, 8, 8, 0, 0, 8, 8, 0, 8, 0, 0, 8, 0, 8], [8, 8, 0, 0, 0, 0, 8, 8, 0, 0, 0, 0, 0, 8, 0, 8, 8, 0, 0, 8, 0, 8], [8, 0, 0, 8, 8, 8, 0, 0, 0, 0, 0, 8, 8, 8, 0, 8, 0, 8, 0, 8, 8, 0], [8, 8, 8, 8, 0, 8, 8, 8, 8, 8, 8, 8, 0, 0, 0, 8, 8, 8, 0, 0, 8, 8]]}, {"input": [[8, 0, 0, 0, 0, 0, 0, 8, 8, 8, 0, 8, 8, 8, 8, 8, 8], [8, 8, 0, 8, 8, 8, 8, 8, 0, 8, 0, 0, 0, 0, 0, 0, 8], [0, 8, 8, 8, 0, 0, 0, 0, 8, 8, 0, 8, 8, 8, 8, 8, 8], [0, 0, 0, 0, 0, 8, 8, 0, 8, 0, 8, 8, 0, 0, 0, 0, 0], [0, 0, 0, 0, 8, 0, 8, 0, 8, 0, 8, 0, 8, 8, 8, 8, 0], [0, 8, 8, 8, 8, 0, 8, 0, 8, 0, 8, 0, 8, 0, 0, 8, 0], [8, 8, 0, 0, 0, 8, 8, 0, 8, 0, 0, 0, 8, 0, 0, 8, 8], [8, 0, 0, 0, 0, 8, 0, 0, 8, 8, 8, 8, 8, 0, 0, 0, 8], [8, 8, 0, 0, 8, 8, 0, 8, 0, 0, 0, 0, 0, 8, 8, 0, 8], [0, 8, 8, 0, 8, 0, 8, 8, 0, 8, 8, 8, 8, 0, 8, 0, 8], [0, 0, 8, 8, 8, 0, 8, 0, 9, 0, 0, 0, 8, 8, 0, 8, 8], [8, 8, 0, 0, 0, 0, 8, 8, 2, 8, 8, 8, 0, 0, 8, 8, 0], [0, 8, 8, 0, 0, 0, 0, 8, 9, 8, 0, 8, 0, 8, 8, 0, 0], [0, 0, 8, 8, 0, 8, 8, 8, 0, 0, 8, 8, 0, 8, 0, 0, 8], [8, 0, 0, 8, 0, 8, 0, 0, 0, 0, 0, 0, 8, 8, 0, 8, 8], [8, 0, 0, 8, 0, 8, 8, 0, 8, 8, 8, 0, 8, 0, 0, 8, 0], [8, 8, 0, 8, 8, 0, 8, 0, 8, 0, 8, 0, 8, 0, 8, 8, 0], [0, 8, 8, 0, 8, 0, 8, 0, 8, 0, 8, 8, 8, 0, 8, 0, 0], [8, 0, 8, 8, 0, 8, 8, 0, 8, 0, 0, 0, 0, 0, 8, 8, 0], [8, 8, 0, 8, 0, 8, 0, 0, 8, 8, 0, 8, 8, 8, 0, 8, 0], [0, 0, 0, 0, 0, 8, 8, 8, 0, 8, 8, 0, 0, 8, 8, 8, 0], [8, 8, 8, 8, 0, 0, 0, 0, 0, 0, 8, 8, 8, 0, 0, 0, 8], [8, 0, 0, 8, 0, 8, 8, 8, 0, 0, 0, 0, 8, 0, 8, 8, 8], [8, 8, 0, 0, 8, 8, 0, 8, 0, 0, 0, 0, 8, 0, 8, 0, 0], [0, 8, 8, 8, 8, 0, 0, 8, 8, 8, 8, 8, 8, 0, 0, 8, 8]], "output": [[8, 0, 0, 0, 0, 0, 0, 8, 8, 8, 0, 8, 8, 8, 8, 8, 8], [8, 8, 0, 8, 8, 8, 8, 8, 0, 8, 0, 0, 0, 0, 0, 0, 8], [0, 8, 8, 8, 0, 0, 0, 0, 8, 8, 0, 8, 8, 8, 8, 8, 8], [0, 0, 0, 0, 0, 8, 8, 0, 8, 0, 8, 8, 0, 0, 0, 0, 0], [0, 0, 0, 0, 8, 0, 8, 0, 8, 0, 8, 0, 8, 8, 8, 8, 0], [0, 8, 8, 8, 8, 0, 8, 0, 8, 0, 8, 0, 8, 0, 0, 8, 0], [8, 8, 0, 0, 0, 8, 8, 0, 8, 0, 0, 0, 8, 0, 0, 8, 8], [8, 0, 0, 0, 0, 8, 0, 0, 8, 8, 8, 8, 8, 0, 0, 0, 8], [8, 8, 0, 0, 8, 8, 0, 8, 9, 2, 9, 2, 9, 8, 8, 0, 8], [0, 8, 8, 0, 8, 0, 8, 8, 2, 8, 8, 8, 8, 0, 8, 0, 8], [0, 0, 8, 8, 8, 0, 8, 2, 9, 2, 9, 2, 8, 8, 0, 8, 8], [8, 8, 0, 0, 0, 0, 8, 8, 2, 8, 8, 8, 0, 0, 8, 8, 0], [0, 8, 8, 0, 0, 0, 0, 8, 9, 8, 0, 8, 0, 8, 8, 0, 0], [0, 0, 8, 8, 0, 8, 8, 8, 2, 9, 8, 8, 0, 8, 0, 0, 8], [8, 0, 0, 8, 0, 8, 9, 2, 9, 2, 9, 2, 8, 8, 0, 8, 8], [8, 0, 0, 8, 0, 8, 8, 9, 8, 8, 8, 9, 8, 0, 0, 8, 0], [8, 8, 0, 8, 8, 0, 8, 2, 8, 0, 8, 2, 8, 0, 8, 8, 0], [0, 8, 8, 0, 8, 0, 8, 9, 8, 0, 8, 8, 8, 0, 8, 0, 0], [8, 0, 8, 8, 0, 8, 8, 2, 8, 0, 0, 0, 0, 0, 8, 8, 0], [8, 8, 0, 8, 0, 8, 2, 9, 8, 8, 0, 8, 8, 8, 0, 8, 0], [0, 0, 0, 0, 0, 8, 8, 8, 0, 8, 8, 0, 0, 8, 8, 8, 0], [8, 8, 8, 8, 0, 0, 0, 0, 0, 0, 8, 8, 8, 0, 0, 0, 8], [8, 0, 0, 8, 0, 8, 8, 8, 0, 0, 0, 0, 8, 0, 8, 8, 8], [8, 8, 0, 0, 8, 8, 0, 8, 0, 0, 0, 0, 8, 0, 8, 0, 0], [0, 8, 8, 8, 8, 0, 0, 8, 8, 8, 8, 8, 8, 0, 0, 8, 8]]}, {"input": [[8, 8, 8, 0, 0, 0, 0, 8, 8, 0, 0, 8, 8, 0, 8, 8, 8, 8, 8, 8, 8, 0, 0, 0, 8, 8, 8, 0], [0, 0, 8, 0, 8, 8, 8, 0, 8, 8, 0, 8, 0, 0, 0, 0, 0, 0, 0, 0, 8, 8, 8, 8, 8, 0, 8, 0], [8, 8, 8, 0, 8, 0, 8, 8, 0, 8, 0, 8, 8, 0, 0, 8, 8, 8, 8, 8, 0, 0, 0, 0, 0, 0, 8, 8], [8, 0, 0, 0, 8, 0, 0, 8, 8, 8, 0, 0, 8, 8, 8, 0, 0, 0, 0, 8, 0, 8, 8, 8, 0, 0, 0, 8], [8, 8, 0, 0, 8, 0, 0, 0, 0, 0, 0, 8, 0, 0, 8, 8, 8, 8, 8, 0, 8, 8, 0, 8, 8, 0, 8, 8], [0, 8, 8, 0, 8, 0, 8, 8, 0, 8, 0, 8, 8, 0, 0, 0, 0, 0, 8, 8, 0, 0, 0, 0, 8, 8, 8, 0], [0, 0, 8, 8, 8, 0, 0, 8, 0, 8, 0, 0, 8, 0, 8, 8, 8, 0, 0, 8, 8, 0, 0, 0, 0, 0, 0, 0], [0, 0, 0, 0, 0, 8, 8, 8, 0, 8, 8, 0, 8, 8, 8, 0, 0, 8, 8, 0, 8, 8, 8, 8, 8, 8, 8, 0], [0, 8, 8, 8, 0, 8, 0, 0, 0, 0, 8, 8, 0, 0, 0, 0, 0, 8, 0, 0, 0, 0, 0, 0, 0, 0, 8, 0], [8, 8, 0, 8, 8, 8, 0, 8, 0, 0, 0, 8, 8, 8, 8, 0, 0, 8, 0, 8, 8, 8, 8, 0, 8, 0, 8, 8], [8, 0, 0, 0, 0, 0, 0, 8, 0, 0, 8, 0, 0, 0, 8, 8, 0, 8, 8, 8, 0, 0, 8, 0, 8, 8, 0, 8], [8, 0, 0, 8, 8, 0, 0, 8, 8, 8, 8, 0, 8, 8, 0, 8, 0, 0, 0, 0, 0, 0, 8, 0, 0, 0, 0, 8], [8, 8, 0, 0, 8, 0, 0, 0, 0, 0, 0, 0, 0, 8, 0, 8, 8, 8, 0, 8, 0, 0, 8, 8, 8, 8, 8, 8], [0, 8, 0, 8, 8, 0, 8, 8, 8, 8, 0, 8, 8, 8, 0, 0, 0, 8, 0, 8, 8, 8, 0, 0, 0, 0, 0, 0], [8, 8, 0, 8, 0, 0, 8, 0, 0, 8, 8, 8, 0, 0, 0, 0, 8, 8, 0, 0, 0, 8, 8, 0, 0, 0, 8, 8], [8, 0, 4, 8, 8, 0, 8, 0, 0, 0, 0, 0, 8, 8, 0, 8, 8, 0, 8, 8, 0, 0, 8, 8, 8, 8, 0, 8], [8, 8, 3, 4, 8, 0, 0, 8, 8, 8, 0, 0, 0, 8, 0, 8, 0, 0, 0, 8, 8, 8, 0, 0, 0, 8, 8, 8], [0, 8, 8, 0, 8, 0, 0, 8, 0, 8, 0, 0, 0, 0, 0, 8, 8, 8, 0, 0, 0, 8, 0, 8, 8, 0, 0, 0], [8, 0, 8, 0, 8, 0, 0, 8, 0, 8, 8, 8, 8, 8, 0, 0, 0, 8, 0, 8, 8, 8, 0, 0, 8, 8, 0, 8], [8, 0, 8, 0, 8, 8, 0, 8, 0, 0, 0, 0, 0, 8, 0, 8, 0, 8, 8, 8, 0, 0, 8, 0, 0, 8, 0, 8], [8, 8, 8, 0, 0, 8, 8, 8, 0, 8, 8, 8, 8, 8, 0, 8, 8, 0, 0, 0, 0, 0, 8, 8, 8, 8, 0, 8]], "output": [[8, 8, 8, 0, 0, 0, 0, 8, 8, 4, 3, 8, 8, 0, 8, 8, 8, 8, 8, 8, 8, 0, 0, 0, 8, 8, 8, 0], [0, 0, 8, 0, 8, 8, 8, 0, 8, 8, 4, 8, 0, 0, 0, 0, 0, 0, 0, 0, 8, 8, 8, 8, 8, 0, 8, 0], [8, 8, 8, 0, 8, 4, 8, 8, 0, 8, 3, 8, 8, 0, 0, 8, 8, 8, 8, 8, 0, 0, 0, 0, 0, 0, 8, 8], [8, 0, 0, 0, 8, 3, 4, 8, 8, 8, 4, 3, 8, 8, 8, 0, 0, 0, 0, 8, 0, 8, 8, 8, 0, 0, 0, 8], [8, 8, 0, 0, 8, 4, 3, 4, 3, 4, 3, 8, 0, 0, 8, 8, 8, 8, 8, 0, 8, 8, 0, 8, 8, 0, 8, 8], [0, 8, 8, 0, 8, 3, 8, 8, 4, 8, 4, 8, 8, 0, 0, 0, 0, 0, 8, 8, 0, 0, 0, 0, 8, 8, 8, 0], [0, 0, 8, 8, 8, 4, 3, 8, 3, 8, 3, 4, 8, 0, 8, 8, 8, 0, 0, 8, 8, 0, 0, 0, 0, 0, 0, 0], [0, 0, 0, 0, 0, 8, 8, 8, 4, 8, 8, 3, 8, 8, 8, 0, 0, 8, 8, 0, 8, 8, 8, 8, 8, 8, 8, 0], [0, 8, 8, 8, 0, 8, 3, 4, 3, 4, 8, 8, 0, 0, 0, 0, 0, 8, 0, 0, 0, 0, 0, 0, 0, 0, 8, 0], [8, 8, 4, 8, 8, 8, 4, 8, 4, 3, 4, 8, 8, 8, 8, 0, 0, 8, 0, 8, 8, 8, 8, 0, 8, 0, 8, 8], [8, 4, 3, 4, 3, 4, 3, 8, 3, 4, 8, 4, 3, 4, 8, 8, 0, 8, 8, 8, 0, 0, 8, 0, 8, 8, 0, 8], [8, 3, 4, 8, 8, 3, 4, 8, 8, 8, 8, 3, 8, 8, 0, 8, 0, 0, 0, 0, 0, 0, 8, 0, 0, 0, 0, 8], [8, 8, 3, 4, 8, 4, 3, 4, 3, 4, 3, 4, 3, 8, 0, 8, 8, 8, 0, 8, 0, 0, 8, 8, 8, 8, 8, 8], [0, 8, 4, 8, 8, 3, 8, 8, 8, 8, 4, 8, 8, 8, 0, 0, 0, 8, 0, 8, 8, 8, 0, 0, 0, 0, 0, 0], [8, 8, 3, 8, 3, 4, 8, 0, 0, 8, 8, 8, 0, 0, 0, 0, 8, 8, 0, 0, 0, 8, 8, 0, 0, 0, 8, 8], [8, 3, 4, 8, 8, 3, 8, 0, 0, 0, 0, 0, 8, 8, 0, 8, 8, 0, 8, 8, 0, 0, 8, 8, 8, 8, 0, 8], [8, 8, 3, 4, 8, 4, 3, 8, 8, 8, 0, 0, 0, 8, 0, 8, 0, 0, 0, 8, 8, 8, 0, 0, 0, 8, 8, 8], [0, 8, 8, 3, 8, 3, 4, 8, 0, 8, 0, 0, 0, 0, 0, 8, 8, 8, 0, 0, 0, 8, 0, 8, 8, 0, 0, 0], [8, 0, 8, 4, 8, 4, 3, 8, 0, 8, 8, 8, 8, 8, 0, 0, 0, 8, 0, 8, 8, 8, 0, 0, 8, 8, 0, 8], [8, 0, 8, 3, 8, 8, 4, 8, 0, 0, 0, 0, 0, 8, 0, 8, 0, 8, 8, 8, 0, 0, 8, 0, 0, 8, 0, 8], [8, 8, 8, 4, 3, 8, 8, 8, 0, 8, 8, 8, 8, 8, 0, 8, 8, 0, 0, 0, 0, 0, 8, 8, 8, 8, 0, 8]]}, {"input": [[8, 8, 8, 0, 8, 8, 0, 8, 8, 8, 8, 0, 0, 0, 0, 0, 8, 8, 8, 8, 8, 8, 0, 8, 8, 8], [8, 0, 8, 0, 0, 8, 0, 0, 0, 0, 8, 8, 8, 0, 8, 8, 8, 0, 0, 0, 0, 8, 0, 8, 0, 8], [0, 0, 8, 8, 0, 8, 8, 0, 0, 0, 0, 0, 8, 8, 8, 0, 0, 0, 8, 8, 0, 8, 8, 8, 0, 8], [8, 8, 0, 8, 0, 0, 0, 8, 8, 8, 0, 0, 0, 0, 0, 8, 8, 0, 0, 8, 8, 0, 0, 0, 8, 8], [0, 8, 0, 8, 0, 0, 0, 8, 0, 8, 0, 0, 8, 8, 8, 0, 8, 0, 8, 0, 0, 8, 8, 8, 8, 0], [0, 8, 0, 8, 8, 0, 8, 8, 0, 8, 8, 8, 0, 0, 8, 8, 0, 0, 8, 0, 8, 8, 0, 0, 0, 0], [0, 8, 8, 0, 8, 8, 8, 0, 0, 0, 0, 8, 0, 0, 0, 0, 0, 0, 8, 0, 8, 0, 0, 8, 0, 0], [8, 0, 8, 0, 0, 0, 0, 0, 8, 0, 0, 8, 8, 0, 8, 8, 8, 0, 0, 8, 8, 0, 0, 8, 8, 0], [8, 0, 8, 8, 0, 8, 8, 0, 8, 0, 0, 0, 8, 0, 8, 0, 8, 0, 0, 8, 0, 0, 0, 0, 8, 8], [8, 8, 0, 8, 0, 8, 0, 8, 8, 0, 0, 0, 8, 8, 8, 0, 8, 0, 0, 8, 8, 8, 8, 0, 0, 8], [0, 8, 0, 8, 8, 0, 0, 8, 0, 8, 8, 8, 0, 0, 0, 0, 8, 8, 0, 0, 0, 0, 8, 0, 8, 8], [8, 8, 0, 0, 8, 8, 8, 0, 0, 8, 0, 0, 8, 8, 8, 0, 0, 8, 8, 8, 8, 0, 8, 0, 8, 0], [8, 0, 8, 8, 0, 0, 8, 0, 8, 8, 0, 0, 8, 0, 8, 0, 0, 0, 0, 0, 8, 0, 8, 0, 8, 8], [8, 8, 0, 8, 8, 0, 8, 8, 8, 0, 8, 0, 8, 0, 8, 0, 8, 8, 8, 8, 8, 0, 8, 8, 0, 8], [0, 8, 8, 0, 8, 0, 0, 0, 0, 0, 8, 0, 8, 8, 0, 8, 8, 0, 0, 0, 0, 0, 0, 8, 8, 0], [0, 0, 8, 8, 8, 0, 8, 8, 0, 0, 8, 0, 0, 8, 8, 8, 0, 8, 8, 0, 0, 8, 8, 0, 8, 0], [0, 0, 0, 0, 0, 0, 8, 0, 0, 0, 0, 0, 0, 0, 0, 0, 0, 8, 0, 0, 0, 8, 0, 8, 8, 0], [8, 8, 8, 0, 0, 8, 8, 0, 8, 0, 0, 0, 8, 8, 8, 8, 0, 8, 8, 0, 8, 8, 0, 8, 0, 8], [8, 0, 8, 8, 0, 8, 0, 0, 8, 8, 8, 8, 0, 0, 0, 0, 8, 9, 8, 8, 8, 0, 0, 8, 0, 8], [8, 0, 0, 8, 8, 8, 0, 8, 0, 0, 0, 8, 0, 0, 0, 8, 8, 3, 9, 0, 0, 0, 0, 8, 0, 8], [8, 0, 0, 0, 0, 0, 8, 8, 0, 8, 0, 8, 0, 8, 8, 8, 0, 9, 8, 0, 8, 0, 8, 8, 0, 8], [8, 0, 0, 8, 8, 0, 8, 0, 0, 8, 0, 8, 8, 8, 0, 0, 0, 8, 8, 0, 8, 0, 8, 0, 0, 8], [8, 8, 0, 0, 8, 0, 8, 8, 0, 8, 0, 0, 0, 0, 0, 0, 8, 8, 0, 8, 8, 0, 8, 8, 8, 0], [0, 8, 8, 0, 8, 8, 0, 8, 8, 8, 0, 8, 8, 0, 0, 0, 8, 0, 0, 0, 0, 8, 0, 0, 8, 0], [8, 0, 8, 0, 0, 8, 8, 0, 0, 0, 0, 0, 8, 8, 0, 0, 8, 8, 8, 8, 8, 8, 0, 8, 8, 0], [8, 0, 8, 8, 8, 0, 8, 8, 0, 8, 8, 8, 0, 8, 8, 0, 0, 0, 0, 0, 0, 0, 0, 8, 0, 8], [8, 8, 0, 0, 8, 8, 0, 8, 0, 8, 0, 8, 8, 0, 0, 8, 8, 8, 0, 0, 0, 0, 0, 8, 8, 8], [0, 8, 8, 8, 0, 8, 0, 8, 8, 0, 0, 0, 0, 0, 8, 8, 0, 8, 8, 0, 8, 8, 8, 0, 0, 0], [0, 0, 0, 8, 8, 8, 0, 0, 8, 8, 8, 8, 8, 8, 8, 0, 0, 0, 8, 8, 8, 0, 8, 8, 8, 8]], "output": [[8, 8, 8, 0, 8, 8, 0, 8, 8, 8, 8, 0, 0, 0, 0, 0, 8, 8, 8, 8, 8, 8, 0, 8, 8, 8], [8, 0, 8, 0, 0, 8, 0, 0, 0, 0, 8, 8, 8, 0, 8, 8, 8, 0, 0, 0, 0, 8, 0, 8, 0, 8], [0, 0, 8, 8, 0, 8, 8, 0, 0, 0, 0, 0, 8, 8, 8, 0, 0, 0, 8, 8, 0, 8, 8, 8, 0, 8], [8, 8, 0, 8, 0, 0, 0, 8, 8, 8, 0, 0, 0, 0, 0, 8, 8, 0, 0, 8, 8, 0, 0, 0, 8, 8], [0, 8, 0, 8, 0, 0, 0, 8, 0, 8, 0, 0, 8, 8, 8, 0, 8, 0, 8, 0, 0, 8, 8, 8, 8, 0], [0, 8, 0, 8, 8, 0, 8, 8, 0, 8, 8, 8, 0, 0, 8, 8, 0, 0, 8, 0, 8, 8, 0, 0, 0, 0], [0, 8, 8, 0, 8, 8, 8, 0, 0, 0, 0, 8, 0, 0, 0, 0, 0, 0, 8, 0, 8, 0, 0, 8, 0, 0], [8, 0, 8, 0, 0, 0, 0, 0, 8, 0, 0, 8, 8, 0, 8, 8, 8, 0, 0, 8, 8, 0, 0, 8, 8, 0], [8, 0, 8, 8, 0, 8, 8, 0, 8, 0, 0, 0, 8, 0, 8, 0, 8, 0, 0, 8, 0, 0, 0, 0, 8, 8], [8, 8, 0, 8, 0, 8, 0, 8, 8, 0, 0, 0, 8, 8, 8, 0, 8, 0, 0, 8, 8, 8, 8, 0, 0, 8], [0, 8, 0, 8, 8, 0, 0, 8, 0, 8, 8, 8, 0, 0, 0, 0, 8, 8, 0, 0, 0, 0, 8, 0, 8, 8], [8, 8, 0, 0, 8, 8, 8, 0, 0, 8, 0, 0, 8, 8, 8, 0, 0, 8, 8, 8, 8, 0, 8, 0, 8, 0], [8, 0, 8, 8, 0, 0, 8, 0, 8, 8, 0, 0, 8, 0, 8, 0, 0, 0, 0, 0, 8, 0, 8, 0, 8, 8], [8, 8, 0, 8, 8, 0, 8, 8, 8, 0, 8, 0, 8, 0, 8, 0, 8, 8, 8, 8, 8, 0, 8, 8, 0, 8], [0, 8, 8, 0, 8, 0, 0, 0, 0, 0, 8, 0, 8, 8, 0, 8, 8, 0, 0, 0, 0, 0, 0, 8, 8, 0], [0, 0, 8, 8, 8, 0, 8, 8, 0, 0, 8, 0, 0, 8, 8, 8, 0, 8, 8, 0, 0, 8, 8, 0, 8, 0], [0, 0, 0, 0, 0, 0, 8, 0, 0, 0, 0, 0, 0, 0, 0, 0, 0, 8, 0, 0, 0, 8, 3, 8, 8, 0], [8, 8, 8, 0, 0, 8, 8, 0, 8, 0, 0, 0, 8, 8, 8, 8, 0, 8, 8, 0, 8, 8, 9, 8, 0, 8], [8, 0, 8, 8, 0, 8, 0, 0, 8, 8, 8, 8, 0, 0, 0, 0, 8, 9, 8, 8, 8, 9, 3, 8, 0, 8], [8, 0, 0, 8, 8, 8, 0, 8, 9, 3, 9, 8, 0, 0, 0, 8, 8, 3, 9, 3, 9, 3, 9, 8, 0, 8], [8, 0, 0, 0, 0, 0, 8, 8, 3, 8, 3, 8, 0, 8, 8, 8, 3, 9, 8, 9, 8, 9, 8, 8, 0, 8], [8, 0, 0, 8, 8, 0, 8, 3, 9, 8, 9, 8, 8, 8, 9, 3, 9, 8, 8, 3, 8, 3, 8, 0, 0, 8], [8, 8, 0, 0, 8, 0, 8, 8, 3, 8, 3, 9, 3, 9, 3, 9, 8, 8, 0, 8, 8, 9, 8, 8, 8, 0], [0, 8, 8, 0, 8, 8, 0, 8, 8, 8, 9, 8, 8, 3, 9, 3, 8, 0, 0, 0, 0, 8, 9, 3, 8, 0], [8, 0, 8, 0, 0, 8, 8, 9, 3, 9, 3, 9, 8, 8, 3, 9, 8, 8, 8, 8, 8, 8, 3, 8, 8, 0], [8, 0, 8, 8, 8, 0, 8, 8, 9, 8, 8, 8, 0, 8, 8, 3, 9, 3, 9, 3, 9, 3, 9, 8, 0, 8], [8, 8, 0, 0, 8, 8, 0, 8, 3, 8, 0, 8, 8, 0, 0, 8, 8, 8, 3, 9, 3, 9, 3, 8, 8, 8], [0, 8, 8, 8, 0, 8, 0, 8, 8, 0, 0, 0, 0, 0, 8, 8, 0, 8, 8, 3, 8, 8, 8, 0, 0, 0], [0, 0, 0, 8, 8, 8, 0, 0, 8, 8, 8, 8, 8, 8, 8, 0, 0, 0, 8, 8, 8, 0, 8, 8, 8, 8]]}, {"input": [[8, 8, 0, 8, 8, 8, 0, 8, 8, 8, 8, 0, 8, 8, 8, 0, 8], [0, 8, 0, 0, 0, 0, 8, 8, 0, 0, 8, 8, 0, 0, 8, 0, 0], [8, 8, 0, 8, 8, 8, 8, 0, 0, 0, 0, 8, 8, 0, 8, 8, 8], [8, 0, 8, 8, 0, 0, 0, 8, 8, 0, 0, 0, 8, 8, 0, 0, 8], [8, 8, 8, 0, 8, 8, 8, 8, 0, 8, 8, 8, 0, 8, 8, 0, 8], [0, 0, 0, 8, 8, 0, 0, 0, 8, 8, 0, 0, 0, 0, 8, 0, 8], [8, 8, 8, 8, 0, 8, 8, 0, 8, 0, 8, 8, 0, 0, 8, 8, 0], [8, 0, 0, 0, 0, 0, 8, 0, 8, 0, 0, 8, 0, 0, 0, 8, 0], [0, 8, 8, 8, 0, 0, 8, 8, 8, 0, 8, 8, 0, 0, 8, 8, 0], [8, 8, 0, 8, 8, 8, 0, 0, 0, 8, 8, 0, 0, 0, 8, 0, 0], [8, 0, 0, 0, 0, 8, 8, 8, 8, 0, 0, 8, 8, 8, 8, 0, 8], [8, 8, 8, 8, 0, 0, 4, 9, 8, 8, 0, 8, 0, 0, 0, 8, 8], [0, 0, 0, 8, 0, 8, 8, 4, 0, 0, 8, 8, 0, 0, 8, 8, 0], [0, 8, 8, 8, 0, 8, 0, 8, 8, 8, 8, 0, 0, 8, 8, 0, 8], [8, 8, 0, 0, 0, 0, 8, 8, 0, 0, 0, 8, 0, 8, 0, 0, 8], [8, 0, 8, 8, 8, 0, 8, 0, 0, 8, 8, 8, 0, 8, 0, 0, 8], [8, 8, 8, 0, 8, 8, 8, 0, 0, 8, 0, 0, 0, 8, 8, 8, 8]], "output": [[8, 8, 0, 8, 8, 8, 0, 8, 8, 8, 8, 0, 8, 8, 8, 0, 8], [0, 8, 0, 0, 0, 0, 8, 8, 0, 0, 8, 8, 0, 0, 8, 0, 0], [8, 8, 0, 8, 8, 8, 8, 0, 0, 0, 0, 8, 8, 0, 8, 8, 8], [8, 0, 8, 8, 0, 0, 0, 8, 8, 0, 0, 0, 8, 8, 0, 0, 8], [8, 8, 8, 0, 8, 8, 8, 8, 0, 8, 8, 8, 0, 8, 8, 0, 8], [0, 0, 0, 8, 8, 0, 0, 0, 8, 8, 0, 0, 0, 0, 8, 0, 8], [8, 8, 8, 8, 0, 8, 8, 0, 8, 0, 8, 8, 0, 0, 8, 8, 0], [8, 0, 0, 0, 0, 0, 8, 0, 8, 0, 0, 8, 0, 0, 0, 8, 0], [0, 8, 8, 8, 0, 0, 8, 8, 8, 0, 8, 8, 0, 0, 8, 8, 0], [8, 8, 4, 8, 8, 8, 0, 0, 0, 8, 8, 0, 0, 0, 8, 0, 0], [8, 4, 9, 4, 9, 8, 8, 8, 8, 0, 0, 8, 8, 8, 8, 0, 8], [8, 8, 8, 8, 4, 9, 4, 9, 8, 8, 0, 8, 0, 0, 0, 8, 8], [0, 0, 0, 8, 9, 8, 8, 4, 9, 4, 8, 8, 0, 0, 8, 8, 0], [0, 8, 8, 8, 4, 8, 0, 8, 8, 8, 8, 0, 0, 8, 8, 0, 8], [8, 8, 9, 4, 9, 4, 8, 8, 0, 0, 0, 8, 0, 8, 0, 0, 8], [8, 0, 8, 8, 8, 9, 8, 0, 0, 8, 8, 8, 0, 8, 0, 0, 8], [8, 8, 8, 0, 8, 8, 8, 0, 0, 8, 0, 0, 0, 8, 8, 8, 8]]}, {"input": [[8, 8, 8, 8, 0, 0, 0, 0, 0, 0, 8, 8, 0, 0, 8, 8, 8, 0], [0, 0, 0, 8, 8, 8, 0, 8, 8, 8, 0, 8, 8, 0, 8, 0, 8, 0], [8, 8, 0, 0, 0, 8, 8, 8, 0, 8, 8, 0, 8, 0, 8, 0, 8, 0], [0, 8, 8, 8, 8, 0, 0, 0, 0, 0, 8, 2, 8, 0, 8, 0, 8, 8], [0, 0, 0, 0, 8, 0, 0, 8, 8, 8, 8, 6, 8, 0, 8, 0, 0, 8], [0, 0, 8, 8, 8, 0, 8, 8, 0, 0, 0, 2, 8, 0, 8, 0, 8, 8], [0, 8, 8, 0, 0, 0, 8, 0, 0, 8, 8, 0, 8, 0, 8, 0, 8, 0], [8, 8, 0, 8, 8, 0, 8, 8, 0, 8, 0, 0, 8, 8, 8, 0, 8, 8], [8, 0, 0, 0, 8, 0, 0, 8, 0, 0, 0, 0, 0, 0, 0, 0, 0, 8], [8, 8, 0, 0, 8, 8, 0, 8, 8, 0, 8, 8, 0, 0, 0, 8, 8, 8], [0, 8, 0, 0, 0, 8, 8, 0, 8, 0, 8, 0, 8, 8, 8, 8, 0, 0], [0, 8, 8, 0, 0, 0, 8, 0, 8, 0, 0, 8, 8, 0, 0, 0, 8, 8], [8, 0, 8, 8, 8, 8, 0, 0, 8, 8, 0, 8, 0, 8, 8, 8, 0, 8], [8, 0, 0, 0, 0, 8, 8, 0, 0, 8, 8, 8, 0, 8, 0, 0, 0, 0], [8, 8, 8, 8, 0, 0, 8, 0, 0, 0, 0, 0, 8, 8, 0, 8, 0, 8], [0, 0, 0, 8, 0, 0, 8, 8, 0, 8, 8, 0, 8, 0, 8, 8, 0, 8], [8, 8, 8, 0, 8, 8, 0, 8, 8, 0, 8, 0, 8, 0, 8, 0, 8, 8], [8, 0, 8, 8, 8, 0, 0, 0, 8, 0, 8, 0, 8, 0, 8, 8, 8, 0], [8, 8, 0, 0, 0, 8, 8, 8, 8, 0, 8, 0, 8, 0, 0, 0, 0, 8], [0, 8, 8, 8, 8, 8, 0, 0, 0, 0, 8, 8, 8, 0, 8, 8, 8, 8]], "output": [[8, 8, 8, 8, 0, 0, 0, 0, 0, 0, 8, 8, 0, 0, 8, 8, 8, 0], [0, 0, 0, 8, 8, 8, 0, 8, 8, 8, 0, 8, 8, 0, 8, 2, 8, 0], [8, 8, 0, 0, 0, 8, 8, 8, 0, 8, 8, 6, 8, 0, 8, 6, 8, 0], [0, 8, 8, 8, 8, 0, 0, 0, 0, 0, 8, 2, 8, 0, 8, 2, 8, 8], [0, 0, 0, 0, 8, 0, 0, 8, 8, 8, 8, 6, 8, 0, 8, 6, 2, 8], [0, 0, 8, 8, 8, 0, 8, 8, 6, 2, 6, 2, 8, 0, 8, 2, 8, 8], [0, 8, 8, 0, 0, 0, 8, 6, 2, 8, 8, 6, 8, 0, 8, 6, 8, 0], [8, 8, 0, 8, 8, 0, 8, 8, 6, 8, 6, 2, 8, 8, 8, 2, 8, 8], [8, 0, 0, 0, 8, 0, 0, 8, 2, 6, 2, 6, 2, 6, 2, 6, 2, 8], [8, 8, 0, 0, 8, 8, 0, 8, 8, 2, 8, 8, 6, 2, 6, 8, 8, 8], [0, 8, 0, 0, 0, 8, 8, 0, 8, 6, 8, 0, 8, 8, 8, 8, 0, 0], [0, 8, 8, 0, 0, 0, 8, 0, 8, 2, 6, 8, 8, 0, 0, 0, 8, 8], [8, 0, 8, 8, 8, 8, 0, 0, 8, 8, 2, 8, 0, 8, 8, 8, 0, 8], [8, 0, 0, 0, 0, 8, 8, 0, 0, 8, 8, 8, 0, 8, 0, 0, 0, 0], [8, 8, 8, 8, 0, 0, 8, 0, 0, 0, 0, 0, 8, 8, 0, 8, 0, 8], [0, 0, 0, 8, 0, 0, 8, 8, 0, 8, 8, 0, 8, 0, 8, 8, 0, 8], [8, 8, 8, 0, 8, 8, 0, 8, 8, 0, 8, 0, 8, 0, 8, 0, 8, 8], [8, 0, 8, 8, 8, 0, 0, 0, 8, 0, 8, 0, 8, 0, 8, 8, 8, 0], [8, 8, 0, 0, 0, 8, 8, 8, 8, 0, 8, 0, 8, 0, 0, 0, 0, 8], [0, 8, 8, 8, 8, 8, 0, 0, 0, 0, 8, 8, 8, 0, 8, 8, 8, 8]]}, {"input": [[8, 8, 8, 8, 8, 8, 8, 0, 8, 8, 8, 0, 0, 8, 0, 8, 8, 8, 0], [0, 0, 0, 0, 0, 0, 8, 8, 8, 0, 8, 8, 0, 8, 0, 0, 0, 8, 0], [8, 8, 0, 8, 8, 0, 0, 0, 0, 0, 0, 8, 0, 8, 0, 8, 8, 8, 0], [0, 8, 8, 0, 8, 0, 8, 8, 8, 0, 0, 8, 0, 8, 8, 8, 0, 0, 0], [8, 0, 8, 0, 8, 8, 0, 0, 0, 0, 8, 8, 0, 0, 0, 0, 0, 8, 8], [8, 0, 8, 0, 0, 8, 8, 0, 8, 8, 8, 0, 8, 8, 8, 0, 0, 8, 0], [8, 0, 8, 8, 0, 0, 0, 8, 8, 0, 0, 0, 0, 0, 0, 8, 8, 8, 0], [0, 0, 0, 8, 8, 0, 8, 8, 0, 8, 0, 0, 8, 8, 8, 8, 0, 0, 0], [8, 8, 8, 0, 8, 8, 8, 0, 8, 8, 0, 8, 8, 0, 0, 0, 0, 8, 8], [8, 0, 8, 8, 0, 0, 0, 8, 8, 0, 0, 8, 0, 8, 8, 8, 8, 8, 0], [8, 8, 0, 8, 0, 0, 0, 8, 0, 8, 0, 8, 0, 8, 0, 0, 0, 0, 0], [0, 8, 0, 0, 8, 8, 8, 0, 0, 8, 0, 8, 8, 0, 8, 8, 8, 8, 0], [0, 8, 8, 8, 8, 0, 8, 0, 0, 8, 8, 0, 8, 8, 8, 0, 0, 8, 0], [8, 0, 0, 0, 0, 8, 8, 0, 8, 0, 8, 0, 0, 0, 0, 0, 8, 8, 0], [8, 8, 0, 8, 8, 8, 0, 0, 8, 0, 0, 8, 8, 8, 8, 0, 8, 0, 8], [0, 0, 0, 8, 0, 0, 8, 0, 8, 0, 8, 8, 7, 0, 8, 8, 8, 0, 8], [8, 8, 8, 8, 0, 8, 8, 0, 0, 8, 8, 7, 1, 7, 0, 0, 0, 8, 8], [8, 0, 0, 0, 0, 0, 0, 0, 8, 8, 0, 0, 8, 0, 8, 0, 8, 8, 0], [8, 8, 0, 8, 0, 8, 8, 8, 8, 0, 0, 8, 8, 0, 8, 0, 8, 0, 8], [0, 8, 0, 8, 0, 8, 0, 0, 0, 8, 0, 8, 0, 0, 0, 8, 8, 0, 8], [0, 8, 0, 8, 0, 8, 8, 8, 0, 8, 0, 8, 0, 0, 8, 8, 0, 8, 8], [0, 8, 8, 0, 8, 0, 0, 8, 0, 8, 8, 8, 0, 8, 8, 0, 0, 8, 0], [0, 0, 8, 0, 8, 8, 0, 8, 8, 0, 0, 0, 0, 8, 0, 0, 0, 8, 0], [8, 0, 8, 8, 0, 0, 0, 0, 8, 0, 8, 8, 8, 8, 0, 0, 8, 8, 0], [8, 8, 0, 8, 8, 0, 0, 8, 8, 0, 8, 0, 0, 0, 0, 8, 8, 0, 0], [0, 8, 0, 0, 8, 8, 0, 8, 0, 0, 8, 8, 0, 0, 8, 8, 0, 0, 8], [0, 8, 8, 8, 0, 8, 8, 8, 0, 0, 0, 8, 8, 8, 8, 0, 8, 8, 8]], "output": [[8, 8, 8, 8, 8, 8, 8, 0, 8, 8, 8, 0, 0, 8, 0, 8, 8, 8, 0], [0, 0, 0, 0, 0, 0, 8, 8, 8, 0, 8, 8, 0, 8, 0, 0, 0, 8, 0], [8, 8, 0, 8, 8, 0, 0, 0, 0, 0, 0, 8, 0, 8, 0, 8, 8, 8, 0], [0, 8, 8, 0, 8, 0, 8, 8, 8, 0, 0, 8, 0, 8, 8, 8, 0, 0, 0], [8, 0, 8, 0, 8, 8, 0, 0, 0, 0, 8, 8, 0, 0, 0, 0, 0, 8, 8], [8, 0, 8, 0, 0, 8, 8, 0, 8, 8, 8, 0, 8, 8, 8, 0, 0, 8, 0], [8, 0, 8, 8, 0, 0, 0, 8, 8, 0, 0, 0, 0, 0, 0, 8, 8, 8, 0], [0, 0, 0, 8, 8, 0, 8, 8, 0, 8, 0, 0, 8, 8, 8, 8, 0, 0, 0], [8, 8, 8, 0, 8, 8, 8, 0, 8, 8, 0, 8, 8, 0, 0, 0, 0, 8, 8], [8, 0, 8, 8, 0, 0, 0, 8, 8, 0, 0, 8, 0, 8, 8, 8, 8, 8, 0], [8, 8, 0, 8, 0, 0, 0, 8, 0, 8, 0, 8, 0, 8, 0, 0, 0, 0, 0], [0, 8, 0, 0, 8, 8, 8, 0, 0, 8, 0, 8, 8, 0, 8, 8, 8, 8, 0], [0, 8, 8, 8, 8, 0, 8, 0, 0, 8, 8, 0, 8, 8, 8, 0, 0, 8, 0], [8, 0, 0, 0, 0, 8, 8, 0, 8, 0, 8, 0, 0, 0, 0, 0, 8, 8, 0], [8, 8, 0, 8, 8, 8, 0, 0, 8, 0, 0, 8, 8, 8, 8, 0, 8, 0, 8], [0, 0, 0, 8, 0, 0, 8, 0, 8, 0, 8, 8, 7, 1, 8, 8, 8, 0, 8], [8, 8, 8, 8, 0, 8, 8, 0, 0, 8, 8, 7, 1, 7, 1, 7, 1, 8, 8], [8, 0, 0, 0, 0, 0, 0, 0, 8, 8, 7, 1, 8, 1, 8, 1, 8, 8, 0], [8, 8, 0, 8, 0, 8, 8, 8, 8, 7, 1, 8, 8, 7, 8, 7, 8, 0, 8], [0, 8, 0, 8, 0, 8, 0, 0, 0, 8, 7, 8, 7, 1, 7, 8, 8, 0, 8], [0, 8, 0, 8, 0, 8, 8, 8, 0, 8, 1, 8, 1, 7, 8, 8, 0, 8, 8], [0, 8, 8, 0, 8, 0, 0, 8, 0, 8, 8, 8, 7, 8, 8, 0, 0, 8, 0], [0, 0, 8, 0, 8, 8, 0, 8, 8, 7, 1, 7, 1, 8, 0, 0, 0, 8, 0], [8, 0, 8, 8, 0, 0, 0, 0, 8, 1, 8, 8, 8, 8, 0, 0, 8, 8, 0], [8, 8, 0, 8, 8, 0, 0, 8, 8, 7, 8, 0, 0, 0, 0, 8, 8, 0, 0], [0, 8, 0, 0, 8, 8, 0, 8, 7, 1, 8, 8, 0, 0, 8, 8, 0, 0, 8], [0, 8, 8, 8, 0, 8, 8, 8, 1, 7, 1, 8, 8, 8, 8, 0, 8, 8, 8]]}]
