[{"input": [[5, 5, 0, 0, 0, 0, 0, 0], [1, 5, 0, 0, 0, 0, 0, 0], [3, 5, 0, 0, 0, 0, 0, 0]], "output": [[5, 5, 5, 1, 3, 5, 1, 3], [1, 5, 5, 1, 3, 5, 1, 3], [3, 5, 5, 1, 3, 5, 1, 3]]}, {"input": [[5, 5, 0, 0, 0, 0, 0, 0, 0, 0], [2, 5, 0, 0, 0, 0, 0, 0, 0, 0], [8, 5, 0, 0, 0, 0, 0, 0, 0, 0], [9, 5, 0, 0, 0, 0, 0, 0, 0, 0]], "output": [[5, 5, 5, 2, 8, 9, 5, 2, 8, 9], [2, 5, 5, 2, 8, 9, 5, 2, 8, 9], [8, 5, 5, 2, 8, 9, 5, 2, 8, 9], [9, 5, 5, 2, 8, 9, 5, 2, 8, 9]]}, {"input": [[9, 5, 0, 0, 0, 0, 0, 0, 0, 0], [2, 5, 0, 0, 0, 0, 0, 0, 0, 0], [3, 5, 0, 0, 0, 0, 0, 0, 0, 0], [8, 5, 0, 0, 0, 0, 0, 0, 0, 0]], "output": [[9, 5, 9, 2, 3, 8, 9, 2, 3, 8], [2, 5, 9, 2, 3, 8, 9, 2, 3, 8], [3, 5, 9, 2, 3, 8, 9, 2, 3, 8], [8, 5, 9, 2, 3, 8, 9, 2, 3, 8]]}, {"input": [[4, 5, 0, 0, 0, 0], [7, 5, 0, 0, 0, 0]], "output": [[4, 5, 4, 7, 4, 7], [7, 5, 4, 7, 4, 7]]}, {"input": [[6, 5, 0, 0, 0, 0, 0, 0, 0, 0, 0, 0], [2, 5, 0, 0, 0, 0, 0, 0, 0, 0, 0, 0], [3, 5, 0, 0, 0, 0, 0, 0, 0, 0, 0, 0], [7, 5, 0, 0, 0, 0, 0, 0, 0, 0, 0, 0], [1, 5, 0, 0, 0, 0, 0, 0, 0, 0, 0, 0]], "output": [[6, 5, 6, 2, 3, 7, 1, 6, 2, 3, 7, 1], [2, 5, 6, 2, 3, 7, 1, 6, 2, 3, 7, 1], [3, 5, 6, 2, 3, 7, 1, 6, 2, 3, 7, 1], [7, 5, 6, 2, 3, 7, 1, 6, 2, 3, 7, 1], [1, 5, 6, 2, 3, 7, 1, 6, 2, 3, 7, 1]]}, {"input": [[9, 5, 0, 0, 0, 0, 0, 0, 0, 0, 0, 0], [7, 5, 0, 0, 0, 0, 0, 0, 0, 0, 0, 0], [8, 5, 0, 0, 0, 0, 0, 0, 0, 0, 0, 0], [5, 5, 0, 0, 0, 0, 0, 0, 0, 0, 0, 0], [2, 5, 0, 0, 0, 0, 0, 0, 0, 0, 0, 0]], "output": [[9, 5, 9, 7, 8, 5, 2, 9, 7, 8, 5, 2], [7, 5, 9, 7, 8, 5, 2, 9, 7, 8, 5, 2], [8, 5, 9, 7, 8, 5, 2, 9, 7, 8, 5, 2], [5, 5, 9, 7, 8, 5, 2, 9, 7, 8, 5, 2], [2, 5, 9, 7, 8, 5, 2, 9, 7, 8, 5, 2]]}, {"input": [[4, 5, 0, 0, 0, 0, 0, 0], [9, 5, 0, 0, 0, 0, 0, 0], [5, 5, 0, 0, 0, 0, 0, 0]], "output": [[4, 5, 4, 9, 5, 4, 9, 5], [9, 5, 4, 9, 5, 4, 9, 5], [5, 5, 4, 9, 5, 4, 9, 5]]}, {"input": [[7, 5, 0, 0, 0, 0], [5, 5, 0, 0, 0, 0]], "output": [[7, 5, 7, 5, 7, 5], [5, 5, 7, 5, 7, 5]]}, {"input": [[4, 5, 0, 0, 0, 0, 0, 0], [7, 5, 0, 0, 0, 0, 0, 0], [1, 5, 0, 0, 0, 0, 0, 0]], "output": [[4, 5, 4, 7, 1, 4, 7, 1], [7, 5, 4, 7, 1, 4, 7, 1], [1, 5, 4, 7, 1, 4, 7, 1]]}, {"input": [[1, 5, 0, 0, 0, 0], [8, 5, 0, 0, 0, 0]], "output": [[1, 5, 1, 8, 1, 8], [8, 5, 1, 8, 1, 8]]}, {"input": [[9, 5, 0, 0, 0, 0, 0, 0, 0, 0, 0, 0], [4, 5, 0, 0, 0, 0, 0, 0, 0, 0, 0, 0], [1, 5, 0, 0, 0, 0, 0, 0, 0, 0, 0, 0], [6, 5, 0, 0, 0, 0, 0, 0, 0, 0, 0, 0], [5, 5, 0, 0, 0, 0, 0, 0, 0, 0, 0, 0]], "output": [[9, 5, 9, 4, 1, 6, 5, 9, 4, 1, 6, 5], [4, 5, 9, 4, 1, 6, 5, 9, 4, 1, 6, 5], [1, 5, 9, 4, 1, 6, 5, 9, 4, 1, 6, 5], [6, 5, 9, 4, 1, 6, 5, 9, 4, 1, 6, 5], [5, 5, 9, 4, 1, 6, 5, 9, 4, 1, 6, 5]]}, {"input": [[6, 5, 0, 0, 0, 0, 0, 0], [7, 5, 0, 0, 0, 0, 0, 0], [5, 5, 0, 0, 0, 0, 0, 0]], "output": [[6, 5, 6, 7, 5, 6, 7, 5], [7, 5, 6, 7, 5, 6, 7, 5], [5, 5, 6, 7, 5, 6, 7, 5]]}, {"input": [[2, 5, 0, 0, 0, 0], [8, 5, 0, 0, 0, 0]], "output": [[2, 5, 2, 8, 2, 8], [8, 5, 2, 8, 2, 8]]}, {"input": [[9, 5, 0, 0, 0, 0, 0, 0], [1, 5, 0, 0, 0, 0, 0, 0], [3, 5, 0, 0, 0, 0, 0, 0]], "output": [[9, 5, 9, 1, 3, 9, 1, 3], [1, 5, 9, 1, 3, 9, 1, 3], [3, 5, 9, 1, 3, 9, 1, 3]]}, {"input": [[3, 5, 0, 0, 0, 0], [6, 5, 0, 0, 0, 0]], "output": [[3, 5, 3, 6, 3, 6], [6, 5, 3, 6, 3, 6]]}, {"input": [[7, 5, 0, 0, 0, 0, 0, 0, 0, 0, 0, 0], [3, 5, 0, 0, 0, 0, 0, 0, 0, 0, 0, 0], [5, 5, 0, 0, 0, 0, 0, 0, 0, 0, 0, 0], [4, 5, 0, 0, 0, 0, 0, 0, 0, 0, 0, 0], [6, 5, 0, 0, 0, 0, 0, 0, 0, 0, 0, 0]], "output": [[7, 5, 7, 3, 5, 4, 6, 7, 3, 5, 4, 6], [3, 5, 7, 3, 5, 4, 6, 7, 3, 5, 4, 6], [5, 5, 7, 3, 5, 4, 6, 7, 3, 5, 4, 6], [4, 5, 7, 3, 5, 4, 6, 7, 3, 5, 4, 6], [6, 5, 7, 3, 5, 4, 6, 7, 3, 5, 4, 6]]}, {"input": [[9, 5, 0, 0, 0, 0], [6, 5, 0, 0, 0, 0]], "output": [[9, 5, 9, 6, 9, 6], [6, 5, 9, 6, 9, 6]]}, {"input": [[4, 5, 0, 0, 0, 0, 0, 0], [5, 5, 0, 0, 0, 0, 0, 0], [8, 5, 0, 0, 0, 0, 0, 0]], "output": [[4, 5, 4, 5, 8, 4, 5, 8], [5, 5, 4, 5, 8, 4, 5, 8], [8, 5, 4, 5, 8, 4, 5, 8]]}, {"input": [[2, 5, 0, 0, 0, 0, 0, 0], [5, 5, 0, 0, 0, 0, 0, 0], [1, 5, 0, 0, 0, 0, 0, 0]], "output": [[2, 5, 2, 5, 1, 2, 5, 1], [5, 5, 2, 5, 1, 2, 5, 1], [1, 5, 2, 5, 1, 2, 5, 1]]}, {"input": [[2, 5, 0, 0, 0, 0, 0, 0, 0, 0], [8, 5, 0, 0, 0, 0, 0, 0, 0, 0], [4, 5, 0, 0, 0, 0, 0, 0, 0, 0], [1, 5, 0, 0, 0, 0, 0, 0, 0, 0]], "output": [[2, 5, 2, 8, 4, 1, 2, 8, 4, 1], [8, 5, 2, 8, 4, 1, 2, 8, 4, 1], [4, 5, 2, 8, 4, 1, 2, 8, 4, 1], [1, 5, 2, 8, 4, 1, 2, 8, 4, 1]]}, {"input": [[3, 5, 0, 0, 0, 0, 0, 0, 0, 0], [4, 5, 0, 0, 0, 0, 0, 0, 0, 0], [8, 5, 0, 0, 0, 0, 0, 0, 0, 0], [5, 5, 0, 0, 0, 0, 0, 0, 0, 0]], "output": [[3, 5, 3, 4, 8, 5, 3, 4, 8, 5], [4, 5, 3, 4, 8, 5, 3, 4, 8, 5], [8, 5, 3, 4, 8, 5, 3, 4, 8, 5], [5, 5, 3, 4, 8, 5, 3, 4, 8, 5]]}, {"input": [[3, 5, 0, 0, 0, 0, 0, 0, 0, 0], [8, 5, 0, 0, 0, 0, 0, 0, 0, 0], [5, 5, 0, 0, 0, 0, 0, 0, 0, 0], [1, 5, 0, 0, 0, 0, 0, 0, 0, 0]], "output": [[3, 5, 3, 8, 5, 1, 3, 8, 5, 1], [8, 5, 3, 8, 5, 1, 3, 8, 5, 1], [5, 5, 3, 8, 5, 1, 3, 8, 5, 1], [1, 5, 3, 8, 5, 1, 3, 8, 5, 1]]}, {"input": [[8, 5, 0, 0, 0, 0, 0, 0, 0, 0], [4, 5, 0, 0, 0, 0, 0, 0, 0, 0], [9, 5, 0, 0, 0, 0, 0, 0, 0, 0], [1, 5, 0, 0, 0, 0, 0, 0, 0, 0]], "output": [[8, 5, 8, 4, 9, 1, 8, 4, 9, 1], [4, 5, 8, 4, 9, 1, 8, 4, 9, 1], [9, 5, 8, 4, 9, 1, 8, 4, 9, 1], [1, 5, 8, 4, 9, 1, 8, 4, 9, 1]]}, {"input": [[6, 5, 0, 0, 0, 0, 0, 0], [2, 5, 0, 0, 0, 0, 0, 0], [3, 5, 0, 0, 0, 0, 0, 0]], "output": [[6, 5, 6, 2, 3, 6, 2, 3], [2, 5, 6, 2, 3, 6, 2, 3], [3, 5, 6, 2, 3, 6, 2, 3]]}, {"input": [[1, 5, 0, 0, 0, 0], [7, 5, 0, 0, 0, 0]], "output": [[1, 5, 1, 7, 1, 7], [7, 5, 1, 7, 1, 7]]}]
