[{"input": [[0, 0, 0, 0], [0, 4, 4, 4], [4, 4, 4, 0], [4, 0, 4, 0], [2, 2, 2, 2], [0, 9, 9, 9], [9, 9, 9, 0], [9, 9, 0, 9], [0, 0, 9, 0], [2, 2, 2, 2], [1, 1, 0, 0], [0, 0, 1, 0], [0, 0, 1, 0], [1, 1, 1, 1]], "output": [[1, 9, 9, 9], [9, 4, 4, 4], [4, 4, 4, 9], [4, 1, 4, 1]]}, {"input": [[0, 4, 4, 0], [4, 4, 4, 0], [0, 4, 4, 0], [4, 0, 4, 0], [2, 2, 2, 2], [9, 9, 9, 9], [0, 0, 9, 9], [9, 0, 9, 0], [0, 0, 0, 9], [2, 2, 2, 2], [0, 0, 1, 0], [0, 1, 0, 0], [0, 1, 1, 1], [1, 1, 0, 0]], "output": [[9, 4, 4, 9], [4, 4, 4, 9], [9, 4, 4, 1], [4, 1, 4, 9]]}, {"input": [[4, 4, 4, 0], [0, 4, 0, 0], [0, 0, 4, 0], [0, 4, 4, 4], [2, 2, 2, 2], [9, 9, 9, 0], [0, 0, 0, 0], [9, 0, 9, 9], [0, 9, 0, 9], [2, 2, 2, 2], [0, 1, 0, 1], [1, 0, 1, 1], [0, 0, 0, 1], [1, 1, 0, 0]], "output": [[4, 4, 4, 1], [1, 4, 1, 1], [9, 0, 4, 9], [1, 4, 4, 4]]}, {"input": [[4, 4, 4, 4], [4, 4, 0, 4], [0, 0, 0, 0], [0, 4, 4, 0], [2, 2, 2, 2], [9, 0, 0, 9], [9, 9, 9, 9], [0, 0, 9, 9], [9, 0, 0, 9], [2, 2, 2, 2], [0, 1, 0, 0], [1, 1, 0, 0], [1, 1, 0, 1], [0, 0, 1, 1]], "output": [[4, 4, 4, 4], [4, 4, 9, 4], [1, 1, 9, 9], [9, 4, 4, 9]]}, {"input": [[0, 0, 0, 4], [0, 4, 0, 4], [0, 0, 0, 0], [4, 4, 4, 4], [2, 2, 2, 2], [9, 9, 0, 0], [0, 9, 0, 0], [0, 9, 9, 9], [9, 9, 0, 0], [2, 2, 2, 2], [1, 0, 1, 0], [0, 0, 1, 1], [1, 0, 0, 1], [0, 1, 1, 1]], "output": [[9, 9, 1, 4], [0, 4, 1, 4], [1, 9, 9, 9], [4, 4, 4, 4]]}, {"input": [[4, 0, 4, 0], [0, 4, 0, 4], [0, 0, 4, 4], [4, 0, 4, 4], [2, 2, 2, 2], [0, 9, 9, 9], [9, 9, 0, 0], [9, 0, 0, 9], [9, 0, 9, 0], [2, 2, 2, 2], [1, 0, 0, 1], [0, 0, 1, 1], [1, 1, 0, 1], [1, 0, 1, 1]], "output": [[4, 9, 4, 9], [9, 4, 1, 4], [9, 1, 4, 4], [4, 0, 4, 4]]}, {"input": [[0, 4, 4, 4], [0, 0, 0, 4], [4, 0, 4, 0], [4, 4, 0, 4], [2, 2, 2, 2], [9, 9, 9, 0], [9, 9, 9, 9], [9, 0, 9, 0], [0, 0, 0, 0], [2, 2, 2, 2], [0, 0, 1, 0], [1, 1, 1, 1], [1, 1, 0, 1], [0, 0, 1, 0]], "output": [[9, 4, 4, 4], [9, 9, 9, 4], [4, 1, 4, 1], [4, 4, 1, 4]]}, {"input": [[4, 0, 4, 4], [0, 4, 0, 4], [0, 0, 0, 4], [4, 0, 4, 4], [2, 2, 2, 2], [0, 9, 9, 9], [9, 9, 9, 9], [0, 0, 9, 9], [9, 9, 0, 0], [2, 2, 2, 2], [1, 1, 0, 0], [0, 0, 1, 0], [0, 1, 1, 1], [1, 1, 0, 0]], "output": [[4, 9, 4, 4], [9, 4, 9, 4], [0, 1, 9, 4], [4, 9, 4, 4]]}, {"input": [[0, 0, 4, 4], [4, 4, 0, 4], [0, 4, 0, 0], [0, 0, 0, 4], [2, 2, 2, 2], [0, 9, 0, 0], [9, 9, 9, 0], [9, 9, 0, 0], [9, 0, 0, 9], [2, 2, 2, 2], [0, 0, 1, 0], [0, 1, 1, 0], [0, 0, 1, 1], [1, 1, 1, 0]], "output": [[0, 9, 4, 4], [4, 4, 9, 4], [9, 4, 1, 1], [9, 1, 1, 4]]}, {"input": [[4, 4, 0, 0], [0, 4, 4, 4], [0, 4, 0, 4], [0, 4, 4, 0], [2, 2, 2, 2], [0, 0, 9, 0], [9, 9, 0, 9], [0, 0, 0, 9], [9, 9, 9, 0], [2, 2, 2, 2], [1, 0, 0, 0], [1, 0, 1, 0], [1, 0, 1, 0], [1, 1, 1, 0]], "output": [[4, 4, 9, 0], [9, 4, 4, 4], [1, 4, 1, 4], [9, 4, 4, 0]]}, {"input": [[0, 0, 0, 4], [0, 4, 4, 4], [4, 0, 4, 4], [4, 4, 4, 4], [2, 2, 2, 2], [9, 9, 0, 0], [9, 0, 0, 0], [0, 9, 9, 9], [0, 9, 0, 9], [2, 2, 2, 2], [0, 0, 1, 1], [1, 1, 1, 1], [0, 0, 1, 1], [1, 0, 1, 1]], "output": [[9, 9, 1, 4], [9, 4, 4, 4], [4, 9, 4, 4], [4, 4, 4, 4]]}, {"input": [[4, 0, 4, 0], [0, 4, 4, 4], [4, 0, 0, 4], [4, 0, 4, 0], [2, 2, 2, 2], [9, 0, 9, 9], [9, 9, 9, 0], [0, 9, 0, 0], [0, 9, 9, 0], [2, 2, 2, 2], [0, 0, 0, 0], [0, 1, 1, 0], [1, 0, 1, 1], [1, 0, 1, 0]], "output": [[4, 0, 4, 9], [9, 4, 4, 4], [4, 9, 1, 4], [4, 9, 4, 0]]}, {"input": [[4, 0, 4, 4], [4, 0, 0, 0], [4, 0, 4, 4], [4, 0, 0, 4], [2, 2, 2, 2], [0, 0, 9, 0], [0, 9, 9, 0], [9, 9, 9, 0], [0, 0, 9, 0], [2, 2, 2, 2], [1, 0, 0, 0], [1, 0, 1, 1], [1, 0, 0, 1], [1, 0, 1, 0]], "output": [[4, 0, 4, 4], [4, 9, 9, 1], [4, 9, 4, 4], [4, 0, 9, 4]]}, {"input": [[0, 4, 0, 4], [4, 4, 0, 0], [0, 0, 4, 4], [0, 0, 4, 4], [2, 2, 2, 2], [9, 9, 9, 9], [0, 0, 9, 0], [9, 0, 9, 0], [0, 0, 9, 0], [2, 2, 2, 2], [1, 0, 1, 0], [0, 1, 0, 1], [1, 0, 1, 1], [1, 0, 0, 0]], "output": [[9, 4, 9, 4], [4, 4, 9, 1], [9, 0, 4, 4], [1, 0, 4, 4]]}, {"input": [[0, 4, 4, 4], [0, 0, 0, 4], [4, 0, 4, 0], [4, 4, 4, 4], [2, 2, 2, 2], [0, 0, 9, 9], [9, 0, 9, 0], [9, 9, 9, 0], [9, 9, 0, 0], [2, 2, 2, 2], [0, 0, 1, 0], [1, 0, 1, 1], [0, 1, 1, 1], [0, 0, 0, 1]], "output": [[0, 4, 4, 4], [9, 0, 9, 4], [4, 9, 4, 1], [4, 4, 4, 4]]}, {"input": [[0, 4, 4, 0], [4, 4, 0, 4], [4, 4, 0, 0], [4, 4, 0, 4], [2, 2, 2, 2], [0, 0, 9, 0], [9, 0, 0, 0], [0, 0, 9, 0], [9, 0, 9, 9], [2, 2, 2, 2], [0, 1, 1, 1], [0, 1, 1, 1], [0, 1, 0, 1], [0, 1, 0, 1]], "output": [[0, 4, 4, 1], [4, 4, 1, 4], [4, 4, 9, 1], [4, 4, 9, 4]]}, {"input": [[4, 0, 4, 4], [4, 4, 4, 0], [0, 4, 0, 4], [4, 4, 0, 4], [2, 2, 2, 2], [0, 9, 0, 9], [9, 0, 9, 0], [0, 9, 0, 0], [9, 9, 9, 9], [2, 2, 2, 2], [1, 0, 1, 1], [1, 1, 1, 0], [0, 1, 0, 1], [1, 0, 0, 1]], "output": [[4, 9, 4, 4], [4, 4, 4, 0], [0, 4, 0, 4], [4, 4, 9, 4]]}, {"input": [[0, 4, 4, 4], [0, 0, 0, 4], [4, 4, 4, 0], [0, 0, 4, 4], [2, 2, 2, 2], [9, 9, 0, 0], [9, 0, 0, 9], [0, 0, 9, 9], [0, 0, 0, 9], [2, 2, 2, 2], [1, 1, 0, 1], [1, 1, 0, 1], [0, 0, 0, 1], [1, 0, 1, 0]], "output": [[9, 4, 4, 4], [9, 1, 0, 4], [4, 4, 4, 9], [1, 0, 4, 4]]}, {"input": [[4, 4, 0, 4], [4, 4, 0, 4], [4, 0, 0, 4], [0, 4, 0, 0], [2, 2, 2, 2], [9, 9, 9, 0], [0, 9, 9, 0], [0, 0, 0, 9], [0, 9, 9, 0], [2, 2, 2, 2], [0, 1, 0, 0], [0, 1, 0, 0], [1, 1, 1, 1], [1, 0, 1, 0]], "output": [[4, 4, 9, 4], [4, 4, 9, 4], [4, 1, 1, 4], [1, 4, 9, 0]]}, {"input": [[4, 4, 4, 0], [0, 4, 0, 0], [4, 0, 4, 0], [0, 0, 4, 0], [2, 2, 2, 2], [9, 0, 9, 9], [9, 9, 0, 9], [0, 0, 9, 9], [9, 0, 9, 0], [2, 2, 2, 2], [1, 1, 0, 1], [1, 0, 0, 0], [1, 1, 1, 1], [1, 1, 0, 0]], "output": [[4, 4, 4, 9], [9, 4, 0, 9], [4, 1, 4, 9], [9, 1, 4, 0]]}, {"input": [[4, 4, 4, 0], [0, 4, 4, 0], [0, 4, 4, 0], [0, 0, 0, 4], [2, 2, 2, 2], [0, 9, 9, 0], [0, 9, 9, 9], [9, 0, 0, 9], [0, 0, 0, 0], [2, 2, 2, 2], [1, 1, 1, 1], [0, 0, 1, 0], [1, 1, 0, 1], [0, 1, 0, 1]], "output": [[4, 4, 4, 1], [0, 4, 4, 9], [9, 4, 4, 9], [0, 1, 0, 4]]}, {"input": [[4, 4, 0, 0], [4, 4, 0, 4], [0, 4, 0, 4], [4, 4, 0, 0], [2, 2, 2, 2], [0, 9, 9, 9], [9, 0, 0, 0], [9, 0, 9, 9], [9, 0, 9, 0], [2, 2, 2, 2], [1, 1, 0, 0], [1, 0, 1, 0], [0, 1, 1, 1], [1, 1, 0, 0]], "output": [[4, 4, 9, 9], [4, 4, 1, 4], [9, 4, 9, 4], [4, 4, 9, 0]]}, {"input": [[0, 4, 4, 0], [4, 4, 0, 4], [4, 0, 4, 4], [0, 0, 0, 4], [2, 2, 2, 2], [0, 0, 9, 9], [9, 9, 9, 0], [9, 9, 9, 9], [0, 0, 0, 0], [2, 2, 2, 2], [0, 0, 0, 0], [1, 1, 1, 1], [1, 0, 1, 1], [0, 1, 1, 1]], "output": [[0, 4, 4, 9], [4, 4, 9, 4], [4, 9, 4, 4], [0, 1, 1, 4]]}, {"input": [[0, 4, 4, 4], [0, 0, 0, 4], [4, 4, 4, 0], [4, 0, 4, 4], [2, 2, 2, 2], [9, 9, 9, 9], [9, 0, 0, 0], [9, 9, 0, 0], [9, 9, 0, 9], [2, 2, 2, 2], [0, 1, 0, 1], [1, 1, 1, 0], [0, 1, 0, 1], [1, 0, 1, 0]], "output": [[9, 4, 4, 4], [9, 1, 1, 4], [4, 4, 4, 1], [4, 9, 4, 4]]}, {"input": [[4, 0, 4, 0], [0, 0, 4, 4], [0, 0, 4, 0], [4, 4, 4, 4], [2, 2, 2, 2], [9, 9, 9, 0], [0, 9, 9, 0], [0, 0, 9, 9], [9, 9, 0, 0], [2, 2, 2, 2], [0, 1, 0, 0], [1, 0, 0, 0], [1, 1, 1, 1], [1, 1, 1, 0]], "output": [[4, 9, 4, 0], [1, 9, 4, 4], [1, 1, 4, 9], [4, 4, 4, 4]]}]
