[{"input": [[0, 0, 0, 0, 0, 0, 0], [0, 0, 0, 0, 0, 0, 0], [5, 5, 5, 0, 0, 0, 0], [0, 0, 5, 0, 0, 0, 0], [0, 0, 5, 0, 0, 0, 0], [0, 0, 5, 0, 0, 0, 0], [0, 0, 5, 0, 0, 0, 0]], "output": [[0, 0, 0, 0, 0, 0, 0], [0, 0, 0, 0, 0, 0, 0], [5, 5, 5, 0, 0, 0, 0], [4, 4, 5, 0, 0, 0, 0], [4, 4, 5, 0, 0, 0, 0], [4, 4, 5, 0, 0, 0, 0], [4, 4, 5, 0, 0, 0, 0]]}, {"input": [[5, 5, 5, 5, 5, 5, 0], [5, 0, 0, 0, 0, 5, 0], [5, 0, 0, 0, 0, 5, 0], [5, 0, 0, 0, 0, 5, 0], [5, 5, 5, 5, 5, 5, 0], [0, 0, 0, 0, 0, 0, 0], [0, 0, 0, 0, 0, 0, 0]], "output": [[5, 5, 5, 5, 5, 5, 0], [5, 4, 4, 4, 4, 5, 0], [5, 4, 4, 4, 4, 5, 0], [5, 4, 4, 4, 4, 5, 0], [5, 5, 5, 5, 5, 5, 0], [0, 0, 0, 0, 0, 0, 0], [0, 0, 0, 0, 0, 0, 0]]}, {"input": [[0, 5, 5, 5, 0, 0, 0], [0, 5, 0, 5, 0, 0, 0], [0, 5, 0, 5, 0, 0, 0], [0, 5, 0, 5, 0, 0, 0], [0, 5, 0, 5, 0, 0, 0], [0, 5, 0, 5, 0, 0, 0], [0, 5, 5, 5, 0, 0, 0]], "output": [[0, 5, 5, 5, 0, 0, 0], [0, 5, 4, 5, 0, 0, 0], [0, 5, 4, 5, 0, 0, 0], [0, 5, 4, 5, 0, 0, 0], [0, 5, 4, 5, 0, 0, 0], [0, 5, 4, 5, 0, 0, 0], [0, 5, 5, 5, 0, 0, 0]]}, {"input": [[0, 0, 5, 0, 0, 5, 0], [0, 0, 5, 0, 0, 5, 0], [0, 0, 5, 0, 0, 5, 0], [0, 0, 5, 0, 0, 5, 0], [0, 0, 5, 0, 0, 5, 0], [0, 0, 5, 5, 5, 5, 0], [0, 0, 0, 0, 0, 0, 0]], "output": [[0, 0, 5, 4, 4, 5, 0], [0, 0, 5, 4, 4, 5, 0], [0, 0, 5, 4, 4, 5, 0], [0, 0, 5, 4, 4, 5, 0], [0, 0, 5, 4, 4, 5, 0], [0, 0, 5, 5, 5, 5, 0], [0, 0, 0, 0, 0, 0, 0]]}, {"input": [[0, 0, 0, 0, 0, 0, 0], [0, 0, 0, 0, 0, 0, 0], [5, 5, 5, 5, 5, 5, 0], [0, 0, 0, 0, 0, 5, 0], [0, 0, 0, 0, 0, 5, 0], [0, 0, 0, 0, 0, 5, 0], [0, 0, 0, 0, 0, 5, 0]], "output": [[0, 0, 0, 0, 0, 0, 0], [0, 0, 0, 0, 0, 0, 0], [5, 5, 5, 5, 5, 5, 0], [4, 4, 4, 4, 4, 5, 0], [4, 4, 4, 4, 4, 5, 0], [4, 4, 4, 4, 4, 5, 0], [4, 4, 4, 4, 4, 5, 0]]}, {"input": [[0, 0, 0, 0, 0, 0, 0], [0, 0, 0, 0, 0, 0, 0], [0, 0, 0, 0, 0, 0, 0], [0, 0, 0, 0, 0, 0, 0], [5, 5, 5, 5, 0, 0, 0], [0, 0, 0, 5, 0, 0, 0], [5, 5, 5, 5, 0, 0, 0]], "output": [[0, 0, 0, 0, 0, 0, 0], [0, 0, 0, 0, 0, 0, 0], [0, 0, 0, 0, 0, 0, 0], [0, 0, 0, 0, 0, 0, 0], [5, 5, 5, 5, 0, 0, 0], [4, 4, 4, 5, 0, 0, 0], [5, 5, 5, 5, 0, 0, 0]]}, {"input": [[0, 0, 0, 0, 0, 0, 0], [0, 0, 0, 0, 0, 0, 0], [0, 0, 0, 0, 0, 0, 0], [0, 0, 5, 5, 5, 5, 5], [0, 0, 5, 0, 0, 0, 5], [0, 0, 5, 5, 5, 5, 5], [0, 0, 0, 0, 0, 0, 0]], "output": [[0, 0, 0, 0, 0, 0, 0], [0, 0, 0, 0, 0, 0, 0], [0, 0, 0, 0, 0, 0, 0], [0, 0, 5, 5, 5, 5, 5], [0, 0, 5, 4, 4, 4, 5], [0, 0, 5, 5, 5, 5, 5], [0, 0, 0, 0, 0, 0, 0]]}, {"input": [[0, 0, 0, 0, 0, 0, 0], [0, 0, 0, 5, 5, 5, 5], [0, 0, 0, 5, 0, 0, 0], [0, 0, 0, 5, 0, 0, 0], [0, 0, 0, 5, 0, 0, 0], [0, 0, 0, 5, 0, 0, 0], [0, 0, 0, 5, 5, 5, 5]], "output": [[0, 0, 0, 0, 0, 0, 0], [0, 0, 0, 5, 5, 5, 5], [0, 0, 0, 5, 4, 4, 4], [0, 0, 0, 5, 4, 4, 4], [0, 0, 0, 5, 4, 4, 4], [0, 0, 0, 5, 4, 4, 4], [0, 0, 0, 5, 5, 5, 5]]}, {"input": [[0, 0, 5, 0, 0, 0, 5], [0, 0, 5, 0, 0, 0, 5], [0, 0, 5, 0, 0, 0, 5], [0, 0, 5, 0, 0, 0, 5], [0, 0, 5, 0, 0, 0, 5], [0, 0, 5, 5, 5, 5, 5], [0, 0, 0, 0, 0, 0, 0]], "output": [[0, 0, 5, 4, 4, 4, 5], [0, 0, 5, 4, 4, 4, 5], [0, 0, 5, 4, 4, 4, 5], [0, 0, 5, 4, 4, 4, 5], [0, 0, 5, 4, 4, 4, 5], [0, 0, 5, 5, 5, 5, 5], [0, 0, 0, 0, 0, 0, 0]]}, {"input": [[0, 0, 0, 0, 0, 0, 0], [0, 0, 0, 0, 0, 0, 0], [0, 0, 0, 0, 0, 0, 0], [0, 0, 0, 0, 0, 0, 0], [0, 5, 5, 5, 5, 5, 0], [0, 5, 0, 0, 0, 5, 0], [0, 5, 0, 0, 0, 5, 0]], "output": [[0, 0, 0, 0, 0, 0, 0], [0, 0, 0, 0, 0, 0, 0], [0, 0, 0, 0, 0, 0, 0], [0, 0, 0, 0, 0, 0, 0], [0, 5, 5, 5, 5, 5, 0], [0, 5, 4, 4, 4, 5, 0], [0, 5, 4, 4, 4, 5, 0]]}, {"input": [[0, 0, 0, 0, 0, 0, 0], [0, 0, 5, 5, 5, 5, 5], [0, 0, 5, 0, 0, 0, 5], [0, 0, 5, 0, 0, 0, 5], [0, 0, 5, 0, 0, 0, 5], [0, 0, 5, 5, 5, 5, 5], [0, 0, 0, 0, 0, 0, 0]], "output": [[0, 0, 0, 0, 0, 0, 0], [0, 0, 5, 5, 5, 5, 5], [0, 0, 5, 4, 4, 4, 5], [0, 0, 5, 4, 4, 4, 5], [0, 0, 5, 4, 4, 4, 5], [0, 0, 5, 5, 5, 5, 5], [0, 0, 0, 0, 0, 0, 0]]}, {"input": [[0, 0, 0, 0, 0, 0, 0], [5, 5, 5, 5, 0, 0, 0], [0, 0, 0, 5, 0, 0, 0], [0, 0, 0, 5, 0, 0, 0], [0, 0, 0, 5, 0, 0, 0], [0, 0, 0, 5, 0, 0, 0], [5, 5, 5, 5, 0, 0, 0]], "output": [[0, 0, 0, 0, 0, 0, 0], [5, 5, 5, 5, 0, 0, 0], [4, 4, 4, 5, 0, 0, 0], [4, 4, 4, 5, 0, 0, 0], [4, 4, 4, 5, 0, 0, 0], [4, 4, 4, 5, 0, 0, 0], [5, 5, 5, 5, 0, 0, 0]]}, {"input": [[0, 0, 0, 0, 0, 0, 0], [0, 0, 0, 0, 0, 0, 0], [0, 0, 0, 0, 0, 0, 0], [5, 5, 5, 5, 5, 0, 0], [0, 0, 0, 0, 5, 0, 0], [0, 0, 0, 0, 5, 0, 0], [0, 0, 0, 0, 5, 0, 0]], "output": [[0, 0, 0, 0, 0, 0, 0], [0, 0, 0, 0, 0, 0, 0], [0, 0, 0, 0, 0, 0, 0], [5, 5, 5, 5, 5, 0, 0], [4, 4, 4, 4, 5, 0, 0], [4, 4, 4, 4, 5, 0, 0], [4, 4, 4, 4, 5, 0, 0]]}, {"input": [[0, 5, 5, 5, 5, 5, 5], [0, 5, 0, 0, 0, 0, 0], [0, 5, 0, 0, 0, 0, 0], [0, 5, 0, 0, 0, 0, 0], [0, 5, 0, 0, 0, 0, 0], [0, 5, 5, 5, 5, 5, 5], [0, 0, 0, 0, 0, 0, 0]], "output": [[0, 5, 5, 5, 5, 5, 5], [0, 5, 4, 4, 4, 4, 4], [0, 5, 4, 4, 4, 4, 4], [0, 5, 4, 4, 4, 4, 4], [0, 5, 4, 4, 4, 4, 4], [0, 5, 5, 5, 5, 5, 5], [0, 0, 0, 0, 0, 0, 0]]}, {"input": [[0, 0, 0, 0, 0, 0, 0], [0, 5, 5, 5, 5, 5, 5], [0, 5, 0, 0, 0, 0, 5], [0, 5, 0, 0, 0, 0, 5], [0, 5, 0, 0, 0, 0, 5], [0, 5, 0, 0, 0, 0, 5], [0, 5, 0, 0, 0, 0, 5]], "output": [[0, 0, 0, 0, 0, 0, 0], [0, 5, 5, 5, 5, 5, 5], [0, 5, 4, 4, 4, 4, 5], [0, 5, 4, 4, 4, 4, 5], [0, 5, 4, 4, 4, 4, 5], [0, 5, 4, 4, 4, 4, 5], [0, 5, 4, 4, 4, 4, 5]]}, {"input": [[0, 0, 0, 0, 5, 0, 5], [0, 0, 0, 0, 5, 5, 5], [0, 0, 0, 0, 0, 0, 0], [0, 0, 0, 0, 0, 0, 0], [0, 0, 0, 0, 0, 0, 0], [0, 0, 0, 0, 0, 0, 0], [0, 0, 0, 0, 0, 0, 0]], "output": [[0, 0, 0, 0, 5, 4, 5], [0, 0, 0, 0, 5, 5, 5], [0, 0, 0, 0, 0, 0, 0], [0, 0, 0, 0, 0, 0, 0], [0, 0, 0, 0, 0, 0, 0], [0, 0, 0, 0, 0, 0, 0], [0, 0, 0, 0, 0, 0, 0]]}, {"input": [[0, 5, 5, 5, 5, 5, 5], [0, 5, 0, 0, 0, 0, 0], [0, 5, 0, 0, 0, 0, 0], [0, 5, 0, 0, 0, 0, 0], [0, 5, 0, 0, 0, 0, 0], [0, 5, 0, 0, 0, 0, 0], [0, 5, 5, 5, 5, 5, 5]], "output": [[0, 5, 5, 5, 5, 5, 5], [0, 5, 4, 4, 4, 4, 4], [0, 5, 4, 4, 4, 4, 4], [0, 5, 4, 4, 4, 4, 4], [0, 5, 4, 4, 4, 4, 4], [0, 5, 4, 4, 4, 4, 4], [0, 5, 5, 5, 5, 5, 5]]}, {"input": [[0, 0, 0, 0, 0, 0, 0], [0, 0, 0, 0, 0, 0, 0], [0, 0, 0, 5, 5, 5, 0], [0, 0, 0, 5, 0, 5, 0], [0, 0, 0, 5, 0, 5, 0], [0, 0, 0, 5, 0, 5, 0], [0, 0, 0, 5, 5, 5, 0]], "output": [[0, 0, 0, 0, 0, 0, 0], [0, 0, 0, 0, 0, 0, 0], [0, 0, 0, 5, 5, 5, 0], [0, 0, 0, 5, 4, 5, 0], [0, 0, 0, 5, 4, 5, 0], [0, 0, 0, 5, 4, 5, 0], [0, 0, 0, 5, 5, 5, 0]]}, {"input": [[0, 0, 0, 0, 5, 0, 0], [0, 0, 0, 0, 5, 0, 0], [0, 0, 0, 0, 5, 0, 0], [0, 0, 0, 0, 5, 0, 0], [5, 5, 5, 5, 5, 0, 0], [0, 0, 0, 0, 0, 0, 0], [0, 0, 0, 0, 0, 0, 0]], "output": [[4, 4, 4, 4, 5, 0, 0], [4, 4, 4, 4, 5, 0, 0], [4, 4, 4, 4, 5, 0, 0], [4, 4, 4, 4, 5, 0, 0], [5, 5, 5, 5, 5, 0, 0], [0, 0, 0, 0, 0, 0, 0], [0, 0, 0, 0, 0, 0, 0]]}, {"input": [[5, 0, 0, 0, 5, 0, 0], [5, 0, 0, 0, 5, 0, 0], [5, 0, 0, 0, 5, 0, 0], [5, 0, 0, 0, 5, 0, 0], [5, 0, 0, 0, 5, 0, 0], [5, 5, 5, 5, 5, 0, 0], [0, 0, 0, 0, 0, 0, 0]], "output": [[5, 4, 4, 4, 5, 0, 0], [5, 4, 4, 4, 5, 0, 0], [5, 4, 4, 4, 5, 0, 0], [5, 4, 4, 4, 5, 0, 0], [5, 4, 4, 4, 5, 0, 0], [5, 5, 5, 5, 5, 0, 0], [0, 0, 0, 0, 0, 0, 0]]}, {"input": [[0, 5, 5, 5, 0, 0, 0], [0, 5, 0, 5, 0, 0, 0], [0, 5, 0, 5, 0, 0, 0], [0, 5, 5, 5, 0, 0, 0], [0, 0, 0, 0, 0, 0, 0], [0, 0, 0, 0, 0, 0, 0], [0, 0, 0, 0, 0, 0, 0]], "output": [[0, 5, 5, 5, 0, 0, 0], [0, 5, 4, 5, 0, 0, 0], [0, 5, 4, 5, 0, 0, 0], [0, 5, 5, 5, 0, 0, 0], [0, 0, 0, 0, 0, 0, 0], [0, 0, 0, 0, 0, 0, 0], [0, 0, 0, 0, 0, 0, 0]]}, {"input": [[0, 0, 0, 0, 0, 0, 0], [5, 5, 5, 0, 0, 0, 0], [5, 0, 5, 0, 0, 0, 0], [5, 0, 5, 0, 0, 0, 0], [5, 0, 5, 0, 0, 0, 0], [5, 0, 5, 0, 0, 0, 0], [5, 5, 5, 0, 0, 0, 0]], "output": [[0, 0, 0, 0, 0, 0, 0], [5, 5, 5, 0, 0, 0, 0], [5, 4, 5, 0, 0, 0, 0], [5, 4, 5, 0, 0, 0, 0], [5, 4, 5, 0, 0, 0, 0], [5, 4, 5, 0, 0, 0, 0], [5, 5, 5, 0, 0, 0, 0]]}, {"input": [[0, 0, 0, 0, 5, 0, 0], [0, 0, 0, 0, 5, 0, 0], [0, 0, 0, 0, 5, 0, 0], [0, 0, 0, 0, 5, 0, 0], [0, 0, 0, 0, 5, 0, 0], [0, 0, 0, 0, 5, 5, 5], [0, 0, 0, 0, 0, 0, 0]], "output": [[0, 0, 0, 0, 5, 4, 4], [0, 0, 0, 0, 5, 4, 4], [0, 0, 0, 0, 5, 4, 4], [0, 0, 0, 0, 5, 4, 4], [0, 0, 0, 0, 5, 4, 4], [0, 0, 0, 0, 5, 5, 5], [0, 0, 0, 0, 0, 0, 0]]}, {"input": [[0, 0, 5, 0, 0, 0, 0], [0, 0, 5, 0, 0, 0, 0], [0, 0, 5, 0, 0, 0, 0], [0, 0, 5, 0, 0, 0, 0], [0, 0, 5, 0, 0, 0, 0], [0, 0, 5, 5, 5, 5, 5], [0, 0, 0, 0, 0, 0, 0]], "output": [[0, 0, 5, 4, 4, 4, 4], [0, 0, 5, 4, 4, 4, 4], [0, 0, 5, 4, 4, 4, 4], [0, 0, 5, 4, 4, 4, 4], [0, 0, 5, 4, 4, 4, 4], [0, 0, 5, 5, 5, 5, 5], [0, 0, 0, 0, 0, 0, 0]]}, {"input": [[0, 5, 0, 0, 0, 0, 5], [0, 5, 0, 0, 0, 0, 5], [0, 5, 0, 0, 0, 0, 5], [0, 5, 0, 0, 0, 0, 5], [0, 5, 0, 0, 0, 0, 5], [0, 5, 5, 5, 5, 5, 5], [0, 0, 0, 0, 0, 0, 0]], "output": [[0, 5, 4, 4, 4, 4, 5], [0, 5, 4, 4, 4, 4, 5], [0, 5, 4, 4, 4, 4, 5], [0, 5, 4, 4, 4, 4, 5], [0, 5, 4, 4, 4, 4, 5], [0, 5, 5, 5, 5, 5, 5], [0, 0, 0, 0, 0, 0, 0]]}]
