[{"input": [[7, 7, 7, 7, 7, 7, 7, 7, 7, 7, 7, 7], [5, 7, 7, 5, 5, 7, 7, 5, 5, 7, 7, 5], [4, 4, 4, 4, 4, 4, 4, 4, 4, 4, 4, 4], [7, 7, 7, 7, 7, 7, 7, 7, 7, 7, 7, 7], [5, 7, 7, 5, 5, 7, 7, 5, 5, 7, 7, 5], [4, 4, 4, 4, 4, 4, 4, 4, 0, 0, 0, 0], [7, 7, 7, 7, 7, 7, 7, 7, 0, 0, 0, 0], [5, 7, 7, 5, 5, 7, 7, 5, 0, 0, 0, 0], [4, 4, 4, 4, 4, 4, 4, 4, 0, 0, 0, 0]], "output": [[4, 4, 4, 4], [7, 7, 7, 7], [5, 7, 7, 5], [4, 4, 4, 4]]}, {"input": [[7, 5, 7, 7, 5, 7, 7, 5, 7, 7, 5, 7], [6, 4, 0, 0, 0, 0, 6, 4, 6, 6, 4, 6], [3, 4, 0, 0, 0, 0, 3, 4, 3, 3, 4, 3], [6, 5, 6, 6, 5, 6, 6, 5, 6, 6, 5, 6], [7, 5, 7, 7, 5, 7, 7, 5, 7, 7, 5, 7], [6, 4, 6, 6, 4, 6, 6, 4, 6, 6, 4, 6], [3, 4, 3, 3, 4, 3, 3, 4, 3, 3, 4, 3], [6, 5, 6, 6, 5, 6, 6, 5, 6, 6, 5, 6], [7, 5, 7, 7, 5, 7, 7, 5, 7, 7, 5, 7], [6, 4, 6, 6, 4, 6, 6, 4, 6, 6, 4, 6], [3, 4, 3, 3, 4, 3, 3, 4, 3, 3, 4, 3], [6, 5, 6, 6, 5, 6, 6, 5, 6, 6, 5, 6], [7, 5, 7, 7, 5, 7, 7, 5, 7, 7, 5, 7], [6, 4, 6, 6, 4, 6, 6, 4, 6, 6, 4, 6], [3, 4, 3, 3, 4, 3, 3, 4, 3, 3, 4, 3], [6, 5, 6, 6, 5, 6, 6, 5, 6, 6, 5, 6]], "output": [[6, 6, 4, 6], [3, 3, 4, 3]]}, {"input": [[6, 5, 8, 8, 6, 5, 8, 8], [6, 5, 3, 1, 6, 0, 0, 0], [2, 7, 2, 8, 2, 0, 0, 0], [2, 6, 6, 7, 2, 0, 0, 0], [6, 5, 8, 8, 6, 0, 0, 0], [6, 5, 3, 1, 6, 5, 3, 1], [2, 7, 2, 8, 2, 7, 2, 8], [2, 6, 6, 7, 2, 6, 6, 7]], "output": [[5, 3, 1], [7, 2, 8], [6, 6, 7], [5, 8, 8]]}, {"input": [[1, 1, 1, 1, 1, 1], [1, 1, 1, 1, 1, 1], [1, 1, 1, 1, 1, 1], [1, 1, 1, 1, 1, 1], [1, 1, 0, 0, 0, 1], [1, 1, 0, 0, 0, 1]], "output": [[1, 1, 1], [1, 1, 1]]}, {"input": [[4, 4, 4, 4], [4, 4, 4, 4], [2, 8, 2, 8], [8, 0, 0, 0], [4, 0, 0, 0], [4, 0, 0, 0], [2, 0, 0, 0], [8, 8, 8, 8]], "output": [[8, 8, 8], [4, 4, 4], [4, 4, 4], [8, 2, 8]]}, {"input": [[9, 1, 9, 9, 1, 9], [9, 1, 9, 9, 1, 9], [9, 1, 9, 9, 1, 9], [0, 0, 0, 9, 1, 9], [0, 0, 0, 9, 1, 9], [0, 0, 0, 9, 1, 9], [0, 0, 0, 9, 1, 9], [9, 1, 9, 9, 1, 9], [9, 1, 9, 9, 1, 9], [9, 1, 9, 9, 1, 9], [9, 1, 9, 9, 1, 9], [9, 1, 9, 9, 1, 9]], "output": [[9, 1, 9], [9, 1, 9], [9, 1, 9], [9, 1, 9]]}, {"input": [[5, 9, 1, 7, 5, 9, 1, 7, 5, 0, 0, 7, 5, 9, 1, 7], [5, 5, 5, 9, 5, 5, 5, 9, 5, 0, 0, 9, 5, 5, 5, 9], [5, 5, 3, 8, 5, 5, 3, 8, 5, 0, 0, 8, 5, 5, 3, 8], [5, 9, 1, 7, 5, 9, 1, 7, 5, 0, 0, 7, 5, 9, 1, 7], [5, 5, 5, 9, 5, 5, 5, 9, 5, 5, 5, 9, 5, 5, 5, 9], [5, 5, 3, 8, 5, 5, 3, 8, 5, 5, 3, 8, 5, 5, 3, 8]], "output": [[9, 1], [5, 5], [5, 3], [9, 1]]}, {"input": [[1, 1, 1, 1, 1, 1], [1, 1, 1, 1, 1, 1], [1, 1, 1, 1, 1, 1], [1, 1, 1, 0, 0, 1], [1, 1, 1, 0, 0, 1], [1, 1, 1, 0, 0, 1], [1, 1, 1, 1, 1, 1], [1, 1, 1, 1, 1, 1]], "output": [[1, 1], [1, 1], [1, 1]]}, {"input": [[9, 6, 6, 9, 9, 6, 6, 9, 9, 6, 6, 9], [3, 3, 3, 3, 3, 3, 3, 3, 3, 3, 3, 3], [7, 3, 3, 7, 7, 3, 3, 7, 7, 3, 3, 7], [9, 6, 6, 9, 9, 6, 6, 9, 9, 6, 6, 9], [3, 3, 3, 3, 3, 3, 3, 3, 3, 3, 3, 3], [7, 3, 3, 7, 7, 3, 3, 7, 0, 0, 0, 0], [9, 6, 6, 9, 9, 6, 6, 9, 0, 0, 0, 0], [3, 3, 3, 3, 3, 3, 3, 3, 3, 3, 3, 3], [7, 3, 3, 7, 7, 3, 3, 7, 7, 3, 3, 7]], "output": [[7, 3, 3, 7], [9, 6, 6, 9]]}, {"input": [[6, 6, 9, 6, 6, 9, 6, 6, 9, 6, 6, 9], [6, 9, 9, 6, 9, 9, 6, 9, 9, 6, 9, 9], [6, 6, 9, 6, 6, 9, 6, 6, 9, 6, 6, 9], [6, 9, 9, 6, 9, 0, 0, 0, 0, 6, 9, 9], [6, 6, 9, 6, 6, 0, 0, 0, 0, 6, 6, 9], [6, 9, 9, 6, 9, 0, 0, 0, 0, 6, 9, 9]], "output": [[9, 6, 9, 9], [9, 6, 6, 9], [9, 6, 9, 9]]}, {"input": [[1, 1, 1, 1, 1, 1, 1, 1, 1], [1, 1, 1, 1, 1, 1, 1, 1, 1], [1, 1, 0, 0, 0, 0, 1, 1, 1], [1, 1, 0, 0, 0, 0, 1, 1, 1], [1, 1, 0, 0, 0, 0, 1, 1, 1], [1, 1, 1, 1, 1, 1, 1, 1, 1], [1, 1, 1, 1, 1, 1, 1, 1, 1], [1, 1, 1, 1, 1, 1, 1, 1, 1], [1, 1, 1, 1, 1, 1, 1, 1, 1]], "output": [[1, 1, 1, 1], [1, 1, 1, 1], [1, 1, 1, 1]]}, {"input": [[6, 9, 6, 6, 9, 6], [6, 1, 1, 6, 1, 1], [9, 9, 8, 9, 9, 8], [6, 9, 6, 6, 9, 6], [6, 1, 1, 6, 1, 1], [9, 9, 8, 9, 9, 8], [6, 9, 6, 6, 9, 6], [6, 1, 1, 6, 1, 1], [9, 0, 0, 0, 0, 8], [6, 0, 0, 0, 0, 6], [6, 0, 0, 0, 0, 1], [9, 9, 8, 9, 9, 8]], "output": [[9, 8, 9, 9], [9, 6, 6, 9], [1, 1, 6, 1]]}, {"input": [[7, 9, 5, 5, 7, 9, 5, 5], [9, 9, 5, 5, 9, 9, 5, 5], [7, 9, 5, 5, 7, 9, 5, 5], [9, 9, 5, 5, 9, 9, 5, 5], [7, 9, 0, 0, 7, 9, 5, 5], [9, 9, 0, 0, 9, 9, 5, 5], [7, 9, 5, 5, 7, 9, 5, 5], [9, 9, 5, 5, 9, 9, 5, 5]], "output": [[5, 5], [5, 5]]}, {"input": [[2, 2, 5, 2, 2, 5], [2, 8, 8, 2, 8, 8], [5, 5, 3, 5, 5, 3], [2, 2, 5, 2, 2, 5], [2, 8, 8, 2, 8, 8], [5, 5, 3, 5, 5, 3], [2, 2, 5, 2, 2, 5], [2, 8, 0, 0, 0, 0], [5, 5, 0, 0, 0, 0], [2, 2, 0, 0, 0, 0], [2, 8, 0, 0, 0, 0], [5, 5, 3, 5, 5, 3]], "output": [[8, 2, 8, 8], [3, 5, 5, 3], [5, 2, 2, 5], [8, 2, 8, 8]]}, {"input": [[1, 1, 1, 1, 1, 1], [2, 1, 2, 0, 0, 2], [1, 1, 1, 0, 0, 1], [2, 1, 2, 0, 0, 2]], "output": [[2, 2], [1, 1], [2, 2]]}, {"input": [[1, 1, 9, 1, 1, 9], [1, 1, 9, 0, 0, 0], [1, 1, 9, 0, 0, 0], [1, 1, 9, 0, 0, 0]], "output": [[1, 1, 9], [1, 1, 9], [1, 1, 9]]}, {"input": [[9, 9, 9, 3, 9, 9, 9, 3], [3, 9, 3, 9, 3, 9, 3, 9], [9, 9, 9, 3, 9, 9, 9, 3], [3, 9, 3, 9, 3, 9, 3, 9], [9, 9, 9, 3, 9, 9, 9, 3], [0, 0, 0, 9, 3, 9, 3, 9], [0, 0, 0, 3, 9, 9, 9, 3], [3, 9, 3, 9, 3, 9, 3, 9]], "output": [[3, 9, 3], [9, 9, 9]]}, {"input": [[6, 6, 6, 6, 6, 6, 6, 6], [6, 6, 6, 6, 6, 6, 6, 6], [6, 6, 6, 6, 6, 6, 6, 6], [6, 6, 6, 6, 6, 6, 6, 6], [6, 6, 6, 6, 6, 6, 6, 6], [6, 6, 6, 6, 6, 6, 0, 0], [6, 6, 6, 6, 6, 6, 0, 0], [6, 6, 6, 6, 6, 6, 6, 6], [6, 6, 6, 6, 6, 6, 6, 6], [6, 6, 6, 6, 6, 6, 6, 6], [6, 6, 6, 6, 6, 6, 6, 6], [6, 6, 6, 6, 6, 6, 6, 6]], "output": [[6, 6], [6, 6]]}, {"input": [[9, 0, 0, 9, 9, 9, 9, 9, 9, 9, 9, 9], [9, 0, 0, 9, 3, 9, 9, 3, 9, 9, 3, 9], [9, 0, 0, 9, 9, 9, 9, 9, 9, 9, 9, 9], [9, 0, 0, 9, 9, 9, 9, 9, 9, 9, 9, 9], [9, 3, 9, 9, 3, 9, 9, 3, 9, 9, 3, 9], [9, 9, 9, 9, 9, 9, 9, 9, 9, 9, 9, 9], [9, 9, 9, 9, 9, 9, 9, 9, 9, 9, 9, 9], [9, 3, 9, 9, 3, 9, 9, 3, 9, 9, 3, 9], [9, 9, 9, 9, 9, 9, 9, 9, 9, 9, 9, 9]], "output": [[9, 9], [3, 9], [9, 9], [9, 9]]}, {"input": [[5, 5, 5, 5, 5, 5, 5, 5], [5, 5, 6, 4, 5, 5, 6, 4], [5, 5, 6, 4, 5, 5, 6, 4], [5, 5, 5, 5, 5, 5, 5, 5], [5, 5, 5, 5, 0, 0, 0, 0], [5, 5, 6, 4, 0, 0, 0, 0], [5, 5, 6, 4, 0, 0, 0, 0], [5, 5, 5, 5, 0, 0, 0, 0], [5, 5, 5, 5, 5, 5, 5, 5], [5, 5, 6, 4, 5, 5, 6, 4], [5, 5, 6, 4, 5, 5, 6, 4], [5, 5, 5, 5, 5, 5, 5, 5], [5, 5, 5, 5, 5, 5, 5, 5], [5, 5, 6, 4, 5, 5, 6, 4], [5, 5, 6, 4, 5, 5, 6, 4], [5, 5, 5, 5, 5, 5, 5, 5]], "output": [[5, 5, 5, 5], [5, 5, 6, 4], [5, 5, 6, 4], [5, 5, 5, 5]]}, {"input": [[6, 6, 6, 6, 6, 6, 6, 6, 6], [6, 9, 6, 6, 9, 6, 6, 9, 6], [4, 4, 4, 4, 4, 4, 4, 4, 4], [4, 6, 4, 4, 6, 4, 4, 6, 4], [6, 6, 6, 6, 6, 6, 6, 6, 6], [6, 9, 6, 6, 9, 6, 6, 9, 6], [4, 4, 4, 4, 4, 4, 4, 4, 4], [4, 6, 4, 4, 6, 4, 4, 6, 4], [0, 0, 0, 6, 6, 6, 6, 6, 6], [0, 0, 0, 6, 9, 6, 6, 9, 6], [4, 4, 4, 4, 4, 4, 4, 4, 4], [4, 6, 4, 4, 6, 4, 4, 6, 4], [6, 6, 6, 6, 6, 6, 6, 6, 6], [6, 9, 6, 6, 9, 6, 6, 9, 6], [4, 4, 4, 4, 4, 4, 4, 4, 4], [4, 6, 4, 4, 6, 4, 4, 6, 4]], "output": [[6, 6, 6], [6, 9, 6]]}, {"input": [[1, 1, 1, 1, 1, 1, 1, 1, 1, 1, 1, 1], [1, 1, 1, 1, 1, 1, 1, 1, 1, 1, 1, 1], [1, 1, 1, 1, 1, 1, 1, 1, 1, 1, 1, 1], [1, 1, 1, 1, 1, 1, 1, 1, 0, 0, 1, 1], [1, 1, 1, 1, 1, 1, 1, 1, 0, 0, 1, 1], [1, 1, 1, 1, 1, 1, 1, 1, 0, 0, 1, 1], [1, 1, 1, 1, 1, 1, 1, 1, 1, 1, 1, 1], [1, 1, 1, 1, 1, 1, 1, 1, 1, 1, 1, 1], [1, 1, 1, 1, 1, 1, 1, 1, 1, 1, 1, 1], [1, 1, 1, 1, 1, 1, 1, 1, 1, 1, 1, 1], [1, 1, 1, 1, 1, 1, 1, 1, 1, 1, 1, 1], [1, 1, 1, 1, 1, 1, 1, 1, 1, 1, 1, 1]], "output": [[1, 1], [1, 1], [1, 1]]}, {"input": [[4, 6, 6, 4, 4, 6, 6, 4, 4, 6, 6, 4], [1, 6, 6, 1, 1, 6, 6, 1, 1, 6, 6, 1], [3, 7, 7, 3, 3, 7, 7, 3, 3, 7, 7, 3], [7, 1, 1, 7, 7, 1, 1, 7, 7, 1, 1, 7], [4, 6, 6, 4, 4, 6, 6, 0, 0, 0, 6, 4], [1, 6, 6, 1, 1, 6, 6, 0, 0, 0, 6, 1], [3, 7, 7, 3, 3, 7, 7, 0, 0, 0, 7, 3], [7, 1, 1, 7, 7, 1, 1, 7, 7, 1, 1, 7]], "output": [[4, 4, 6], [1, 1, 6], [3, 3, 7]]}, {"input": [[6, 6, 6, 6, 6, 6, 6, 6], [7, 7, 7, 7, 7, 7, 7, 7], [6, 6, 0, 0, 6, 6, 6, 6], [6, 6, 0, 0, 6, 6, 6, 6], [7, 7, 0, 0, 7, 7, 7, 7], [6, 6, 6, 6, 6, 6, 6, 6]], "output": [[6, 6], [6, 6], [7, 7]]}, {"input": [[1, 1, 1, 1], [1, 0, 0, 0], [1, 0, 0, 0], [1, 0, 0, 0], [1, 0, 0, 0], [1, 1, 1, 1]], "output": [[1, 1, 1], [1, 1, 1], [1, 1, 1], [1, 1, 1]]}]
